t,ms,cpu_render_ms,gpu_ms,process_ms,physics_ms,draws,prims,objects,x,y,z,anim_us,anim_n,vram,mem_static,cells,focused,room
5.002,13.519,0.346,0.0,12.861,1.18,252,824835,280,-4.276,0.31,5.383,0,0,418430976,0,5,1,cloister
5.014,12.037,0.4,0.0,12.861,1.18,252,824835,280,-4.276,0.31,5.383,0,0,418430976,0,5,1,cloister
5.027,13.46,0.989,0.0,12.861,1.18,252,824835,280,-4.231,0.31,5.383,0,0,418430976,0,5,1,cloister
5.04,12.272,0.967,0.0,12.861,1.18,251,824811,279,-4.186,0.31,5.383,0,0,418430976,0,5,1,cloister
5.053,12.735,0.986,0.0,12.861,1.18,253,826087,281,-4.141,0.31,5.382,0,0,418430976,0,5,1,cloister
5.066,13.154,0.389,0.0,12.861,1.18,253,826087,281,-4.141,0.31,5.382,0,0,418430976,0,5,1,cloister
5.079,14.023,0.504,0.0,12.861,1.18,253,826087,281,-4.096,0.31,5.382,0,0,418430976,0,5,1,cloister
5.092,12.913,0.947,0.0,12.861,1.18,253,823431,281,-4.051,0.31,5.381,0,0,418430976,0,5,1,cloister
5.105,12.38,0.938,0.0,12.861,1.18,253,823431,281,-4.006,0.31,5.381,0,0,418430976,0,5,1,cloister
5.118,13.76,0.885,0.0,12.861,1.18,253,823431,281,-3.961,0.31,5.381,0,0,418430976,0,5,1,cloister
5.131,12.016,0.487,0.0,12.861,1.18,253,823431,281,-3.961,0.31,5.381,0,0,418430976,0,5,1,cloister
5.144,13.58,1.054,0.0,12.861,1.18,253,823431,281,-3.916,0.31,5.38,0,0,418430976,0,5,1,cloister
5.157,13.058,0.955,0.0,12.861,1.18,254,828630,282,-3.871,0.31,5.38,0,0,418430976,0,5,1,cloister
5.17,13.227,0.99,0.0,12.861,1.18,254,828630,282,-3.826,0.31,5.379,0,0,418430976,0,5,1,cloister
5.183,12.502,0.96,0.0,12.861,1.18,254,828630,282,-3.826,0.31,5.379,0,0,418430976,0,5,1,cloister
5.196,13.096,1.024,0.0,12.861,1.18,254,828630,282,-3.781,0.31,5.379,0,0,418430976,0,5,1,cloister
5.209,12.806,0.976,0.0,12.861,1.18,254,828630,282,-3.736,0.31,5.378,0,0,418430976,0,5,1,cloister
5.221,11.931,1.012,0.0,12.861,1.18,254,828630,282,-3.691,0.31,5.378,0,0,418430976,0,5,1,cloister
5.234,12.534,1.223,0.0,12.861,1.18,254,828630,282,-3.646,0.31,5.378,0,0,418430976,0,5,1,cloister
5.247,13.003,0.62,0.0,13.122,1.023,254,828630,282,-3.646,0.31,5.378,0,0,418430976,0,5,1,cloister
5.259,12.311,0.965,0.0,13.122,1.023,254,828630,282,-3.601,0.31,5.377,0,0,418430976,0,5,1,cloister
5.272,12.794,1.264,0.0,13.122,1.023,254,828630,282,-3.556,0.31,5.377,0,0,418430976,0,5,1,cloister
5.285,12.944,0.389,0.0,13.122,1.023,255,831288,283,-3.511,0.31,5.376,0,0,418430976,0,5,1,cloister
5.298,12.563,0.362,0.0,13.122,1.023,255,831288,283,-3.511,0.31,5.376,0,0,418430976,0,5,1,cloister
5.31,13.198,0.473,0.0,13.122,1.023,255,831288,283,-3.466,0.31,5.376,0,0,418430976,0,5,1,cloister
5.323,12.635,0.993,0.0,13.122,1.023,256,831300,284,-3.421,0.31,5.376,0,0,418430976,0,5,1,cloister
5.335,11.808,1.022,0.0,13.122,1.023,257,826633,285,-3.376,0.31,5.375,0,0,418430976,0,5,1,cloister
5.348,12.715,0.997,0.0,13.122,1.023,257,826633,285,-3.376,0.31,5.375,0,0,418430976,0,5,1,cloister
5.361,13.367,0.453,0.0,13.122,1.023,257,826633,285,-3.331,0.31,5.375,0,0,418430976,0,5,1,cloister
5.373,12.927,1.043,0.0,13.122,1.023,257,826633,285,-3.286,0.31,5.374,0,0,418430976,0,5,1,cloister
5.386,11.737,0.758,0.0,13.122,1.023,257,826633,285,-3.241,0.31,5.374,0,0,418430976,0,5,1,cloister
5.399,12.243,0.62,0.0,13.122,1.023,256,825933,284,-3.241,0.31,5.374,0,0,418430976,0,5,1,cloister
5.411,13.66,0.397,0.0,13.122,1.023,257,826633,285,-3.196,0.31,5.374,0,0,418430976,0,5,1,cloister
5.424,12.487,0.469,0.0,13.122,1.023,256,825933,284,-3.151,0.31,5.373,0,0,418430976,0,5,1,cloister
5.437,12.785,1.057,0.0,13.122,1.023,256,825933,284,-3.106,0.31,5.373,0,0,418430976,0,5,1,cloister
5.449,12.683,0.958,0.0,13.122,1.023,255,823136,283,-3.106,0.31,5.373,0,0,418430976,0,5,1,cloister
5.462,12.612,1.083,0.0,13.122,1.023,255,823136,283,-3.061,0.31,5.372,0,0,418430976,0,5,1,cloister
5.474,12.398,1.044,0.0,13.122,1.023,256,825923,284,-3.016,0.31,5.372,0,0,418430976,0,5,1,cloister
5.487,13.386,0.987,0.0,13.122,1.023,255,823126,283,-2.971,0.31,5.372,0,0,418430976,0,5,1,cloister
5.5,11.375,0.524,0.0,13.122,1.023,256,823614,284,-2.971,0.31,5.372,0,0,418430976,0,5,1,cloister
5.513,13.678,1.372,0.0,13.122,1.023,256,823614,284,-2.926,0.31,5.371,0,0,418430976,0,5,1,cloister
5.525,12.622,0.409,0.0,13.122,1.023,258,826634,286,-2.881,0.31,5.371,0,0,418430976,0,5,1,cloister
5.538,12.722,0.954,0.0,13.122,1.023,257,826622,285,-2.836,0.31,5.37,0,0,418430976,0,5,1,cloister
5.551,12.607,1.078,0.0,13.122,1.023,258,829419,286,-2.791,0.31,5.37,0,0,418430976,0,5,1,cloister
5.563,12.094,1.019,0.0,13.122,1.023,258,829419,286,-2.791,0.31,5.37,0,0,418430976,0,5,1,cloister
5.576,13.313,0.998,0.0,13.122,1.023,258,829419,286,-2.746,0.31,5.37,0,0,418430976,0,5,1,cloister
5.589,12.548,0.97,0.0,13.122,1.023,258,826624,286,-2.701,0.31,5.369,0,0,418430976,0,5,1,cloister
5.601,12.627,1.136,0.0,13.122,1.023,258,826624,286,-2.656,0.31,5.369,0,0,418430976,0,5,1,cloister
5.614,12.132,0.956,0.0,13.122,1.023,258,826624,286,-2.656,0.31,5.369,0,0,418430976,0,5,1,cloister
5.627,13.114,0.968,0.0,13.122,1.023,258,826624,286,-2.611,0.31,5.368,0,0,418430976,0,5,1,cloister
5.639,12.694,0.955,0.0,13.122,1.023,257,826508,285,-2.566,0.31,5.368,0,0,418430976,0,5,1,cloister
5.652,12.614,1.101,0.0,13.122,1.023,257,826508,285,-2.521,0.31,5.368,0,0,418430976,0,5,1,cloister
5.664,12.015,1.101,0.0,13.122,1.023,258,831707,286,-2.521,0.31,5.368,0,0,418430976,0,5,1,cloister
5.677,13.219,0.566,0.0,13.122,1.023,258,831707,286,-2.476,0.31,5.367,0,0,418430976,0,5,1,cloister
5.69,12.258,0.916,0.0,13.122,1.023,259,831727,287,-2.431,0.31,5.367,0,0,418430976,0,5,1,cloister
5.702,13.126,1.127,0.0,13.122,1.023,258,826528,286,-2.386,0.31,5.366,0,0,418430976,0,5,1,cloister
5.715,12.106,1.0,0.0,13.122,1.023,258,826528,286,-2.386,0.31,5.366,0,0,418430976,0,5,1,cloister
5.728,13.276,1.021,0.0,13.122,1.023,258,826528,286,-2.341,0.31,5.366,0,0,418430976,0,5,1,cloister
5.74,12.63,1.028,0.0,13.122,1.023,258,826528,286,-2.296,0.31,5.366,0,0,418430976,0,5,1,cloister
5.753,12.838,1.02,0.0,13.122,1.023,257,826008,285,-2.251,0.31,5.365,0,0,418430976,0,5,1,cloister
5.766,12.065,1.008,0.0,13.122,1.023,255,824968,283,-2.251,0.31,5.365,0,0,418430976,0,5,1,cloister
5.779,13.236,1.055,0.0,13.122,1.023,255,824968,283,-2.206,0.31,5.365,0,0,418430976,0,5,1,cloister
5.791,12.302,0.986,0.0,13.122,1.023,255,824394,283,-2.161,0.31,5.364,0,0,418430976,0,5,1,cloister
5.804,12.894,1.045,0.0,13.122,1.023,257,824398,285,-2.116,0.31,5.364,0,0,418430976,0,5,1,cloister
5.816,11.82,0.747,0.0,13.122,1.023,257,824398,285,-2.116,0.31,5.364,0,0,418430976,0,5,1,cloister
5.829,12.964,0.941,0.0,13.122,1.023,257,824398,285,-2.071,0.31,5.363,0,0,418430976,0,5,1,cloister
5.842,13.219,0.409,0.0,13.122,1.023,257,824398,285,-2.026,0.31,5.363,0,0,418430976,0,5,1,cloister
5.855,12.892,0.452,0.0,13.122,1.023,256,821740,284,-1.981,0.31,5.363,0,0,418430976,0,5,1,cloister
5.867,12.627,1.017,0.0,13.122,1.023,256,821740,284,-1.936,0.31,5.362,0,0,418430976,0,5,1,cloister
5.88,11.942,1.261,0.0,13.122,1.023,254,816424,282,-1.936,0.31,5.362,0,0,418430976,0,5,1,cloister
5.892,13.236,0.598,0.0,13.122,1.023,254,816424,282,-1.891,0.31,5.362,0,0,418430976,0,5,1,cloister
5.905,12.729,1.048,0.0,13.122,1.023,255,816426,283,-1.846,0.31,5.361,0,0,418430976,0,5,1,cloister
5.918,12.541,0.969,0.0,13.122,1.023,255,816426,283,-1.801,0.31,5.361,0,0,418430976,0,5,1,cloister
5.93,12.251,1.091,0.0,13.122,1.023,255,816426,283,-1.801,0.31,5.361,0,0,418430976,0,5,1,cloister
5.943,13.068,1.079,0.0,13.122,1.023,255,816426,283,-1.756,0.31,5.361,0,0,418430976,0,5,1,cloister
5.956,12.764,1.004,0.0,13.122,1.023,255,816426,283,-1.711,0.31,5.36,0,0,418430976,0,5,1,cloister
5.968,13.108,0.967,0.0,13.122,1.023,255,816426,283,-1.666,0.31,5.36,0,0,418430976,0,5,1,cloister
5.981,11.179,1.094,0.0,13.122,1.023,255,816426,283,-1.666,0.31,5.36,0,0,418430976,0,5,1,cloister
5.994,13.734,1.277,0.0,13.122,1.023,255,816426,283,-1.621,0.31,5.359,0,0,418430976,0,5,1,cloister
6.006,12.339,1.094,0.0,13.122,1.023,255,816426,283,-1.576,0.31,5.359,0,0,418430976,0,5,1,cloister
6.019,12.691,1.079,0.0,13.122,1.023,255,816426,283,-1.531,0.31,5.359,0,0,418430976,0,5,1,cloister
6.031,12.003,0.496,0.0,13.122,1.023,255,816426,283,-1.531,0.31,5.359,0,0,418430976,0,5,1,cloister
6.044,12.702,1.047,0.0,13.122,1.023,255,816426,283,-1.486,0.31,5.358,0,0,418430976,0,5,1,cloister
6.057,14.233,0.887,0.0,13.122,1.023,255,816426,283,-1.441,0.31,5.358,0,0,418430976,0,5,1,cloister
6.07,11.78,0.412,0.0,13.122,1.023,255,816426,283,-1.396,0.31,5.357,0,0,418430976,0,5,1,cloister
6.083,12.945,0.806,0.0,13.122,1.023,255,816426,283,-1.396,0.31,5.357,0,0,418430976,0,5,1,cloister
6.096,13.752,0.45,0.0,13.122,1.023,255,816426,283,-1.351,0.31,5.357,0,0,418430976,0,5,1,cloister
6.109,12.514,1.094,0.0,13.122,1.023,256,818518,284,-1.306,0.31,5.357,0,0,418430976,0,5,1,cloister
6.121,12.618,1.074,0.0,13.122,1.023,256,818518,284,-1.261,0.31,5.356,0,0,418430976,0,5,1,cloister
6.134,12.713,1.311,0.0,13.122,1.023,256,818518,284,-1.216,0.31,5.356,0,0,418430976,0,5,1,cloister
6.147,11.922,1.104,0.0,13.122,1.023,255,818428,283,-1.216,0.31,5.356,0,0,418430976,0,5,1,cloister
6.159,13.465,1.142,0.0,13.122,1.023,255,818428,283,-1.171,0.31,5.355,0,0,418430976,0,5,1,cloister
6.172,12.492,1.033,0.0,13.122,1.023,254,818416,282,-1.126,0.31,5.355,0,0,418430976,0,5,1,cloister
6.185,12.836,1.102,0.0,13.122,1.023,254,818416,282,-1.081,0.31,5.355,0,0,418430976,0,5,1,cloister
6.197,12.276,1.012,0.0,13.122,1.023,252,818392,280,-1.081,0.31,5.355,0,0,418430976,0,5,1,cloister
6.21,13.32,1.142,0.0,13.122,1.023,252,818392,280,-1.036,0.31,5.354,0,0,418430976,0,5,1,cloister
6.223,12.54,1.033,0.0,13.122,1.023,251,818380,279,-0.991,0.31,5.354,0,0,418430976,0,5,1,cloister
6.236,12.606,0.969,0.0,13.122,1.023,251,818380,279,-0.946,0.31,5.353,0,0,418430976,0,5,1,cloister
6.248,11.549,0.965,0.0,12.844,1.737,249,818356,277,-0.946,0.31,5.353,0,0,418430976,0,5,1,cloister
6.261,14.06,0.926,0.0,12.844,1.737,249,818356,277,-0.901,0.31,5.353,0,0,418430976,0,5,1,cloister
6.274,12.472,0.491,0.0,12.844,1.737,249,818356,277,-0.856,0.31,5.353,0,0,418430976,0,5,1,cloister
6.286,12.45,1.218,0.0,12.844,1.737,249,818356,277,-0.811,0.31,5.352,0,0,418430976,0,5,1,cloister
6.299,11.901,0.535,0.0,12.844,1.737,249,818356,277,-0.811,0.31,5.352,0,0,418430976,0,5,1,cloister
6.312,13.237,0.564,0.0,12.844,1.737,249,818356,277,-0.766,0.31,5.352,0,0,418430976,0,5,1,cloister
6.324,12.949,0.564,0.0,12.844,1.737,248,818240,276,-0.721,0.31,5.351,0,0,418430976,0,5,1,cloister
6.337,12.272,0.552,0.0,12.844,1.737,246,818008,274,-0.676,0.31,5.351,0,0,418430976,0,5,1,cloister
6.35,12.195,0.399,0.0,12.844,1.737,246,818008,274,-0.676,0.31,5.351,0,0,418430976,0,5,1,cloister
6.362,13.211,0.366,0.0,12.844,1.737,246,818008,274,-0.631,0.31,5.351,0,0,418430976,0,5,1,cloister
6.375,13.816,0.341,0.0,12.844,1.737,246,818008,274,-0.586,0.31,5.35,0,0,418430976,0,5,1,cloister
6.388,12.928,0.417,0.0,12.844,1.737,246,818008,274,-0.541,0.31,5.35,0,0,418430976,0,5,1,cloister
6.401,12.204,1.23,0.0,12.844,1.737,246,818008,274,-0.496,0.31,5.349,0,0,418430976,0,5,1,cloister
6.413,12.102,1.085,0.0,12.844,1.737,246,818008,274,-0.496,0.31,5.349,0,0,418430976,0,5,1,cloister
6.426,12.45,0.541,0.0,12.844,1.737,246,818008,274,-0.451,0.31,5.349,0,0,418430976,0,5,1,cloister
6.438,12.532,1.126,0.0,12.844,1.737,244,816400,272,-0.406,0.31,5.349,0,0,418430976,0,5,1,cloister
6.451,13.09,0.383,0.0,12.844,1.737,242,813706,270,-0.361,0.31,5.348,0,0,418430976,0,5,1,cloister
6.464,12.605,0.415,0.0,12.844,1.737,243,813826,271,-0.361,0.31,5.348,0,0,418430976,0,5,1,cloister
6.477,12.697,1.027,0.0,12.844,1.737,243,813826,271,-0.316,0.31,5.348,0,0,418430976,0,5,1,cloister
6.489,12.012,1.062,0.0,12.844,1.737,243,813826,271,-0.271,0.31,5.347,0,0,418430976,0,5,1,cloister
6.502,13.439,0.931,0.0,12.844,1.737,243,813826,271,-0.226,0.31,5.347,0,0,418430976,0,5,1,cloister
6.514,12.151,0.437,0.0,12.844,1.737,244,813862,272,-0.226,0.31,5.347,0,0,418430976,0,5,1,cloister
6.527,13.522,1.486,0.0,12.844,1.737,244,813862,272,-0.181,0.31,5.347,0,0,418430976,0,5,1,cloister
6.54,12.557,1.125,0.0,12.844,1.737,244,813862,272,-0.136,0.31,5.346,0,0,418430976,0,5,1,cloister
6.552,12.04,1.135,0.0,12.844,1.737,244,813862,272,-0.091,0.31,5.346,0,0,418430976,0,5,1,cloister
6.565,12.096,0.992,0.0,12.844,1.737,244,813862,272,-0.091,0.31,5.346,0,0,418430976,0,5,1,cloister
6.578,13.071,0.395,0.0,12.844,1.737,244,813862,272,-0.046,0.31,5.345,0,0,418430976,0,5,1,cloister
6.591,12.898,0.41,0.0,12.844,1.737,243,813718,271,-0.001,0.31,5.345,0,0,418430976,0,5,1,cloister
6.603,13.888,0.365,0.0,12.844,1.737,242,813694,270,0.044,0.31,5.345,0,0,418430976,0,5,1,cloister
6.616,11.521,0.502,0.0,12.844,1.737,243,813774,271,0.044,0.31,5.345,0,0,418430976,0,5,1,cloister
6.629,13.128,1.266,0.0,12.844,1.737,243,813774,271,0.089,0.31,5.344,0,0,418430976,0,5,1,cloister
6.641,11.878,1.09,0.0,12.844,1.737,243,813774,271,0.134,0.31,5.344,0,0,418430976,0,5,1,cloister
6.654,12.62,1.002,0.0,12.844,1.737,243,813774,271,0.179,0.31,5.343,0,0,418430976,0,5,1,cloister
6.666,12.164,0.405,0.0,12.844,1.737,244,813810,272,0.179,0.31,5.343,0,0,418430976,0,5,1,cloister
6.679,12.831,0.342,0.0,12.844,1.737,244,813810,272,0.224,0.31,5.343,0,0,418430976,0,5,1,cloister
6.691,13.236,0.377,0.0,12.844,1.737,243,813808,271,0.269,0.31,5.342,0,0,418430976,0,5,1,cloister
6.704,12.691,0.406,0.0,12.844,1.737,244,813848,272,0.314,0.31,5.342,0,0,418430976,0,5,1,cloister
6.716,11.524,1.069,0.0,12.844,1.737,241,813578,269,0.314,0.31,5.342,0,0,418430976,0,5,1,cloister
6.729,13.803,1.006,0.0,12.844,1.737,241,813578,269,0.359,0.31,5.342,0,0,418430976,0,5,1,cloister
6.742,13.742,1.045,0.0,12.844,1.737,241,813578,269,0.404,0.31,5.341,0,0,418430976,0,5,1,cloister
6.754,9.961,1.198,0.0,12.844,1.737,241,813578,269,0.448,0.31,5.341,0,0,418430976,0,5,1,cloister
6.767,12.197,0.366,0.0,12.844,1.737,241,813578,269,0.448,0.31,5.341,0,0,418430976,0,5,1,cloister
6.779,12.907,0.299,0.0,12.844,1.737,241,813578,269,0.493,0.31,5.34,0,0,418430976,0,5,1,cloister
6.792,13.425,0.327,0.0,12.844,1.737,241,813578,269,0.538,0.31,5.34,0,0,418430976,0,5,1,cloister
6.804,12.297,0.434,0.0,12.844,1.737,241,813578,269,0.583,0.31,5.34,0,0,418430976,0,5,1,cloister
6.817,12.103,0.499,0.0,12.844,1.737,241,813578,269,0.583,0.31,5.34,0,0,418430976,0,5,1,cloister
6.829,12.983,0.598,0.0,12.844,1.737,241,813578,269,0.628,0.31,5.339,0,0,418430976,0,5,1,cloister
6.842,12.559,1.135,0.0,12.844,1.737,241,813578,269,0.673,0.31,5.339,0,0,418430976,0,5,1,cloister
6.854,12.359,0.932,0.0,12.844,1.737,241,813578,269,0.718,0.31,5.338,0,0,418430976,0,5,1,cloister
6.867,12.004,1.034,0.0,12.844,1.737,241,813578,269,0.718,0.31,5.338,0,0,418430976,0,5,1,cloister
6.879,13.309,1.028,0.0,12.844,1.737,241,813578,269,0.763,0.31,5.338,0,0,418430976,0,5,1,cloister
6.892,12.228,1.001,0.0,12.844,1.737,241,813578,269,0.808,0.31,5.338,0,0,418430976,0,5,1,cloister
6.904,12.503,1.169,0.0,12.844,1.737,242,813614,270,0.853,0.31,5.337,0,0,418430976,0,5,1,cloister
6.917,11.975,0.905,0.0,12.844,1.737,242,813614,270,0.853,0.31,5.337,0,0,418430976,0,5,1,cloister
6.929,12.887,1.079,0.0,12.844,1.737,242,813614,270,0.898,0.31,5.337,0,0,418430976,0,5,1,cloister
6.942,13.165,0.993,0.0,12.844,1.737,242,813614,270,0.943,0.31,5.336,0,0,418430976,0,5,1,cloister
6.954,11.785,0.98,0.0,12.844,1.737,242,813614,270,0.988,0.31,5.336,0,0,418430976,0,5,1,cloister
6.967,12.007,1.019,0.0,12.844,1.737,241,813612,269,0.988,0.31,5.336,0,0,418430976,0,5,1,cloister
6.979,12.931,1.114,0.0,12.844,1.737,241,813612,269,1.033,0.31,5.336,0,0,418430976,0,5,1,cloister
6.992,12.118,1.058,0.0,12.844,1.737,241,813612,269,1.078,0.31,5.335,0,0,418430976,0,5,1,cloister
7.004,12.542,1.02,0.0,12.844,1.737,241,813612,269,1.123,0.31,5.335,0,0,418430976,0,5,1,cloister
7.017,11.767,0.891,0.0,12.844,1.737,241,813612,269,1.123,0.31,5.335,0,0,418430976,0,5,1,cloister
7.029,12.888,1.051,0.0,12.844,1.737,241,813612,269,1.168,0.31,5.334,0,0,418430976,0,5,1,cloister
7.042,12.63,1.08,0.0,12.844,1.737,241,813612,269,1.213,0.31,5.334,0,0,418430976,0,5,1,cloister
7.054,12.232,1.044,0.0,12.844,1.737,238,813180,266,1.258,0.31,5.334,0,0,418430976,0,5,1,cloister
7.067,11.302,1.226,0.0,12.844,1.737,238,813180,266,1.258,0.31,5.334,0,0,418430976,0,5,1,cloister
7.079,13.763,0.909,0.0,12.844,1.737,238,813180,266,1.303,0.31,5.333,0,0,418430976,0,5,1,cloister
7.092,12.23,0.451,0.0,12.844,1.737,238,813180,266,1.348,0.31,5.333,0,0,418430976,0,5,1,cloister
7.104,13.214,1.204,0.0,12.844,1.737,239,813182,267,1.393,0.31,5.332,0,0,418430976,0,5,1,cloister
7.117,10.489,0.815,0.0,12.844,1.737,239,813182,267,1.393,0.31,5.332,0,0,418430976,0,5,1,cloister
7.129,13.918,0.775,0.0,12.844,1.737,239,813182,267,1.438,0.31,5.332,0,0,418430976,0,5,1,cloister
7.142,12.135,0.41,0.0,12.844,1.737,239,813182,267,1.483,0.31,5.332,0,0,418430976,0,5,1,cloister
7.154,11.786,1.125,0.0,12.844,1.737,239,813182,267,1.528,0.31,5.331,0,0,418430976,0,5,1,cloister
7.167,12.06,1.079,0.0,12.844,1.737,239,813182,267,1.528,0.31,5.331,0,0,418430976,0,5,1,cloister
7.179,13.533,0.583,0.0,12.844,1.737,239,813182,267,1.573,0.31,5.331,0,0,418430976,0,5,1,cloister
7.192,12.509,0.429,0.0,12.844,1.737,239,813182,267,1.618,0.31,5.33,0,0,418430976,0,5,1,cloister
7.204,13.044,1.048,0.0,12.844,1.737,239,813182,267,1.663,0.31,5.33,0,0,418430976,0,5,1,cloister
7.217,12.525,0.889,0.0,12.844,1.737,239,813182,267,1.663,0.31,5.33,0,0,418430976,0,5,1,cloister
7.229,14.664,0.969,0.0,12.844,1.737,239,813182,267,1.708,0.31,5.33,0,0,418430976,0,5,1,cloister
7.242,10.933,0.921,0.0,12.789,1.455,239,813182,267,1.753,0.31,5.329,0,0,418430976,0,5,1,cloister
7.254,12.57,0.629,0.0,12.789,1.455,239,813182,267,1.798,0.31,5.329,0,0,418430976,0,5,1,cloister
7.267,12.112,0.255,0.0,12.789,1.455,239,813182,267,1.798,0.31,5.329,0,0,418430976,0,5,1,cloister
7.279,14.564,0.418,0.0,12.789,1.455,239,813182,267,1.843,0.31,5.328,0,0,418430976,0,5,1,cloister
7.292,12.027,0.578,0.0,12.789,1.455,239,813182,267,1.888,0.31,5.328,0,0,418430976,0,5,1,cloister
7.305,12.565,1.14,0.0,12.789,1.455,239,813182,267,1.933,0.31,5.328,0,0,418430976,0,5,1,cloister
7.318,12.547,0.41,0.0,12.789,1.455,239,813182,267,1.978,0.31,5.327,0,0,418430976,0,5,1,cloister
7.331,12.108,0.372,0.0,12.789,1.455,238,813180,266,1.978,0.31,5.327,0,0,418430976,0,5,1,cloister
7.343,13.017,0.334,0.0,12.789,1.455,238,813180,266,2.023,0.31,5.327,0,0,418430976,0,5,1,cloister
7.356,13.326,0.383,0.0,12.789,1.455,238,813180,266,2.068,0.31,5.326,0,0,418430976,0,5,1,cloister
7.368,12.844,0.352,0.0,12.789,1.455,238,813180,266,2.113,0.31,5.326,0,0,418430976,0,5,1,cloister
7.381,11.995,1.139,0.0,12.789,1.455,238,813180,266,2.113,0.31,5.326,0,0,418430976,0,5,1,cloister
7.394,12.676,1.002,0.0,12.789,1.455,238,813180,266,2.158,0.31,5.326,0,0,418430976,0,5,1,cloister
7.406,12.4,1.26,0.0,12.789,1.455,238,813180,266,2.203,0.31,5.325,0,0,418430976,0,5,1,cloister
7.419,12.34,1.107,0.0,12.789,1.455,238,813180,266,2.248,0.31,5.325,0,0,418430976,0,5,1,cloister
7.431,12.075,1.236,0.0,12.789,1.455,238,813180,266,2.248,0.31,5.325,0,0,418430976,0,5,1,cloister
7.444,12.278,0.59,0.0,12.789,1.455,238,813180,266,2.293,0.31,5.324,0,0,418430976,0,5,1,cloister
7.456,12.545,3.12,0.0,12.789,1.455,238,813180,266,2.338,0.31,5.324,0,0,418430976,0,5,1,cloister
7.469,12.485,0.385,0.0,12.789,1.455,238,813180,266,2.383,0.31,5.323,0,0,418430976,0,5,1,cloister
7.481,12.058,0.348,0.0,12.789,1.455,238,813180,266,2.383,0.31,5.323,0,0,418430976,0,5,1,cloister
7.494,13.401,0.323,0.0,12.789,1.455,238,813180,266,2.428,0.31,5.323,0,0,418430976,0,5,1,cloister
7.506,12.46,0.455,0.0,12.789,1.455,238,813180,266,2.473,0.31,5.323,0,0,418430976,0,5,1,cloister
7.519,12.932,0.986,0.0,12.789,1.455,238,813180,266,2.518,0.31,5.322,0,0,418430976,0,5,1,cloister
7.531,11.677,1.976,0.0,12.789,1.455,238,813180,266,2.518,0.31,5.322,0,0,418430976,0,5,1,cloister
7.544,12.978,1.172,0.0,12.789,1.455,238,813180,266,2.563,0.31,5.322,0,0,418430976,0,5,1,cloister
7.556,11.783,0.903,0.0,12.789,1.455,237,813100,265,2.608,0.31,5.321,0,0,418430976,0,5,1,cloister
7.569,13.782,1.0,0.0,12.789,1.455,236,813064,264,2.653,0.31,5.321,0,0,418430976,0,5,1,cloister
7.581,11.233,0.375,0.0,12.789,1.455,236,813064,264,2.653,0.31,5.321,0,0,418430976,0,5,1,cloister
7.594,12.069,1.166,0.0,12.789,1.455,236,813064,264,2.698,0.31,5.321,0,0,418430976,0,5,1,cloister
7.606,12.36,2.68,0.0,12.789,1.455,236,813064,264,2.743,0.31,5.32,0,0,418430976,0,5,1,cloister
7.619,12.516,0.355,0.0,12.789,1.455,236,813064,264,2.788,0.31,5.32,0,0,418430976,0,5,1,cloister
7.631,11.669,0.369,0.0,12.789,1.455,236,813064,264,2.788,0.31,5.32,0,0,418430976,0,5,1,cloister
7.644,14.434,0.38,0.0,12.789,1.455,236,813064,264,2.833,0.31,5.319,0,0,418430976,0,5,1,cloister
7.656,11.976,0.474,0.0,12.789,1.455,236,813064,264,2.878,0.31,5.319,0,0,418430976,0,5,1,cloister
7.669,11.618,1.162,0.0,12.789,1.455,236,813064,264,2.923,0.31,5.319,0,0,418430976,0,5,1,cloister
7.681,12.168,1.004,0.0,12.789,1.455,236,813064,264,2.923,0.31,5.319,0,0,418430976,0,5,1,cloister
7.694,12.819,0.353,0.0,12.789,1.455,236,813064,264,2.968,0.31,5.318,0,0,418430976,0,5,1,cloister
7.706,13.152,0.374,0.0,12.789,1.455,236,813064,264,3.013,0.31,5.318,0,0,418430976,0,5,1,cloister
7.719,11.694,0.384,0.0,12.789,1.455,236,813064,264,3.058,0.31,5.317,0,0,418430976,0,5,1,cloister
7.731,12.004,1.186,0.0,12.789,1.455,236,813064,264,3.058,0.31,5.317,0,0,418430976,0,5,1,cloister
7.744,12.853,0.356,0.0,12.789,1.455,236,813064,264,3.103,0.31,5.317,0,0,418430976,0,5,1,cloister
7.756,12.209,0.329,0.0,12.789,1.455,236,813064,264,3.148,0.31,5.317,0,0,418430976,0,5,1,cloister
7.769,13.505,0.357,0.0,12.789,1.455,236,813064,264,3.193,0.31,5.316,0,0,418430976,0,5,1,cloister
7.781,11.326,0.416,0.0,12.789,1.455,236,813064,264,3.193,0.31,5.316,0,0,418430976,0,5,1,cloister
7.794,12.888,1.19,0.0,12.789,1.455,236,813064,264,3.238,0.31,5.316,0,0,418430976,0,5,1,cloister
7.806,12.777,0.376,0.0,12.789,1.455,235,812944,263,3.283,0.31,5.315,0,0,418430976,0,5,1,cloister
7.819,12.504,0.394,0.0,12.789,1.455,235,812944,263,3.328,0.31,5.315,0,0,418430976,0,5,1,cloister
7.831,12.726,0.338,0.0,12.789,1.455,235,812944,263,3.328,0.31,5.315,0,0,418430976,0,5,1,cloister
7.844,13.335,0.443,0.0,12.789,1.455,235,812944,263,3.373,0.31,5.315,0,0,418430976,0,5,1,cloister
7.856,12.082,0.874,0.0,12.789,1.455,235,812944,263,3.418,0.31,5.314,0,0,418430976,0,5,1,cloister
7.869,12.598,1.055,0.0,12.789,1.455,235,812944,263,3.463,0.31,5.314,0,0,418430976,0,5,1,cloister
7.881,11.989,0.885,0.0,12.789,1.455,235,812944,263,3.463,0.31,5.314,0,0,418430976,0,5,1,cloister
7.894,13.262,0.916,0.0,12.789,1.455,235,812944,263,3.508,0.31,5.313,0,0,418430976,0,5,1,cloister
7.906,12.536,1.044,0.0,12.789,1.455,235,812944,263,3.553,0.31,5.313,0,0,418430976,0,5,1,cloister
7.919,12.797,0.93,0.0,12.789,1.455,235,812944,263,3.598,0.31,5.313,0,0,418430976,0,5,1,cloister
7.931,11.772,0.98,0.0,12.789,1.455,235,812944,263,3.598,0.31,5.313,0,0,418430976,0,5,1,cloister
7.944,13.196,0.549,0.0,12.789,1.455,235,812944,263,3.643,0.31,5.312,0,0,418430976,0,5,1,cloister
7.956,12.624,1.194,0.0,12.789,1.455,235,812944,263,3.688,0.31,5.312,0,0,418430976,0,5,1,cloister
7.969,12.835,1.143,0.0,12.789,1.455,235,812944,263,3.733,0.31,5.311,0,0,418430976,0,5,1,cloister
7.981,11.494,1.066,0.0,12.789,1.455,235,812944,263,3.733,0.31,5.311,0,0,418430976,0,5,1,cloister
7.994,13.041,0.904,0.0,12.789,1.455,235,812944,263,3.778,0.31,5.311,0,0,418430976,0,5,1,cloister
8.006,12.432,1.041,0.0,12.789,1.455,235,812944,263,3.823,0.31,5.311,0,0,418430976,0,5,1,cloister
8.019,14.307,1.019,0.0,12.789,1.455,235,812944,263,3.868,0.31,5.31,0,0,418430976,0,5,1,cloister
8.031,9.557,0.922,0.0,12.789,1.455,235,812944,263,3.868,0.31,5.31,0,0,418430976,0,5,1,cloister
8.044,13.475,1.153,0.0,12.789,1.455,235,812944,263,3.913,0.31,5.31,0,0,418430976,0,5,1,cloister
8.056,12.047,0.486,0.0,12.789,1.455,235,812944,263,3.958,0.31,5.309,0,0,418430976,0,5,1,cloister
8.069,12.344,0.409,0.0,12.789,1.455,235,812944,263,4.003,0.31,5.309,0,0,418430976,0,5,1,cloister
8.081,12.938,0.351,0.0,12.789,1.455,233,812280,261,4.003,0.31,5.309,0,0,418430976,0,5,1,cloister
8.094,11.875,0.535,0.0,12.789,1.455,233,812280,261,4.048,0.31,5.309,0,0,418430976,0,5,1,cloister
8.106,12.646,1.314,0.0,12.789,1.455,233,812280,261,4.093,0.31,5.308,0,0,418430976,0,5,1,cloister
8.119,12.31,0.33,0.0,12.789,1.455,233,812280,261,4.138,0.31,5.308,0,0,418430976,0,5,1,cloister
8.131,12.199,0.34,0.0,12.789,1.455,233,812280,261,4.138,0.31,5.308,0,0,418430976,0,5,1,cloister
8.144,14.386,0.365,0.0,12.789,1.455,233,812280,261,4.183,0.31,5.307,0,0,418430976,0,5,1,cloister
8.156,11.448,0.473,0.0,12.789,1.455,233,812280,261,4.228,0.31,5.307,0,0,418430976,0,5,1,cloister
8.169,12.5,1.084,0.0,12.789,1.455,233,812280,261,4.273,0.31,5.307,0,0,418430976,0,5,1,cloister
8.181,11.777,1.274,0.0,12.789,1.455,233,812280,261,4.273,0.31,5.307,0,0,418430976,0,5,1,cloister
8.194,13.182,1.896,0.0,12.789,1.455,233,812280,261,4.318,0.31,5.306,0,0,418430976,0,5,1,cloister
8.206,12.23,0.973,0.0,12.789,1.455,233,812280,261,4.363,0.31,5.306,0,0,418430976,0,5,1,cloister
8.219,12.441,1.065,0.0,12.789,1.455,233,812280,261,4.408,0.31,5.305,0,0,418430976,0,5,1,cloister
8.231,11.746,0.972,0.0,12.789,1.455,233,812280,261,4.408,0.31,5.305,0,0,418430976,0,5,1,cloister
8.244,13.005,1.056,0.0,13.044,1.222,233,812280,261,4.453,0.31,5.305,0,0,418430976,0,5,1,cloister
8.256,12.96,1.082,0.0,13.044,1.222,233,812280,261,4.498,0.31,5.305,0,0,418430976,0,5,1,cloister
8.269,12.705,1.143,0.0,13.044,1.222,233,812280,261,4.543,0.31,5.304,0,0,418430976,0,5,1,cloister
8.281,11.748,0.927,0.0,13.044,1.222,233,812280,261,4.543,0.31,5.304,0,0,418430976,0,5,1,cloister
8.294,13.639,0.97,0.0,13.044,1.222,233,812280,261,4.588,0.31,5.304,0,0,418430976,0,5,1,cloister
8.306,14.011,0.608,0.0,13.044,1.222,233,812280,261,4.633,0.31,5.303,0,0,418430976,0,5,1,cloister
8.319,10.937,0.481,0.0,13.044,1.222,233,812280,261,4.678,0.31,5.303,0,0,418430976,0,5,1,cloister
8.331,12.156,1.471,0.0,13.044,1.222,233,812280,261,4.678,0.31,5.303,0,0,418430976,0,5,1,cloister
8.344,13.247,0.344,0.0,13.044,1.222,233,812280,261,4.723,0.31,5.302,0,0,418430976,0,5,1,cloister
8.356,12.548,0.448,0.0,13.044,1.222,231,812256,259,4.768,0.31,5.302,0,0,418430976,0,5,1,cloister
8.369,13.665,0.343,0.0,13.044,1.222,231,812256,259,4.813,0.31,5.301,0,0,418430976,0,5,1,cloister
8.381,12.113,0.398,0.0,13.044,1.222,231,812256,259,4.813,0.31,5.301,0,0,418430976,0,5,1,cloister
8.394,12.982,1.359,0.0,13.044,1.222,231,812256,259,4.858,0.31,5.3,0,0,418430976,0,5,1,cloister
8.407,12.439,1.45,0.0,13.044,1.222,231,812256,259,4.903,0.31,5.3,0,0,418430976,0,5,1,cloister
8.419,11.355,0.983,0.0,13.044,1.222,230,812244,258,4.948,0.31,5.299,0,0,418430976,0,5,1,cloister
8.432,12.139,1.872,0.0,13.044,1.222,230,812244,258,4.948,0.31,5.299,0,0,418430976,0,5,1,cloister
8.444,13.354,0.342,0.0,13.044,1.222,230,812244,258,4.993,0.31,5.298,0,0,418430976,0,5,1,cloister
8.457,13.211,0.379,0.0,13.044,1.222,230,812244,258,5.038,0.31,5.297,0,0,418430976,0,5,1,cloister
8.469,11.021,0.523,0.0,13.044,1.222,230,812244,258,5.083,0.31,5.296,0,0,418430976,0,5,1,cloister
8.482,12.835,1.313,0.0,13.044,1.222,229,812232,257,5.083,0.31,5.296,0,0,418430976,0,5,1,cloister
8.494,13.056,0.393,0.0,13.044,1.222,229,812232,257,5.128,0.31,5.296,0,0,418430976,0,5,1,cloister
8.507,12.259,1.161,0.0,13.044,1.222,229,812232,257,5.173,0.31,5.295,0,0,418430976,0,5,1,cloister
8.519,12.597,1.266,0.0,13.044,1.222,229,812232,257,5.218,0.31,5.294,0,0,418430976,0,5,1,cloister
8.532,11.603,1.048,0.0,13.044,1.222,227,812052,255,5.218,0.31,5.294,0,0,418430976,0,5,1,cloister
8.544,12.459,1.089,0.0,13.044,1.222,227,812052,255,5.263,0.31,5.293,0,0,418430976,0,5,1,cloister
8.557,13.14,2.452,0.0,13.044,1.222,227,812052,255,5.308,0.31,5.292,0,0,418430976,0,5,1,cloister
8.569,12.372,0.451,0.0,13.044,1.222,227,812052,255,5.353,0.31,5.291,0,0,418430976,0,5,1,cloister
8.582,11.725,0.953,0.0,13.044,1.222,227,812052,255,5.353,0.31,5.291,0,0,418430976,0,5,1,cloister
8.594,12.907,1.051,0.0,13.044,1.222,227,812052,255,5.398,0.31,5.29,0,0,418430976,0,5,1,cloister
8.607,12.464,0.955,0.0,13.044,1.222,227,812052,255,5.443,0.31,5.289,0,0,418430976,0,5,1,cloister
8.619,12.244,0.936,0.0,13.044,1.222,227,812052,255,5.488,0.31,5.288,0,0,418430976,0,5,1,cloister
8.632,11.924,1.174,0.0,13.044,1.222,226,812040,254,5.488,0.31,5.288,0,0,418430976,0,5,1,cloister
8.644,12.825,1.276,0.0,13.044,1.222,226,812040,254,5.533,0.31,5.287,0,0,418430976,0,5,1,cloister
8.657,12.642,0.98,0.0,13.044,1.222,226,812040,254,5.578,0.31,5.286,0,0,418430976,0,5,1,cloister
8.669,12.584,0.887,0.0,13.044,1.222,226,812040,254,5.623,0.31,5.285,0,0,418430976,0,5,1,cloister
8.682,11.579,1.027,0.0,13.044,1.222,225,812028,253,5.623,0.31,5.285,0,0,418430976,0,5,1,cloister
8.694,13.13,0.977,0.0,13.044,1.222,225,812028,253,5.668,0.31,5.284,0,0,418430976,0,5,1,cloister
8.707,12.309,0.907,0.0,13.044,1.222,225,812028,253,5.713,0.31,5.282,0,0,418430976,0,5,1,cloister
8.719,12.258,1.214,0.0,13.044,1.222,225,812028,253,5.758,0.31,5.281,0,0,418430976,0,5,1,cloister
8.732,11.365,1.015,0.0,13.044,1.222,225,812028,253,5.758,0.31,5.281,0,0,418430976,0,5,1,cloister
8.744,13.641,0.95,0.0,13.044,1.222,225,812028,253,5.803,0.31,5.28,0,0,418430976,0,5,1,cloister
8.757,12.729,0.879,0.0,13.044,1.222,225,812028,253,5.848,0.31,5.279,0,0,418430976,0,5,1,cloister
8.769,11.584,1.134,0.0,13.044,1.222,225,812028,253,5.893,0.31,5.278,0,0,418430976,0,5,1,cloister
8.782,11.921,1.385,0.0,13.044,1.222,225,812028,253,5.893,0.31,5.278,0,0,418430976,0,5,1,cloister
8.794,13.15,0.912,0.0,13.044,1.222,225,812028,253,5.938,0.31,5.277,0,0,418430976,0,5,1,cloister
8.807,12.096,0.866,0.0,13.044,1.222,225,812028,253,5.983,0.31,5.276,0,0,418430976,0,5,1,cloister
8.819,12.638,1.1,0.0,13.044,1.222,225,812028,253,6.028,0.31,5.275,0,0,418430976,0,5,1,cloister
8.832,11.771,0.893,0.0,13.044,1.222,225,812028,253,6.028,0.31,5.275,0,0,418430976,0,5,1,cloister
8.844,12.288,1.059,0.0,13.044,1.222,225,812028,253,6.073,0.31,5.273,0,0,418430976,0,5,1,cloister
8.857,12.354,2.172,0.0,13.044,1.222,225,812028,253,6.118,0.31,5.272,0,0,418430976,0,5,1,cloister
8.869,13.063,0.364,0.0,13.044,1.222,225,812028,253,6.163,0.31,5.271,0,0,418430976,0,5,1,cloister
8.882,11.973,0.407,0.0,13.044,1.222,225,812028,253,6.163,0.31,5.271,0,0,418430976,0,5,1,cloister
8.894,12.239,0.888,0.0,13.044,1.222,225,812028,253,6.208,0.31,5.27,0,0,418430976,0,5,1,cloister
8.907,13.463,0.939,0.0,13.044,1.222,225,812028,253,6.253,0.31,5.269,0,0,418430976,0,5,1,cloister
8.919,12.148,0.405,0.0,13.044,1.222,225,812028,253,6.298,0.31,5.268,0,0,418430976,0,5,1,cloister
8.932,11.792,1.085,0.0,13.044,1.222,225,812028,253,6.298,0.31,5.268,0,0,418430976,0,5,1,cloister
8.944,13.224,1.035,0.0,13.044,1.222,225,812028,253,6.343,0.31,5.266,0,0,418430976,0,5,1,cloister
8.957,12.185,1.036,0.0,13.044,1.222,225,812028,253,6.388,0.31,5.265,0,0,418430976,0,5,1,cloister
8.969,11.949,1.2,0.0,13.044,1.222,225,812028,253,6.433,0.31,5.264,0,0,418430976,0,5,1,cloister
8.982,11.959,0.675,0.0,13.044,1.222,225,812028,253,6.433,0.31,5.264,0,0,418430976,0,5,1,cloister
8.994,12.943,0.41,0.0,13.044,1.222,225,812028,253,6.478,0.31,5.263,0,0,418430976,0,5,1,cloister
9.007,13.824,0.489,0.0,13.044,1.222,225,812028,253,6.523,0.31,5.262,0,0,418430976,0,5,1,cloister
9.019,11.708,0.416,0.0,13.044,1.222,225,812028,253,6.568,0.31,5.26,0,0,418430976,0,5,1,cloister
9.032,11.362,1.221,0.0,13.044,1.222,225,812028,253,6.568,0.31,5.26,0,0,418430976,0,5,1,cloister
9.044,13.52,1.007,0.0,13.044,1.222,225,812028,253,6.613,0.31,5.259,0,0,418430976,0,5,1,cloister
9.057,12.245,0.392,0.0,13.044,1.222,225,812028,253,6.658,0.31,5.258,0,0,418430976,0,5,1,cloister
9.069,12.5,0.879,0.0,13.044,1.222,225,812028,253,6.703,0.31,5.257,0,0,418430976,0,5,1,cloister
9.082,12.076,0.441,0.0,13.044,1.222,225,812028,253,6.703,0.31,5.257,0,0,418430976,0,5,1,cloister
9.094,12.794,0.37,0.0,13.044,1.222,225,812028,253,6.748,0.31,5.256,0,0,418430976,0,5,1,cloister
9.107,12.422,0.407,0.0,13.044,1.222,225,812028,253,6.793,0.31,5.254,0,0,418430976,0,5,1,cloister
9.119,12.296,0.466,0.0,13.044,1.222,225,812028,253,6.838,0.31,5.253,0,0,418430976,0,5,1,cloister
9.132,11.867,0.314,0.0,13.044,1.222,225,812028,253,6.838,0.31,5.253,0,0,418430976,0,5,1,cloister
9.144,12.85,0.32,0.0,13.044,1.222,225,812028,253,6.883,0.31,5.252,0,0,418430976,0,5,1,cloister
9.157,12.158,0.325,0.0,13.044,1.222,225,812028,253,6.928,0.31,5.251,0,0,418430976,0,5,1,cloister
9.169,12.441,0.33,0.0,13.044,1.222,225,812028,253,6.973,0.31,5.25,0,0,418430976,0,5,1,cloister
9.182,11.759,0.37,0.0,13.044,1.222,225,812028,253,6.973,0.31,5.25,0,0,418430976,0,5,1,cloister
9.194,12.949,0.416,0.0,13.044,1.222,225,812028,253,7.018,0.31,5.248,0,0,418430976,0,5,1,cloister
9.207,12.416,0.442,0.0,13.044,1.222,225,812028,253,7.063,0.31,5.247,0,0,418430976,0,5,1,cloister
9.219,12.192,0.335,0.0,13.044,1.222,225,812028,253,7.108,0.31,5.246,0,0,418430976,0,5,1,cloister
9.232,12.07,0.33,0.0,13.044,1.222,225,812028,253,7.108,0.31,5.246,0,0,418430976,0,5,1,cloister
9.244,12.824,0.367,0.0,13.044,1.222,225,812028,253,7.153,0.31,5.245,0,0,418430976,0,5,1,cloister
9.257,12.592,0.312,0.0,12.823,1.042,225,812028,253,7.198,0.31,5.244,0,0,418430976,0,5,1,cloister
9.269,12.329,0.339,0.0,12.823,1.042,225,812028,253,7.243,0.31,5.242,0,0,418430976,0,5,1,cloister
9.282,11.891,0.368,0.0,12.823,1.042,225,812028,253,7.243,0.31,5.242,0,0,418430976,0,5,1,cloister
9.294,12.946,0.343,0.0,12.823,1.042,225,812028,253,7.288,0.31,5.241,0,0,418430976,0,5,1,cloister
9.307,12.437,0.53,0.0,12.823,1.042,225,812028,253,7.333,0.31,5.24,0,0,418430976,0,5,1,cloister
9.319,12.15,0.336,0.0,12.823,1.042,225,812028,253,7.378,0.31,5.239,0,0,418430976,0,5,1,cloister
9.332,12.083,0.42,0.0,12.823,1.042,225,812028,253,7.378,0.31,5.239,0,0,418430976,0,5,1,cloister
9.344,13.758,0.331,0.0,12.823,1.042,225,812028,253,7.422,0.31,5.238,0,0,418430976,0,5,1,cloister
9.357,12.792,0.371,0.0,12.823,1.042,225,812028,253,7.467,0.31,5.236,0,0,418430976,0,5,1,cloister
9.369,13.239,0.404,0.0,12.823,1.042,225,812028,253,7.512,0.31,5.235,0,0,418430976,0,5,1,cloister
9.382,12.423,0.313,0.0,12.823,1.042,225,812028,253,7.512,0.31,5.235,0,0,418430976,0,5,1,cloister
9.394,13.131,0.446,0.0,12.823,1.042,225,812028,253,7.557,0.31,5.234,0,0,418430976,0,5,1,cloister
9.407,12.689,0.441,0.0,12.823,1.042,225,812028,253,7.602,0.31,5.233,0,0,418430976,0,5,1,cloister
9.419,12.954,0.403,0.0,12.823,1.042,225,812028,253,7.647,0.31,5.232,0,0,418430976,0,5,1,cloister
9.432,12.417,0.375,0.0,12.823,1.042,225,812028,253,7.647,0.31,5.232,0,0,418430976,0,5,1,cloister
9.444,13.104,0.426,0.0,12.823,1.042,225,812028,253,7.692,0.31,5.23,0,0,418430976,0,5,1,cloister
9.457,12.608,0.482,0.0,12.823,1.042,225,812028,253,7.737,0.31,5.229,0,0,418430976,0,5,1,cloister
9.469,12.584,0.279,0.0,12.823,1.042,226,814120,254,7.782,0.31,5.228,0,0,418430976,0,5,1,cloister
9.482,11.917,0.332,0.0,12.823,1.042,226,814120,254,7.782,0.31,5.228,0,0,418430976,0,5,1,cloister
9.494,12.762,0.324,0.0,12.823,1.042,226,814120,254,7.827,0.31,5.227,0,0,418430976,0,5,1,cloister
9.507,13.271,0.367,0.0,12.823,1.042,226,814120,254,7.872,0.31,5.226,0,0,418430976,0,5,1,cloister
9.519,12.093,0.427,0.0,12.823,1.042,226,814120,254,7.917,0.31,5.224,0,0,418430976,0,5,1,cloister
9.532,11.837,1.032,0.0,12.823,1.042,226,814120,254,7.917,0.31,5.224,0,0,418430976,0,5,1,cloister
9.544,13.363,0.913,0.0,12.823,1.042,226,814120,254,7.962,0.31,5.223,0,0,418430976,0,5,1,cloister
9.557,12.11,0.932,0.0,12.823,1.042,226,814120,254,8.007,0.31,5.222,0,0,418430976,0,5,1,cloister
9.569,12.55,1.047,0.0,12.823,1.042,226,814120,254,8.052,0.31,5.221,0,0,418430976,0,5,1,cloister
9.582,12.122,1.002,0.0,12.823,1.042,225,810664,253,8.052,0.31,5.221,0,0,418430976,0,5,1,cloister
9.594,12.93,1.191,0.0,12.823,1.042,225,810664,253,8.097,0.31,5.22,0,0,418430976,0,5,1,cloister
9.607,12.508,0.953,0.0,12.823,1.042,225,810664,253,8.142,0.31,5.218,0,0,418430976,0,5,1,cloister
9.619,12.657,0.892,0.0,12.823,1.042,225,810664,253,8.187,0.31,5.217,0,0,418430976,0,5,1,cloister
9.632,11.415,0.471,0.0,12.823,1.042,225,810664,253,8.187,0.31,5.217,0,0,418430976,0,5,1,cloister
9.644,12.861,0.97,0.0,12.823,1.042,225,810664,253,8.232,0.31,5.216,0,0,418430976,0,5,1,cloister
9.657,12.344,0.968,0.0,12.823,1.042,225,810664,253,8.277,0.31,5.215,0,0,418430976,0,5,1,cloister
9.669,12.293,0.736,0.0,12.823,1.042,225,810664,253,8.322,0.31,5.214,0,0,418430976,0,5,1,cloister
9.682,11.879,0.907,0.0,12.823,1.042,225,810664,253,8.322,0.31,5.214,0,0,418430976,0,5,1,cloister
9.694,12.827,0.972,0.0,12.823,1.042,225,810664,253,8.367,0.31,5.212,0,0,418430976,0,5,1,cloister
9.707,12.232,0.94,0.0,12.823,1.042,225,810664,253,8.412,0.31,5.211,0,0,418430976,0,5,1,cloister
9.719,12.228,0.943,0.0,12.823,1.042,225,810664,253,8.457,0.31,5.21,0,0,418430976,0,5,1,cloister
9.732,11.724,1.093,0.0,12.823,1.042,225,810664,253,8.457,0.31,5.21,0,0,418430976,0,5,1,cloister
9.744,12.899,1.434,0.0,12.823,1.042,225,810664,253,8.502,0.31,5.209,0,0,418430976,0,5,1,cloister
9.757,12.388,0.959,0.0,12.823,1.042,225,810664,253,8.547,0.31,5.208,0,0,418430976,0,5,1,cloister
9.769,12.324,1.032,0.0,12.823,1.042,225,810664,253,8.592,0.31,5.206,0,0,418430976,0,5,1,cloister
9.782,11.645,0.914,0.0,12.823,1.042,225,810664,253,8.592,0.31,5.206,0,0,418430976,0,5,1,cloister
9.794,12.892,0.928,0.0,12.823,1.042,225,810664,253,8.637,0.31,5.205,0,0,418430976,0,5,1,cloister
9.807,12.038,1.02,0.0,12.823,1.042,225,810664,253,8.682,0.31,5.204,0,0,418430976,0,5,1,cloister
9.819,12.311,1.18,0.0,12.823,1.042,225,810664,253,8.727,0.31,5.203,0,0,418430976,0,5,1,cloister
9.832,11.55,1.03,0.0,12.823,1.042,225,810664,253,8.727,0.31,5.203,0,0,418430976,0,5,1,cloister
9.844,12.772,0.961,0.0,12.823,1.042,225,810664,253,8.772,0.31,5.201,0,0,418430976,0,5,1,cloister
9.857,12.033,1.083,0.0,12.823,1.042,225,810664,253,8.817,0.31,5.2,0,0,418430976,0,5,1,cloister
9.869,12.123,0.969,0.0,12.823,1.042,225,810664,253,8.862,0.31,5.199,0,0,418430976,0,5,1,cloister
9.881,11.653,0.986,0.0,12.823,1.042,225,810664,253,8.862,0.31,5.199,0,0,418430976,0,5,1,cloister
9.893,12.546,0.943,0.0,12.823,1.042,225,810664,253,8.907,0.31,5.198,0,0,418430976,0,5,1,cloister
9.905,12.088,0.88,0.0,12.823,1.042,225,810664,253,8.952,0.31,5.197,0,0,418430976,0,5,1,cloister
9.917,12.342,1.393,0.0,12.823,1.042,225,810664,253,8.997,0.31,5.195,0,0,418430976,0,5,1,cloister
9.929,11.506,0.941,0.0,12.823,1.042,225,810664,253,8.997,0.31,5.195,0,0,418430976,0,5,1,cloister
9.942,12.719,0.933,0.0,12.823,1.042,225,810664,253,9.042,0.31,5.194,0,0,418430976,0,5,1,cloister
9.954,12.462,0.899,0.0,12.823,1.042,226,814894,254,9.087,0.31,5.193,0,0,418430976,0,5,1,cloister
9.966,10.863,0.921,0.0,12.823,1.042,226,814894,254,9.087,0.31,5.193,0,0,418430976,0,5,1,cloister
9.978,13.361,0.504,0.0,12.823,1.042,226,814894,254,9.132,0.31,5.192,0,0,418430976,0,5,1,cloister
9.99,11.658,0.449,0.0,12.823,1.042,226,814894,254,9.177,0.31,5.191,0,0,418430976,0,5,1,cloister
10.002,12.114,2.176,0.0,12.823,1.042,226,814894,254,9.222,0.31,5.189,0,0,418430976,0,5,1,cloister
10.014,11.857,0.36,0.0,12.823,1.042,226,814894,254,9.222,0.31,5.189,0,0,418430976,0,5,1,cloister
10.026,12.91,0.318,0.0,12.823,1.042,226,814894,254,9.267,0.31,5.188,0,0,418430976,0,5,1,cloister
10.039,13.023,0.355,0.0,12.823,1.042,226,814894,254,9.312,0.31,5.187,0,0,418430976,0,5,1,cloister
10.051,11.878,0.421,0.0,12.823,1.042,226,814894,254,9.357,0.31,5.186,0,0,418430976,0,5,1,cloister
10.063,11.657,1.011,0.0,12.823,1.042,226,814894,254,9.357,0.31,5.186,0,0,418430976,0,5,1,cloister
10.075,13.547,0.362,0.0,12.823,1.042,226,814894,254,9.402,0.31,5.185,0,0,418430976,0,5,1,cloister
10.087,12.378,0.45,0.0,12.823,1.042,226,814894,254,9.447,0.31,5.183,0,0,418430976,0,5,1,cloister
10.099,11.594,0.887,0.0,12.823,1.042,226,814894,254,9.447,0.31,5.183,0,0,418430976,0,5,1,cloister
10.111,12.97,0.562,0.0,12.823,1.042,226,814894,254,9.492,0.31,5.182,0,0,418430976,0,5,1,cloister
10.123,12.216,0.833,0.0,12.823,1.042,226,814894,254,9.537,0.31,5.181,0,0,418430976,0,5,1,cloister
10.136,12.509,0.956,0.0,12.823,1.042,226,814894,254,9.582,0.31,5.18,0,0,418430976,0,5,1,cloister
10.148,11.628,0.693,0.0,12.823,1.042,226,814894,254,9.582,0.31,5.18,0,0,418430976,0,5,1,cloister
10.16,12.962,1.11,0.0,12.823,1.042,226,814894,254,9.627,0.31,5.179,0,0,418430976,0,5,1,cloister
10.172,12.379,0.897,0.0,12.823,1.042,226,814894,254,9.672,0.31,5.177,0,0,418430976,0,5,1,cloister
10.184,12.478,0.928,0.0,12.823,1.042,226,814894,254,9.717,0.31,5.176,0,0,418430976,0,5,1,cloister
10.196,11.71,0.922,0.0,12.823,1.042,226,814894,254,9.717,0.31,5.176,0,0,418430976,0,5,1,cloister
10.208,13.052,0.946,0.0,12.823,1.042,226,814894,254,9.762,0.31,5.175,0,0,418430976,0,5,1,cloister
10.22,13.459,0.915,0.0,12.823,1.042,226,814894,254,9.807,0.31,5.174,0,0,418430976,0,5,1,cloister
10.233,10.015,1.03,0.0,12.823,1.042,226,814894,254,9.807,0.31,5.174,0,0,418430976,0,5,1,cloister
10.245,12.822,0.869,0.0,13.127,1.688,226,814894,254,9.852,0.31,5.172,0,0,418430976,0,5,1,cloister
10.257,12.374,0.368,0.0,13.127,1.688,226,814894,254,9.897,0.31,5.171,0,0,418430976,0,5,1,cloister
10.269,12.542,0.358,0.0,13.127,1.688,226,814894,254,9.942,0.31,5.17,0,0,418430976,0,5,1,cloister
10.281,12.124,0.398,0.0,13.127,1.688,226,814894,254,9.942,0.31,5.17,0,0,418430976,0,5,1,cloister
10.293,14.576,0.419,0.0,13.127,1.688,226,814894,254,9.987,0.31,5.169,0,0,418430976,0,5,1,cloister
10.305,11.131,0.847,0.0,13.127,1.688,226,814894,254,10.032,0.31,5.168,0,0,418430976,0,5,1,cloister
10.317,11.814,0.404,0.0,13.127,1.688,226,814894,254,10.077,0.31,5.166,0,0,418430976,0,5,1,cloister
10.33,11.735,0.53,0.0,13.127,1.688,227,814974,255,10.077,0.31,5.166,0,0,418430976,0,5,1,cloister
10.342,12.947,1.058,0.0,13.127,1.688,227,814974,255,10.122,0.31,5.165,0,0,418430976,0,5,1,cloister
10.354,11.588,0.869,0.0,13.127,1.688,227,814974,255,10.167,0.31,5.164,0,0,418430976,0,5,1,cloister
10.366,11.863,0.894,0.0,13.127,1.688,226,816436,254,10.167,0.31,5.164,0,0,418430976,0,5,1,cloister
10.378,12.753,0.359,0.0,13.127,1.688,226,816436,254,10.211,0.31,5.163,0,0,418430976,0,5,1,cloister
10.39,13.351,0.375,0.0,13.127,1.688,226,816436,254,10.256,0.31,5.162,0,0,418430976,0,5,1,cloister
10.402,12.634,0.392,0.0,13.127,1.688,226,816436,254,10.301,0.31,5.16,0,0,418430976,0,5,1,cloister
10.415,12.226,1.063,0.0,13.127,1.688,226,816436,254,10.301,0.31,5.16,0,0,418430976,0,5,1,cloister
10.427,12.502,1.064,0.0,13.127,1.688,226,816436,254,10.346,0.31,5.159,0,0,418430976,0,5,1,cloister
10.44,12.799,1.087,0.0,13.127,1.688,226,816436,254,10.391,0.31,5.158,0,0,418430976,0,5,1,cloister
10.452,12.163,0.346,0.0,13.127,1.688,226,816436,254,10.436,0.31,5.157,0,0,418430976,0,5,1,cloister
10.465,11.964,0.348,0.0,13.127,1.688,226,816436,254,10.436,0.31,5.157,0,0,418430976,0,5,1,cloister
10.477,13.78,0.449,0.0,13.127,1.688,226,816436,254,10.481,0.31,5.156,0,0,418430976,0,5,1,cloister
10.49,12.491,0.502,0.0,13.127,1.688,226,816436,254,10.526,0.31,5.154,0,0,418430976,0,5,1,cloister
10.502,12.302,0.942,0.0,13.127,1.688,225,816260,253,10.571,0.31,5.153,0,0,418430976,0,5,1,cloister
10.515,13.133,0.984,0.0,13.127,1.688,225,816260,253,10.571,0.31,5.153,0,0,418430976,0,5,1,cloister
10.527,12.021,0.495,0.0,13.127,1.688,225,816260,253,10.616,0.31,5.152,0,0,418430976,0,5,1,cloister
10.54,12.743,1.247,0.0,13.127,1.688,225,816260,253,10.661,0.31,5.151,0,0,418430976,0,5,1,cloister
10.552,11.387,0.481,0.0,13.127,1.688,225,816260,253,10.706,0.31,5.15,0,0,418430976,0,5,1,cloister
10.564,11.917,1.094,0.0,13.127,1.688,225,816260,253,10.706,0.31,5.15,0,0,418430976,0,5,1,cloister
10.577,12.734,0.363,0.0,13.127,1.688,225,816260,253,10.751,0.31,5.148,0,0,418430976,0,5,1,cloister
10.589,12.34,0.425,0.0,13.127,1.688,225,816260,253,10.796,0.31,5.147,0,0,418430976,0,5,1,cloister
10.602,13.156,0.376,0.0,13.127,1.688,225,816260,253,10.841,0.31,5.146,0,0,418430976,0,5,1,cloister
10.614,11.296,0.409,0.0,13.127,1.688,225,816260,253,10.841,0.31,5.146,0,0,418430976,0,5,1,cloister
10.626,12.62,1.858,0.0,13.127,1.688,225,816260,253,10.886,0.31,5.145,0,0,418430976,0,5,1,cloister
10.639,12.21,0.358,0.0,13.127,1.688,225,816260,253,10.931,0.31,5.143,0,0,418430976,0,5,1,cloister
10.651,13.256,0.241,0.0,13.127,1.688,225,816260,253,10.976,0.31,5.142,0,0,418430976,0,5,1,cloister
10.663,11.701,0.499,0.0,13.127,1.688,225,816260,253,10.976,0.31,5.142,0,0,418430976,0,5,1,cloister
10.676,14.061,0.905,0.0,13.127,1.688,225,816260,253,11.021,0.31,5.141,0,0,418430976,0,5,1,cloister
10.688,10.361,1.491,0.0,13.127,1.688,225,816260,253,11.066,0.31,5.14,0,0,418430976,0,5,1,cloister
10.7,12.329,1.182,0.0,13.127,1.688,225,816260,253,11.111,0.31,5.139,0,0,418430976,0,5,1,cloister
10.712,11.866,0.363,0.0,13.127,1.688,225,816260,253,11.111,0.31,5.139,0,0,418430976,0,5,1,cloister
10.725,13.092,0.319,0.0,13.127,1.688,225,816260,253,11.156,0.31,5.137,0,0,418430976,0,5,1,cloister
10.737,13.03,0.361,0.0,13.127,1.688,225,816260,253,11.201,0.31,5.136,0,0,418430976,0,5,1,cloister
10.75,11.548,0.429,0.0,13.127,1.688,225,816260,253,11.201,0.31,5.136,0,0,418430976,0,5,1,cloister
10.762,12.884,0.957,0.0,13.127,1.688,225,816260,253,11.246,0.31,5.135,0,0,418430976,0,5,1,cloister
10.774,12.416,1.005,0.0,13.127,1.688,226,816262,254,11.291,0.31,5.134,0,0,418430976,0,5,1,cloister
10.787,12.757,1.044,0.0,13.127,1.688,226,816262,254,11.336,0.31,5.133,0,0,418430976,0,5,1,cloister
10.799,10.816,1.079,0.0,13.127,1.688,226,816262,254,11.336,0.31,5.133,0,0,418430976,0,5,1,cloister
10.811,12.806,1.528,0.0,13.127,1.688,226,816262,254,11.381,0.31,5.131,0,0,418430976,0,5,1,cloister
10.824,12.302,0.383,0.0,13.127,1.688,226,816262,254,11.426,0.31,5.13,0,0,418430976,0,5,1,cloister
10.836,12.171,0.378,0.0,13.127,1.688,226,816262,254,11.471,0.31,5.129,0,0,418430976,0,5,1,cloister
10.848,12.493,0.358,0.0,13.127,1.688,227,816264,255,11.471,0.31,5.129,0,0,418430976,0,5,1,cloister
10.86,12.731,0.391,0.0,13.127,1.688,227,816264,255,11.516,0.31,5.128,0,0,418430976,0,5,1,cloister
10.873,12.304,1.107,0.0,13.127,1.688,227,816264,255,11.561,0.31,5.127,0,0,418430976,0,5,1,cloister
10.885,12.434,1.079,0.0,13.127,1.688,227,816264,255,11.606,0.31,5.125,0,0,418430976,0,5,1,cloister
10.897,11.028,0.905,0.0,13.127,1.688,227,816264,255,11.606,0.31,5.125,0,0,418430976,0,5,1,cloister
10.909,12.479,1.003,0.0,13.127,1.688,227,816264,255,11.651,0.31,5.124,0,0,418430976,0,5,1,cloister
10.922,12.29,0.387,0.0,13.127,1.688,227,816264,255,11.696,0.31,5.123,0,0,418430976,0,5,1,cloister
10.934,12.166,0.323,0.0,13.127,1.688,227,816264,255,11.741,0.31,5.122,0,0,418430976,0,5,1,cloister
10.946,12.573,0.302,0.0,13.127,1.688,227,816264,255,11.741,0.31,5.122,0,0,418430976,0,5,1,cloister
10.958,12.682,0.343,0.0,13.127,1.688,227,816264,255,11.786,0.31,5.121,0,0,418430976,0,5,1,cloister
10.97,11.544,1.239,0.0,13.127,1.688,227,816264,255,11.831,0.31,5.119,0,0,418430976,0,5,1,cloister
10.983,12.488,1.156,0.0,13.127,1.688,227,816264,255,11.831,0.31,5.119,0,0,418430976,0,5,1,cloister
10.995,14.163,0.564,0.0,13.127,1.688,227,816264,255,11.876,0.31,5.118,0,0,418430976,0,5,1,cloister
11.007,10.168,0.507,0.0,13.127,1.688,227,816264,255,11.921,0.31,5.117,0,0,418430976,0,5,1,cloister
11.02,12.831,0.364,0.0,13.127,1.688,227,816264,255,11.966,0.31,5.116,0,0,418430976,0,5,1,cloister
11.032,11.783,0.429,0.0,13.127,1.688,227,816264,255,11.966,0.31,5.116,0,0,418430976,0,5,1,cloister
11.044,12.171,0.943,0.0,13.127,1.688,227,816264,255,12.011,0.31,5.115,0,0,418430976,0,5,1,cloister
11.056,11.765,1.151,0.0,13.127,1.688,227,816264,255,12.056,0.31,5.113,0,0,418430976,0,5,1,cloister
11.068,13.272,0.367,0.0,13.127,1.688,227,816264,255,12.101,0.31,5.112,0,0,418430976,0,5,1,cloister
11.081,11.631,0.407,0.0,13.127,1.688,227,816264,255,12.101,0.31,5.112,0,0,418430976,0,5,1,cloister
11.093,13.081,1.379,0.0,13.127,1.688,227,816264,255,12.146,0.31,5.111,0,0,418430976,0,5,1,cloister
11.105,10.978,0.88,0.0,13.127,1.688,227,816264,255,12.191,0.31,5.11,0,0,418430976,0,5,1,cloister
11.117,12.888,1.125,0.0,13.127,1.688,227,816264,255,12.236,0.31,5.108,0,0,418430976,0,5,1,cloister
11.13,11.608,0.383,0.0,13.127,1.688,227,816264,255,12.236,0.31,5.108,0,0,418430976,0,5,1,cloister
11.142,12.786,0.962,0.0,13.127,1.688,227,816264,255,12.281,0.31,5.107,0,0,418430976,0,5,1,cloister
11.154,12.36,1.046,0.0,13.127,1.688,227,816264,255,12.326,0.31,5.106,0,0,418430976,0,5,1,cloister
11.166,11.188,1.11,0.0,13.127,1.688,227,816264,255,12.326,0.31,5.106,0,0,418430976,0,5,1,cloister
11.178,12.718,1.297,0.0,13.127,1.688,227,816264,255,12.371,0.31,5.105,0,0,418430976,0,5,1,cloister
11.19,12.36,1.021,0.0,13.127,1.688,227,816264,255,12.416,0.31,5.104,0,0,418430976,0,5,1,cloister
11.202,11.991,0.921,0.0,13.127,1.688,227,816264,255,12.461,0.31,5.102,0,0,418430976,0,5,1,cloister
11.214,11.808,1.219,0.0,13.127,1.688,227,816264,255,12.461,0.31,5.102,0,0,418430976,0,5,1,cloister
11.227,12.913,0.962,0.0,13.127,1.688,227,816264,255,12.506,0.31,5.101,0,0,418430976,0,5,1,cloister
11.239,12.349,1.021,0.0,13.127,1.688,227,816264,255,12.551,0.31,5.1,0,0,418430976,0,5,1,cloister
11.252,12.624,1.141,0.0,12.604,2.853,227,816264,255,12.596,0.31,5.099,0,0,418430976,0,5,1,cloister
11.264,11.558,1.102,0.0,12.604,2.853,227,816264,255,12.596,0.31,5.099,0,0,418430976,0,5,1,cloister
11.276,13.12,0.556,0.0,12.604,2.853,227,816264,255,12.641,0.31,5.098,0,0,418430976,0,5,1,cloister
11.288,11.907,0.946,0.0,12.604,2.853,227,816264,255,12.686,0.31,5.096,0,0,418430976,0,5,1,cloister
11.301,12.341,1.376,0.0,12.604,2.853,227,816264,255,12.731,0.31,5.095,0,0,418430976,0,5,1,cloister
11.313,11.288,0.503,0.0,12.604,2.853,228,840920,256,12.731,0.31,5.095,0,0,418430976,0,5,1,cloister
11.325,14.056,0.934,0.0,12.604,2.853,228,840920,256,12.776,0.31,5.094,0,0,418430976,0,5,1,cloister
11.337,10.906,0.476,0.0,12.604,2.853,228,840920,256,12.821,0.31,5.093,0,0,418430976,0,5,1,cloister
11.35,12.101,1.29,0.0,12.604,2.853,228,840920,256,12.821,0.31,5.093,0,0,418430976,0,5,1,cloister
11.362,13.063,0.698,0.0,12.604,2.853,228,840920,256,12.866,0.31,5.092,0,0,418430976,0,5,1,cloister
11.374,11.539,0.994,0.0,12.604,2.853,228,840920,256,12.911,0.31,5.09,0,0,418430976,0,5,1,cloister
11.386,12.222,0.983,0.0,12.604,2.853,228,840920,256,12.956,0.31,5.089,0,0,418430976,0,5,1,cloister
11.399,11.768,0.495,0.0,12.604,2.853,228,840920,256,12.956,0.31,5.089,0,0,418430976,0,5,1,cloister
11.411,13.155,0.422,0.0,12.604,2.853,228,840920,256,13.0,0.31,5.088,0,0,418430976,0,5,1,cloister
11.423,11.653,0.415,0.0,12.604,2.853,228,840920,256,13.045,0.31,5.087,0,0,418430976,0,5,1,cloister
11.436,12.416,1.162,0.0,12.604,2.853,228,840920,256,13.09,0.31,5.086,0,0,418430976,0,5,1,cloister
11.448,12.408,0.351,0.0,12.604,2.853,228,840920,256,13.09,0.31,5.086,0,0,418430976,0,5,1,cloister
11.46,12.783,0.339,0.0,12.604,2.853,228,840920,256,13.135,0.31,5.084,0,0,418430976,0,5,1,cloister
11.472,12.192,1.069,0.0,12.604,2.853,228,840920,256,13.18,0.31,5.083,0,0,418430976,0,5,1,cloister
11.484,12.063,1.064,0.0,12.604,2.853,228,840920,256,13.225,0.31,5.082,0,0,418430976,0,5,1,cloister
11.497,11.104,1.058,0.0,12.604,2.853,228,840920,256,13.225,0.31,5.082,0,0,418430976,0,5,1,cloister
11.509,12.466,1.43,0.0,12.604,2.853,228,840920,256,13.27,0.31,5.081,0,0,418430976,0,5,1,cloister
11.521,13.162,0.392,0.0,12.604,2.853,228,840920,256,13.315,0.31,5.079,0,0,418430976,0,5,1,cloister
11.533,11.195,0.435,0.0,12.604,2.853,229,842696,257,13.315,0.31,5.079,0,0,418430976,0,5,1,cloister
11.545,12.761,1.151,0.0,12.604,2.853,229,842696,257,13.36,0.31,5.078,0,0,418430976,0,5,1,cloister
11.557,12.356,0.891,0.0,12.604,2.853,229,842696,257,13.405,0.31,5.077,0,0,418430976,0,5,1,cloister
11.569,11.756,1.014,0.0,12.604,2.853,230,842768,258,13.45,0.31,5.076,0,0,418430976,0,5,1,cloister
11.581,11.599,0.948,0.0,12.604,2.853,230,842768,258,13.45,0.31,5.076,0,0,418430976,0,5,1,cloister
11.594,12.832,1.697,0.0,12.604,2.853,230,842768,258,13.495,0.31,5.075,0,0,418430976,0,5,1,cloister
11.606,11.968,1.1,0.0,12.604,2.853,231,842792,259,13.54,0.31,5.073,0,0,418430976,0,5,1,cloister
11.618,12.249,1.023,0.0,12.604,2.853,231,842792,259,13.585,0.31,5.072,0,0,418430976,0,5,1,cloister
11.63,11.556,0.936,0.0,12.604,2.853,231,842792,259,13.585,0.31,5.072,0,0,418430976,0,5,1,cloister
11.642,13.572,0.496,0.0,12.604,2.853,231,842792,259,13.63,0.31,5.071,0,0,418430976,0,5,1,cloister
11.654,11.414,1.131,0.0,12.604,2.853,231,842792,259,13.675,0.31,5.07,0,0,418430976,0,5,1,cloister
11.667,12.22,1.334,0.0,12.604,2.853,231,842792,259,13.72,0.31,5.069,0,0,418430976,0,5,1,cloister
11.679,11.222,0.928,0.0,12.604,2.853,231,842792,259,13.72,0.31,5.069,0,0,418430976,0,5,1,cloister
11.691,13.161,0.977,0.0,12.604,2.853,231,842792,259,13.765,0.31,5.067,0,0,418430976,0,5,1,cloister
11.703,12.125,0.559,0.0,12.604,2.853,231,842792,259,13.81,0.31,5.066,0,0,418430976,0,5,1,cloister
11.715,11.543,1.034,0.0,12.604,2.853,231,842792,259,13.81,0.31,5.066,0,0,418430976,0,5,1,cloister
11.727,12.843,1.116,0.0,12.604,2.853,231,842792,259,13.855,0.31,5.065,0,0,418430976,0,5,1,cloister
11.74,11.74,0.947,0.0,12.604,2.853,231,842792,259,13.9,0.31,5.064,0,0,418430976,0,5,1,cloister
11.752,12.389,0.94,0.0,12.604,2.853,231,842792,259,13.945,0.31,5.063,0,0,418430976,0,5,1,cloister
11.764,11.647,0.872,0.0,12.604,2.853,231,842792,259,13.945,0.31,5.063,0,0,418430976,0,5,1,cloister
11.776,12.752,1.163,0.0,12.604,2.853,231,842792,259,13.99,0.31,5.061,0,0,418430976,0,5,1,cloister
11.788,12.124,0.971,0.0,12.604,2.853,231,842792,259,14.035,0.31,5.06,0,0,418430976,0,5,1,cloister
11.8,11.725,1.081,0.0,12.604,2.853,232,842794,260,14.08,0.31,5.059,0,0,418430976,0,5,1,cloister
11.812,11.94,0.933,0.0,12.604,2.853,232,842794,260,14.08,0.31,5.059,0,0,418430976,0,5,1,cloister
11.825,13.464,0.498,0.0,12.604,2.853,232,842794,260,14.125,0.31,5.058,0,0,418430976,0,5,1,cloister
11.837,10.637,2.407,0.0,12.604,2.853,232,842794,260,14.17,0.31,5.057,0,0,418430976,0,5,1,cloister
11.849,11.776,1.038,0.0,12.604,2.853,232,842794,260,14.17,0.31,5.057,0,0,418430976,0,5,1,cloister
11.861,12.62,0.424,0.0,12.604,2.853,232,842794,260,14.215,0.31,5.055,0,0,418430976,0,5,1,cloister
11.873,11.695,0.376,0.0,12.604,2.853,232,842794,260,14.26,0.31,5.054,0,0,418430976,0,5,1,cloister
11.885,13.534,0.353,0.0,12.604,2.853,232,842794,260,14.305,0.31,5.053,0,0,418430976,0,5,1,cloister
11.897,11.028,0.53,0.0,12.604,2.853,232,842794,260,14.305,0.31,5.053,0,0,418430976,0,5,1,cloister
11.909,12.896,1.195,0.0,12.604,2.853,232,842794,260,14.35,0.31,5.052,0,0,418430976,0,5,1,cloister
11.922,11.886,0.921,0.0,12.604,2.853,232,842794,260,14.395,0.31,5.05,0,0,418430976,0,5,1,cloister
11.934,12.045,1.223,0.0,12.604,2.853,232,842794,260,14.44,0.31,5.049,0,0,418430976,0,5,1,cloister
11.946,12.222,0.541,0.0,12.604,2.853,230,838010,258,14.44,0.31,5.049,0,0,418430976,0,5,1,cloister
11.958,12.529,1.311,0.0,12.604,2.853,230,838010,258,14.485,0.31,5.048,0,0,418430976,0,5,1,cloister
11.97,11.751,1.254,0.0,12.604,2.853,230,838010,258,14.53,0.31,5.047,0,0,418430976,0,5,1,cloister
11.982,11.568,1.069,0.0,12.604,2.853,230,838010,258,14.53,0.31,5.047,0,0,418430976,0,5,1,cloister
11.995,12.942,0.926,0.0,12.604,2.853,230,838010,258,14.575,0.31,5.046,0,0,418430976,0,5,1,cloister
12.007,11.904,0.883,0.0,12.604,2.853,230,838010,258,14.62,0.31,5.044,0,0,418430976,0,5,1,cloister
12.019,12.103,1.207,0.0,12.604,2.853,230,838010,258,14.665,0.31,5.043,0,0,418430976,0,5,1,cloister
12.031,11.585,0.946,0.0,12.604,2.853,230,838010,258,14.665,0.31,5.043,0,0,418430976,0,5,1,cloister
12.043,12.712,1.115,0.0,12.604,2.853,230,838010,258,14.71,0.31,5.042,0,0,418430976,0,5,1,cloister
12.055,11.996,1.021,0.0,12.604,2.853,230,838010,258,14.755,0.31,5.041,0,0,418430976,0,5,1,cloister
12.067,12.212,1.057,0.0,12.604,2.853,230,838010,258,14.8,0.31,5.04,0,0,418430976,0,5,1,cloister
12.079,11.353,0.915,0.0,12.604,2.853,230,838010,258,14.8,0.31,5.04,0,0,418430976,0,5,1,cloister
12.092,12.831,0.628,0.0,12.604,2.853,230,838010,258,14.845,0.31,5.038,0,0,418430976,0,5,1,cloister
12.104,11.749,0.96,0.0,12.604,2.853,230,838010,258,14.89,0.31,5.037,0,0,418430976,0,5,1,cloister
12.116,11.393,1.196,0.0,12.604,2.853,230,838010,258,14.89,0.31,5.037,0,0,418430976,0,5,1,cloister
12.128,12.802,1.457,0.0,12.604,2.853,230,838010,258,14.935,0.31,5.036,0,0,418430976,0,5,1,cloister
12.14,12.454,0.944,0.0,12.604,2.853,229,838008,257,14.98,0.31,5.035,0,0,418430976,0,5,1,cloister
12.152,11.653,1.06,0.0,12.604,2.853,229,838008,257,15.025,0.31,5.034,0,0,418430976,0,5,1,cloister
12.164,11.542,0.949,0.0,12.604,2.853,229,838008,257,15.025,0.31,5.034,0,0,418430976,0,5,1,cloister
12.176,12.709,0.917,0.0,12.604,2.853,229,838008,257,15.07,0.31,5.032,0,0,418430976,0,5,1,cloister
12.189,11.998,1.134,0.0,12.604,2.853,229,838008,257,15.115,0.31,5.031,0,0,418430976,0,5,1,cloister
12.201,12.199,1.018,0.0,12.604,2.853,229,838008,257,15.16,0.31,5.03,0,0,418430976,0,5,1,cloister
12.213,11.478,0.94,0.0,12.604,2.853,229,838008,257,15.16,0.31,5.03,0,0,418430976,0,5,1,cloister
12.225,12.626,0.989,0.0,12.604,2.853,229,838008,257,15.205,0.31,5.029,0,0,418430976,0,5,1,cloister
12.237,11.934,1.127,0.0,12.604,2.853,229,838008,257,15.25,0.31,5.028,0,0,418430976,0,5,1,cloister
12.249,11.511,1.008,0.0,12.272,1.536,229,838008,257,15.25,0.31,5.028,0,0,418430976,0,5,1,cloister
12.261,12.891,0.916,0.0,12.272,1.536,229,838008,257,15.295,0.31,5.026,0,0,418430976,0,5,1,cloister
12.273,11.702,1.035,0.0,12.272,1.536,228,837996,256,15.34,0.31,5.025,0,0,418430976,0,5,1,cloister
12.286,11.585,1.092,0.0,12.272,1.536,228,837996,256,15.385,0.31,5.024,0,0,418430976,0,5,1,cloister
12.298,11.733,1.277,0.0,12.272,1.536,228,837996,256,15.385,0.31,5.024,0,0,418430976,0,5,1,cloister
12.31,12.572,0.336,0.0,12.272,1.536,228,837996,256,15.43,0.31,5.023,0,0,418430976,0,5,1,cloister
12.322,12.109,0.41,0.0,12.272,1.536,228,837996,256,15.475,0.31,5.022,0,0,418430976,0,5,1,cloister
12.334,13.61,0.339,0.0,12.272,1.536,227,835304,255,15.52,0.31,5.02,0,0,418430976,0,5,1,cloister
12.346,10.552,0.439,0.0,12.272,1.536,227,835304,255,15.52,0.31,5.02,0,0,418430976,0,5,1,cloister
12.358,12.888,0.935,0.0,12.272,1.536,227,835304,255,15.565,0.31,5.019,0,0,418430976,0,5,1,cloister
12.37,11.889,0.598,0.0,12.272,1.536,228,835352,256,15.61,0.31,5.018,0,0,418430976,0,5,1,cloister
12.382,11.631,1.055,0.0,12.272,1.536,228,835352,256,15.61,0.31,5.018,0,0,418430976,0,5,1,cloister
12.395,12.073,1.0,0.0,12.272,1.536,228,835352,256,15.655,0.31,5.017,0,0,418430976,0,5,1,cloister
12.407,12.202,1.147,0.0,12.272,1.536,228,835352,256,15.7,0.31,5.015,0,0,418430976,0,5,1,cloister
12.419,12.194,0.329,0.0,12.272,1.536,228,835352,256,15.745,0.31,5.014,0,0,418430976,0,5,1,cloister
12.431,11.554,0.374,0.0,12.272,1.536,228,835352,256,15.745,0.31,5.014,0,0,418430976,0,5,1,cloister
12.443,12.763,0.44,0.0,12.272,1.536,228,835352,256,15.789,0.31,5.013,0,0,418430976,0,5,1,cloister
12.455,12.826,0.341,0.0,12.272,1.536,228,835352,256,15.834,0.31,5.012,0,0,418430976,0,5,1,cloister
12.467,12.258,0.37,0.0,12.272,1.536,228,835352,256,15.879,0.31,5.011,0,0,418430976,0,5,1,cloister
12.479,12.248,1.057,0.0,12.272,1.536,228,835352,256,15.879,0.31,5.011,0,0,418430976,0,5,1,cloister
12.492,11.91,0.497,0.0,12.272,1.536,228,835352,256,15.924,0.31,5.009,0,0,418430976,0,5,1,cloister
12.504,12.311,1.091,0.0,12.272,1.536,228,835352,256,15.969,0.31,5.008,0,0,418430976,0,5,1,cloister
12.516,11.496,1.254,0.0,12.272,1.536,228,835352,256,15.969,0.31,5.008,0,0,418430976,0,5,1,cloister
12.528,12.887,0.949,0.0,12.272,1.536,228,835352,256,16.014,0.31,5.007,0,0,418430976,0,5,1,cloister
12.54,12.681,0.963,0.0,12.272,1.536,228,835352,256,16.059,0.31,5.006,0,0,418430976,0,5,1,cloister
12.552,12.754,1.185,0.0,12.272,1.536,228,835352,256,16.104,0.31,5.005,0,0,418430976,0,5,1,cloister
12.565,11.979,0.592,0.0,12.272,1.536,228,835352,256,16.104,0.31,5.005,0,0,418430976,0,5,1,cloister
12.577,12.715,1.143,0.0,12.272,1.536,228,835352,256,16.149,0.31,5.003,0,0,418430976,0,5,1,cloister
12.589,11.68,1.143,0.0,12.272,1.536,229,835364,257,16.194,0.31,5.002,0,0,418430976,0,5,1,cloister
12.602,12.517,1.169,0.0,12.272,1.536,229,835364,257,16.239,0.31,5.001,0,0,418430976,0,5,1,cloister
12.614,12.079,0.506,0.0,12.272,1.536,229,835364,257,16.239,0.31,5.001,0,0,418430976,0,5,1,cloister
12.627,13.903,0.36,0.0,12.272,1.536,229,835364,257,16.284,0.31,5.0,0,0,418430976,0,5,1,cloister
12.639,12.225,0.446,0.0,12.272,1.536,229,835364,257,16.329,0.31,4.999,0,0,418430976,0,5,1,cloister
12.651,11.105,0.904,0.0,12.272,1.536,229,835364,257,16.374,0.31,4.997,0,0,418430976,0,5,1,cloister
12.663,12.499,0.948,0.0,12.272,1.536,229,835364,257,16.374,0.31,4.997,0,0,418430976,0,5,1,cloister
12.676,12.496,0.458,0.0,12.272,1.536,229,835364,257,16.419,0.31,4.996,0,0,418430976,0,5,1,cloister
12.688,12.164,1.545,0.0,12.272,1.536,229,835364,257,16.464,0.31,4.995,0,0,418430976,0,5,1,cloister
12.7,11.522,0.935,0.0,12.272,1.536,229,835364,257,16.464,0.31,4.995,0,0,418430976,0,5,1,cloister
12.712,12.648,1.038,0.0,12.272,1.536,229,835364,257,16.509,0.31,4.994,0,0,418430976,0,5,1,cloister
12.724,11.765,1.141,0.0,12.272,1.536,229,835364,257,16.554,0.31,4.993,0,0,418430976,0,5,1,cloister
12.736,12.432,1.13,0.0,12.272,1.536,229,835364,257,16.599,0.31,4.991,0,0,418430976,0,5,1,cloister
12.748,11.592,0.89,0.0,12.272,1.536,229,835364,257,16.599,0.31,4.991,0,0,418430976,0,5,1,cloister
12.761,12.448,1.031,0.0,12.272,1.536,229,835364,257,16.644,0.31,4.99,0,0,418430976,0,5,1,cloister
12.773,12.052,1.033,0.0,12.272,1.536,229,835364,257,16.689,0.31,4.989,0,0,418430976,0,5,1,cloister
12.785,12.115,1.03,0.0,12.272,1.536,229,835364,257,16.734,0.31,4.988,0,0,418430976,0,5,1,cloister
12.797,11.329,0.999,0.0,12.272,1.536,229,835364,257,16.734,0.31,4.988,0,0,418430976,0,5,1,cloister
12.809,12.45,1.038,0.0,12.272,1.536,229,835364,257,16.779,0.31,4.986,0,0,418430976,0,5,1,cloister
12.821,11.523,0.846,0.0,12.272,1.536,229,835364,257,16.824,0.31,4.985,0,0,418430976,0,5,1,cloister
12.833,12.469,0.43,0.0,12.272,1.536,229,835364,257,16.824,0.31,4.985,0,0,418430976,0,5,1,cloister
12.845,12.898,0.523,0.0,12.272,1.536,229,835364,257,16.869,0.31,4.984,0,0,418430976,0,5,1,cloister
12.857,11.524,1.178,0.0,12.272,1.536,229,835364,257,16.914,0.31,4.983,0,0,418430976,0,5,1,cloister
12.87,12.199,1.022,0.0,12.272,1.536,229,835364,257,16.959,0.31,4.982,0,0,418430976,0,5,1,cloister
12.882,11.132,0.92,0.0,12.272,1.536,229,835364,257,16.959,0.31,4.982,0,0,418430976,0,5,1,cloister
12.894,13.053,0.965,0.0,12.272,1.536,229,835364,257,17.004,0.31,4.98,0,0,418430976,0,5,1,cloister
12.906,12.548,0.874,0.0,12.272,1.536,229,835364,257,17.049,0.31,4.979,0,0,418430976,0,5,1,cloister
12.918,11.628,1.2,0.0,12.272,1.536,227,829888,255,17.094,0.31,4.978,0,0,418430976,0,5,1,cloister
12.93,11.176,0.54,0.0,12.272,1.536,227,829888,255,17.094,0.31,4.978,0,0,418430976,0,5,1,cloister
12.942,12.678,1.303,0.0,12.272,1.536,227,829888,255,17.139,0.31,4.977,0,0,418430976,0,5,1,cloister
12.954,12.213,0.907,0.0,12.272,1.536,227,829888,255,17.184,0.31,4.976,0,0,418430976,0,5,1,cloister
12.967,11.259,1.046,0.0,12.272,1.536,227,829888,255,17.184,0.31,4.976,0,0,418430976,0,5,1,cloister
12.979,13.092,1.159,0.0,12.272,1.536,227,829888,255,17.229,0.31,4.974,0,0,418430976,0,5,1,cloister
12.991,11.828,0.943,0.0,12.272,1.536,227,829888,255,17.274,0.31,4.973,0,0,418430976,0,5,1,cloister
13.003,12.388,1.413,0.0,12.272,1.536,227,829888,255,17.319,0.31,4.972,0,0,418430976,0,5,1,cloister
13.015,11.016,1.159,0.0,12.272,1.536,227,829888,255,17.319,0.31,4.972,0,0,418430976,0,5,1,cloister
13.027,13.052,0.973,0.0,12.272,1.536,227,829888,255,17.364,0.31,4.971,0,0,418430976,0,5,1,cloister
13.039,12.412,0.417,0.0,12.272,1.536,227,829888,255,17.409,0.31,4.97,0,0,418430976,0,5,1,cloister
13.051,11.574,0.816,0.0,12.272,1.536,227,829888,255,17.454,0.31,4.968,0,0,418430976,0,5,1,cloister
13.064,12.3,0.986,0.0,12.272,1.536,227,829888,255,17.454,0.31,4.968,0,0,418430976,0,5,1,cloister
13.076,12.83,0.544,0.0,12.272,1.536,227,829888,255,17.499,0.31,4.967,0,0,418430976,0,5,1,cloister
13.088,12.606,0.923,0.0,12.272,1.536,227,829888,255,17.544,0.31,4.966,0,0,418430976,0,5,1,cloister
13.1,11.288,1.039,0.0,12.272,1.536,227,829888,255,17.544,0.31,4.966,0,0,418430976,0,5,1,cloister
13.112,12.632,1.161,0.0,12.272,1.536,227,829888,255,17.589,0.31,4.965,0,0,418430976,0,5,1,cloister
13.124,12.33,0.955,0.0,12.272,1.536,226,829886,254,17.634,0.31,4.964,0,0,418430976,0,5,1,cloister
13.136,12.347,0.949,0.0,12.272,1.536,226,829886,254,17.679,0.31,4.962,0,0,418430976,0,5,1,cloister
13.148,11.532,0.393,0.0,12.272,1.536,226,829886,254,17.679,0.31,4.962,0,0,418430976,0,5,1,cloister
13.161,12.619,0.976,0.0,12.272,1.536,226,829886,254,17.724,0.31,4.961,0,0,418430976,0,5,1,cloister
13.173,12.837,0.89,0.0,12.272,1.536,226,829886,254,17.769,0.31,4.96,0,0,418430976,0,5,1,cloister
13.185,11.571,0.59,0.0,12.272,1.536,227,834116,255,17.814,0.31,4.959,0,0,418430976,0,5,1,cloister
13.197,11.878,0.977,0.0,12.272,1.536,227,834116,255,17.814,0.31,4.959,0,0,418430976,0,5,1,cloister
13.209,12.677,0.894,0.0,12.272,1.536,227,834116,255,17.859,0.31,4.957,0,0,418430976,0,5,1,cloister
13.222,12.319,0.962,0.0,12.272,1.536,227,834116,255,17.904,0.31,4.956,0,0,418430976,0,5,1,cloister
13.234,12.014,0.933,0.0,12.272,1.536,227,834116,255,17.949,0.31,4.955,0,0,418430976,0,5,1,cloister
13.246,11.778,0.897,0.0,12.439,1.254,227,834116,255,17.949,0.31,4.955,0,0,418430976,0,5,1,cloister
13.258,12.738,0.554,0.0,12.439,1.254,227,834116,255,17.994,0.31,4.954,0,0,418430976,0,5,1,cloister
13.271,12.462,0.96,0.0,12.439,1.254,227,834116,255,18.039,0.31,4.953,0,0,418430976,0,5,1,cloister
13.283,10.907,0.937,0.0,12.439,1.254,227,834116,255,18.039,0.31,4.953,0,0,418430976,0,5,1,cloister
13.295,13.246,0.837,0.0,12.439,1.254,227,834116,255,18.084,0.31,4.951,0,0,418430976,0,5,1,cloister
13.307,12.043,0.488,0.0,12.439,1.254,227,834116,255,18.129,0.31,4.95,0,0,418430976,0,5,1,cloister
13.319,12.443,1.181,0.0,12.439,1.254,227,834116,255,18.174,0.31,4.949,0,0,418430976,0,5,1,cloister
13.332,11.84,0.93,0.0,12.439,1.254,226,834036,254,18.174,0.31,4.949,0,0,418430976,0,5,1,cloister
13.344,12.618,1.129,0.0,12.439,1.254,226,834036,254,18.219,0.31,4.948,0,0,418430976,0,5,1,cloister
13.356,12.502,1.095,0.0,12.439,1.254,226,834036,254,18.264,0.31,4.947,0,0,418430976,0,5,1,cloister
13.368,11.865,1.04,0.0,12.439,1.254,226,834036,254,18.309,0.31,4.945,0,0,418430976,0,5,1,cloister
13.38,11.1,0.956,0.0,12.439,1.254,226,834036,254,18.309,0.31,4.945,0,0,418430976,0,5,1,cloister
13.393,13.755,0.88,0.0,12.439,1.254,226,834036,254,18.354,0.31,4.944,0,0,418430976,0,5,1,cloister
13.405,11.461,0.499,0.0,12.439,1.254,226,834036,254,18.399,0.31,4.943,0,0,418430976,0,5,1,cloister
13.417,12.089,1.157,0.0,12.439,1.254,226,834036,254,18.443,0.31,4.942,0,0,418430976,0,5,1,cloister
13.43,12.012,0.351,0.0,12.439,1.254,226,834036,254,18.443,0.31,4.942,0,0,418430976,0,5,1,cloister
13.442,13.235,0.343,0.0,12.439,1.254,226,834036,254,18.488,0.31,4.941,0,0,418430976,0,5,1,cloister
13.454,12.444,0.483,0.0,12.439,1.254,226,834036,254,18.533,0.31,4.939,0,0,418430976,0,5,1,cloister
13.466,11.605,0.999,0.0,12.439,1.254,226,834036,254,18.533,0.31,4.939,0,0,418430976,0,5,1,cloister
13.479,12.658,1.016,0.0,12.439,1.254,226,834036,254,18.578,0.31,4.938,0,0,418430976,0,5,1,cloister
13.491,12.356,0.951,0.0,12.439,1.254,226,834036,254,18.623,0.31,4.937,0,0,418430976,0,5,1,cloister
13.503,12.96,1.136,0.0,12.439,1.254,225,833956,253,18.668,0.31,4.936,0,0,418430976,0,5,1,cloister
13.516,11.378,1.194,0.0,12.439,1.254,225,833956,253,18.668,0.31,4.936,0,0,418430976,0,5,1,cloister
13.528,13.199,1.015,0.0,12.439,1.254,225,833956,253,18.713,0.31,4.935,0,0,418430976,0,5,1,cloister
13.54,12.178,0.918,0.0,12.439,1.254,225,833956,253,18.758,0.31,4.933,0,0,418430976,0,5,1,cloister
13.553,12.205,1.032,0.0,12.439,1.254,225,833956,253,18.803,0.31,4.932,0,0,418430976,0,5,1,cloister
13.565,11.813,0.961,0.0,12.439,1.254,224,833954,252,18.803,0.31,4.932,0,0,418430976,0,5,1,cloister
13.577,13.143,0.885,0.0,12.439,1.254,224,833954,252,18.848,0.31,4.931,0,0,418430976,0,5,1,cloister
13.59,12.29,1.052,0.0,12.439,1.254,224,833954,252,18.893,0.31,4.93,0,0,418430976,0,5,1,cloister
13.602,12.986,0.916,0.0,12.439,1.254,224,833954,252,18.938,0.31,4.928,0,0,418430976,0,5,1,cloister
13.615,12.145,0.796,0.0,12.439,1.254,224,833954,252,18.938,0.31,4.928,0,0,418430976,0,5,1,cloister
13.627,13.314,0.962,0.0,12.439,1.254,224,833954,252,18.983,0.31,4.927,0,0,418430976,0,5,1,cloister
13.64,12.215,0.886,0.0,12.439,1.254,224,833954,252,19.028,0.31,4.926,0,0,418430976,0,5,1,cloister
13.652,12.886,1.189,0.0,12.439,1.254,224,833954,252,19.073,0.31,4.925,0,0,418430976,0,5,1,cloister
13.665,12.349,0.399,0.0,12.439,1.254,224,833954,252,19.073,0.31,4.925,0,0,418430976,0,5,1,cloister
13.677,13.569,0.935,0.0,12.439,1.254,224,833954,252,19.118,0.31,4.924,0,0,418430976,0,5,1,cloister
13.69,12.176,0.941,0.0,12.439,1.254,224,833954,252,19.163,0.31,4.922,0,0,418430976,0,5,1,cloister
13.702,13.162,1.024,0.0,12.439,1.254,223,833874,251,19.208,0.31,4.921,0,0,418430976,0,5,1,cloister
13.715,11.061,0.87,0.0,12.439,1.254,223,833874,251,19.208,0.31,4.921,0,0,418430976,0,5,1,cloister
13.727,12.796,0.91,0.0,12.439,1.254,223,833874,251,19.253,0.31,4.92,0,0,418430976,0,5,1,cloister
13.74,12.435,0.865,0.0,12.439,1.254,223,833874,251,19.298,0.31,4.919,0,0,418430976,0,5,1,cloister
13.752,12.081,0.855,0.0,12.439,1.254,223,833874,251,19.343,0.31,4.918,0,0,418430976,0,5,1,cloister
13.765,11.574,1.141,0.0,12.439,1.254,223,833874,251,19.343,0.31,4.918,0,0,418430976,0,5,1,cloister
13.777,12.991,0.566,0.0,12.439,1.254,223,833874,251,19.388,0.31,4.916,0,0,418430976,0,5,1,cloister
13.79,11.735,0.921,0.0,12.439,1.254,223,833874,251,19.433,0.31,4.915,0,0,418430976,0,5,1,cloister
13.802,12.256,1.296,0.0,12.439,1.254,222,831182,250,19.478,0.31,4.914,0,0,418430976,0,5,1,cloister
13.814,11.297,0.891,0.0,12.439,1.254,222,831182,250,19.478,0.31,4.914,0,0,418430976,0,5,1,cloister
13.826,13.734,0.538,0.0,12.439,1.254,222,831182,250,19.523,0.31,4.913,0,0,418430976,0,5,1,cloister
13.839,11.673,0.717,0.0,12.439,1.254,223,833874,251,19.568,0.31,4.912,0,0,418430976,0,5,1,cloister
13.851,12.586,0.95,0.0,12.439,1.254,223,833940,251,19.613,0.31,4.91,0,0,418430976,0,5,1,cloister
13.863,11.55,0.902,0.0,12.439,1.254,223,833940,251,19.613,0.31,4.91,0,0,418430976,0,5,1,cloister
13.875,12.713,1.073,0.0,12.439,1.254,223,833940,251,19.658,0.31,4.909,0,0,418430976,0,5,1,cloister
13.888,12.442,1.178,0.0,12.439,1.254,223,833940,251,19.703,0.31,4.908,0,0,418430976,0,5,1,cloister
13.9,11.669,0.928,0.0,12.439,1.254,223,833940,251,19.703,0.31,4.908,0,0,418430976,0,5,1,cloister
13.912,12.656,0.543,0.0,12.439,1.254,223,833940,251,19.748,0.31,4.906,0,0,418430976,0,5,1,cloister
13.924,12.234,1.189,0.0,12.439,1.254,223,833940,251,19.793,0.31,4.905,0,0,418430976,0,5,1,cloister
13.936,12.303,0.474,0.0,12.439,1.254,223,833940,251,19.838,0.31,4.904,0,0,418430976,0,5,1,cloister
13.949,11.632,0.988,0.0,12.439,1.254,223,833940,251,19.838,0.31,4.904,0,0,418430976,0,5,1,cloister
13.961,12.669,1.178,0.0,12.439,1.254,223,833940,251,19.883,0.31,4.902,0,0,418430976,0,5,1,cloister
13.973,12.72,1.127,0.0,12.439,1.254,223,833940,251,19.928,0.31,4.901,0,0,418430976,0,5,1,cloister
13.986,11.829,1.01,0.0,12.439,1.254,223,833940,251,19.973,0.31,4.899,0,0,418430976,0,5,1,cloister
13.998,11.722,0.954,0.0,12.439,1.254,223,833940,251,19.973,0.31,4.899,0,0,418430976,0,5,1,cloister
14.01,13.205,1.015,0.0,12.439,1.254,223,833940,251,20.018,0.31,4.898,0,0,418430976,0,5,1,cloister
14.022,11.852,1.311,0.0,12.439,1.254,223,833940,251,20.063,0.31,4.896,0,0,418430976,0,5,1,cloister
14.034,12.594,1.061,0.0,12.439,1.254,223,833940,251,20.108,0.31,4.895,0,0,418430976,0,5,1,cloister
14.047,11.617,0.909,0.0,12.439,1.254,222,833820,250,20.108,0.31,4.895,0,0,418430976,0,5,1,cloister
14.059,12.588,1.063,0.0,12.439,1.254,222,833820,250,20.153,0.31,4.893,0,0,418430976,0,5,1,cloister
14.071,12.449,1.001,0.0,12.439,1.254,222,833820,250,20.198,0.31,4.892,0,0,418430976,0,5,1,cloister
14.084,12.441,0.937,0.0,12.439,1.254,221,831752,249,20.243,0.31,4.89,0,0,418430976,0,5,1,cloister
14.096,11.439,0.557,0.0,12.439,1.254,221,831752,249,20.243,0.31,4.89,0,0,418430976,0,5,1,cloister
14.108,12.827,1.028,0.0,12.439,1.254,221,831752,249,20.288,0.31,4.889,0,0,418430976,0,5,1,cloister
14.12,12.072,0.964,0.0,12.439,1.254,221,831752,249,20.333,0.31,4.887,0,0,418430976,0,5,1,cloister
14.133,12.096,1.173,0.0,12.439,1.254,221,831752,249,20.333,0.31,4.887,0,0,418430976,0,5,1,cloister
14.145,13.237,0.928,0.0,12.439,1.254,221,831752,249,20.378,0.31,4.885,0,0,418430976,0,5,1,cloister
14.157,11.755,1.143,0.0,12.439,1.254,221,831752,249,20.423,0.31,4.884,0,0,418430976,0,5,1,cloister
14.17,11.946,1.313,0.0,12.439,1.254,220,831750,248,20.468,0.31,4.882,0,0,418430976,0,5,1,cloister
14.182,12.166,0.876,0.0,12.439,1.254,220,831750,248,20.468,0.31,4.882,0,0,418430976,0,5,1,cloister
14.194,13.103,0.644,0.0,12.439,1.254,220,831750,248,20.513,0.31,4.881,0,0,418430976,0,5,1,cloister
14.207,12.109,0.921,0.0,12.439,1.254,221,831752,249,20.558,0.31,4.879,0,0,418430976,0,5,1,cloister
14.219,12.447,1.142,0.0,12.439,1.254,221,831752,249,20.602,0.31,4.877,0,0,418430976,0,5,1,cloister
14.231,11.06,0.985,0.0,12.439,1.254,221,831752,249,20.602,0.31,4.877,0,0,418430976,0,5,1,cloister
14.243,12.584,0.99,0.0,12.706,1.335,221,831752,249,20.647,0.31,4.875,0,0,418430976,0,5,1,cloister
14.256,12.843,0.873,0.0,12.706,1.335,221,831752,249,20.692,0.31,4.874,0,0,418430976,0,5,1,cloister
14.268,12.853,0.579,0.0,12.706,1.335,221,831752,249,20.737,0.31,4.872,0,0,418430976,0,5,1,cloister
14.28,11.512,2.093,0.0,12.706,1.335,221,831752,249,20.737,0.31,4.872,0,0,418430976,0,5,1,cloister
14.293,12.761,1.055,0.0,12.706,1.335,221,831752,249,20.782,0.31,4.87,0,0,418430976,0,5,1,cloister
14.305,11.912,1.036,0.0,12.706,1.335,220,831728,248,20.827,0.31,4.869,0,0,418430976,0,5,1,cloister
14.317,12.751,0.35,0.0,12.706,1.335,220,831728,248,20.872,0.31,4.867,0,0,418430976,0,5,1,cloister
14.33,11.916,0.428,0.0,12.706,1.335,220,831728,248,20.872,0.31,4.867,0,0,418430976,0,5,1,cloister
14.342,13.024,1.005,0.0,12.706,1.335,220,831728,248,20.917,0.31,4.865,0,0,418430976,0,5,1,cloister
14.354,12.022,0.998,0.0,12.706,1.335,220,831728,248,20.962,0.31,4.863,0,0,418430976,0,5,1,cloister
14.367,11.645,1.031,0.0,12.706,1.335,220,831728,248,20.962,0.31,4.863,0,0,418430976,0,5,1,cloister
14.379,13.276,1.151,0.0,12.706,1.335,220,831728,248,21.007,0.31,4.862,0,0,418430976,0,5,1,cloister
14.391,11.964,0.882,0.0,12.706,1.335,220,831728,248,21.052,0.31,4.86,0,0,418430976,0,5,1,cloister
14.404,12.464,1.05,0.0,12.706,1.335,219,831692,247,21.097,0.31,4.858,0,0,418430976,0,5,1,cloister
14.416,11.829,0.867,0.0,12.706,1.335,218,831676,246,21.097,0.31,4.858,0,0,418430976,0,5,1,cloister
14.429,12.662,0.996,0.0,12.706,1.335,218,831676,246,21.142,0.31,4.857,0,0,418430976,0,5,1,cloister
14.441,12.215,4.279,0.0,12.706,1.335,218,831676,246,21.187,0.31,4.855,0,0,418430976,0,5,1,cloister
14.454,12.873,0.431,0.0,12.706,1.335,218,831676,246,21.232,0.31,4.853,0,0,418430976,0,5,1,cloister
14.466,11.97,0.466,0.0,12.706,1.335,218,831676,246,21.232,0.31,4.853,0,0,418430976,0,5,1,cloister
14.479,13.824,0.387,0.0,12.706,1.335,218,831676,246,21.277,0.31,4.851,0,0,418430976,0,5,1,cloister
14.491,12.256,0.451,0.0,12.706,1.335,218,831676,246,21.322,0.31,4.849,0,0,418430976,0,5,1,cloister
14.504,12.791,1.095,0.0,12.706,1.335,217,828984,245,21.367,0.31,4.848,0,0,418430976,0,5,1,cloister
14.516,11.394,1.011,0.0,12.706,1.335,217,828984,245,21.367,0.31,4.848,0,0,418430976,0,5,1,cloister
14.529,13.169,1.237,0.0,12.706,1.335,217,828984,245,21.412,0.31,4.846,0,0,418430976,0,5,1,cloister
14.541,12.591,0.973,0.0,12.706,1.335,217,828984,245,21.457,0.31,4.844,0,0,418430976,0,5,1,cloister
14.553,12.042,1.035,0.0,12.706,1.335,217,828984,245,21.502,0.31,4.842,0,0,418430976,0,5,1,cloister
14.566,11.945,1.161,0.0,12.706,1.335,217,828984,245,21.502,0.31,4.842,0,0,418430976,0,5,1,cloister
14.578,12.941,0.482,0.0,12.706,1.335,217,828984,245,21.547,0.31,4.841,0,0,418430976,0,5,1,cloister
14.591,13.368,0.961,0.0,12.706,1.335,217,828984,245,21.592,0.31,4.839,0,0,418430976,0,5,1,cloister
14.603,11.81,1.136,0.0,12.706,1.335,217,828984,245,21.637,0.31,4.837,0,0,418430976,0,5,1,cloister
14.616,11.685,0.974,0.0,12.706,1.335,217,828984,245,21.637,0.31,4.837,0,0,418430976,0,5,1,cloister
14.628,13.299,0.999,0.0,12.706,1.335,217,828984,245,21.682,0.31,4.835,0,0,418430976,0,5,1,cloister
14.641,12.676,0.998,0.0,12.706,1.335,217,828984,245,21.727,0.31,4.834,0,0,418430976,0,5,1,cloister
14.653,12.512,1.011,0.0,12.706,1.335,217,828984,245,21.772,0.31,4.832,0,0,418430976,0,5,1,cloister
14.666,12.804,0.938,0.0,12.706,1.335,217,828984,245,21.772,0.31,4.832,0,0,418430976,0,5,1,cloister
14.678,13.678,0.919,0.0,12.706,1.335,217,828984,245,21.817,0.31,4.83,0,0,418430976,0,5,1,cloister
14.691,12.874,1.181,0.0,12.706,1.335,217,828984,245,21.862,0.31,4.828,0,0,418430976,0,5,1,cloister
14.703,12.564,0.583,0.0,12.706,1.335,215,828824,243,21.906,0.31,4.826,0,0,418430976,0,5,1,cloister
14.716,11.599,0.897,0.0,12.706,1.335,215,828824,243,21.906,0.31,4.826,0,0,418430976,0,5,1,cloister
14.728,13.109,0.978,0.0,12.706,1.335,215,828824,243,21.951,0.31,4.825,0,0,418430976,0,5,1,cloister
14.741,12.879,0.436,0.0,12.706,1.335,214,828788,242,21.996,0.31,4.823,0,0,418430976,0,5,1,cloister
14.753,12.931,0.382,0.0,12.706,1.335,214,828788,242,22.041,0.31,4.821,0,0,418430976,0,5,1,cloister
14.766,13.026,0.363,0.0,12.706,1.335,215,853444,243,22.041,0.31,4.821,0,0,418430976,0,5,1,cloister
14.778,14.215,0.447,0.0,12.706,1.335,215,853444,243,22.086,0.31,4.819,0,0,418430976,0,5,1,cloister
14.791,10.901,0.997,0.0,12.706,1.335,215,853444,243,22.131,0.31,4.818,0,0,418430976,0,5,1,cloister
14.803,12.463,0.768,0.0,12.706,1.335,215,853444,243,22.176,0.31,4.816,0,0,418430976,0,5,1,cloister
14.816,12.158,0.396,0.0,12.706,1.335,215,853444,243,22.176,0.31,4.816,0,0,418430976,0,5,1,cloister
14.828,13.362,0.372,0.0,12.706,1.335,215,853444,243,22.221,0.31,4.814,0,0,418430976,0,5,1,cloister
14.841,12.351,0.477,0.0,12.706,1.335,215,853444,243,22.266,0.31,4.812,0,0,418430976,0,5,1,cloister
14.853,12.414,1.004,0.0,12.706,1.335,215,853444,243,22.311,0.31,4.81,0,0,418430976,0,5,1,cloister
14.866,11.789,1.283,0.0,12.706,1.335,215,853444,243,22.311,0.31,4.81,0,0,418430976,0,5,1,cloister
14.878,12.952,0.932,0.0,12.706,1.335,215,853444,243,22.356,0.31,4.809,0,0,418430976,0,5,1,cloister
14.891,12.385,0.871,0.0,12.706,1.335,215,853444,243,22.401,0.31,4.807,0,0,418430976,0,5,1,cloister
14.903,12.432,0.907,0.0,12.706,1.335,215,853444,243,22.446,0.31,4.805,0,0,418430976,0,5,1,cloister
14.916,11.966,0.887,0.0,12.706,1.335,214,853428,242,22.446,0.31,4.805,0,0,418430976,0,5,1,cloister
14.928,13.167,0.545,0.0,12.706,1.335,214,853428,242,22.491,0.31,4.803,0,0,418430976,0,5,1,cloister
14.941,12.489,0.826,0.0,12.706,1.335,214,853428,242,22.536,0.31,4.801,0,0,418430976,0,5,1,cloister
14.953,12.265,0.942,0.0,12.706,1.335,214,853428,242,22.581,0.31,4.8,0,0,418430976,0,5,1,cloister
14.966,11.921,0.434,0.0,12.706,1.335,214,853310,242,22.581,0.31,4.8,0,0,418430976,0,5,1,cloister
14.978,12.934,0.853,0.0,12.706,1.335,214,853310,242,22.626,0.31,4.798,0,0,418430976,0,5,1,cloister
14.991,12.393,0.868,0.0,12.706,1.335,214,853310,242,22.671,0.31,4.796,0,0,418430976,0,5,1,cloister
15.003,12.362,0.922,0.0,12.706,1.335,214,853310,242,22.716,0.31,4.794,0,0,418430976,0,5,1,cloister
15.016,11.901,0.953,0.0,12.706,1.335,214,853310,242,22.716,0.31,4.794,0,0,418430976,0,5,1,cloister
15.028,12.88,0.897,0.0,12.706,1.335,214,853310,242,22.761,0.31,4.793,0,0,418430976,0,5,1,cloister
15.041,12.666,0.862,0.0,12.706,1.335,215,853382,243,22.806,0.31,4.791,0,0,418430976,0,5,1,cloister
15.053,11.687,0.91,0.0,12.706,1.335,215,853382,243,22.851,0.31,4.789,0,0,418430976,0,5,1,cloister
15.066,12.681,0.797,0.0,12.706,1.335,215,853382,243,22.851,0.31,4.789,0,0,418430976,0,5,1,cloister
15.078,12.832,0.44,0.0,12.706,1.335,215,853382,243,22.896,0.31,4.787,0,0,418430976,0,5,1,cloister
15.091,12.485,0.872,0.0,12.706,1.335,215,853382,243,22.941,0.31,4.785,0,0,418430976,0,5,1,cloister
15.103,12.459,0.891,0.0,12.706,1.335,215,853382,243,22.986,0.31,4.784,0,0,418430976,0,5,1,cloister
15.116,11.787,0.943,0.0,12.706,1.335,214,853342,242,22.986,0.31,4.784,0,0,418430976,0,5,1,cloister
15.128,12.981,0.939,0.0,12.706,1.335,214,853342,242,23.031,0.31,4.782,0,0,418430976,0,5,1,cloister
15.141,12.273,0.884,0.0,12.706,1.335,215,855118,243,23.076,0.31,4.78,0,0,418430976,0,5,1,cloister
15.153,12.343,1.068,0.0,12.706,1.335,215,855118,243,23.121,0.31,4.778,0,0,418430976,0,5,1,cloister
15.166,11.813,0.945,0.0,12.706,1.335,215,855118,243,23.121,0.31,4.778,0,0,418430976,0,5,1,cloister
15.178,12.898,0.937,0.0,12.706,1.335,215,855118,243,23.165,0.31,4.776,0,0,418430976,0,5,1,cloister
15.191,12.294,0.879,0.0,12.706,1.335,215,855118,243,23.21,0.31,4.775,0,0,418430976,0,5,1,cloister
15.203,12.327,0.916,0.0,12.706,1.335,215,855118,243,23.255,0.31,4.773,0,0,418430976,0,5,1,cloister
15.216,11.757,0.939,0.0,12.706,1.335,215,855118,243,23.255,0.31,4.773,0,0,418430976,0,5,1,cloister
15.228,13.023,0.941,0.0,12.706,1.335,215,855118,243,23.3,0.31,4.771,0,0,418430976,0,5,1,cloister
15.241,12.199,0.953,0.0,13.692,1.023,215,855118,243,23.345,0.31,4.769,0,0,418430976,0,5,1,cloister
15.253,12.543,1.155,0.0,13.692,1.023,215,855118,243,23.39,0.31,4.767,0,0,418430976,0,5,1,cloister
15.266,11.719,0.897,0.0,13.692,1.023,215,855118,243,23.39,0.31,4.767,0,0,418430976,0,5,1,cloister
15.278,12.942,0.909,0.0,13.692,1.023,215,855118,243,23.435,0.31,4.766,0,0,418430976,0,5,1,cloister
15.291,12.4,0.874,0.0,13.692,1.023,217,855144,245,23.48,0.31,4.764,0,0,418430976,0,5,1,cloister
15.303,12.348,0.965,0.0,13.692,1.023,218,855146,246,23.525,0.31,4.762,0,0,418430976,0,5,1,cloister
15.316,12.818,0.993,0.0,13.692,1.023,218,855146,246,23.525,0.31,4.762,0,0,418430976,0,5,1,cloister
15.328,11.337,1.021,0.0,13.692,1.023,218,855146,246,23.57,0.31,4.76,0,0,418430976,0,5,1,cloister
15.34,12.331,1.088,0.0,13.692,1.023,218,855146,246,23.615,0.31,4.759,0,0,418430976,0,5,1,cloister
15.353,13.022,0.364,0.0,13.692,1.023,217,855066,245,23.66,0.31,4.757,0,0,418430976,0,5,1,cloister
15.365,11.766,0.461,0.0,13.692,1.023,215,854982,243,23.66,0.31,4.757,0,0,418430976,0,5,1,cloister
15.377,12.977,0.877,0.0,13.692,1.023,215,854982,243,23.705,0.31,4.755,0,0,418430976,0,5,1,cloister
15.39,12.267,0.902,0.0,13.692,1.023,214,854966,242,23.75,0.31,4.753,0,0,418430976,0,5,1,cloister
15.402,12.375,1.032,0.0,13.692,1.023,214,854966,242,23.795,0.31,4.751,0,0,418430976,0,5,1,cloister
15.414,11.8,1.053,0.0,13.692,1.023,214,854966,242,23.795,0.31,4.751,0,0,418430976,0,5,1,cloister
15.427,12.833,0.442,0.0,13.692,1.023,214,854966,242,23.84,0.31,4.75,0,0,418430976,0,5,1,cloister
15.439,12.441,0.863,0.0,13.692,1.023,214,854966,242,23.885,0.31,4.748,0,0,418430976,0,5,1,cloister
15.451,11.751,0.91,0.0,13.692,1.023,214,854966,242,23.93,0.31,4.746,0,0,418430976,0,5,1,cloister
15.464,11.718,0.88,0.0,13.692,1.023,214,854966,242,23.93,0.31,4.746,0,0,418430976,0,5,1,cloister
15.476,12.858,0.393,0.0,13.692,1.023,214,854966,242,23.975,0.31,4.744,0,0,418430976,0,5,1,cloister
15.488,12.285,0.405,0.0,13.692,1.023,214,854966,242,24.02,0.31,4.742,0,0,418430976,0,5,1,cloister
15.5,12.033,0.432,0.0,13.692,1.023,213,854846,241,24.065,0.31,4.741,0,0,418430976,0,5,1,cloister
15.513,12.388,0.433,0.0,13.692,1.023,213,854846,241,24.065,0.31,4.741,0,0,418430976,0,5,1,cloister
15.525,12.122,0.381,0.0,13.692,1.023,213,854846,241,24.11,0.31,4.739,0,0,418430976,0,5,1,cloister
15.537,12.442,1.505,0.0,13.692,1.023,213,854846,241,24.155,0.31,4.737,0,0,418430976,0,5,1,cloister
15.55,11.914,0.384,0.0,13.692,1.023,212,854844,240,24.155,0.31,4.737,0,0,418430976,0,5,1,cloister
15.562,12.711,0.42,0.0,13.692,1.023,212,854844,240,24.2,0.31,4.735,0,0,418430976,0,5,1,cloister
15.574,12.304,0.609,0.0,13.692,1.023,212,854844,240,24.245,0.31,4.733,0,0,418430976,0,5,1,cloister
15.586,12.732,0.459,0.0,13.692,1.023,212,854844,240,24.29,0.31,4.732,0,0,418430976,0,5,1,cloister
15.599,11.771,0.423,0.0,13.692,1.023,211,854724,239,24.29,0.31,4.732,0,0,418430976,0,5,1,cloister
15.611,12.661,0.831,0.0,13.692,1.023,211,854724,239,24.335,0.31,4.73,0,0,418430976,0,5,1,cloister
15.623,12.025,0.867,0.0,13.692,1.023,211,854724,239,24.379,0.31,4.728,0,0,418430976,0,5,1,cloister
15.635,12.228,0.933,0.0,13.692,1.023,211,854724,239,24.424,0.31,4.726,0,0,418430976,0,5,1,cloister
15.647,11.278,0.892,0.0,13.692,1.023,212,854726,240,24.424,0.31,4.726,0,0,418430976,0,5,1,cloister
15.66,12.719,1.15,0.0,13.692,1.023,212,854726,240,24.469,0.31,4.725,0,0,418430976,0,5,1,cloister
15.672,12.068,0.372,0.0,13.692,1.023,213,857722,241,24.514,0.31,4.723,0,0,418430976,0,5,1,cloister
15.684,13.42,0.442,0.0,13.692,1.023,214,858698,242,24.559,0.31,4.721,0,0,418430976,0,5,1,cloister
15.696,10.966,0.484,0.0,13.692,1.023,214,858698,242,24.559,0.31,4.721,0,0,418430976,0,5,1,cloister
15.708,12.73,0.982,0.0,13.692,1.023,214,858698,242,24.604,0.31,4.719,0,0,418430976,0,5,1,cloister
15.72,12.063,0.973,0.0,13.692,1.023,214,858698,242,24.649,0.31,4.717,0,0,418430976,0,5,1,cloister
15.733,12.373,1.899,0.0,13.692,1.023,214,858698,242,24.649,0.31,4.717,0,0,418430976,0,5,1,cloister
15.745,11.803,1.044,0.0,13.692,1.023,214,858698,242,24.694,0.31,4.716,0,0,418430976,0,5,1,cloister
15.758,12.837,1.153,0.0,13.692,1.023,214,858698,242,24.739,0.31,4.714,0,0,418430976,0,5,1,cloister
15.77,12.763,0.403,0.0,13.692,1.023,214,858698,242,24.784,0.31,4.712,0,0,418430976,0,5,1,cloister
15.782,12.017,0.421,0.0,13.692,1.023,214,858698,242,24.784,0.31,4.712,0,0,418430976,0,5,1,cloister
15.795,15.008,1.121,0.0,13.692,1.023,214,858698,242,24.829,0.31,4.71,0,0,418430976,0,5,1,cloister
15.807,9.957,0.893,0.0,13.692,1.023,214,858698,242,24.874,0.31,4.708,0,0,418430976,0,5,1,cloister
15.82,12.187,0.395,0.0,13.692,1.023,213,858618,241,24.919,0.31,4.707,0,0,418430976,0,5,1,cloister
15.832,12.794,0.337,0.0,13.692,1.023,213,858618,241,24.919,0.31,4.707,0,0,418430976,0,5,1,cloister
15.845,12.751,0.424,0.0,13.692,1.023,213,858618,241,24.964,0.31,4.705,0,0,418430976,0,5,1,cloister
15.857,11.499,0.977,0.0,13.692,1.023,214,858620,242,25.009,0.31,4.703,0,0,418430976,0,5,1,cloister
15.869,12.627,0.963,0.0,13.692,1.023,214,858620,242,25.054,0.31,4.701,0,0,418430976,0,5,1,cloister
15.881,11.801,0.365,0.0,13.692,1.023,215,858668,243,25.054,0.31,4.701,0,0,418430976,0,5,1,cloister
15.893,13.482,1.002,0.0,13.692,1.023,215,858668,243,25.099,0.31,4.7,0,0,418430976,0,5,1,cloister
15.906,11.325,0.998,0.0,13.692,1.023,215,858668,243,25.144,0.31,4.698,0,0,418430976,0,5,1,cloister
15.918,12.924,0.844,0.0,13.692,1.023,215,858668,243,25.189,0.31,4.696,0,0,418430976,0,5,1,cloister
15.93,10.19,0.959,0.0,13.692,1.023,215,858668,243,25.189,0.31,4.696,0,0,418430976,0,5,1,cloister
15.942,12.715,1.048,0.0,13.692,1.023,215,858668,243,25.234,0.31,4.694,0,0,418430976,0,5,1,cloister
15.954,12.107,0.312,0.0,13.692,1.023,215,858668,243,25.279,0.31,4.692,0,0,418430976,0,5,1,cloister
15.966,12.21,0.395,0.0,13.692,1.023,215,858668,243,25.279,0.31,4.692,0,0,418430976,0,5,1,cloister
15.978,12.789,0.378,0.0,13.692,1.023,215,858668,243,25.324,0.31,4.691,0,0,418430976,0,5,1,cloister
15.99,12.181,0.923,0.0,13.692,1.023,215,858668,243,25.369,0.31,4.689,0,0,418430976,0,5,1,cloister
16.003,12.073,1.049,0.0,13.692,1.023,215,858668,243,25.414,0.31,4.687,0,0,418430976,0,5,1,cloister
16.015,11.584,1.059,0.0,13.692,1.023,217,858672,245,25.414,0.31,4.687,0,0,418430976,0,5,1,cloister
16.027,13.253,0.947,0.0,13.692,1.023,217,858672,245,25.459,0.31,4.685,0,0,418430976,0,5,1,cloister
16.039,11.588,0.969,0.0,13.692,1.023,217,858672,245,25.504,0.31,4.683,0,0,418430976,0,5,1,cloister
16.051,11.787,1.0,0.0,13.692,1.023,217,858672,245,25.549,0.31,4.682,0,0,418430976,0,5,1,cloister
16.064,11.673,1.726,0.0,13.692,1.023,217,858672,245,25.549,0.31,4.682,0,0,418430976,0,5,1,cloister
16.076,13.792,0.353,0.0,13.692,1.023,217,858672,245,25.594,0.31,4.68,0,0,418430976,0,5,1,cloister
16.088,12.023,0.434,0.0,13.692,1.023,217,858672,245,25.638,0.31,4.678,0,0,418430976,0,5,1,cloister
16.101,12.579,1.455,0.0,13.692,1.023,217,858672,245,25.683,0.31,4.676,0,0,418430976,0,5,1,cloister
16.113,11.591,0.987,0.0,13.692,1.023,218,858684,246,25.683,0.31,4.676,0,0,418430976,0,5,1,cloister
16.125,12.703,1.031,0.0,13.692,1.023,218,858684,246,25.728,0.31,4.674,0,0,418430976,0,5,1,cloister
16.138,12.323,0.968,0.0,13.692,1.023,218,858684,246,25.773,0.31,4.673,0,0,418430976,0,5,1,cloister
16.15,11.594,1.036,0.0,13.692,1.023,217,858648,245,25.773,0.31,4.673,0,0,418430976,0,5,1,cloister
16.162,12.865,0.991,0.0,13.692,1.023,217,858648,245,25.818,0.31,4.671,0,0,418430976,0,5,1,cloister
16.174,12.139,0.867,0.0,13.692,1.023,216,858568,244,25.863,0.31,4.669,0,0,418430976,0,5,1,cloister
16.186,12.266,1.041,0.0,13.692,1.023,216,858568,244,25.908,0.31,4.667,0,0,418430976,0,5,1,cloister
16.199,11.669,0.988,0.0,13.692,1.023,213,858508,241,25.908,0.31,4.667,0,0,418430976,0,5,1,cloister
16.211,12.587,1.145,0.0,13.692,1.023,213,858508,241,25.953,0.31,4.666,0,0,418430976,0,5,1,cloister
16.223,12.272,1.212,0.0,13.692,1.023,213,858508,241,25.998,0.31,4.664,0,0,418430976,0,5,1,cloister
16.235,12.143,1.109,0.0,13.692,1.023,212,858484,240,26.043,0.31,4.662,0,0,418430976,0,5,1,cloister
16.247,11.489,0.979,0.0,12.556,2.907,212,858484,240,26.043,0.31,4.662,0,0,418430976,0,5,1,cloister
16.259,12.812,0.975,0.0,12.556,2.907,212,858484,240,26.088,0.31,4.66,0,0,418430976,0,5,1,cloister
16.272,12.634,0.887,0.0,12.556,2.907,211,858482,239,26.133,0.31,4.658,0,0,418430976,0,5,1,cloister
16.284,11.297,0.492,0.0,12.556,2.907,211,858482,239,26.178,0.31,4.657,0,0,418430976,0,5,1,cloister
16.296,11.874,1.108,0.0,12.556,2.907,211,858482,239,26.178,0.31,4.657,0,0,418430976,0,5,1,cloister
16.309,13.573,0.407,0.0,12.556,2.907,211,858482,239,26.223,0.31,4.655,0,0,418430976,0,5,1,cloister
16.321,12.51,0.5,0.0,12.556,2.907,211,858482,239,26.268,0.31,4.653,0,0,418430976,0,5,1,cloister
16.334,12.77,0.523,0.0,12.556,2.907,211,858482,239,26.313,0.31,4.651,0,0,418430976,0,5,1,cloister
16.346,12.031,0.845,0.0,12.556,2.907,211,858482,239,26.313,0.31,4.651,0,0,418430976,0,5,1,cloister
16.359,13.402,0.833,0.0,12.556,2.907,211,858482,239,26.358,0.31,4.649,0,0,418430976,0,5,1,cloister
16.371,12.288,0.945,0.0,12.556,2.907,211,858482,239,26.403,0.31,4.648,0,0,418430976,0,5,1,cloister
16.384,12.225,1.189,0.0,12.556,2.907,210,858362,238,26.448,0.31,4.646,0,0,418430976,0,5,1,cloister
16.396,11.732,1.053,0.0,12.556,2.907,210,858362,238,26.448,0.31,4.646,0,0,418430976,0,5,1,cloister
16.408,12.954,0.985,0.0,12.556,2.907,210,858362,238,26.493,0.31,4.644,0,0,418430976,0,5,1,cloister
16.421,11.627,0.926,0.0,12.556,2.907,209,858350,237,26.538,0.31,4.642,0,0,418430976,0,5,1,cloister
16.433,11.389,1.041,0.0,12.556,2.907,209,858350,237,26.538,0.31,4.642,0,0,418430976,0,5,1,cloister
16.445,13.592,0.336,0.0,12.556,2.907,209,858350,237,26.583,0.31,4.64,0,0,418430976,0,5,1,cloister
16.458,13.261,0.407,0.0,12.556,2.907,209,858350,237,26.628,0.31,4.639,0,0,418430976,0,5,1,cloister
16.47,9.976,1.185,0.0,12.556,2.907,209,858350,237,26.673,0.31,4.637,0,0,418430976,0,5,1,cloister
16.482,11.477,1.057,0.0,12.556,2.907,209,858350,237,26.673,0.31,4.637,0,0,418430976,0,5,1,cloister
16.494,12.561,0.456,0.0,12.556,2.907,209,858350,237,26.718,0.31,4.635,0,0,418430976,0,5,1,cloister
16.506,12.778,0.465,0.0,12.556,2.907,209,858350,237,26.763,0.31,4.633,0,0,418430976,0,5,1,cloister
16.518,12.35,0.357,0.0,12.556,2.907,209,858350,237,26.808,0.31,4.632,0,0,418430976,0,5,1,cloister
16.53,11.382,1.063,0.0,12.556,2.907,209,858350,237,26.808,0.31,4.632,0,0,418430976,0,5,1,cloister
16.542,12.944,0.952,0.0,12.556,2.907,209,858350,237,26.853,0.31,4.63,0,0,418430976,0,5,1,cloister
16.555,11.389,1.093,0.0,12.556,2.907,209,858350,237,26.897,0.31,4.628,0,0,418430976,0,5,1,cloister
16.567,12.125,2.022,0.0,12.556,2.907,209,858350,237,26.897,0.31,4.628,0,0,418430976,0,5,1,cloister
16.579,11.892,0.439,0.0,12.556,2.907,209,858350,237,26.942,0.31,4.626,0,0,418430976,0,5,1,cloister
16.591,12.017,1.855,0.0,12.556,2.907,208,858330,236,26.987,0.31,4.624,0,0,418430976,0,5,1,cloister
16.603,11.895,0.434,0.0,12.556,2.907,208,858330,236,27.032,0.31,4.623,0,0,418430976,0,5,1,cloister
16.615,11.621,0.396,0.0,12.556,2.907,208,858330,236,27.032,0.31,4.623,0,0,418430976,0,5,1,cloister
16.627,13.464,0.339,0.0,12.556,2.907,208,858330,236,27.077,0.31,4.621,0,0,418430976,0,5,1,cloister
16.639,12.09,0.396,0.0,12.556,2.907,208,858330,236,27.122,0.31,4.619,0,0,418430976,0,5,1,cloister
16.652,11.86,1.148,0.0,12.556,2.907,207,826266,235,27.165,0.31,4.617,0,0,418430976,0,5,1,cloister
16.664,11.541,1.252,0.0,12.556,2.907,221,861634,249,27.165,0.31,4.617,0,0,418430976,0,5,1,cloister
16.676,12.631,0.899,0.0,12.556,2.907,221,861634,249,27.206,0.31,4.614,0,0,418430976,0,5,1,cloister
16.688,11.54,0.847,0.0,12.556,2.907,243,873203,271,27.245,0.31,4.61,0,0,418430976,0,5,1,cloister
16.7,11.97,1.019,0.0,12.556,2.907,245,873319,273,27.245,0.31,4.61,0,0,418430976,0,5,1,cloister
16.712,12.717,0.37,0.0,12.556,2.907,245,873319,273,27.284,0.31,4.604,0,0,418430976,0,5,1,cloister
16.724,12.21,0.383,0.0,12.556,2.907,264,882098,292,27.321,0.31,4.597,0,0,418430976,0,5,1,cloister
16.736,12.883,0.381,0.0,12.556,2.907,264,882062,292,27.359,0.31,4.588,0,0,418430976,0,5,1,cloister
16.748,11.67,0.803,0.0,12.556,2.907,266,884756,294,27.359,0.31,4.588,0,0,418430976,0,5,1,cloister
16.761,13.106,0.991,0.0,12.556,2.907,266,884756,294,27.395,0.31,4.577,0,0,418430976,0,5,1,cloister
16.773,11.522,0.979,0.0,12.556,2.907,267,884836,295,27.432,0.31,4.564,0,0,418430976,0,5,1,cloister
16.785,12.147,1.12,0.0,12.556,2.907,266,883060,294,27.467,0.31,4.55,0,0,418430976,0,5,1,cloister
16.797,11.081,0.984,0.0,12.556,2.907,267,883084,295,27.467,0.31,4.55,0,0,418430976,0,5,1,cloister
16.809,12.486,1.06,0.0,12.556,2.907,267,883084,295,27.502,0.31,4.533,0,0,418430976,0,5,1,cloister
16.821,12.189,0.45,0.0,12.556,2.907,269,883088,297,27.537,0.31,4.515,0,0,418430976,0,5,1,cloister
16.833,12.123,0.373,0.0,12.556,2.907,270,883168,298,27.537,0.31,4.515,0,0,418430976,0,5,1,cloister
16.845,12.792,0.408,0.0,12.556,2.907,270,883168,298,27.57,0.31,4.495,0,0,418430976,0,5,1,cloister
16.858,11.092,0.875,0.0,12.556,2.907,268,849982,296,27.604,0.31,4.473,0,0,418430976,0,5,1,cloister
16.87,12.678,1.183,0.0,12.556,2.907,268,849982,296,27.636,0.31,4.45,0,0,418430976,0,5,1,cloister
16.882,11.676,0.432,0.0,12.556,2.907,267,849980,295,27.636,0.31,4.45,0,0,418430976,0,5,1,cloister
16.894,12.967,0.985,0.0,12.556,2.907,267,849980,295,27.668,0.31,4.425,0,0,418430976,0,5,1,cloister
16.906,11.428,1.045,0.0,12.556,2.907,267,851196,295,27.699,0.31,4.398,0,0,418430976,0,5,1,cloister
16.918,12.494,1.199,0.0,12.556,2.907,268,851286,296,27.729,0.31,4.37,0,0,418430976,0,5,1,cloister
16.93,11.432,0.5,0.0,12.556,2.907,269,851976,297,27.729,0.31,4.37,0,0,418430976,0,5,1,cloister
16.942,12.255,1.242,0.0,12.556,2.907,269,851976,297,27.758,0.31,4.341,0,0,418430976,0,5,1,cloister
16.955,11.988,1.809,0.0,12.556,2.907,270,851998,298,27.786,0.31,4.311,0,0,418430976,0,5,1,cloister
16.967,11.813,0.408,0.0,12.556,2.907,273,857868,301,27.786,0.31,4.311,0,0,418430976,0,5,1,cloister
16.979,13.82,0.346,0.0,12.556,2.907,273,857868,301,27.814,0.31,4.28,0,0,418430976,0,5,1,cloister
16.991,11.585,0.506,0.0,12.556,2.907,273,857868,301,27.841,0.31,4.247,0,0,418430976,0,5,1,cloister
17.003,12.298,1.206,0.0,12.556,2.907,273,857868,301,27.866,0.31,4.214,0,0,418430976,0,5,1,cloister
17.015,11.17,1.133,0.0,12.556,2.907,274,857870,302,27.866,0.31,4.214,0,0,418430976,0,5,1,cloister
17.027,12.388,0.505,0.0,12.556,2.907,274,857870,302,27.891,0.31,4.18,0,0,418430976,0,5,1,cloister
17.039,12.058,1.064,0.0,12.556,2.907,273,857834,301,27.915,0.31,4.144,0,0,418430976,0,5,1,cloister
17.052,12.07,1.014,0.0,12.556,2.907,272,857832,300,27.938,0.31,4.108,0,0,418430976,0,5,1,cloister
17.064,11.29,1.074,0.0,12.556,2.907,271,857830,299,27.938,0.31,4.108,0,0,418430976,0,5,1,cloister
17.076,11.718,1.034,0.0,12.556,2.907,271,857830,299,27.96,0.31,4.072,0,0,418430976,0,5,1,cloister
17.088,13.209,1.033,0.0,12.556,2.907,276,859315,304,27.982,0.31,4.034,0,0,418430976,0,5,1,cloister
17.1,10.771,0.432,0.0,12.556,2.907,277,859327,305,27.982,0.31,4.034,0,0,418430976,0,5,1,cloister
17.112,12.547,1.008,0.0,12.556,2.907,277,859327,305,28.002,0.31,3.996,0,0,418430976,0,5,1,cloister
17.124,11.8,0.977,0.0,12.556,2.907,277,859327,305,28.021,0.31,3.958,0,0,418430976,0,5,1,cloister
17.136,12.224,1.133,0.0,12.556,2.907,277,861914,305,28.04,0.31,3.919,0,0,418430976,0,5,1,cloister
17.148,10.743,1.151,0.0,12.556,2.907,279,862503,307,28.04,0.31,3.919,0,0,418430976,0,5,1,cloister
17.161,12.599,1.255,0.0,12.556,2.907,279,862503,307,28.057,0.31,3.879,0,0,418430976,0,5,1,cloister
17.173,11.942,0.958,0.0,12.556,2.907,279,862591,307,28.074,0.31,3.84,0,0,418430976,0,5,1,cloister
17.185,11.932,0.526,0.0,12.556,2.907,278,862589,306,28.09,0.31,3.8,0,0,418430976,0,5,1,cloister
17.197,11.207,1.062,0.0,12.556,2.907,280,863281,308,28.09,0.31,3.8,0,0,418430976,0,5,1,cloister
17.209,12.487,1.384,0.0,12.556,2.907,280,863281,308,28.104,0.31,3.759,0,0,418430976,0,5,1,cloister
17.221,11.483,1.11,0.0,12.556,2.907,279,865007,307,28.118,0.31,3.718,0,0,418430976,0,5,1,cloister
17.233,11.293,1.038,0.0,12.556,2.907,279,862917,307,28.118,0.31,3.718,0,0,418430976,0,5,1,cloister
17.245,12.407,1.025,0.0,12.589,1.207,279,862917,307,28.131,0.31,3.677,0,0,418430976,0,5,1,cloister
17.258,11.6,0.959,0.0,12.589,1.207,279,863103,307,28.143,0.31,3.635,0,0,418430976,0,5,1,cloister
17.27,11.866,1.074,0.0,12.589,1.207,279,863103,307,28.154,0.31,3.593,0,0,418430976,0,5,1,cloister
17.282,11.245,1.024,0.0,12.589,1.207,279,862309,307,28.154,0.31,3.593,0,0,418430976,0,5,1,cloister
17.294,12.446,1.037,0.0,12.589,1.207,279,862309,307,28.164,0.31,3.55,0,0,418430976,0,5,1,cloister
17.306,10.779,1.192,0.0,12.589,1.207,279,862331,307,28.173,0.31,3.507,0,0,418430976,0,5,1,cloister
17.318,12.557,1.16,0.0,12.589,1.207,277,861207,305,28.181,0.31,3.464,0,0,418430976,0,5,1,cloister
17.33,11.244,0.736,0.0,12.589,1.207,276,861031,304,28.181,0.31,3.464,0,0,418430976,0,5,1,cloister
17.342,12.268,0.883,0.0,12.589,1.207,276,861031,304,28.189,0.31,3.421,0,0,418430976,0,5,1,cloister
17.354,11.73,0.999,0.0,12.589,1.207,273,868663,301,28.195,0.31,3.378,0,0,418430976,0,5,1,cloister
17.366,11.128,0.991,0.0,12.589,1.207,270,867497,298,28.195,0.31,3.378,0,0,418430976,0,5,1,cloister
17.377,11.973,0.995,0.0,12.589,1.207,270,867497,298,28.201,0.31,3.334,0,0,418430976,0,5,1,cloister
17.389,11.441,0.914,0.0,12.589,1.207,268,867503,296,28.207,0.31,3.29,0,0,418430976,0,5,1,cloister
17.401,11.758,0.352,0.0,12.589,1.207,267,867463,295,28.211,0.31,3.246,0,0,418430976,0,5,1,cloister
17.413,11.496,0.292,0.0,12.589,1.207,266,867383,294,28.211,0.31,3.246,0,0,418430976,0,5,1,cloister
17.425,12.992,0.366,0.0,12.589,1.207,266,867383,294,28.216,0.31,3.202,0,0,418430976,0,5,1,cloister
17.436,11.416,0.443,0.0,12.589,1.207,263,867225,291,28.219,0.31,3.158,0,0,418430976,0,5,1,cloister
17.448,11.564,0.899,0.0,12.589,1.207,263,867225,291,28.219,0.31,3.158,0,0,418430976,0,5,1,cloister
17.46,12.286,0.971,0.0,12.589,1.207,263,867225,291,28.222,0.31,3.113,0,0,418430976,0,5,1,cloister
17.472,11.883,1.019,0.0,12.589,1.207,260,867219,288,28.224,0.31,3.069,0,0,418430976,0,5,1,cloister
17.484,11.916,0.975,0.0,12.589,1.207,260,867219,288,28.226,0.298,3.024,0,0,418430976,0,5,1,cloister
17.495,10.589,1.062,0.0,12.589,1.207,257,863419,285,28.226,0.298,3.024,0,0,418430976,0,5,1,cloister
17.507,11.973,0.917,0.0,12.589,1.207,257,863419,285,28.228,0.286,2.979,0,0,418430976,0,5,1,cloister
17.519,11.957,0.424,0.0,12.589,1.207,254,863341,282,28.229,0.268,2.934,0,0,418430976,0,5,1,cloister
17.531,11.216,0.357,0.0,12.589,1.207,253,863221,281,28.229,0.268,2.934,0,0,418430976,0,5,1,cloister
17.542,12.988,0.376,0.0,12.589,1.207,253,863221,281,28.229,0.241,2.89,0,0,418430976,0,5,1,cloister
17.554,11.554,0.438,0.0,12.589,1.207,251,863217,279,28.23,0.241,2.841,0,0,418430976,0,5,1,cloister
17.566,10.657,1.123,0.0,12.589,1.207,249,859245,277,28.23,0.241,2.841,0,0,418430976,0,5,1,cloister
17.577,12.697,0.906,0.0,12.589,1.207,249,859245,277,28.23,0.235,2.796,0,0,418430976,0,5,1,cloister
17.589,11.36,0.452,0.0,12.589,1.207,247,859241,275,28.23,0.228,2.773,0,0,418430976,0,5,1,cloister
17.6,11.424,1.011,0.0,12.589,1.207,247,859241,275,28.229,0.214,2.781,0,0,418430976,0,5,1,cloister
17.612,11.58,0.943,0.0,12.589,1.207,246,859391,274,28.229,0.214,2.781,0,0,418430976,0,5,1,cloister
17.623,11.181,1.539,0.0,12.589,1.207,246,859391,274,28.229,0.195,2.793,0,0,418430976,0,5,1,cloister
17.635,12.869,1.054,0.0,12.589,1.207,244,859387,272,28.229,0.168,2.806,0,0,418430976,0,5,1,cloister
17.647,10.147,0.405,0.0,12.589,1.207,242,859253,270,28.229,0.168,2.806,0,0,418430976,0,5,1,cloister
17.658,12.34,1.048,0.0,12.589,1.207,242,859253,270,28.228,0.146,2.807,0,0,418430976,0,5,1,cloister
17.67,11.985,1.081,0.0,12.589,1.207,242,859253,270,28.213,0.318,2.658,0,0,418430976,0,5,1,cloister
17.681,10.65,1.23,0.0,12.589,1.207,240,859109,268,28.213,0.318,2.658,0,0,418430976,0,5,1,cloister
17.693,12.36,0.917,0.0,12.589,1.207,240,859109,268,28.213,0.326,2.654,0,0,418430976,0,5,1,cloister
17.705,10.772,1.003,0.0,12.589,1.207,239,859085,267,28.212,0.333,2.642,0,0,418430976,0,5,1,cloister
17.716,11.569,0.856,0.0,12.589,1.207,238,859061,266,28.212,0.333,2.642,0,0,418430976,0,5,1,cloister
17.727,12.067,0.449,0.0,12.589,1.207,238,859061,266,28.21,0.34,2.625,0,0,418430976,0,5,1,cloister
17.738,11.818,1.009,0.0,12.589,1.207,236,859013,264,28.208,0.348,2.602,0,0,418430976,0,5,1,cloister
17.749,10.801,0.914,0.0,12.589,1.207,236,859013,264,28.208,0.348,2.602,0,0,418430976,0,5,1,cloister
17.76,12.144,0.995,0.0,12.589,1.207,236,859013,264,28.206,0.354,2.575,0,0,418430976,0,5,1,cloister
17.771,12.02,1.098,0.0,12.589,1.207,235,859001,263,28.203,0.358,2.544,0,0,418430976,0,5,1,cloister
17.782,10.667,0.517,0.0,12.589,1.207,235,859001,263,28.203,0.358,2.544,0,0,418430976,0,5,1,cloister
17.794,20.311,1.144,0.0,12.589,1.207,235,859001,263,28.2,0.351,2.51,0,0,418430976,0,6,1,church
17.805,2.838,1.28,0.0,12.589,1.207,254,899496,329,28.197,0.359,2.474,0,0,420184064,0,6,1,church
17.816,12.438,0.461,0.0,12.589,1.207,254,899496,329,28.197,0.359,2.474,0,0,420184064,0,6,1,church
17.827,11.88,0.35,0.0,12.589,1.207,254,899496,329,28.194,0.36,2.437,0,0,420184064,0,6,1,church
17.838,11.494,0.398,0.0,12.589,1.207,255,899544,330,28.19,0.36,2.398,0,0,420184064,0,6,1,church
17.849,10.745,0.342,0.0,12.589,1.207,255,899544,330,28.19,0.36,2.398,0,0,420184064,0,6,1,church
17.86,11.889,0.617,0.0,12.589,1.207,255,899544,330,28.187,0.36,2.358,0,0,420184064,0,6,1,church
17.871,11.939,0.394,0.0,12.589,1.207,254,898554,329,28.183,0.36,2.318,0,0,420184064,0,6,1,church
17.883,11.438,0.436,0.0,12.589,1.207,254,898554,329,28.183,0.36,2.318,0,0,420184064,0,6,1,church
17.895,12.585,0.479,0.0,12.589,1.207,254,898554,329,28.179,0.36,2.276,0,0,420184064,0,6,1,church
17.906,11.636,0.657,0.0,12.589,1.207,253,898542,328,28.175,0.36,2.234,0,0,420184064,0,6,1,church
17.918,11.652,0.379,0.0,12.589,1.207,250,894672,325,28.171,0.36,2.192,0,0,420184064,0,6,1,church
17.93,11.226,0.434,0.0,12.589,1.207,249,894288,324,28.171,0.36,2.192,0,0,420184064,0,6,1,church
17.941,12.103,0.401,0.0,12.589,1.207,249,894288,324,28.167,0.36,2.149,0,0,420184064,0,6,1,church
17.953,11.408,0.375,0.0,12.589,1.207,248,894240,323,28.163,0.36,2.105,0,0,420184064,0,6,1,church
17.965,11.295,0.515,0.0,12.589,1.207,248,894240,323,28.163,0.36,2.105,0,0,420184064,0,6,1,church
17.976,12.558,0.409,0.0,12.589,1.207,248,894240,323,28.158,0.36,2.062,0,0,420184064,0,6,1,church
17.988,10.734,0.495,0.0,12.589,1.207,245,891194,320,28.154,0.36,2.018,0,0,420184064,0,6,1,church
17.999,11.152,0.611,0.0,12.589,1.207,245,891194,320,28.154,0.36,2.018,0,0,420184064,0,6,1,church
18.011,12.688,0.345,0.0,12.589,1.207,245,891194,320,28.149,0.36,1.974,0,0,420184064,0,6,1,church
18.022,11.558,0.477,0.0,12.589,1.207,243,890147,318,28.145,0.36,1.93,0,0,420184064,0,6,1,church
18.034,11.601,1.077,0.0,12.589,1.207,243,890147,318,28.14,0.36,1.886,0,0,420184064,0,6,1,church
18.045,10.906,1.17,0.0,12.589,1.207,243,890147,318,28.14,0.36,1.886,0,0,420184064,0,6,1,church
18.057,11.527,1.463,0.0,12.589,1.207,243,890147,318,28.135,0.36,1.842,0,0,420184064,0,6,1,church
18.069,11.566,1.032,0.0,12.589,1.207,229,860951,304,28.13,0.36,1.798,0,0,420184064,0,6,1,church
18.08,11.947,0.399,0.0,12.589,1.207,228,861442,303,28.13,0.36,1.798,0,0,420184064,0,6,1,church
18.092,11.86,0.434,0.0,12.589,1.207,228,861442,303,28.124,0.36,1.754,0,0,420184064,0,6,1,church
18.103,11.723,1.317,0.0,12.589,1.207,227,861488,302,28.118,0.36,1.711,0,0,420184064,0,6,1,church
18.115,10.877,0.985,0.0,12.589,1.207,225,861368,300,28.118,0.36,1.711,0,0,420184064,0,6,1,church
18.127,12.487,0.997,0.0,12.589,1.207,225,861368,300,28.11,0.36,1.667,0,0,420184064,0,6,1,church
18.138,10.544,1.151,0.0,12.589,1.207,223,858308,298,28.102,0.36,1.624,0,0,420184064,0,6,1,church
18.15,11.137,2.547,0.0,12.589,1.207,220,858146,295,28.102,0.36,1.624,0,0,420184064,0,6,1,church
18.161,11.78,0.331,0.0,12.589,1.207,220,858146,295,28.094,0.36,1.58,0,0,420184064,0,6,1,church
18.173,11.931,0.375,0.0,12.589,1.207,214,829722,289,28.085,0.36,1.537,0,0,420184064,0,6,1,church
18.184,12.261,0.372,0.0,12.589,1.207,213,829442,288,28.075,0.36,1.494,0,0,420184064,0,6,1,church
18.196,10.932,0.437,0.0,12.589,1.207,211,829386,286,28.075,0.36,1.494,0,0,420184064,0,6,1,church
18.207,12.017,0.959,0.0,12.589,1.207,211,829386,286,28.064,0.36,1.451,0,0,420184064,0,6,1,church
18.219,11.568,1.042,0.0,12.589,1.207,209,826586,284,28.053,0.36,1.408,0,0,420184064,0,6,1,church
18.23,10.786,0.994,0.0,12.589,1.207,208,826326,283,28.053,0.36,1.408,0,0,420184064,0,6,1,church
18.242,12.442,0.915,0.0,12.147,9.451,208,826326,283,28.041,0.36,1.365,0,0,420184064,0,6,1,church
18.254,11.845,1.058,0.0,12.147,9.451,205,825802,280,28.029,0.36,1.322,0,0,420184064,0,6,1,church
18.265,10.136,0.496,0.0,12.147,9.451,205,825802,280,28.029,0.36,1.322,0,0,420184064,0,6,1,church
18.277,12.497,1.103,0.0,12.147,9.451,205,825802,280,28.016,0.36,1.28,0,0,420184064,0,6,1,church
18.288,11.761,1.177,0.0,12.147,9.451,202,821040,277,28.003,0.36,1.237,0,0,420184064,0,6,1,church
18.3,10.909,0.768,0.0,12.147,9.451,201,821016,276,28.003,0.36,1.237,0,0,420184064,0,6,1,church
18.312,11.905,0.993,0.0,12.147,9.451,201,821016,276,27.99,0.36,1.194,0,0,420184064,0,6,1,church
18.323,11.536,1.159,0.0,12.147,9.451,195,816497,270,27.975,0.36,1.152,0,0,420184064,0,6,1,church
18.335,11.688,0.996,0.0,12.147,9.451,193,813499,268,27.961,0.36,1.11,0,0,420184064,0,6,1,church
18.346,11.198,1.097,0.0,12.147,9.451,193,813499,268,27.961,0.36,1.11,0,0,420184064,0,6,1,church
18.358,11.989,1.028,0.0,12.147,9.451,193,813499,268,27.946,0.36,1.067,0,0,420184064,0,6,1,church
18.369,11.46,1.128,0.0,12.147,9.451,188,807289,263,27.931,0.36,1.025,0,0,420184064,0,6,1,church
18.381,11.061,1.064,0.0,12.147,9.451,187,806592,262,27.931,0.36,1.025,0,0,420184064,0,6,1,church
18.392,11.995,0.953,0.0,12.147,9.451,187,806592,262,27.916,0.36,0.983,0,0,420184064,0,6,1,church
18.404,11.969,1.013,0.0,12.147,9.451,186,806544,261,27.9,0.36,0.941,0,0,420184064,0,6,1,church
18.416,10.847,0.633,0.0,12.147,9.451,185,806464,260,27.9,0.36,0.941,0,0,420184064,0,6,1,church
18.427,12.617,0.881,0.0,12.147,9.451,185,806464,260,27.884,0.36,0.899,0,0,420184064,0,6,1,church
18.439,11.143,1.116,0.0,12.147,9.451,184,806348,259,27.868,0.36,0.857,0,0,420184064,0,6,1,church
18.451,11.819,0.98,0.0,12.147,9.451,181,805628,256,27.851,0.36,0.816,0,0,420184064,0,6,1,church
18.462,10.717,0.649,0.0,12.147,9.451,179,805213,254,27.851,0.36,0.816,0,0,420184064,0,6,1,church
18.474,12.722,1.083,0.0,12.147,9.451,179,805213,254,27.835,0.36,0.774,0,0,420184064,0,6,1,church
18.485,10.782,1.186,0.0,12.147,9.451,178,802614,253,27.818,0.36,0.732,0,0,420184064,0,6,1,church
18.497,11.653,0.846,0.0,12.147,9.451,176,777608,251,27.818,0.36,0.732,0,0,420184064,0,6,1,church
18.509,11.709,0.427,0.0,12.147,9.451,176,777608,251,27.801,0.36,0.691,0,0,420184064,0,6,1,church
18.52,11.743,1.208,0.0,12.147,9.451,175,776911,250,27.784,0.36,0.649,0,0,420184064,0,6,1,church
18.532,10.988,0.389,0.0,12.147,9.451,174,776821,249,27.784,0.36,0.649,0,0,420184064,0,6,1,church
18.544,12.414,0.402,0.0,12.147,9.451,174,776821,249,27.767,0.36,0.608,0,0,420184064,0,6,1,church
18.555,10.889,0.372,0.0,12.147,9.451,172,772447,247,27.749,0.36,0.566,0,0,420184064,0,6,1,church
18.567,13.55,0.684,0.0,12.147,9.451,172,772447,247,27.732,0.36,0.525,0,0,420184064,0,6,1,church
18.578,9.855,0.4,0.0,12.147,9.451,172,772447,247,27.732,0.36,0.525,0,0,420184064,0,6,1,church
18.59,12.801,1.278,0.0,12.147,9.451,172,772447,247,27.714,0.36,0.483,0,0,420184064,0,6,1,church
18.602,11.893,0.975,0.0,12.147,9.451,172,772447,247,27.697,0.36,0.442,0,0,420184064,0,6,1,church
18.613,11.014,1.084,0.0,12.147,9.451,172,772447,247,27.697,0.36,0.442,0,0,420184064,0,6,1,church
18.625,12.436,0.988,0.0,12.147,9.451,172,772447,247,27.679,0.36,0.401,0,0,420184064,0,6,1,church
18.637,10.996,1.066,0.0,12.147,9.451,172,772447,247,27.661,0.36,0.359,0,0,420184064,0,6,1,church
18.648,10.966,0.829,0.0,12.147,9.451,172,772447,247,27.661,0.36,0.359,0,0,420184064,0,6,1,church
18.66,12.519,0.919,0.0,12.147,9.451,172,772447,247,27.643,0.36,0.318,0,0,420184064,0,6,1,church
18.672,11.493,0.975,0.0,12.147,9.451,171,772445,246,27.625,0.36,0.277,0,0,420184064,0,6,1,church
18.683,11.495,0.957,0.0,12.147,9.451,171,772445,246,27.607,0.36,0.236,0,0,420184064,0,6,1,church
18.695,11.016,0.899,0.0,12.147,9.451,171,772445,246,27.607,0.36,0.236,0,0,420184064,0,6,1,church
18.706,12.85,0.9,0.0,12.147,9.451,171,772445,246,27.589,0.36,0.195,0,0,420184064,0,6,1,church
18.718,10.643,1.009,0.0,12.147,9.451,171,772445,246,27.57,0.36,0.153,0,0,420184064,0,6,1,church
18.729,10.916,0.834,0.0,12.147,9.451,171,772445,246,27.57,0.36,0.153,0,0,420184064,0,6,1,church
18.741,12.405,1.135,0.0,12.147,9.451,171,772445,246,27.552,0.36,0.112,0,0,420184064,0,6,1,church
18.752,11.373,1.048,0.0,12.147,9.451,171,772445,246,27.534,0.36,0.071,0,0,420184064,0,6,1,church
18.764,11.293,0.826,0.0,12.147,9.451,171,772445,246,27.534,0.36,0.071,0,0,420184064,0,6,1,church
18.776,12.756,1.008,0.0,12.147,9.451,171,772445,246,27.516,0.36,0.03,0,0,420184064,0,6,1,church
18.787,11.43,1.023,0.0,12.147,9.451,171,772445,246,27.497,0.36,-0.011,0,0,420184064,0,6,1,church
18.799,10.762,1.022,0.0,12.147,9.451,171,772445,246,27.497,0.36,-0.011,0,0,420184064,0,6,1,church
18.811,11.971,0.473,0.0,12.147,9.451,171,772445,246,27.479,0.36,-0.052,0,0,420184064,0,6,1,church
18.822,12.134,1.486,0.0,12.147,9.451,169,768535,244,27.46,0.36,-0.093,0,0,420184064,0,6,1,church
18.834,11.363,0.509,0.0,12.147,9.451,167,719223,242,27.442,0.36,-0.134,0,0,420184064,0,6,1,church
18.845,10.595,0.996,0.0,12.147,9.451,166,719211,241,27.442,0.36,-0.134,0,0,420184064,0,6,1,church
18.857,12.439,1.191,0.0,12.147,9.451,166,719211,241,27.423,0.36,-0.175,0,0,420184064,0,6,1,church
18.869,11.629,1.008,0.0,12.147,9.451,165,719163,240,27.405,0.36,-0.216,0,0,420184064,0,6,1,church
18.88,10.767,0.986,0.0,12.147,9.451,165,719163,240,27.405,0.36,-0.216,0,0,420184064,0,6,1,church
18.892,12.286,1.058,0.0,12.147,9.451,165,719163,240,27.386,0.36,-0.257,0,0,420184064,0,6,1,church
18.903,11.528,0.852,0.0,12.147,9.451,165,719163,240,27.368,0.36,-0.298,0,0,420184064,0,6,1,church
18.915,10.889,0.993,0.0,12.147,9.451,165,719163,240,27.368,0.36,-0.298,0,0,420184064,0,6,1,church
18.927,12.227,0.933,0.0,12.147,9.451,165,719163,240,27.349,0.36,-0.339,0,0,420184064,0,6,1,church
18.938,12.163,0.996,0.0,12.147,9.451,165,719163,240,27.331,0.36,-0.38,0,0,420184064,0,6,1,church
18.95,12.341,0.918,0.0,12.147,9.451,165,719163,240,27.312,0.36,-0.421,0,0,420184064,0,6,1,church
18.962,11.362,1.016,0.0,12.147,9.451,165,719163,240,27.312,0.36,-0.421,0,0,420184064,0,6,1,church
18.973,12.274,1.01,0.0,12.147,9.451,165,719163,240,27.293,0.36,-0.462,0,0,420184064,0,6,1,church
18.985,10.99,1.04,0.0,12.147,9.451,164,717095,239,27.275,0.36,-0.503,0,0,420184064,0,6,1,church
18.997,11.564,1.041,0.0,12.147,9.451,164,717095,239,27.275,0.36,-0.503,0,0,420184064,0,6,1,church
19.008,11.788,0.369,0.0,12.147,9.451,164,717095,239,27.256,0.36,-0.544,0,0,420184064,0,6,1,church
19.02,12.117,0.326,0.0,12.147,9.451,164,717095,239,27.238,0.36,-0.585,0,0,420184064,0,6,1,church
19.032,12.355,0.386,0.0,12.147,9.451,161,714335,236,27.238,0.36,-0.585,0,0,420184064,0,6,1,church
19.043,11.835,0.433,0.0,12.147,9.451,161,714335,236,27.219,0.36,-0.626,0,0,420184064,0,6,1,church
19.055,11.55,1.107,0.0,12.147,9.451,160,708812,235,27.2,0.36,-0.667,0,0,420184064,0,6,1,church
19.067,11.376,0.967,0.0,12.147,9.451,160,708812,235,27.182,0.36,-0.708,0,0,420184064,0,6,1,church
19.078,10.548,0.517,0.0,12.147,9.451,160,708812,235,27.182,0.36,-0.708,0,0,420184064,0,6,1,church
19.09,12.123,1.157,0.0,12.147,9.451,160,708812,235,27.163,0.36,-0.749,0,0,420184064,0,6,1,church
19.102,10.589,1.354,0.0,12.147,9.451,160,708812,235,27.144,0.36,-0.79,0,0,420184064,0,6,1,church
19.113,11.047,1.135,0.0,12.147,9.451,160,708812,235,27.144,0.36,-0.79,0,0,420184064,0,6,1,church
19.124,12.345,0.566,0.0,12.147,9.451,160,708812,235,27.125,0.36,-0.831,0,0,420184064,0,6,1,church
19.136,11.067,0.893,0.0,12.147,9.451,160,708812,235,27.107,0.36,-0.871,0,0,420184064,0,6,1,church
19.147,9.987,0.585,0.0,12.147,9.451,160,708812,235,27.107,0.36,-0.871,0,0,420184064,0,6,1,church
19.158,11.655,0.874,0.0,12.147,9.451,160,708812,235,27.088,0.36,-0.912,0,0,420184064,0,6,1,church
19.169,10.861,0.256,0.0,12.147,9.451,160,708812,235,27.069,0.36,-0.953,0,0,420184064,0,6,1,church
19.181,11.904,0.312,0.0,12.147,9.451,160,708812,235,27.069,0.36,-0.953,0,0,420184064,0,6,1,church
19.192,11.107,0.453,0.0,12.147,9.451,160,708812,235,27.051,0.36,-0.994,0,0,420184064,0,6,1,church
19.203,10.586,1.092,0.0,12.147,9.451,160,708812,235,27.032,0.36,-1.035,0,0,420184064,0,6,1,church
19.214,11.237,0.686,0.0,12.147,9.451,160,708812,235,27.032,0.36,-1.035,0,0,420184064,0,6,1,church
19.225,12.003,0.522,0.0,12.147,9.451,160,708812,235,27.013,0.36,-1.076,0,0,420184064,0,6,1,church
19.236,10.499,1.102,0.0,12.147,9.451,160,708812,235,26.994,0.36,-1.117,0,0,420184064,0,6,1,church
19.247,9.8,0.925,0.0,11.886,1.231,159,708802,234,26.994,0.36,-1.117,0,0,420184064,0,6,1,church
19.258,12.199,0.765,0.0,11.886,1.231,159,708802,234,26.983,0.381,-1.152,0,0,420184064,0,6,1,church
19.27,10.773,0.481,0.0,11.886,1.231,159,708802,234,26.971,0.406,-1.187,0,0,420184064,0,6,1,church
19.281,9.569,0.93,0.0,11.886,1.231,159,708802,234,26.971,0.406,-1.187,0,0,420184064,0,6,1,church
19.292,11.303,1.028,0.0,11.886,1.231,159,708802,234,26.957,0.425,-1.225,0,0,420184064,0,6,1,church
19.303,10.965,0.389,0.0,11.886,1.231,159,708802,234,26.968,0.426,-1.235,0,0,420184064,0,6,1,church
19.314,10.454,0.306,0.0,11.886,1.231,159,708802,234,26.968,0.426,-1.235,0,0,420184064,0,6,1,church
19.325,11.591,0.276,0.0,11.886,1.231,159,708802,234,26.975,0.429,-1.251,0,0,420184064,0,6,1,church
19.336,12.613,0.36,0.0,11.886,1.231,159,708802,234,26.978,0.435,-1.27,0,0,420184064,0,6,1,church
19.347,9.191,0.472,0.0,11.886,1.231,158,708786,233,26.978,0.435,-1.27,0,0,420184064,0,6,1,church
19.358,11.749,0.898,0.0,11.886,1.231,158,708786,233,26.989,0.435,-1.281,0,0,420184064,0,6,1,church
19.37,10.715,0.918,0.0,11.886,1.231,158,708786,233,27.0,0.435,-1.294,0,0,420184064,0,6,1,church
19.381,10.12,0.964,0.0,11.886,1.231,158,708786,233,27.0,0.435,-1.294,0,0,420184064,0,6,1,church
19.392,11.461,1.046,0.0,11.886,1.231,158,708786,233,27.01,0.436,-1.308,0,0,420184064,0,6,1,church
19.403,11.694,0.884,0.0,11.886,1.231,157,707726,232,27.017,0.44,-1.326,0,0,420184064,0,6,1,church
19.414,10.106,0.955,0.0,11.886,1.231,157,707726,232,27.017,0.44,-1.326,0,0,420184064,0,6,1,church
19.425,11.509,0.59,0.0,11.886,1.231,157,707726,232,27.027,0.44,-1.344,0,0,420184064,0,6,1,church
19.436,11.039,1.187,0.0,11.886,1.231,156,707710,231,27.036,0.44,-1.364,0,0,420184064,0,6,1,church
19.447,10.897,0.637,0.0,11.886,1.231,156,707710,231,27.036,0.44,-1.364,0,0,420184064,0,6,1,church
19.458,11.552,0.99,0.0,11.886,1.231,156,707710,231,27.04,0.431,-1.387,0,0,420184064,0,6,1,church
19.47,10.51,1.079,0.0,11.886,1.231,155,705018,230,27.051,0.438,-1.411,0,0,420184064,0,6,1,church
19.481,11.365,0.832,0.0,11.886,1.231,155,705018,230,27.051,0.438,-1.411,0,0,420184064,0,6,1,church
19.492,11.635,0.41,0.0,11.886,1.231,155,705018,230,27.059,0.439,-1.437,0,0,420184064,0,6,1,church
19.503,11.191,1.023,0.0,11.886,1.231,155,705018,230,27.061,0.439,-1.466,0,0,420184064,0,6,1,church
19.514,10.689,0.992,0.0,11.886,1.231,155,705018,230,27.061,0.439,-1.466,0,0,420184064,0,6,1,church
19.525,11.653,0.877,0.0,11.886,1.231,155,705018,230,27.072,0.441,-1.494,0,0,420184064,0,6,1,church
19.536,10.779,0.907,0.0,11.886,1.231,154,672954,229,27.08,0.441,-1.523,0,0,420184064,0,6,1,church
19.547,10.716,0.642,0.0,11.886,1.231,154,672954,229,27.08,0.441,-1.523,0,0,420184064,0,6,1,church
19.558,12.047,0.393,0.0,11.886,1.231,154,672954,229,27.083,0.441,-1.555,0,0,420184064,0,6,1,church
19.57,11.418,0.37,0.0,11.886,1.231,154,672954,229,27.094,0.443,-1.584,0,0,420184064,0,6,1,church
19.581,10.711,0.316,0.0,11.886,1.231,154,672954,229,27.094,0.443,-1.584,0,0,420184064,0,6,1,church
19.592,12.458,0.515,0.0,11.886,1.231,154,672954,229,27.107,0.437,-1.614,0,0,420184064,0,6,1,church
19.603,11.43,0.448,0.0,11.886,1.231,155,672964,230,27.116,0.438,-1.645,0,0,420184064,0,6,1,church
19.614,11.299,1.027,0.0,11.886,1.231,154,671842,229,27.116,0.438,-1.645,0,0,420184064,0,6,1,church
19.625,12.03,0.616,0.0,11.886,1.231,154,671842,229,27.119,0.438,-1.677,0,0,420184064,0,6,1,church
19.636,11.138,1.361,0.0,11.886,1.231,154,671842,229,27.127,0.44,-1.709,0,0,420184064,0,6,1,church
19.648,10.528,1.192,0.0,11.886,1.231,154,671842,229,27.127,0.44,-1.709,0,0,420184064,0,6,1,church
19.659,12.606,0.707,0.0,11.886,1.231,154,671842,229,27.131,0.441,-1.743,0,0,420184064,0,6,1,church
19.671,11.894,0.467,0.0,11.886,1.231,153,671582,228,27.13,0.432,-1.778,0,0,420184064,0,6,1,church
19.683,11.125,0.903,0.0,11.886,1.231,153,671582,228,27.13,0.432,-1.778,0,0,420184064,0,6,1,church
19.694,12.874,0.907,0.0,11.886,1.231,153,671582,228,27.129,0.429,-1.814,0,0,420184064,0,6,1,church
19.706,11.85,0.983,0.0,11.886,1.231,153,671582,228,27.125,0.436,-1.852,0,0,420184064,0,6,1,church
19.718,11.696,0.939,0.0,11.886,1.231,153,671582,228,27.114,0.436,-1.889,0,0,420184064,0,6,1,church
19.729,11.304,0.882,0.0,11.886,1.231,153,673142,228,27.114,0.436,-1.889,0,0,420184064,0,6,1,church
19.741,12.38,0.99,0.0,11.886,1.231,153,673142,228,27.102,0.438,-1.927,0,0,420184064,0,6,1,church
19.753,12.153,1.223,0.0,11.886,1.231,153,673142,228,27.092,0.438,-1.966,0,0,420184064,0,6,1,church
19.764,11.567,0.92,0.0,11.886,1.231,153,673142,228,27.092,0.438,-1.966,0,0,420184064,0,6,1,church
19.776,12.88,0.947,0.0,11.886,1.231,153,673142,228,27.08,0.438,-2.005,0,0,420184064,0,6,1,church
19.788,12.416,0.901,0.0,11.886,1.231,151,672982,226,27.069,0.439,-2.045,0,0,420184064,0,6,1,church
19.799,11.753,0.949,0.0,11.886,1.231,149,668846,224,27.069,0.439,-2.045,0,0,420184064,0,6,1,church
19.811,12.483,0.949,0.0,11.886,1.231,149,668846,224,27.057,0.439,-2.085,0,0,420184064,0,6,1,church
19.823,13.126,0.803,0.0,11.886,1.231,149,668846,224,27.044,0.439,-2.125,0,0,420184064,0,6,1,church
19.834,12.693,0.589,0.0,11.886,1.231,149,668846,224,27.031,0.431,-2.165,0,0,420184064,0,6,1,church
19.846,11.519,0.906,0.0,11.886,1.231,147,668234,222,27.031,0.431,-2.165,0,0,420184064,0,6,1,church
19.858,13.327,0.842,0.0,11.886,1.231,147,668234,222,27.018,0.426,-2.206,0,0,420184064,0,6,1,church
19.87,11.974,0.941,0.0,11.886,1.231,146,665450,221,27.004,0.416,-2.248,0,0,420184064,0,6,1,church
19.882,11.638,0.842,0.0,11.886,1.231,146,665450,221,27.004,0.416,-2.248,0,0,420184064,0,6,1,church
19.895,13.156,0.932,0.0,11.886,1.231,146,665450,221,26.989,0.406,-2.29,0,0,420184064,0,6,1,church
19.907,12.3,1.026,0.0,11.886,1.231,146,665450,221,26.973,0.395,-2.331,0,0,420184064,0,6,1,church
19.919,12.463,0.854,0.0,11.886,1.231,146,670778,221,26.957,0.381,-2.373,0,0,420184064,0,6,1,church
19.932,11.601,0.605,0.0,11.886,1.231,145,670776,220,26.957,0.381,-2.373,0,0,420184064,0,6,1,church
19.944,13.045,0.88,0.0,11.886,1.231,145,670776,220,26.941,0.365,-2.415,0,0,420184064,0,6,1,church
19.957,12.537,0.842,0.0,11.886,1.231,145,670776,220,26.925,0.36,-2.457,0,0,420184064,0,6,1,church
19.969,12.595,0.902,0.0,11.886,1.231,145,670776,220,26.905,0.36,-2.496,0,0,420184064,0,6,1,church
19.982,11.799,1.134,0.0,11.886,1.231,144,667440,219,26.905,0.36,-2.496,0,0,420184064,0,6,1,church
19.994,13.326,0.879,0.0,11.886,1.231,144,667440,219,26.883,0.36,-2.535,0,0,420184064,0,6,1,church
20.007,13.043,0.799,0.0,11.886,1.231,143,667252,218,26.861,0.36,-2.574,0,0,420184064,0,6,1,church
20.02,12.899,0.816,0.0,11.886,1.231,142,663022,217,26.839,0.36,-2.612,0,0,420184064,0,6,1,church
20.034,13.007,0.903,0.0,11.886,1.231,142,663022,217,26.816,0.36,-2.651,0,0,420184064,0,6,1,church
20.047,11.396,1.0,0.0,11.886,1.231,142,663022,217,26.816,0.36,-2.651,0,0,420184064,0,6,1,church
20.06,12.881,0.55,0.0,11.886,1.231,142,663022,217,26.794,0.36,-2.69,0,0,420184064,0,6,1,church
20.073,13.16,0.814,0.0,11.886,1.231,139,658992,214,26.771,0.36,-2.728,0,0,420184064,0,6,1,church
20.085,12.689,0.814,0.0,11.886,1.231,139,658992,214,26.748,0.36,-2.766,0,0,420184064,0,6,1,church
20.098,12.25,0.877,0.0,11.886,1.231,139,658992,214,26.748,0.36,-2.766,0,0,420184064,0,6,1,church
20.111,12.902,0.823,0.0,11.886,1.231,139,658992,214,26.724,0.36,-2.805,0,0,420184064,0,6,1,church
20.124,12.567,1.093,0.0,11.886,1.231,140,664515,215,26.701,0.36,-2.843,0,0,420184064,0,6,1,church
20.137,12.283,1.026,0.0,11.886,1.231,140,664515,215,26.678,0.36,-2.881,0,0,420184064,0,6,1,church
20.15,12.416,0.9,0.0,11.886,1.231,140,664515,215,26.654,0.36,-2.92,0,0,420184064,0,6,1,church
20.163,11.861,0.97,0.0,11.886,1.231,141,668377,216,26.654,0.36,-2.92,0,0,420184064,0,6,1,church
20.176,12.092,0.928,0.0,11.886,1.231,141,668377,216,26.63,0.36,-2.958,0,0,420184064,0,6,1,church
20.189,13.226,0.752,0.0,11.886,1.231,142,673705,217,26.606,0.36,-2.996,0,0,420184064,0,6,1,church
20.202,12.352,0.384,0.0,11.886,1.231,142,673705,217,26.583,0.36,-3.034,0,0,420184064,0,6,1,church
20.215,11.721,0.873,0.0,11.886,1.231,142,673705,217,26.583,0.36,-3.034,0,0,420184064,0,6,1,church
20.228,13.0,0.911,0.0,11.886,1.231,142,673705,217,26.559,0.36,-3.072,0,0,420184064,0,6,1,church
20.241,12.231,0.781,0.0,12.7,1.423,142,673705,217,26.535,0.36,-3.11,0,0,420184064,0,6,1,church
20.253,12.508,0.889,0.0,12.7,1.423,142,673705,217,26.511,0.36,-3.148,0,0,420184064,0,6,1,church
20.266,11.817,0.922,0.0,12.7,1.423,142,673705,217,26.511,0.36,-3.148,0,0,420184064,0,6,1,church
20.278,13.099,1.01,0.0,12.7,1.423,142,673705,217,26.487,0.36,-3.186,0,0,420184064,0,6,1,church
20.291,12.427,0.914,0.0,12.7,1.423,142,673705,217,26.463,0.36,-3.224,0,0,420184064,0,6,1,church
20.303,12.263,0.917,0.0,12.7,1.423,142,673705,217,26.438,0.36,-3.262,0,0,420184064,0,6,1,church
20.316,11.836,1.013,0.0,12.7,1.423,143,673717,218,26.438,0.36,-3.262,0,0,420184064,0,6,1,church
20.328,13.174,0.917,0.0,12.7,1.423,143,673717,218,26.414,0.36,-3.3,0,0,420184064,0,6,1,church
20.341,12.803,0.862,0.0,12.7,1.423,143,673717,218,26.39,0.36,-3.338,0,0,420184064,0,6,1,church
20.354,12.728,0.973,0.0,12.7,1.423,141,669697,216,26.366,0.36,-3.376,0,0,420184064,0,6,1,church
20.366,12.072,0.91,0.0,12.7,1.423,141,669697,216,26.366,0.36,-3.376,0,0,420184064,0,6,1,church
20.379,12.963,0.896,0.0,12.7,1.423,141,669697,216,26.341,0.36,-3.414,0,0,420184064,0,6,1,church
20.391,12.258,0.832,0.0,12.7,1.423,141,669697,216,26.317,0.36,-3.451,0,0,420184064,0,6,1,church
20.404,12.565,1.61,0.0,12.7,1.423,141,669697,216,26.292,0.36,-3.489,0,0,420184064,0,6,1,church
20.417,12.814,0.404,0.0,12.7,1.423,141,669697,216,26.268,0.36,-3.527,0,0,420184064,0,6,1,church
20.429,12.234,0.354,0.0,12.7,1.423,141,669697,216,26.268,0.36,-3.527,0,0,420184064,0,6,1,church
20.442,13.662,0.351,0.0,12.7,1.423,141,669697,216,26.244,0.36,-3.565,0,0,420184064,0,6,1,church
20.455,12.301,0.428,0.0,12.7,1.423,141,669697,216,26.219,0.36,-3.603,0,0,420184064,0,6,1,church
20.467,13.32,0.861,0.0,12.7,1.423,141,669697,216,26.195,0.36,-3.64,0,0,420184064,0,6,1,church
20.48,10.844,0.893,0.0,12.7,1.423,141,669697,216,26.195,0.36,-3.64,0,0,420184064,0,6,1,church
20.492,13.646,0.828,0.0,12.7,1.423,141,669697,216,26.17,0.36,-3.678,0,0,420184064,0,6,1,church
20.505,12.404,0.417,0.0,12.7,1.423,140,669509,215,26.146,0.36,-3.716,0,0,420184064,0,6,1,church
20.517,12.598,0.856,0.0,12.7,1.423,140,669509,215,26.121,0.36,-3.754,0,0,420184064,0,6,1,church
20.53,12.021,0.881,0.0,12.7,1.423,140,669509,215,26.121,0.36,-3.754,0,0,420184064,0,6,1,church
20.542,13.019,0.878,0.0,12.7,1.423,140,669509,215,26.097,0.36,-3.791,0,0,420184064,0,6,1,church
20.555,12.424,0.861,0.0,12.7,1.423,140,669509,215,26.072,0.36,-3.829,0,0,420184064,0,6,1,church
20.567,11.917,0.47,0.0,12.7,1.423,140,669509,215,26.048,0.36,-3.867,0,0,420184064,0,6,1,church
20.58,12.967,0.402,0.0,12.7,1.423,140,669509,215,26.048,0.36,-3.867,0,0,420184064,0,6,1,church
20.593,13.179,0.353,0.0,12.7,1.423,140,669509,215,26.023,0.36,-3.904,0,0,420184064,0,6,1,church
20.605,12.391,0.944,0.0,12.7,1.423,140,669509,215,25.998,0.36,-3.942,0,0,420184064,0,6,1,church
20.618,11.875,0.831,0.0,12.7,1.423,140,669509,215,25.974,0.36,-3.98,0,0,420184064,0,6,1,church
20.63,11.899,1.58,0.0,12.7,1.423,140,669509,215,25.974,0.36,-3.98,0,0,420184064,0,6,1,church
20.643,14.12,0.391,0.0,12.7,1.423,140,669509,215,25.949,0.36,-4.017,0,0,420184064,0,6,1,church
20.655,11.336,0.387,0.0,12.7,1.423,140,669509,215,25.924,0.36,-4.055,0,0,420184064,0,6,1,church
20.668,12.864,0.843,0.0,12.7,1.423,140,669509,215,25.9,0.36,-4.093,0,0,420184064,0,6,1,church
20.68,11.934,0.385,0.0,12.7,1.423,139,669507,214,25.9,0.36,-4.093,0,0,420184064,0,6,1,church
20.693,13.361,0.371,0.0,12.7,1.423,139,669507,214,25.875,0.36,-4.13,0,0,420184064,0,6,1,church
20.705,12.77,0.462,0.0,12.7,1.423,139,669507,214,25.851,0.36,-4.168,0,0,420184064,0,6,1,church
20.718,12.369,0.912,0.0,12.7,1.423,139,669507,214,25.826,0.36,-4.206,0,0,420184064,0,6,1,church
20.73,11.958,0.887,0.0,12.7,1.423,139,669507,214,25.826,0.36,-4.206,0,0,420184064,0,6,1,church
20.743,12.98,1.009,0.0,12.7,1.423,139,669507,214,25.801,0.36,-4.243,0,0,420184064,0,6,1,church
20.755,13.87,0.776,0.0,12.7,1.423,139,669507,214,25.777,0.36,-4.281,0,0,420184064,0,6,1,church
20.768,10.505,0.913,0.0,12.7,1.423,139,669507,214,25.752,0.36,-4.319,0,0,420184064,0,6,1,church
20.78,11.925,0.791,0.0,12.7,1.423,139,669507,214,25.752,0.36,-4.319,0,0,420184064,0,6,1,church
20.793,13.001,0.374,0.0,12.7,1.423,135,669405,163,25.727,0.36,-4.356,0,0,420184064,0,6,1,church
20.805,13.033,0.318,0.0,12.7,1.423,135,669405,163,25.703,0.36,-4.394,0,0,420184064,0,6,1,church
20.818,11.751,0.417,0.0,12.7,1.423,135,669405,163,25.678,0.36,-4.431,0,0,420184064,0,6,1,church
20.83,11.926,2.974,0.0,12.7,1.423,135,669405,163,25.678,0.36,-4.431,0,0,420184064,0,6,1,church
20.843,12.875,0.323,0.0,12.7,1.423,135,669405,163,25.653,0.36,-4.469,0,0,420184064,0,6,1,church
20.855,12.411,0.376,0.0,12.7,1.423,135,669405,163,25.628,0.36,-4.507,0,0,420184064,0,6,1,church
20.868,13.267,0.367,0.0,12.7,1.423,135,669405,163,25.604,0.36,-4.544,0,0,420184064,0,6,1,church
20.88,11.686,0.381,0.0,12.7,1.423,135,669405,163,25.604,0.36,-4.544,0,0,420184064,0,6,1,church
20.893,12.808,0.838,0.0,12.7,1.423,135,669405,163,25.579,0.36,-4.582,0,0,420184064,0,6,1,church
20.905,13.106,0.967,0.0,12.7,1.423,135,669405,163,25.554,0.36,-4.619,0,0,420184064,0,6,1,church
20.918,12.675,0.899,0.0,12.7,1.423,134,669297,162,25.53,0.36,-4.657,0,0,420184064,0,6,1,church
20.93,12.131,0.892,0.0,12.7,1.423,134,669297,162,25.53,0.36,-4.657,0,0,420184064,0,6,1,church
20.943,12.871,0.915,0.0,12.7,1.423,134,669297,162,25.505,0.36,-4.695,0,0,420184064,0,6,1,church
20.956,13.341,0.767,0.0,12.7,1.423,132,663913,160,25.48,0.36,-4.732,0,0,420184064,0,6,1,church
20.968,12.318,0.63,0.0,12.7,1.423,131,663865,159,25.455,0.36,-4.77,0,0,420184064,0,6,1,church
20.981,11.815,1.009,0.0,12.7,1.423,129,655405,157,25.455,0.36,-4.77,0,0,420184064,0,6,1,church
20.993,12.84,1.018,0.0,12.7,1.423,129,655405,157,25.431,0.36,-4.807,0,0,420184064,0,6,1,church
21.006,12.292,0.811,0.0,12.7,1.423,129,655405,157,25.406,0.36,-4.845,0,0,420184064,0,6,1,church
21.018,12.282,0.874,0.0,12.7,1.423,129,655405,157,25.381,0.36,-4.883,0,0,420184064,0,6,1,church
21.031,11.821,0.85,0.0,12.7,1.423,129,655405,157,25.381,0.36,-4.883,0,0,420184064,0,6,1,church
21.043,12.819,0.941,0.0,12.7,1.423,129,655405,157,25.356,0.36,-4.92,0,0,420184064,0,6,1,church
21.056,13.189,0.792,0.0,12.7,1.423,129,655405,157,25.332,0.36,-4.958,0,0,420184064,0,6,1,church
21.068,11.556,0.968,0.0,12.7,1.423,129,655405,157,25.307,0.36,-4.995,0,0,420184064,0,6,1,church
21.081,13.125,0.735,0.0,12.7,1.423,129,655405,157,25.307,0.36,-4.995,0,0,420184064,0,6,1,church
21.093,13.301,0.349,0.0,12.7,1.423,129,655405,157,25.282,0.36,-5.033,0,0,420184064,0,6,1,church
21.106,12.619,0.823,0.0,12.7,1.423,129,655405,157,25.257,0.36,-5.071,0,0,420184064,0,6,1,church
21.118,11.661,0.898,0.0,12.7,1.423,129,655405,157,25.233,0.36,-5.108,0,0,420184064,0,6,1,church
21.131,12.027,1.563,0.0,12.7,1.423,123,648945,151,25.233,0.36,-5.108,0,0,420184064,0,6,1,church
21.143,13.315,0.366,0.0,12.7,1.423,123,648945,151,25.208,0.36,-5.144,0,0,420184064,0,6,1,church
21.156,12.614,0.376,0.0,12.7,1.423,124,645685,152,25.182,0.36,-5.18,0,0,420184064,0,6,1,church
21.169,14.181,0.377,0.0,12.7,1.423,123,580889,151,25.156,0.36,-5.216,0,0,420184064,0,6,1,church
21.181,11.03,0.437,0.0,12.7,1.423,123,580449,151,25.156,0.36,-5.216,0,0,420184064,0,6,1,church
21.194,13.471,2.383,0.0,12.7,1.423,123,580449,151,25.13,0.36,-5.251,0,0,420184064,0,6,1,church
21.207,12.879,0.306,0.0,12.7,1.423,122,577577,150,25.103,0.36,-5.285,0,0,420184064,0,6,1,church
21.22,12.816,0.31,0.0,12.7,1.423,120,577431,148,25.075,0.36,-5.319,0,0,420184064,0,6,1,church
21.233,13.027,0.374,0.0,12.7,1.423,119,567751,147,25.075,0.36,-5.319,0,0,420184064,0,6,1,church
21.246,13.258,0.407,0.0,13.156,2.158,119,567751,147,25.047,0.36,-5.353,0,0,420184064,0,6,1,church
21.259,12.916,1.242,0.0,13.156,2.158,120,584331,148,25.018,0.36,-5.386,0,0,420184064,0,6,1,church
21.272,12.641,0.918,0.0,13.156,2.158,119,580469,147,24.988,0.36,-5.419,0,0,420184064,0,6,1,church
21.284,12.935,0.583,0.0,13.156,2.158,119,580469,147,24.958,0.36,-5.451,0,0,420184064,0,6,1,church
21.297,12.088,0.982,0.0,13.156,2.158,120,584593,148,24.958,0.36,-5.451,0,0,420184064,0,6,1,church
21.31,13.47,0.868,0.0,13.156,2.158,120,584593,148,24.927,0.36,-5.482,0,0,420184064,0,6,1,church
21.323,12.628,0.821,0.0,13.156,2.158,122,584689,150,24.895,0.36,-5.514,0,0,420184064,0,6,1,church
21.336,13.264,0.87,0.0,13.156,2.158,122,584689,150,24.863,0.36,-5.545,0,0,420184064,0,6,1,church
21.348,11.467,0.964,0.0,13.156,2.158,122,584689,150,24.863,0.36,-5.545,0,0,420184064,0,6,1,church
21.361,13.355,1.137,0.0,13.156,2.158,122,584689,150,24.831,0.36,-5.575,0,0,420184064,0,6,1,church
21.374,13.272,0.451,0.0,13.156,2.158,124,585893,152,24.798,0.36,-5.605,0,0,420184064,0,6,1,church
21.387,13.234,0.269,0.0,13.156,2.158,124,585893,152,24.765,0.36,-5.635,0,0,420184064,0,6,1,church
21.4,15.015,0.328,0.0,13.156,2.158,123,580565,151,24.732,0.36,-5.664,0,0,420184064,0,6,1,church
21.413,11.177,0.453,0.0,13.156,2.158,124,580567,152,24.732,0.36,-5.664,0,0,420184064,0,6,1,church
21.426,12.731,0.727,0.0,13.156,2.158,124,580567,152,24.698,0.36,-5.693,0,0,420184064,0,6,1,church
21.439,14.442,0.848,0.0,13.156,2.158,123,569518,151,24.664,0.36,-5.722,0,0,420184064,0,6,1,church
21.452,11.109,0.353,0.0,13.156,2.158,123,569518,151,24.629,0.36,-5.751,0,0,420184064,0,6,1,church
21.465,12.527,0.598,0.0,13.156,2.158,123,569518,151,24.629,0.36,-5.751,0,0,420184064,0,6,1,church
21.478,14.435,0.33,0.0,13.156,2.158,123,569518,151,24.595,0.36,-5.779,0,0,420184064,0,6,1,church
21.491,11.633,0.459,0.0,13.156,2.158,124,569706,152,24.56,0.36,-5.807,0,0,420184064,0,6,1,church
21.504,12.557,3.276,0.0,13.156,2.158,125,573710,153,24.525,0.36,-5.835,0,0,420184064,0,6,1,church
21.517,12.775,0.375,0.0,13.156,2.158,125,573710,153,24.525,0.36,-5.835,0,0,420184064,0,6,1,church
21.53,13.883,0.384,0.0,13.156,2.158,125,573710,153,24.489,0.36,-5.863,0,0,420184064,0,6,1,church
21.542,12.514,0.419,0.0,13.156,2.158,124,573700,152,24.454,0.36,-5.89,0,0,420184064,0,6,1,church
21.555,12.651,0.789,0.0,13.156,2.158,125,573816,153,24.418,0.36,-5.917,0,0,420184064,0,6,1,church
21.568,12.925,0.408,0.0,13.156,2.158,126,573906,154,24.382,0.36,-5.944,0,0,420184064,0,6,1,church
21.581,12.231,0.282,0.0,13.156,2.158,126,573906,154,24.382,0.36,-5.944,0,0,420184064,0,6,1,church
21.594,13.598,0.301,0.0,13.156,2.158,126,573906,154,24.346,0.36,-5.971,0,0,420184064,0,6,1,church
21.607,12.485,0.356,0.0,13.156,2.158,126,573906,154,24.31,0.36,-5.998,0,0,420184064,0,6,1,church
21.619,12.853,0.392,0.0,13.156,2.158,126,575058,154,24.274,0.36,-6.025,0,0,420184064,0,6,1,church
21.632,12.985,0.288,0.0,13.156,2.158,127,575070,155,24.274,0.36,-6.025,0,0,420184064,0,6,1,church
21.645,13.322,0.385,0.0,13.156,2.158,127,575070,155,24.238,0.36,-6.051,0,0,420184064,0,6,1,church
21.658,12.521,1.291,0.0,13.156,2.158,129,576234,157,24.201,0.36,-6.078,0,0,420184064,0,6,1,church
21.67,12.073,0.863,0.0,13.156,2.158,129,576234,157,24.165,0.36,-6.104,0,0,420184064,0,6,1,church
21.683,12.451,1.116,0.0,13.156,2.158,129,576234,157,24.165,0.36,-6.104,0,0,420184064,0,6,1,church
21.696,13.094,0.382,0.0,13.156,2.158,129,576234,157,24.128,0.36,-6.13,0,0,420184064,0,6,1,church
21.709,12.912,0.299,0.0,13.156,2.158,129,576234,157,24.092,0.36,-6.156,0,0,420184064,0,6,1,church
21.722,13.531,0.307,0.0,13.156,2.158,129,576234,157,24.055,0.36,-6.182,0,0,420184064,0,6,1,church
21.734,12.696,0.379,0.0,13.156,2.158,129,576234,157,24.019,0.36,-6.208,0,0,420184064,0,6,1,church
21.747,12.671,0.994,0.0,13.156,2.158,129,576234,157,24.019,0.36,-6.208,0,0,420184064,0,6,1,church
21.76,12.919,1.007,0.0,13.156,2.158,129,576234,157,23.982,0.36,-6.234,0,0,420184064,0,6,1,church
21.773,13.021,1.392,0.0,13.156,2.158,128,575174,156,23.945,0.36,-6.26,0,0,420184064,0,6,1,church
21.786,13.121,0.992,0.0,13.156,2.158,128,575174,156,23.908,0.36,-6.286,0,0,420184064,0,6,1,church
21.799,11.352,0.949,0.0,13.156,2.158,129,580490,157,23.908,0.36,-6.286,0,0,420184064,0,6,1,church
21.811,13.209,1.288,0.0,13.156,2.158,129,580490,157,23.871,0.36,-6.312,0,0,420184064,0,6,1,church
21.824,13.136,0.326,0.0,13.156,2.158,129,580490,157,23.834,0.36,-6.337,0,0,420184064,0,6,1,church
21.837,12.877,0.343,0.0,13.156,2.158,129,580490,157,23.797,0.36,-6.363,0,0,420184064,0,6,1,church
21.85,12.292,0.366,0.0,13.156,2.158,129,580490,157,23.797,0.36,-6.363,0,0,420184064,0,6,1,church
21.862,13.685,0.931,0.0,13.156,2.158,129,580490,157,23.76,0.36,-6.389,0,0,420184064,0,6,1,church
21.875,12.407,0.918,0.0,13.156,2.158,129,580490,157,23.723,0.36,-6.414,0,0,420184064,0,6,1,church
21.888,12.732,1.03,0.0,13.156,2.158,129,580490,157,23.686,0.36,-6.44,0,0,420184064,0,6,1,church
21.9,12.508,0.952,0.0,13.156,2.158,130,581530,158,23.649,0.36,-6.465,0,0,420184064,0,6,1,church
21.913,12.13,0.919,0.0,13.156,2.158,130,581530,158,23.649,0.36,-6.465,0,0,420184064,0,6,1,church
21.926,13.413,0.864,0.0,13.156,2.158,130,581530,158,23.612,0.36,-6.491,0,0,420184064,0,6,1,church
21.938,12.538,0.777,0.0,13.156,2.158,130,581530,158,23.575,0.36,-6.516,0,0,420184064,0,6,1,church
21.951,12.538,0.899,0.0,13.156,2.158,130,581530,158,23.538,0.36,-6.542,0,0,420184064,0,6,1,church
21.964,12.155,1.064,0.0,13.156,2.158,130,581530,158,23.538,0.36,-6.542,0,0,420184064,0,6,1,church
21.976,13.564,0.877,0.0,13.156,2.158,130,581530,158,23.501,0.36,-6.567,0,0,420184064,0,6,1,church
21.989,12.713,1.002,0.0,13.156,2.158,130,581530,158,23.463,0.36,-6.592,0,0,420184064,0,6,1,church
22.002,12.404,1.056,0.0,13.156,2.158,130,581530,158,23.426,0.36,-6.618,0,0,420184064,0,6,1,church
22.015,12.857,0.892,0.0,13.156,2.158,130,581530,158,23.426,0.36,-6.618,0,0,420184064,0,6,1,church
22.027,12.627,0.624,0.0,13.156,2.158,130,581530,158,23.389,0.36,-6.643,0,0,420184064,0,6,1,church
22.04,12.39,0.867,0.0,13.156,2.158,130,581530,158,23.352,0.36,-6.668,0,0,420184064,0,6,1,church
22.052,12.187,0.939,0.0,13.156,2.158,130,581530,158,23.315,0.36,-6.694,0,0,420184064,0,6,1,church
22.065,12.219,1.516,0.0,13.156,2.158,130,581530,158,23.315,0.36,-6.694,0,0,420184064,0,6,1,church
22.078,13.056,0.368,0.0,13.156,2.158,130,581530,158,23.277,0.36,-6.719,0,0,420184064,0,6,1,church
22.09,12.476,0.346,0.0,13.156,2.158,129,581528,157,23.24,0.36,-6.744,0,0,420184064,0,6,1,church
22.103,13.309,0.309,0.0,13.156,2.158,129,581528,157,23.203,0.36,-6.769,0,0,420184064,0,6,1,church
22.116,12.35,0.37,0.0,13.156,2.158,129,581528,157,23.203,0.36,-6.769,0,0,420184064,0,6,1,church
22.128,13.247,0.795,0.0,13.156,2.158,129,581528,157,23.166,0.36,-6.795,0,0,420184064,0,6,1,church
22.141,12.655,1.113,0.0,13.156,2.158,129,581528,157,23.128,0.36,-6.82,0,0,420184064,0,6,1,church
22.153,12.111,1.226,0.0,13.156,2.158,129,581528,157,23.091,0.36,-6.845,0,0,420184064,0,6,1,church
22.166,12.089,0.856,0.0,13.156,2.158,129,581528,157,23.091,0.36,-6.845,0,0,420184064,0,6,1,church
22.179,13.287,0.851,0.0,13.156,2.158,129,581528,157,23.054,0.36,-6.87,0,0,420184064,0,6,1,church
22.191,12.041,0.841,0.0,13.156,2.158,129,581528,157,23.017,0.36,-6.896,0,0,420184064,0,6,1,church
22.204,12.399,1.201,0.0,13.156,2.158,129,581528,157,22.979,0.36,-6.921,0,0,420184064,0,6,1,church
22.216,12.257,0.324,0.0,13.156,2.158,129,581528,157,22.979,0.36,-6.921,0,0,420184064,0,6,1,church
22.229,13.065,0.311,0.0,13.156,2.158,129,581528,157,22.942,0.36,-6.946,0,0,420184064,0,6,1,church
22.242,14.172,0.339,0.0,12.807,1.396,129,581528,157,22.905,0.36,-6.971,0,0,420184064,0,6,1,church
22.254,11.66,0.378,0.0,12.807,1.396,127,577392,155,22.868,0.36,-6.996,0,0,420184064,0,6,1,church
22.267,12.606,0.79,0.0,12.807,1.396,127,577392,155,22.83,0.36,-7.021,0,0,420184064,0,6,1,church
22.279,11.371,0.963,0.0,12.807,1.396,127,577392,155,22.83,0.36,-7.021,0,0,420184064,0,6,1,church
22.292,13.052,1.24,0.0,12.807,1.396,127,577392,155,22.793,0.36,-7.047,0,0,420184064,0,6,1,church
22.304,12.476,0.327,0.0,12.807,1.396,127,577392,155,22.756,0.36,-7.072,0,0,420184064,0,6,1,church
22.317,12.7,0.32,0.0,12.807,1.396,127,577392,155,22.718,0.36,-7.097,0,0,420184064,0,6,1,church
22.33,12.663,0.34,0.0,12.807,1.396,127,577392,155,22.718,0.36,-7.097,0,0,420184064,0,6,1,church
22.342,13.154,0.378,0.0,12.807,1.396,127,577392,155,22.681,0.36,-7.122,0,0,420184064,0,6,1,church
22.355,12.569,1.061,0.0,12.807,1.396,127,577392,155,22.644,0.36,-7.147,0,0,420184064,0,6,1,church
22.367,12.199,0.898,0.0,12.807,1.396,127,577392,155,22.606,0.36,-7.172,0,0,420184064,0,6,1,church
22.38,11.445,1.182,0.0,12.807,1.396,127,577392,155,22.606,0.36,-7.172,0,0,420184064,0,6,1,church
22.392,12.665,0.843,0.0,12.807,1.396,127,577392,155,22.569,0.36,-7.198,0,0,420184064,0,6,1,church
22.405,12.436,0.39,0.0,12.807,1.396,127,577392,155,22.532,0.36,-7.223,0,0,420184064,0,6,1,church
22.417,12.367,0.37,0.0,12.807,1.396,127,577392,155,22.494,0.36,-7.248,0,0,420184064,0,6,1,church
22.43,11.996,0.312,0.0,12.807,1.396,128,577416,156,22.494,0.36,-7.248,0,0,420184064,0,6,1,church
22.442,12.672,0.313,0.0,12.807,1.396,128,577416,156,22.457,0.36,-7.273,0,0,420184064,0,6,1,church
22.455,12.485,0.367,0.0,12.807,1.396,127,574724,155,22.42,0.36,-7.298,0,0,420184064,0,6,1,church
22.467,12.221,0.276,0.0,12.807,1.396,127,574724,155,22.383,0.36,-7.323,0,0,420184064,0,6,1,church
22.48,11.772,0.339,0.0,12.807,1.396,127,574724,155,22.383,0.36,-7.323,0,0,420184064,0,6,1,church
22.492,13.574,0.323,0.0,12.807,1.396,127,574724,155,22.345,0.36,-7.349,0,0,420184064,0,6,1,church
22.505,12.431,0.348,0.0,12.807,1.396,127,574724,155,22.308,0.36,-7.374,0,0,420184064,0,6,1,church
22.517,12.197,1.011,0.0,12.807,1.396,127,574724,155,22.271,0.36,-7.399,0,0,420184064,0,6,1,church
22.53,11.884,1.11,0.0,12.807,1.396,127,574724,155,22.271,0.36,-7.399,0,0,420184064,0,6,1,church
22.542,13.024,0.907,0.0,12.807,1.396,127,574724,155,22.233,0.36,-7.424,0,0,420184064,0,6,1,church
22.555,12.412,1.068,0.0,12.807,1.396,127,574724,155,22.196,0.36,-7.449,0,0,420184064,0,6,1,church
22.567,12.274,0.939,0.0,12.807,1.396,125,574628,153,22.159,0.36,-7.474,0,0,420184064,0,6,1,church
22.58,11.806,0.928,0.0,12.807,1.396,125,574628,153,22.159,0.36,-7.474,0,0,420184064,0,6,1,church
22.592,12.635,0.914,0.0,12.807,1.396,125,574628,153,22.121,0.36,-7.499,0,0,420184064,0,6,1,church
22.605,12.305,0.728,0.0,12.807,1.396,125,574628,153,22.084,0.36,-7.525,0,0,420184064,0,6,1,church
22.617,12.539,0.324,0.0,12.807,1.396,126,574638,154,22.047,0.36,-7.55,0,0,420184064,0,6,1,church
22.63,11.758,0.358,0.0,12.807,1.396,126,574638,154,22.047,0.36,-7.55,0,0,420184064,0,6,1,church
22.642,13.813,0.33,0.0,12.807,1.396,126,574638,154,22.009,0.36,-7.575,0,0,420184064,0,6,1,church
22.655,12.198,0.418,0.0,12.807,1.396,126,574638,154,21.972,0.36,-7.6,0,0,420184064,0,6,1,church
22.667,12.248,0.966,0.0,12.807,1.396,126,574638,154,21.935,0.36,-7.625,0,0,420184064,0,6,1,church
22.68,12.171,0.976,0.0,12.807,1.396,126,574638,154,21.935,0.36,-7.625,0,0,420184064,0,6,1,church
22.692,13.286,0.96,0.0,12.807,1.396,126,574638,154,21.897,0.36,-7.65,0,0,420184064,0,6,1,church
22.705,12.591,0.871,0.0,12.807,1.396,125,570634,153,21.86,0.36,-7.675,0,0,420184064,0,6,1,church
22.717,12.509,1.088,0.0,12.807,1.396,125,570634,153,21.823,0.36,-7.7,0,0,420184064,0,6,1,church
22.73,12.056,0.916,0.0,12.807,1.396,124,570446,152,21.823,0.36,-7.7,0,0,420184064,0,6,1,church
22.742,12.708,0.848,0.0,12.807,1.396,124,570446,152,21.785,0.36,-7.726,0,0,420184064,0,6,1,church
22.755,12.788,1.901,0.0,12.807,1.396,124,570446,152,21.748,0.36,-7.751,0,0,420184064,0,6,1,church
22.767,12.708,0.845,0.0,12.807,1.396,124,570446,152,21.711,0.36,-7.776,0,0,420184064,0,6,1,church
22.78,11.25,1.042,0.0,12.807,1.396,124,570446,152,21.711,0.36,-7.776,0,0,420184064,0,6,1,church
22.792,14.439,0.925,0.0,12.807,1.396,124,570446,152,21.673,0.36,-7.801,0,0,420184064,0,6,1,church
22.805,12.015,0.487,0.0,12.807,1.396,124,570446,152,21.636,0.36,-7.826,0,0,420184064,0,6,1,church
22.817,14.245,0.978,0.0,12.807,1.396,124,570446,152,21.599,0.36,-7.851,0,0,420184064,0,6,1,church
22.83,9.28,0.926,0.0,12.807,1.396,124,570446,152,21.599,0.36,-7.851,0,0,420184064,0,6,1,church
22.842,13.184,0.401,0.0,12.807,1.396,124,570446,152,21.561,0.36,-7.876,0,0,420184064,0,6,1,church
22.855,13.35,0.322,0.0,12.807,1.396,123,569406,151,21.524,0.36,-7.901,0,0,420184064,0,6,1,church
22.867,12.414,0.495,0.0,12.807,1.396,124,569418,152,21.487,0.36,-7.927,0,0,420184064,0,6,1,church
22.88,11.945,0.794,0.0,12.807,1.396,124,569418,152,21.487,0.36,-7.927,0,0,420184064,0,6,1,church
22.892,12.454,0.912,0.0,12.807,1.396,124,569418,152,21.449,0.36,-7.952,0,0,420184064,0,6,1,church
22.905,12.74,1.411,0.0,12.807,1.396,122,564090,150,21.412,0.36,-7.977,0,0,420184064,0,6,1,church
22.917,13.118,0.32,0.0,12.807,1.396,122,564090,150,21.375,0.36,-8.002,0,0,420184064,0,6,1,church
22.93,12.019,0.355,0.0,12.807,1.396,122,575127,150,21.375,0.36,-8.002,0,0,420184064,0,6,1,church
22.942,12.84,0.936,0.0,12.807,1.396,122,575127,150,21.337,0.36,-8.027,0,0,420184064,0,6,1,church
22.955,12.407,1.012,0.0,12.807,1.396,121,572435,149,21.3,0.36,-8.052,0,0,420184064,0,6,1,church
22.967,12.867,0.923,0.0,12.807,1.396,121,572435,149,21.263,0.36,-8.077,0,0,420184064,0,6,1,church
22.98,11.564,0.988,0.0,12.807,1.396,122,576297,150,21.263,0.36,-8.077,0,0,420184064,0,6,1,church
22.992,13.287,0.853,0.0,12.807,1.396,122,576297,150,21.225,0.36,-8.102,0,0,420184064,0,6,1,church
23.005,12.096,0.989,0.0,12.807,1.396,123,576321,151,21.188,0.36,-8.128,0,0,420184064,0,6,1,church
23.017,12.717,0.886,0.0,12.807,1.396,123,576321,151,21.151,0.36,-8.153,0,0,420184064,0,6,1,church
23.03,12.163,0.862,0.0,12.807,1.396,124,581649,152,21.151,0.36,-8.153,0,0,420184064,0,6,1,church
23.042,12.669,0.996,0.0,12.807,1.396,124,581649,152,21.113,0.36,-8.178,0,0,420184064,0,6,1,church
23.055,12.57,1.065,0.0,12.807,1.396,124,581649,152,21.076,0.36,-8.203,0,0,420184064,0,6,1,church
23.067,11.643,0.919,0.0,12.807,1.396,124,581649,152,21.039,0.36,-8.228,0,0,420184064,0,6,1,church
23.08,12.737,0.989,0.0,12.807,1.396,124,581649,152,21.039,0.36,-8.228,0,0,420184064,0,6,1,church
23.092,13.261,0.524,0.0,12.807,1.396,124,581649,152,21.001,0.36,-8.253,0,0,420184064,0,6,1,church
23.105,11.804,1.103,0.0,12.807,1.396,124,581649,152,20.964,0.36,-8.278,0,0,420184064,0,6,1,church
23.117,12.651,0.953,0.0,12.807,1.396,124,581649,152,20.927,0.36,-8.303,0,0,420184064,0,6,1,church
23.13,11.611,0.945,0.0,12.807,1.396,124,581649,152,20.927,0.36,-8.303,0,0,420184064,0,6,1,church
23.142,13.155,0.855,0.0,12.807,1.396,124,581649,152,20.889,0.36,-8.329,0,0,420184064,0,6,1,church
23.155,12.679,0.815,0.0,12.807,1.396,124,581649,152,20.852,0.36,-8.354,0,0,420184064,0,6,1,church
23.167,11.819,0.997,0.0,12.807,1.396,124,581649,152,20.815,0.36,-8.379,0,0,420184064,0,6,1,church
23.18,11.373,0.73,0.0,12.807,1.396,123,581601,151,20.815,0.36,-8.379,0,0,420184064,0,6,1,church
23.192,13.655,0.346,0.0,12.807,1.396,123,581601,151,20.777,0.36,-8.404,0,0,420184064,0,6,1,church
23.205,12.956,0.394,0.0,12.807,1.396,123,581601,151,20.74,0.36,-8.429,0,0,420184064,0,6,1,church
23.217,13.026,0.892,0.0,12.807,1.396,123,581601,151,20.703,0.36,-8.454,0,0,420184064,0,6,1,church
23.23,12.583,0.83,0.0,12.807,1.396,123,581601,151,20.703,0.36,-8.454,0,0,420184064,0,6,1,church
23.242,13.242,0.746,0.0,13.078,1.186,123,581601,151,20.665,0.36,-8.479,0,0,420184064,0,6,1,church
23.255,12.259,0.845,0.0,13.078,1.186,123,581601,151,20.628,0.36,-8.504,0,0,420184064,0,6,1,church
23.267,13.476,0.909,0.0,13.078,1.186,123,581601,151,20.591,0.36,-8.53,0,0,420184064,0,6,1,church
23.28,12.251,0.509,0.0,13.078,1.186,123,581601,151,20.591,0.36,-8.53,0,0,420184064,0,6,1,church
23.292,13.403,0.904,0.0,13.078,1.186,123,581601,151,20.553,0.36,-8.555,0,0,420184064,0,6,1,church
23.305,12.951,0.91,0.0,13.078,1.186,123,581601,151,20.516,0.36,-8.58,0,0,420184064,0,6,1,church
23.318,12.712,0.841,0.0,13.078,1.186,123,581601,151,20.479,0.36,-8.605,0,0,420184064,0,6,1,church
23.331,12.185,0.852,0.0,13.078,1.186,123,581601,151,20.479,0.36,-8.605,0,0,420184064,0,6,1,church
23.343,13.386,0.409,0.0,13.078,1.186,123,581601,151,20.441,0.36,-8.63,0,0,420184064,0,6,1,church
23.356,12.433,0.878,0.0,13.078,1.186,123,581601,151,20.404,0.36,-8.655,0,0,420184064,0,6,1,church
23.368,12.663,0.845,0.0,13.078,1.186,122,581585,150,20.367,0.36,-8.68,0,0,420184064,0,6,1,church
23.381,11.763,0.923,0.0,13.078,1.186,121,581469,149,20.367,0.36,-8.68,0,0,420184064,0,6,1,church
23.394,13.397,1.097,0.0,13.078,1.186,121,581469,149,20.329,0.36,-8.705,0,0,420184064,0,6,1,church
23.406,12.674,0.875,0.0,13.078,1.186,122,581471,150,20.292,0.36,-8.731,0,0,420184064,0,6,1,church
23.419,12.349,0.919,0.0,13.078,1.186,122,581471,150,20.255,0.36,-8.756,0,0,420184064,0,6,1,church
23.431,11.938,0.876,0.0,13.078,1.186,122,581471,150,20.255,0.36,-8.756,0,0,420184064,0,6,1,church
23.444,13.471,0.917,0.0,13.078,1.186,122,581471,150,20.217,0.36,-8.781,0,0,420184064,0,6,1,church
23.457,12.528,0.913,0.0,13.078,1.186,122,581471,150,20.18,0.36,-8.806,0,0,420184064,0,6,1,church
23.469,12.39,0.99,0.0,13.078,1.186,122,581471,150,20.143,0.36,-8.831,0,0,420184064,0,6,1,church
23.482,12.07,0.474,0.0,13.078,1.186,122,581471,150,20.143,0.36,-8.831,0,0,420184064,0,6,1,church
23.494,13.205,0.875,0.0,13.078,1.186,122,581471,150,20.105,0.36,-8.856,0,0,420184064,0,6,1,church
23.507,13.408,0.959,0.0,13.078,1.186,122,581471,150,20.068,0.36,-8.881,0,0,420184064,0,6,1,church
23.52,11.95,0.859,0.0,13.078,1.186,121,580319,149,20.031,0.36,-8.906,0,0,420184064,0,6,1,church
23.532,12.11,0.848,0.0,13.078,1.186,120,580303,148,20.031,0.36,-8.906,0,0,420184064,0,6,1,church
23.545,13.12,1.462,0.0,13.078,1.186,120,580303,148,19.993,0.36,-8.932,0,0,420184064,0,6,1,church
23.557,12.409,0.967,0.0,13.078,1.186,120,580303,148,19.956,0.36,-8.957,0,0,420184064,0,6,1,church
23.57,12.837,0.859,0.0,13.078,1.186,120,580303,148,19.919,0.36,-8.982,0,0,420184064,0,6,1,church
23.582,11.844,0.831,0.0,13.078,1.186,120,580303,148,19.919,0.36,-8.982,0,0,420184064,0,6,1,church
23.595,13.175,1.162,0.0,13.078,1.186,120,580303,148,19.881,0.36,-9.007,0,0,420184064,0,6,1,church
23.607,11.961,1.0,0.0,13.078,1.186,120,580303,148,19.844,0.36,-9.032,0,0,420184064,0,6,1,church
23.62,12.09,0.854,0.0,13.078,1.186,120,580303,148,19.807,0.36,-9.057,0,0,420184064,0,6,1,church
23.632,12.11,0.383,0.0,13.078,1.186,120,580303,148,19.807,0.36,-9.057,0,0,420184064,0,6,1,church
23.645,13.13,0.317,0.0,13.078,1.186,120,580303,148,19.769,0.36,-9.082,0,0,420184064,0,6,1,church
23.658,13.208,0.327,0.0,13.078,1.186,120,580303,148,19.732,0.36,-9.107,0,0,420184064,0,6,1,church
23.67,12.439,0.37,0.0,13.078,1.186,120,580303,148,19.695,0.36,-9.133,0,0,420184064,0,6,1,church
23.683,11.76,0.868,0.0,13.078,1.186,119,577519,147,19.695,0.36,-9.133,0,0,420184064,0,6,1,church
23.695,13.456,0.978,0.0,13.078,1.186,119,577519,147,19.657,0.36,-9.158,0,0,420184064,0,6,1,church
23.708,11.75,0.894,0.0,13.078,1.186,119,577519,147,19.62,0.36,-9.183,0,0,420184064,0,6,1,church
23.72,12.581,0.833,0.0,13.078,1.186,119,577519,147,19.583,0.36,-9.208,0,0,420184064,0,6,1,church
23.733,12.064,0.804,0.0,13.078,1.186,119,577519,147,19.583,0.36,-9.208,0,0,420184064,0,6,1,church
23.745,12.55,0.974,0.0,13.078,1.186,119,577519,147,19.545,0.36,-9.233,0,0,420184064,0,6,1,church
23.758,12.773,0.921,0.0,13.078,1.186,119,577519,147,19.508,0.36,-9.258,0,0,420184064,0,6,1,church
23.77,12.257,0.802,0.0,13.078,1.186,119,577519,147,19.471,0.36,-9.283,0,0,420184064,0,6,1,church
23.783,11.79,0.917,0.0,13.078,1.186,119,577519,147,19.471,0.36,-9.283,0,0,420184064,0,6,1,church
23.795,12.858,0.944,0.0,13.078,1.186,119,577519,147,19.433,0.36,-9.308,0,0,420184064,0,6,1,church
23.808,12.543,1.028,0.0,13.078,1.186,119,577519,147,19.396,0.36,-9.334,0,0,420184064,0,6,1,church
23.82,12.481,1.06,0.0,13.078,1.186,119,577519,147,19.359,0.36,-9.359,0,0,420184064,0,6,1,church
23.833,11.728,0.991,0.0,13.078,1.186,118,545455,146,19.359,0.36,-9.359,0,0,420184064,0,6,1,church
23.845,13.164,1.056,0.0,13.078,1.186,118,545455,146,19.321,0.36,-9.384,0,0,420184064,0,6,1,church
23.858,12.581,0.773,0.0,13.078,1.186,118,545455,146,19.284,0.36,-9.409,0,0,420184064,0,6,1,church
23.87,12.508,0.924,0.0,13.078,1.186,118,545455,146,19.247,0.36,-9.434,0,0,420184064,0,6,1,church
23.883,12.001,1.039,0.0,13.078,1.186,118,545455,146,19.247,0.36,-9.434,0,0,420184064,0,6,1,church
23.895,12.771,1.145,0.0,13.078,1.186,118,545455,146,19.21,0.36,-9.46,0,0,420184064,0,6,1,church
23.908,12.333,1.141,0.0,13.078,1.186,117,545365,145,19.173,0.36,-9.485,0,0,420184064,0,6,1,church
23.92,12.553,0.979,0.0,13.078,1.186,117,545365,145,19.136,0.36,-9.511,0,0,420184064,0,6,1,church
23.933,11.847,1.245,0.0,13.078,1.186,117,545365,145,19.136,0.36,-9.511,0,0,420184064,0,6,1,church
23.945,13.252,0.899,0.0,13.078,1.186,117,545365,145,19.099,0.36,-9.537,0,0,420184064,0,6,1,church
23.958,12.708,0.812,0.0,13.078,1.186,117,545365,145,19.062,0.36,-9.562,0,0,420184064,0,6,1,church
23.97,12.652,0.948,0.0,13.078,1.186,117,545365,145,19.025,0.36,-9.588,0,0,420184064,0,6,1,church
23.983,12.073,0.438,0.0,13.078,1.186,116,545221,144,19.025,0.36,-9.588,0,0,420184064,0,6,1,church
23.995,13.156,0.902,0.0,13.078,1.186,116,545221,144,18.988,0.36,-9.614,0,0,420184064,0,6,1,church
24.008,12.936,0.894,0.0,13.078,1.186,116,545221,144,18.951,0.36,-9.64,0,0,420184064,0,6,1,church
24.02,12.412,0.98,0.0,13.078,1.186,116,545221,144,18.915,0.36,-9.666,0,0,420184064,0,6,1,church
24.033,12.167,1.006,0.0,13.078,1.186,115,545205,143,18.915,0.36,-9.666,0,0,420184064,0,6,1,church
24.045,13.392,0.939,0.0,13.078,1.186,115,545205,143,18.878,0.36,-9.692,0,0,420184064,0,6,1,church
24.058,12.567,1.033,0.0,13.078,1.186,115,545205,143,18.842,0.36,-9.718,0,0,420184064,0,6,1,church
24.071,12.121,1.058,0.0,13.078,1.186,115,545205,143,18.805,0.36,-9.744,0,0,420184064,0,6,1,church
24.083,13.416,0.996,0.0,13.078,1.186,115,545205,143,18.768,0.36,-9.771,0,0,420184064,0,6,1,church
24.096,12.304,0.408,0.0,13.078,1.186,115,545205,143,18.768,0.36,-9.771,0,0,420184064,0,6,1,church
24.109,13.392,0.808,0.0,13.078,1.186,115,545205,143,18.732,0.36,-9.797,0,0,420184064,0,6,1,church
24.122,12.011,0.871,0.0,13.078,1.186,115,545205,143,18.695,0.36,-9.823,0,0,420184064,0,6,1,church
24.134,13.724,1.178,0.0,13.078,1.186,115,545205,143,18.659,0.36,-9.85,0,0,420184064,0,6,1,church
24.147,11.441,0.381,0.0,13.078,1.186,115,545205,143,18.659,0.36,-9.85,0,0,420184064,0,6,1,church
24.16,13.197,1.215,0.0,13.078,1.186,115,545205,143,18.623,0.36,-9.876,0,0,420184064,0,6,1,church
24.173,12.549,0.339,0.0,13.078,1.186,114,544945,142,18.586,0.36,-9.903,0,0,420184064,0,6,1,church
24.186,13.206,0.308,0.0,13.078,1.186,114,544945,142,18.55,0.36,-9.929,0,0,420184064,0,6,1,church
24.199,12.804,0.31,0.0,13.078,1.186,114,544945,142,18.55,0.36,-9.929,0,0,420184064,0,6,1,church
24.211,13.47,0.423,0.0,13.078,1.186,114,544945,142,18.514,0.36,-9.956,0,0,420184064,0,6,1,church
24.224,12.844,0.835,0.0,13.078,1.186,114,544945,142,18.477,0.36,-9.982,0,0,420184064,0,6,1,church
24.237,12.566,0.964,0.0,13.078,1.186,114,544945,142,18.441,0.36,-10.009,0,0,420184064,0,6,1,church
24.25,11.788,0.578,0.0,12.766,1.393,114,544945,142,18.441,0.36,-10.009,0,0,420184064,0,6,1,church
24.263,13.423,1.269,0.0,12.766,1.393,114,544945,142,18.405,0.36,-10.035,0,0,420184064,0,6,1,church
24.276,13.053,0.344,0.0,12.766,1.393,114,544945,142,18.368,0.36,-10.062,0,0,420184064,0,6,1,church
24.288,13.844,0.325,0.0,12.766,1.393,114,544945,142,18.332,0.36,-10.089,0,0,420184064,0,6,1,church
24.301,14.093,0.334,0.0,12.766,1.393,114,544945,142,18.296,0.36,-10.116,0,0,420184064,0,6,1,church
24.314,11.289,0.471,0.0,12.766,1.393,114,544945,142,18.296,0.36,-10.116,0,0,420184064,0,6,1,church
24.327,13.299,1.277,0.0,12.766,1.393,114,544945,142,18.26,0.36,-10.142,0,0,420184064,0,6,1,church
24.34,13.282,0.315,0.0,12.766,1.393,114,544945,142,18.224,0.36,-10.169,0,0,420184064,0,6,1,church
24.353,12.859,0.315,0.0,12.766,1.393,114,544945,142,18.187,0.36,-10.196,0,0,420184064,0,6,1,church
24.366,13.498,0.284,0.0,12.766,1.393,114,544945,142,18.187,0.36,-10.196,0,0,420184064,0,6,1,church
24.379,13.577,0.351,0.0,12.766,1.393,114,544945,142,18.151,0.36,-10.222,0,0,420184064,0,6,1,church
24.392,13.812,0.899,0.0,12.766,1.393,114,544945,142,18.115,0.36,-10.249,0,0,420184064,0,6,1,church
24.405,11.726,0.815,0.0,12.766,1.393,114,544945,142,18.079,0.36,-10.276,0,0,420184064,0,6,1,church
24.418,12.908,0.931,0.0,12.766,1.393,114,544945,142,18.043,0.36,-10.303,0,0,420184064,0,6,1,church
24.431,11.827,0.999,0.0,12.766,1.393,115,544947,143,18.043,0.36,-10.303,0,0,420184064,0,6,1,church
24.444,13.378,1.004,0.0,12.766,1.393,115,544947,143,18.007,0.36,-10.33,0,0,420184064,0,6,1,church
24.457,13.471,0.884,0.0,12.766,1.393,114,541085,142,17.97,0.36,-10.357,0,0,420184064,0,6,1,church
24.47,11.794,1.018,0.0,12.766,1.393,114,548813,142,17.934,0.36,-10.383,0,0,420184064,0,6,1,church
24.482,12.988,0.759,0.0,12.766,1.393,114,548813,142,17.934,0.36,-10.383,0,0,420184064,0,6,1,church
24.495,11.772,0.639,0.0,12.766,1.393,114,548813,142,17.898,0.36,-10.41,0,0,420184064,0,6,1,church
24.508,12.795,2.095,0.0,12.766,1.393,113,548801,141,17.862,0.36,-10.437,0,0,420184064,0,6,1,church
24.521,12.573,0.322,0.0,12.766,1.393,113,548801,141,17.826,0.36,-10.464,0,0,420184064,0,6,1,church
24.533,13.496,0.366,0.0,12.766,1.393,113,548801,141,17.79,0.36,-10.491,0,0,420184064,0,6,1,church
24.546,12.078,0.278,0.0,12.766,1.393,113,548801,141,17.79,0.36,-10.491,0,0,420184064,0,6,1,church
24.559,13.409,0.935,0.0,12.766,1.393,113,548801,141,17.754,0.36,-10.518,0,0,420184064,0,6,1,church
24.572,12.811,0.766,0.0,12.766,1.393,113,548801,141,17.718,0.36,-10.545,0,0,420184064,0,6,1,church
24.585,12.866,0.931,0.0,12.766,1.393,113,548801,141,17.682,0.36,-10.571,0,0,420184064,0,6,1,church
24.597,12.346,0.917,0.0,12.766,1.393,111,541175,139,17.682,0.36,-10.571,0,0,420184064,0,6,1,church
24.61,13.377,0.825,0.0,12.766,1.393,111,541175,139,17.646,0.36,-10.598,0,0,420184064,0,6,1,church
24.623,12.261,0.782,0.0,12.766,1.393,111,541175,139,17.61,0.36,-10.625,0,0,420184064,0,6,1,church
24.636,12.871,1.018,0.0,12.766,1.393,111,541175,139,17.573,0.36,-10.652,0,0,420184064,0,6,1,church
24.648,11.766,0.426,0.0,12.766,1.393,111,541175,139,17.573,0.36,-10.652,0,0,420184064,0,6,1,church
24.661,13.134,0.32,0.0,12.766,1.393,111,541175,139,17.537,0.36,-10.679,0,0,420184064,0,6,1,church
24.674,12.77,0.268,0.0,12.766,1.393,111,541175,139,17.501,0.36,-10.706,0,0,420184064,0,6,1,church
24.686,13.381,0.318,0.0,12.766,1.393,111,541175,139,17.465,0.36,-10.733,0,0,420184064,0,6,1,church
24.699,11.346,0.928,0.0,12.766,1.393,111,541175,139,17.465,0.36,-10.733,0,0,420184064,0,6,1,church
24.712,13.226,0.978,0.0,12.766,1.393,111,541175,139,17.429,0.36,-10.76,0,0,420184064,0,6,1,church
24.724,12.787,0.328,0.0,12.766,1.393,111,541175,139,17.393,0.36,-10.787,0,0,420184064,0,6,1,church
24.737,12.869,0.375,0.0,12.766,1.393,111,541175,139,17.357,0.36,-10.814,0,0,420184064,0,6,1,church
24.75,13.593,0.396,0.0,12.766,1.393,111,541175,139,17.321,0.36,-10.841,0,0,420184064,0,6,1,church
24.763,12.378,0.403,0.0,12.766,1.393,111,541175,139,17.321,0.36,-10.841,0,0,420184064,0,6,1,church
24.776,13.485,0.927,0.0,12.766,1.393,111,541175,139,17.285,0.36,-10.867,0,0,420184064,0,6,1,church
24.789,12.934,0.82,0.0,12.766,1.393,111,541175,139,17.249,0.36,-10.894,0,0,420184064,0,6,1,church
24.802,12.66,0.978,0.0,12.766,1.393,110,540851,138,17.213,0.36,-10.921,0,0,420184064,0,6,1,church
24.815,12.275,0.877,0.0,12.766,1.393,109,540563,137,17.213,0.36,-10.921,0,0,420184064,0,6,1,church
24.827,12.83,0.869,0.0,12.766,1.393,109,540563,137,17.177,0.36,-10.948,0,0,420184064,0,6,1,church
24.84,13.381,0.758,0.0,12.766,1.393,108,540561,136,17.141,0.36,-10.975,0,0,420184064,0,6,1,church
24.853,12.699,0.383,0.0,12.766,1.393,108,540561,136,17.105,0.36,-11.002,0,0,420184064,0,6,1,church
24.865,11.779,0.943,0.0,12.766,1.393,108,540561,136,17.105,0.36,-11.002,0,0,420184064,0,6,1,church
24.878,12.832,0.857,0.0,12.766,1.393,108,540561,136,17.069,0.36,-11.029,0,0,420184064,0,6,1,church
24.89,12.045,0.78,0.0,12.766,1.393,108,540561,136,17.033,0.36,-11.056,0,0,420184064,0,6,1,church
24.903,12.883,0.856,0.0,12.766,1.393,107,535233,135,16.997,0.36,-11.083,0,0,420184064,0,6,1,church
24.917,14.962,0.301,0.0,12.766,1.393,105,534829,133,16.961,0.36,-11.11,0,0,420184064,0,6,1,church
24.929,9.934,0.598,0.0,12.766,1.393,104,523780,132,16.961,0.36,-11.11,0,0,420184064,0,6,1,church
24.942,13.089,0.982,0.0,12.766,1.393,104,523780,132,16.925,0.36,-11.137,0,0,420184064,0,6,1,church
24.954,12.539,0.315,0.0,12.766,1.393,104,523780,132,16.888,0.36,-11.164,0,0,420184064,0,6,1,church
24.967,12.685,0.295,0.0,12.766,1.393,104,523780,132,16.852,0.36,-11.191,0,0,420184064,0,6,1,church
24.979,12.545,0.329,0.0,12.766,1.393,104,523780,132,16.852,0.36,-11.191,0,0,420184064,0,6,1,church
24.992,13.23,0.324,0.0,12.766,1.393,104,523780,132,16.816,0.36,-11.218,0,0,420184064,0,6,1,church
25.004,12.574,0.783,0.0,12.766,1.393,104,523780,132,16.78,0.36,-11.245,0,0,420184064,0,6,1,church
25.017,12.663,0.809,0.0,12.766,1.393,104,523780,132,16.744,0.36,-11.272,0,0,420184064,0,6,1,church
25.029,11.602,0.865,0.0,12.766,1.393,104,523780,132,16.744,0.36,-11.272,0,0,420184064,0,6,1,church
25.042,12.964,0.845,0.0,12.766,1.393,104,523780,132,16.708,0.36,-11.299,0,0,420184064,0,6,1,church
25.054,12.246,0.808,0.0,12.766,1.393,104,523780,132,16.672,0.36,-11.326,0,0,420184064,0,6,1,church
25.067,11.67,0.861,0.0,12.766,1.393,104,523780,132,16.636,0.36,-11.352,0,0,420184064,0,6,1,church
25.079,12.35,0.853,0.0,12.766,1.393,103,520444,131,16.636,0.36,-11.352,0,0,420184064,0,6,1,church
25.092,12.835,0.364,0.0,12.766,1.393,103,520444,131,16.6,0.36,-11.379,0,0,420184064,0,6,1,church
25.104,12.159,0.724,0.0,12.766,1.393,103,520444,131,16.564,0.36,-11.406,0,0,420184064,0,6,1,church
25.117,12.277,0.927,0.0,12.766,1.393,103,520444,131,16.528,0.36,-11.433,0,0,420184064,0,6,1,church
25.129,11.666,0.799,0.0,12.766,1.393,101,504992,129,16.528,0.36,-11.433,0,0,420184064,0,6,1,church
25.142,12.714,0.83,0.0,12.766,1.393,101,504992,129,16.492,0.36,-11.46,0,0,420184064,0,6,1,church
25.154,12.226,0.745,0.0,12.766,1.393,101,504992,129,16.456,0.36,-11.487,0,0,420184064,0,6,1,church
25.167,11.963,0.866,0.0,12.766,1.393,101,504992,129,16.42,0.36,-11.514,0,0,420184064,0,6,1,church
25.179,11.776,0.874,0.0,12.766,1.393,101,504992,129,16.42,0.36,-11.514,0,0,420184064,0,6,1,church
25.192,12.457,0.872,0.0,12.766,1.393,101,504992,129,16.384,0.36,-11.541,0,0,420184064,0,6,1,church
25.204,12.22,0.822,0.0,12.766,1.393,99,504968,127,16.348,0.36,-11.568,0,0,420184064,0,6,1,church
25.217,12.009,0.927,0.0,12.766,1.393,98,504958,126,16.312,0.36,-11.595,0,0,420184064,0,6,1,church
25.229,11.031,0.843,0.0,12.766,1.393,98,504958,126,16.312,0.36,-11.595,0,0,420184064,0,6,1,church
25.242,12.736,2.043,0.0,12.766,1.393,98,504958,126,16.276,0.36,-11.622,0,0,420184064,0,6,1,church
25.254,11.642,0.288,0.0,12.968,1.062,98,504958,126,16.24,0.36,-11.649,0,0,420184064,0,6,1,church
25.267,12.103,0.266,0.0,12.968,1.062,97,504956,125,16.204,0.36,-11.676,0,0,420184064,0,6,1,church
25.279,12.184,0.265,0.0,12.968,1.062,97,504956,125,16.204,0.36,-11.676,0,0,420184064,0,6,1,church
25.292,12.782,0.319,0.0,12.968,1.062,97,504956,125,16.168,0.36,-11.703,0,0,420184064,0,6,1,church
25.304,11.994,0.72,0.0,12.968,1.062,97,504956,125,16.132,0.36,-11.73,0,0,420184064,0,6,1,church
25.317,14.126,0.875,0.0,12.968,1.062,96,503896,124,16.096,0.36,-11.757,0,0,420184064,0,6,1,church
25.329,9.127,0.852,0.0,12.968,1.062,96,503896,124,16.096,0.36,-11.757,0,0,420184064,0,6,1,church
25.341,13.53,0.829,0.0,12.968,1.062,96,503896,124,16.06,0.36,-11.784,0,0,420184064,0,6,1,church
25.354,11.635,0.31,0.0,12.968,1.062,96,503896,124,16.024,0.36,-11.811,0,0,420184064,0,6,1,church
25.366,12.885,0.311,0.0,12.968,1.062,94,503876,122,16.024,0.36,-11.811,0,0,420184064,0,6,1,church
25.378,12.317,0.379,0.0,12.968,1.062,94,503876,122,15.988,0.36,-11.838,0,0,420184064,0,6,1,church
25.39,12.561,0.825,0.0,12.968,1.062,94,503876,122,15.952,0.36,-11.865,0,0,420184064,0,6,1,church
25.402,13.494,0.34,0.0,12.968,1.062,94,503876,122,15.916,0.36,-11.892,0,0,420184064,0,6,1,church
25.414,11.455,0.332,0.0,12.968,1.062,97,504032,198,15.916,0.36,-11.892,0,0,420184064,0,6,1,church
25.426,12.228,0.466,0.0,12.968,1.062,97,504032,198,15.88,0.36,-11.919,0,0,420184064,0,6,1,church
25.438,12.502,1.012,0.0,12.968,1.062,97,504032,198,15.844,0.36,-11.946,0,0,420184064,0,6,1,church
25.451,12.324,0.296,0.0,12.968,1.062,97,504032,198,15.807,0.36,-11.973,0,0,420184064,0,6,1,church
25.463,11.973,0.302,0.0,12.968,1.062,97,504032,198,15.807,0.36,-11.973,0,0,420184064,0,6,1,church
25.475,13.78,0.337,0.0,12.968,1.062,97,504032,198,15.773,0.36,-11.999,0,0,420184064,0,6,1,church
25.487,11.687,0.539,0.0,12.968,1.062,92,503632,193,15.739,0.36,-12.025,0,0,420184064,0,6,1,church
25.499,11.252,0.812,0.0,12.968,1.062,93,500522,194,15.739,0.36,-12.025,0,0,420184064,0,6,1,church
25.511,12.671,1.409,0.0,12.968,1.062,93,500522,194,15.707,0.36,-12.051,0,0,420184064,0,6,1,church
25.523,12.049,0.78,0.0,12.968,1.062,100,528126,201,15.676,0.36,-12.079,0,0,420184064,0,6,1,church
25.535,11.263,0.979,0.0,12.968,1.062,102,547749,203,15.646,0.36,-12.106,0,0,420184064,0,6,1,church
25.548,11.525,0.883,0.0,12.968,1.062,105,548417,206,15.646,0.36,-12.106,0,0,420184064,0,6,1,church
25.56,12.52,0.399,0.0,12.968,1.062,105,548417,206,15.617,0.36,-12.135,0,0,420184064,0,6,1,church
25.572,12.562,0.369,0.0,12.968,1.062,107,556155,208,15.589,0.36,-12.165,0,0,420184064,0,6,1,church
25.584,10.965,0.362,0.0,12.968,1.062,107,556155,208,15.563,0.36,-12.196,0,0,420184064,0,6,1,church
25.596,11.953,0.777,0.0,12.968,1.062,109,566095,210,15.563,0.36,-12.196,0,0,420184064,0,6,1,church
25.608,12.543,0.369,0.0,12.968,1.062,109,566095,210,15.537,0.36,-12.228,0,0,420184064,0,6,1,church
25.62,14.737,0.873,0.0,12.968,1.062,110,566203,211,15.513,0.36,-12.261,0,0,420184064,0,5,1,skull
25.632,7.521,0.854,0.0,12.968,1.062,112,650611,314,15.513,0.36,-12.261,0,0,420184064,0,5,1,skull
25.645,13.734,0.394,0.0,12.968,1.062,112,650611,314,15.49,0.36,-12.295,0,0,419872768,0,5,1,skull
25.657,12.326,0.284,0.0,12.968,1.062,118,660359,320,15.468,0.36,-12.33,0,0,419872768,0,5,1,skull
25.669,11.631,0.397,0.0,12.968,1.062,120,660513,322,15.447,0.36,-12.366,0,0,419872768,0,5,1,skull
25.681,12.182,0.385,0.0,12.968,1.062,122,671652,324,15.447,0.36,-12.366,0,0,419872768,0,5,1,skull
25.693,12.003,0.326,0.0,12.968,1.062,122,671652,324,15.427,0.36,-12.403,0,0,419872768,0,5,1,skull
25.705,11.723,0.784,0.0,12.968,1.062,128,677174,330,15.408,0.36,-12.44,0,0,419872768,0,5,1,skull
25.717,12.806,0.626,0.0,12.968,1.062,132,686170,334,15.391,0.36,-12.479,0,0,419872768,0,5,1,skull
25.729,11.128,0.371,0.0,12.968,1.062,136,690120,338,15.391,0.36,-12.479,0,0,419872768,0,5,1,skull
25.741,12.553,0.958,0.0,12.968,1.062,136,690120,338,15.375,0.36,-12.518,0,0,419872768,0,5,1,skull
25.754,12.14,0.883,0.0,12.968,1.062,137,690380,339,15.359,0.36,-12.557,0,0,419872768,0,5,1,skull
25.766,11.55,0.967,0.0,12.968,1.062,137,690380,339,15.359,0.36,-12.557,0,0,419872768,0,5,1,skull
25.778,11.835,1.188,0.0,12.968,1.062,137,690380,339,15.345,0.36,-12.598,0,0,419872768,0,5,1,skull
25.79,12.764,1.435,0.0,12.968,1.062,144,723718,346,15.332,0.36,-12.639,0,0,419872768,0,5,1,skull
25.802,11.918,0.327,0.0,12.968,1.062,151,740189,353,15.32,0.36,-12.68,0,0,419872768,0,5,1,skull
25.814,11.389,0.997,0.0,12.968,1.062,156,781173,358,15.32,0.36,-12.68,0,0,419872768,0,5,1,skull
25.826,12.555,0.927,0.0,12.968,1.062,156,781173,358,15.309,0.36,-12.721,0,0,419872768,0,5,1,skull
25.838,11.512,0.823,0.0,12.968,1.062,156,781035,358,15.299,0.36,-12.764,0,0,419872768,0,5,1,skull
25.85,12.017,0.866,0.0,12.968,1.062,162,786625,364,15.29,0.36,-12.806,0,0,419872768,0,5,1,skull
25.862,12.551,0.374,0.0,12.968,1.062,168,791979,370,15.29,0.36,-12.806,0,0,419872768,0,5,1,skull
25.874,13.237,0.352,0.0,12.968,1.062,168,791979,370,15.282,0.36,-12.849,0,0,419872768,0,5,1,skull
25.886,10.705,1.051,0.0,12.968,1.062,182,804391,384,15.274,0.36,-12.892,0,0,419872768,0,5,1,skull
25.898,11.505,0.826,0.0,12.968,1.062,185,811219,387,15.274,0.36,-12.892,0,0,419872768,0,5,1,skull
25.91,12.349,0.403,0.0,12.968,1.062,185,811219,387,15.268,0.36,-12.935,0,0,419872768,0,5,1,skull
25.922,11.727,0.396,0.0,12.968,1.062,188,813915,390,15.263,0.36,-12.978,0,0,419872768,0,5,1,skull
25.934,12.064,0.338,0.0,12.968,1.062,186,807447,388,15.258,0.36,-13.022,0,0,419872768,0,5,1,skull
25.946,11.78,0.343,0.0,12.968,1.062,187,807449,389,15.258,0.36,-13.022,0,0,419872768,0,5,1,skull
25.959,13.446,0.386,0.0,12.968,1.062,187,807449,389,15.255,0.36,-13.065,0,0,419872768,0,5,1,skull
25.971,11.841,0.404,0.0,12.968,1.062,188,810141,390,15.252,0.36,-13.109,0,0,419872768,0,5,1,skull
25.982,11.068,0.51,0.0,12.968,1.062,189,810143,391,15.252,0.36,-13.109,0,0,419872768,0,5,1,skull
25.994,12.675,1.026,0.0,12.968,1.062,189,810143,391,15.249,0.36,-13.153,0,0,419872768,0,5,1,skull
26.006,12.072,0.9,0.0,12.968,1.062,190,814373,392,15.247,0.36,-13.198,0,0,419872768,0,5,1,skull
26.018,11.673,1.01,0.0,12.968,1.062,190,814373,392,15.246,0.36,-13.242,0,0,419872768,0,5,1,skull
26.03,11.262,0.929,0.0,12.968,1.062,189,814361,391,15.246,0.36,-13.242,0,0,419872768,0,5,1,skull
26.042,12.773,1.071,0.0,12.968,1.062,189,814361,391,15.244,0.36,-13.287,0,0,419872768,0,5,1,skull
26.054,12.02,0.9,0.0,12.968,1.062,189,814361,391,15.244,0.36,-13.331,0,0,419872768,0,5,1,skull
26.066,11.314,1.209,0.0,12.968,1.062,189,814361,391,15.244,0.36,-13.331,0,0,419872768,0,5,1,skull
26.078,12.65,0.975,0.0,12.968,1.062,189,814361,391,15.243,0.36,-13.376,0,0,419872768,0,5,1,skull
26.09,11.919,0.86,0.0,12.968,1.062,189,814361,391,15.243,0.36,-13.421,0,0,419872768,0,5,1,skull
26.101,12.119,0.997,0.0,12.968,1.062,189,814361,391,15.243,0.36,-13.465,0,0,419872768,0,5,1,skull
26.113,11.143,1.039,0.0,12.968,1.062,189,814351,391,15.243,0.36,-13.465,0,0,419872768,0,5,1,skull
26.125,12.667,0.98,0.0,12.968,1.062,189,814351,391,15.243,0.36,-13.51,0,0,419872768,0,5,1,skull
26.137,12.175,0.916,0.0,12.968,1.062,190,814471,392,15.243,0.36,-13.555,0,0,419872768,0,5,1,skull
26.149,11.341,0.976,0.0,12.968,1.062,192,814547,394,15.243,0.36,-13.555,0,0,419872768,0,5,1,skull
26.161,12.618,1.113,0.0,12.968,1.062,192,814547,394,15.244,0.36,-13.6,0,0,419872768,0,5,1,skull
26.173,11.864,1.101,0.0,12.968,1.062,194,814829,396,15.245,0.36,-13.645,0,0,419872768,0,5,1,skull
26.185,11.948,1.032,0.0,12.968,1.062,194,814829,396,15.246,0.36,-13.69,0,0,419872768,0,5,1,skull
26.197,11.343,0.955,0.0,12.968,1.062,194,814829,396,15.246,0.36,-13.69,0,0,419872768,0,5,1,skull
26.209,12.481,1.106,0.0,12.968,1.062,194,814829,396,15.247,0.36,-13.735,0,0,419872768,0,5,1,skull
26.22,11.889,0.986,0.0,12.968,1.062,194,814829,396,15.248,0.36,-13.779,0,0,419872768,0,5,1,skull
26.232,11.491,1.058,0.0,12.968,1.062,196,839521,398,15.248,0.36,-13.779,0,0,419872768,0,5,1,skull
26.244,12.544,0.949,0.0,12.968,1.062,196,839521,398,15.249,0.36,-13.824,0,0,419872768,0,5,1,skull
26.256,11.96,0.975,0.0,13.077,3.648,196,839521,398,15.251,0.36,-13.869,0,0,419872768,0,5,1,skull
26.268,11.916,1.136,0.0,13.077,3.648,196,839521,398,15.252,0.36,-13.914,0,0,419872768,0,5,1,skull
26.28,10.687,1.042,0.0,13.077,3.648,197,839601,399,15.252,0.36,-13.914,0,0,419872768,0,5,1,skull
26.292,13.087,0.91,0.0,13.077,3.648,197,839601,399,15.254,0.36,-13.959,0,0,419872768,0,5,1,skull
26.304,11.374,0.415,0.0,13.077,3.648,197,839601,399,15.256,0.36,-14.004,0,0,419872768,0,5,1,skull
26.316,14.059,0.984,0.0,13.077,3.648,197,839601,399,15.256,0.36,-14.004,0,0,419872768,0,5,1,skull
26.328,13.25,2.658,0.0,13.077,3.648,197,839601,399,15.257,0.347,-14.049,0,0,419872768,0,5,1,skull
26.34,12.084,0.461,0.0,13.077,3.648,197,839601,399,15.259,0.35,-14.093,0,0,419872768,0,5,1,skull
26.351,11.488,0.499,0.0,13.077,3.648,197,839601,399,15.261,0.347,-14.138,0,0,419872768,0,5,1,skull
26.363,11.723,0.369,0.0,13.077,3.648,197,839601,399,15.261,0.347,-14.138,0,0,419872768,0,5,1,skull
26.375,12.598,0.653,0.0,13.077,3.648,197,839601,399,15.263,0.335,-14.184,0,0,419872768,0,5,1,skull
26.387,11.502,1.074,0.0,13.077,3.648,198,839673,400,15.265,0.317,-14.229,0,0,419872768,0,5,1,skull
26.399,11.413,1.017,0.0,13.077,3.648,198,839673,400,15.265,0.317,-14.229,0,0,419872768,0,5,1,skull
26.411,12.1,1.034,0.0,13.077,3.648,198,839673,400,15.267,0.291,-14.273,0,0,419872768,0,5,1,skull
26.423,12.776,4.616,0.0,13.077,3.648,199,839697,401,15.269,0.265,-14.316,0,0,419872768,0,5,1,skull
26.435,12.278,0.379,0.0,13.077,3.648,199,839697,401,15.271,0.24,-14.359,0,0,419872768,0,5,1,skull
26.447,11.325,0.367,0.0,13.077,3.648,199,839697,401,15.271,0.24,-14.359,0,0,419872768,0,5,1,skull
26.459,12.664,0.406,0.0,13.077,3.648,199,839697,401,15.273,0.214,-14.402,0,0,419872768,0,5,1,skull
26.47,13.41,0.537,0.0,13.077,3.648,199,839697,401,15.275,0.189,-14.445,0,0,419872768,0,5,1,skull
26.482,10.365,1.178,0.0,13.077,3.648,199,839697,401,15.275,0.189,-14.445,0,0,419872768,0,5,1,skull
26.494,12.387,1.157,0.0,13.077,3.648,199,839697,401,15.277,0.164,-14.488,0,0,419872768,0,5,1,skull
26.506,11.372,0.869,0.0,13.077,3.648,199,839697,401,15.279,0.138,-14.531,0,0,419872768,0,5,1,skull
26.518,12.107,1.096,0.0,13.077,3.648,199,839697,401,15.281,0.113,-14.575,0,0,419872768,0,5,1,skull
26.53,10.642,1.001,0.0,13.077,3.648,199,839697,401,15.281,0.113,-14.575,0,0,419872768,0,5,1,skull
26.542,12.354,1.102,0.0,13.077,3.648,199,839697,401,15.284,0.088,-14.618,0,0,419872768,0,5,1,skull
26.554,11.597,1.19,0.0,13.077,3.648,199,839697,401,15.286,0.062,-14.661,0,0,419872768,0,5,1,skull
26.566,10.795,0.994,0.0,13.077,3.648,199,839697,401,15.286,0.062,-14.661,0,0,419872768,0,5,1,skull
26.578,12.407,0.972,0.0,13.077,3.648,199,839697,401,15.288,0.037,-14.704,0,0,419872768,0,5,1,skull
26.59,10.672,1.045,0.0,13.077,3.648,200,839745,402,15.29,0.011,-14.747,0,0,419872768,0,5,1,skull
26.601,11.698,0.939,0.0,13.077,3.648,197,839589,326,15.293,-0.014,-14.79,0,0,419872768,0,5,1,skull
26.613,11.052,0.476,0.0,13.077,3.648,197,894839,326,15.293,-0.014,-14.79,0,0,419872768,0,5,1,skull
26.625,12.073,0.947,0.0,13.077,3.648,197,894839,326,15.295,-0.039,-14.833,0,0,419872768,0,5,1,skull
26.637,11.312,0.92,0.0,13.077,3.648,197,894839,326,15.297,-0.065,-14.876,0,0,419872768,0,5,1,skull
26.649,10.103,0.961,0.0,13.077,3.648,198,896907,327,15.297,-0.065,-14.876,0,0,419872768,0,5,1,skull
26.66,11.585,0.872,0.0,13.077,3.648,198,896907,327,15.3,-0.09,-14.919,0,0,419872768,0,5,1,skull
26.671,11.094,1.018,0.0,13.077,3.648,198,896907,327,15.302,-0.115,-14.963,0,0,419872768,0,5,1,skull
26.682,9.362,0.895,0.0,13.077,3.648,198,896907,327,15.302,-0.115,-14.963,0,0,419872768,0,5,1,skull
26.692,11.419,0.566,0.0,13.077,3.648,198,896907,327,15.304,-0.141,-15.006,0,0,419872768,0,5,1,skull
26.703,10.189,0.457,0.0,13.077,3.648,198,896907,327,15.307,-0.166,-15.049,0,0,419872768,0,5,1,skull
26.713,9.952,0.409,0.0,13.077,3.648,198,896907,327,15.307,-0.166,-15.049,0,0,419872768,0,5,1,skull
26.723,10.672,0.272,0.0,13.077,3.648,198,896907,327,15.309,-0.192,-15.092,0,0,419872768,0,5,1,skull
26.733,8.839,0.328,0.0,13.077,3.648,200,899047,329,15.309,-0.192,-15.092,0,0,419872768,0,5,1,skull
26.742,11.296,0.475,0.0,13.077,3.648,200,899047,329,15.312,-0.217,-15.135,0,0,419872768,0,4,1,ossuary
26.752,8.125,0.295,0.0,13.077,3.648,170,768959,251,15.314,-0.242,-15.178,0,0,419872768,0,4,1,ossuary
26.762,10.147,0.406,0.0,13.077,3.648,170,768959,251,15.314,-0.242,-15.178,0,0,415580160,0,4,1,ossuary
26.772,10.756,0.276,0.0,13.077,3.648,170,768959,251,15.317,-0.268,-15.221,0,0,415580160,0,4,1,ossuary
26.78,7.433,0.706,0.0,13.077,3.648,169,768495,250,15.317,-0.268,-15.221,0,0,415580160,0,4,1,ossuary
26.79,10.787,0.828,0.0,13.077,3.648,169,768495,250,15.32,-0.293,-15.264,0,0,415580160,0,4,1,ossuary
26.799,8.13,0.423,0.0,13.077,3.648,169,768495,250,15.32,-0.293,-15.264,0,0,415580160,0,4,1,ossuary
26.808,10.292,0.946,0.0,13.077,3.648,169,768495,250,15.322,-0.318,-15.307,0,0,415580160,0,4,1,ossuary
26.818,9.813,0.924,0.0,13.077,3.648,170,770271,251,15.325,-0.344,-15.35,0,0,415580160,0,4,1,ossuary
26.828,9.562,1.609,0.0,13.077,3.648,170,770271,251,15.325,-0.344,-15.35,0,0,415580160,0,4,1,ossuary
26.838,9.941,0.317,0.0,13.077,3.648,170,770271,251,15.328,-0.369,-15.393,0,0,415580160,0,4,1,ossuary
26.847,9.081,0.302,0.0,13.077,3.648,170,770271,251,15.328,-0.369,-15.393,0,0,415580160,0,4,1,ossuary
26.857,10.473,0.337,0.0,13.077,3.648,170,770271,251,15.33,-0.395,-15.437,0,0,415580160,0,4,1,ossuary
26.867,10.829,0.364,0.0,13.077,3.648,169,768495,250,15.333,-0.42,-15.48,0,0,415580160,0,4,1,ossuary
26.877,8.116,0.33,0.0,13.077,3.648,167,766355,248,15.333,-0.42,-15.48,0,0,415580160,0,4,1,ossuary
26.886,10.311,1.262,0.0,13.077,3.648,167,766355,248,15.336,-0.445,-15.523,0,0,415580160,0,4,1,ossuary
26.896,9.454,0.349,0.0,13.077,3.648,166,766031,247,15.336,-0.445,-15.523,0,0,415580160,0,4,1,ossuary
26.906,11.367,0.323,0.0,13.077,3.648,166,766031,247,15.338,-0.471,-15.566,0,0,415580160,0,4,1,ossuary
26.915,8.379,0.42,0.0,13.077,3.648,165,765959,246,15.338,-0.471,-15.566,0,0,415580160,0,4,1,ossuary
26.925,10.191,1.062,0.0,13.077,3.648,165,765959,246,15.341,-0.496,-15.609,0,0,415580160,0,4,1,ossuary
26.935,9.946,0.338,0.0,13.077,3.648,164,765671,245,15.343,-0.521,-15.652,0,0,415580160,0,4,1,ossuary
26.945,8.943,0.38,0.0,13.077,3.648,162,703815,243,15.343,-0.521,-15.652,0,0,415580160,0,4,1,ossuary
26.954,10.905,0.402,0.0,13.077,3.648,162,703815,243,15.345,-0.547,-15.695,0,0,415580160,0,4,1,ossuary
26.964,9.3,0.399,0.0,13.077,3.648,161,679159,242,15.345,-0.547,-15.695,0,0,415580160,0,4,1,ossuary
26.974,10.368,0.862,0.0,13.077,3.648,161,679159,242,15.347,-0.572,-15.738,0,0,415580160,0,4,1,ossuary
26.983,9.568,0.888,0.0,13.077,3.648,159,678877,240,15.349,-0.598,-15.781,0,0,415580160,0,4,1,ossuary
26.993,8.961,0.784,0.0,13.077,3.648,157,674881,238,15.349,-0.598,-15.781,0,0,415580160,0,4,1,ossuary
27.003,10.155,0.478,0.0,13.077,3.648,157,674881,238,15.351,-0.623,-15.824,0,0,415580160,0,4,1,ossuary
27.013,9.17,0.911,0.0,13.077,3.648,157,674881,238,15.351,-0.623,-15.824,0,0,415580160,0,4,1,ossuary
27.022,10.725,0.815,0.0,13.077,3.648,157,674881,238,15.353,-0.648,-15.867,0,0,415580160,0,4,1,ossuary
27.032,8.896,0.953,0.0,13.077,3.648,157,674881,238,15.353,-0.648,-15.867,0,0,415580160,0,4,1,ossuary
27.042,10.81,0.94,0.0,13.077,3.648,157,674881,238,15.355,-0.674,-15.91,0,0,415580160,0,4,1,ossuary
27.052,8.787,0.905,0.0,13.077,3.648,156,666305,237,15.356,-0.699,-15.954,0,0,415580160,0,4,1,ossuary
27.061,9.242,0.765,0.0,13.077,3.648,156,666305,237,15.356,-0.699,-15.954,0,0,415580160,0,4,1,ossuary
27.071,10.751,0.736,0.0,13.077,3.648,156,666305,237,15.358,-0.724,-15.997,0,0,415580160,0,4,1,ossuary
27.081,8.418,0.864,0.0,13.077,3.648,155,666303,236,15.358,-0.724,-15.997,0,0,415580160,0,4,1,ossuary
27.09,11.204,0.404,0.0,13.077,3.648,155,666303,236,15.359,-0.75,-16.04,0,0,415580160,0,4,1,ossuary
27.1,9.159,0.397,0.0,13.077,3.648,153,663467,234,15.36,-0.775,-16.083,0,0,415580160,0,4,1,ossuary
27.11,9.907,0.76,0.0,13.077,3.648,153,663467,234,15.36,-0.775,-16.083,0,0,415580160,0,4,1,ossuary
27.12,9.709,0.831,0.0,13.077,3.648,153,663467,234,15.361,-0.801,-16.126,0,0,415580160,0,4,1,ossuary
27.129,8.95,0.578,0.0,13.077,3.648,153,663467,234,15.361,-0.801,-16.126,0,0,415580160,0,4,1,ossuary
27.139,10.591,0.875,0.0,13.077,3.648,153,663467,234,15.362,-0.826,-16.169,0,0,415580160,0,4,1,ossuary
27.149,8.988,0.992,0.0,13.077,3.648,153,663467,234,15.362,-0.826,-16.169,0,0,415580160,0,4,1,ossuary
27.158,10.222,0.845,0.0,13.077,3.648,153,663467,234,15.363,-0.851,-16.212,0,0,415580160,0,4,1,ossuary
27.168,10.038,1.029,0.0,13.077,3.648,154,663469,235,15.364,-0.877,-16.256,0,0,415580160,0,4,1,ossuary
27.178,8.72,0.782,0.0,13.077,3.648,154,663469,235,15.364,-0.877,-16.256,0,0,415580160,0,4,1,ossuary
27.188,10.432,0.756,0.0,13.077,3.648,154,663469,235,15.365,-0.902,-16.299,0,0,415580160,0,4,1,ossuary
27.197,8.959,0.945,0.0,13.077,3.648,154,663469,235,15.365,-0.902,-16.299,0,0,415580160,0,4,1,ossuary
27.207,10.514,0.757,0.0,13.077,3.648,154,663469,235,15.366,-0.928,-16.342,0,0,415580160,0,4,1,ossuary
27.217,10.345,0.937,0.0,13.077,3.648,154,663469,235,15.367,-0.953,-16.385,0,0,415580160,0,4,1,ossuary
27.227,8.082,0.843,0.0,13.077,3.648,154,663469,235,15.367,-0.953,-16.385,0,0,415580160,0,4,1,ossuary
27.236,11.096,0.466,0.0,13.077,3.648,154,663469,235,15.368,-0.978,-16.428,0,0,415580160,0,4,1,ossuary
27.246,8.441,1.162,0.0,14.244,1.577,154,663469,235,15.368,-0.978,-16.428,0,0,415580160,0,4,1,ossuary
27.256,11.578,1.122,0.0,14.244,1.577,154,663469,235,15.368,-1.004,-16.471,0,0,415580160,0,4,1,ossuary
27.265,6.981,0.911,0.0,14.244,1.577,156,663619,310,15.368,-1.004,-16.471,0,0,415580160,0,4,1,ossuary
27.275,11.704,0.777,0.0,14.244,1.577,156,663619,310,15.369,-1.029,-16.514,0,0,415580160,0,4,1,ossuary
27.285,8.704,0.479,0.0,14.244,1.577,155,659389,309,15.369,-1.055,-16.558,0,0,415580160,0,4,1,ossuary
27.295,9.175,0.983,0.0,14.244,1.577,154,658349,308,15.369,-1.055,-16.558,0,0,415580160,0,4,1,ossuary
27.304,10.362,0.438,0.0,14.244,1.577,154,658349,308,15.37,-1.08,-16.601,0,0,415580160,0,4,1,ossuary
27.314,9.773,0.341,0.0,14.244,1.577,153,656281,307,15.37,-1.08,-16.601,0,0,415580160,0,4,1,ossuary
27.324,10.366,0.536,0.0,14.244,1.577,153,656281,307,15.37,-1.105,-16.644,0,0,415580160,0,4,1,ossuary
27.333,9.596,0.977,0.0,14.244,1.577,153,656281,307,15.371,-1.131,-16.687,0,0,415580160,0,4,1,ossuary
27.343,9.1,0.8,0.0,14.244,1.577,153,656281,307,15.371,-1.131,-16.687,0,0,415580160,0,4,1,ossuary
27.353,10.46,0.775,0.0,14.244,1.577,153,656281,307,15.371,-1.156,-16.73,0,0,415580160,0,4,1,ossuary
27.363,8.832,1.614,0.0,14.244,1.577,150,650941,304,15.371,-1.156,-16.73,0,0,415580160,0,4,1,ossuary
27.372,10.589,0.5,0.0,14.244,1.577,150,650941,304,15.372,-1.182,-16.773,0,0,415580160,0,4,1,ossuary
27.382,8.885,0.957,0.0,14.244,1.577,150,650941,304,15.372,-1.182,-16.773,0,0,415580160,0,4,1,ossuary
27.392,10.332,0.858,0.0,14.244,1.577,150,650941,304,15.372,-1.207,-16.817,0,0,415580160,0,4,1,ossuary
27.402,9.205,0.942,0.0,14.244,1.577,150,650941,304,15.372,-1.233,-16.86,0,0,415580160,0,4,1,ossuary
27.411,9.41,0.76,0.0,14.244,1.577,150,650941,304,15.372,-1.233,-16.86,0,0,415580160,0,4,1,ossuary
27.421,10.335,0.432,0.0,14.244,1.577,150,650941,304,15.372,-1.248,-16.903,0,0,415580160,0,4,1,ossuary
27.431,9.071,0.899,0.0,14.244,1.577,150,650941,304,15.372,-1.248,-16.903,0,0,415580160,0,4,1,ossuary
27.44,9.922,0.941,0.0,14.244,1.577,150,650941,304,15.373,-1.281,-16.942,0,0,415580160,0,4,1,ossuary
27.45,10.25,0.898,0.0,14.244,1.577,150,650941,304,15.373,-1.306,-16.986,0,0,415580160,0,4,1,ossuary
27.46,7.946,0.501,0.0,14.244,1.577,150,650941,304,15.373,-1.306,-16.986,0,0,415580160,0,4,1,ossuary
27.47,9.85,1.105,0.0,14.244,1.577,150,650941,304,15.373,-1.332,-17.029,0,0,415580160,0,4,1,ossuary
27.479,10.003,0.559,0.0,14.244,1.577,150,650941,304,15.373,-1.332,-17.029,0,0,415580160,0,4,1,ossuary
27.489,10.193,0.713,0.0,14.244,1.577,150,650941,304,15.373,-1.357,-17.072,0,0,415580160,0,4,1,ossuary
27.498,8.87,0.898,0.0,14.244,1.577,150,650941,304,15.373,-1.357,-17.072,0,0,415580160,0,4,1,ossuary
27.508,10.227,0.84,0.0,14.244,1.577,150,650941,304,15.373,-1.383,-17.115,0,0,415580160,0,4,1,ossuary
27.518,9.579,0.971,0.0,14.244,1.577,150,650941,304,15.373,-1.408,-17.158,0,0,415580160,0,4,1,ossuary
27.527,8.972,0.782,0.0,14.244,1.577,150,650941,304,15.373,-1.408,-17.158,0,0,415580160,0,4,1,ossuary
27.537,10.108,0.773,0.0,14.244,1.577,150,650941,304,15.374,-1.434,-17.201,0,0,415580160,0,4,1,ossuary
27.546,9.167,0.978,0.0,14.244,1.577,150,650941,304,15.374,-1.434,-17.201,0,0,415580160,0,4,1,ossuary
27.556,10.282,0.826,0.0,14.244,1.577,150,650941,304,15.374,-1.459,-17.245,0,0,415580160,0,4,1,ossuary
27.566,9.064,0.994,0.0,14.244,1.577,150,650941,304,15.374,-1.459,-17.245,0,0,415580160,0,4,1,ossuary
27.575,10.342,0.738,0.0,14.244,1.577,150,650941,304,15.374,-1.485,-17.288,0,0,415580160,0,4,1,ossuary
27.585,9.661,0.888,0.0,14.244,1.577,150,650941,304,15.374,-1.51,-17.331,0,0,415580160,0,4,1,ossuary
27.594,8.863,0.771,0.0,14.244,1.577,150,650941,304,15.374,-1.51,-17.331,0,0,415580160,0,4,1,ossuary
27.604,10.326,0.552,0.0,14.244,1.577,150,650941,304,15.374,-1.535,-17.374,0,0,415580160,0,4,1,ossuary
27.613,9.293,0.923,0.0,14.244,1.577,150,650941,304,15.374,-1.535,-17.374,0,0,415580160,0,4,1,ossuary
27.623,10.407,0.493,0.0,14.244,1.577,150,650941,304,15.374,-1.561,-17.417,0,0,415580160,0,4,1,ossuary
27.632,8.268,1.031,0.0,14.244,1.577,150,650941,304,15.374,-1.561,-17.417,0,0,415580160,0,4,1,ossuary
27.642,11.11,0.938,0.0,14.244,1.577,150,650941,304,15.374,-1.586,-17.46,0,0,415580160,0,4,1,ossuary
27.651,8.616,0.548,0.0,14.244,1.577,150,650941,304,15.374,-1.612,-17.503,0,0,415580160,0,4,1,ossuary
27.661,9.762,1.034,0.0,14.244,1.577,150,650941,304,15.374,-1.612,-17.503,0,0,415580160,0,4,1,ossuary
27.67,10.354,0.558,0.0,14.244,1.577,150,650941,304,15.374,-1.637,-17.547,0,0,415580160,0,4,1,ossuary
27.68,8.627,0.938,0.0,14.244,1.577,150,650941,304,15.374,-1.637,-17.547,0,0,415580160,0,4,1,ossuary
27.689,9.665,0.518,0.0,14.244,1.577,150,650941,304,15.374,-1.662,-17.59,0,0,415580160,0,4,1,ossuary
27.699,9.125,0.891,0.0,14.244,1.577,150,650941,304,15.374,-1.662,-17.59,0,0,415580160,0,4,1,ossuary
27.709,10.147,0.395,0.0,14.244,1.577,150,650941,304,15.374,-1.688,-17.633,0,0,415580160,0,4,1,ossuary
27.718,9.531,0.367,0.0,14.244,1.577,150,650941,304,15.374,-1.713,-17.676,0,0,415580160,0,4,1,ossuary
27.728,9.212,0.305,0.0,14.244,1.577,150,650941,304,15.374,-1.713,-17.676,0,0,415580160,0,4,1,ossuary
27.737,10.291,0.345,0.0,14.244,1.577,150,650941,304,15.374,-1.739,-17.719,0,0,415580160,0,4,1,ossuary
27.747,8.836,0.308,0.0,14.244,1.577,150,650941,304,15.374,-1.739,-17.719,0,0,415580160,0,4,1,ossuary
27.756,11.074,0.454,0.0,14.244,1.577,150,650941,304,15.373,-1.764,-17.762,0,0,415580160,0,4,1,ossuary
27.766,8.637,0.37,0.0,14.244,1.577,150,650941,304,15.373,-1.764,-17.762,0,0,415580160,0,4,1,ossuary
27.775,10.209,0.821,0.0,14.244,1.577,150,650941,304,15.373,-1.789,-17.806,0,0,415580160,0,4,1,ossuary
27.785,9.594,0.886,0.0,14.244,1.577,149,649901,303,15.373,-1.815,-17.849,0,0,415580160,0,4,1,ossuary
27.794,8.704,0.911,0.0,14.244,1.577,149,649901,303,15.373,-1.815,-17.849,0,0,415580160,0,4,1,ossuary
27.804,10.118,0.844,0.0,14.244,1.577,149,649901,303,15.373,-1.84,-17.892,0,0,415580160,0,4,1,ossuary
27.813,8.824,1.886,0.0,14.244,1.577,149,649901,303,15.373,-1.84,-17.892,0,0,415580160,0,4,1,ossuary
27.823,10.39,0.777,0.0,14.244,1.577,149,649901,303,15.373,-1.866,-17.935,0,0,415580160,0,4,1,ossuary
27.832,8.781,0.894,0.0,14.244,1.577,149,649901,303,15.373,-1.866,-17.935,0,0,415580160,0,4,1,ossuary
27.842,10.184,0.881,0.0,14.244,1.577,149,649901,303,15.373,-1.891,-17.978,0,0,415580160,0,4,1,ossuary
27.851,9.539,0.968,0.0,14.244,1.577,149,649901,303,15.373,-1.917,-18.021,0,0,415580160,0,4,1,ossuary
27.861,8.733,0.774,0.0,14.244,1.577,148,649889,302,15.373,-1.917,-18.021,0,0,415580160,0,4,1,ossuary
27.87,10.217,0.836,0.0,14.244,1.577,148,649889,302,15.373,-1.942,-18.065,0,0,415580160,0,4,1,ossuary
27.88,8.757,0.912,0.0,14.244,1.577,148,649889,302,15.373,-1.942,-18.065,0,0,415580160,0,4,1,ossuary
27.889,10.262,0.855,0.0,14.244,1.577,148,649889,302,15.373,-1.967,-18.108,0,0,415580160,0,4,1,ossuary
27.899,8.295,0.871,0.0,14.244,1.577,146,644561,300,15.373,-1.967,-18.108,0,0,415580160,0,4,1,ossuary
27.909,10.422,0.767,0.0,14.244,1.577,146,644561,300,15.373,-1.993,-18.151,0,0,415580160,0,4,1,ossuary
27.918,9.256,0.455,0.0,14.244,1.577,146,644561,300,15.373,-2.018,-18.194,0,0,415580160,0,4,1,ossuary
27.928,9.191,0.769,0.0,14.244,1.577,146,644561,300,15.373,-2.018,-18.194,0,0,415580160,0,4,1,ossuary
27.937,9.339,0.503,0.0,14.244,1.577,146,644561,300,15.372,-2.044,-18.237,0,0,415580160,0,4,1,ossuary
27.947,9.616,0.926,0.0,14.244,1.577,145,643409,299,15.372,-2.044,-18.237,0,0,415580160,0,4,1,ossuary
27.956,10.182,0.527,0.0,14.244,1.577,145,643409,299,15.372,-2.069,-18.28,0,0,415580160,0,4,1,ossuary
27.966,7.892,0.941,0.0,14.244,1.577,145,643409,299,15.372,-2.069,-18.28,0,0,415580160,0,4,1,ossuary
27.975,9.641,0.78,0.0,14.244,1.577,145,643409,299,15.372,-2.094,-18.324,0,0,415580160,0,4,1,ossuary
27.985,9.524,0.343,0.0,14.244,1.577,146,643411,300,15.372,-2.12,-18.367,0,0,415580160,0,4,1,ossuary
27.994,8.871,0.346,0.0,14.244,1.577,146,643411,300,15.372,-2.12,-18.367,0,0,415580160,0,4,1,ossuary
28.004,9.735,0.34,0.0,14.244,1.577,146,643411,300,15.372,-2.145,-18.41,0,0,415580160,0,4,1,ossuary
28.013,9.596,0.409,0.0,14.244,1.577,146,643411,300,15.372,-2.145,-18.41,0,0,415580160,0,4,1,ossuary
28.023,9.735,0.403,0.0,14.244,1.577,146,643411,300,15.372,-2.171,-18.453,0,0,415580160,0,4,1,ossuary
28.032,7.918,0.911,0.0,14.244,1.577,145,640941,299,15.372,-2.171,-18.453,0,0,415580160,0,4,1,ossuary
28.041,10.287,0.959,0.0,14.244,1.577,145,640941,299,15.372,-2.196,-18.496,0,0,415580160,0,4,1,ossuary
28.05,7.665,0.617,0.0,14.244,1.577,145,640941,299,15.372,-2.196,-18.496,0,0,415580160,0,4,1,ossuary
28.059,9.981,0.92,0.0,14.244,1.577,145,640941,299,15.372,-2.221,-18.539,0,0,415580160,0,4,1,ossuary
28.067,8.077,0.508,0.0,14.244,1.577,145,640941,299,15.372,-2.247,-18.582,0,0,415580160,0,4,1,ossuary
28.076,8.317,0.813,0.0,14.244,1.577,145,640941,299,15.372,-2.247,-18.582,0,0,415580160,0,4,1,ossuary
28.085,9.065,0.586,0.0,14.244,1.577,145,640941,299,15.372,-2.272,-18.626,0,0,415580160,0,4,1,ossuary
28.094,8.776,0.352,0.0,14.244,1.577,144,640825,298,15.372,-2.272,-18.626,0,0,415580160,0,4,1,ossuary
28.102,9.358,0.462,0.0,14.244,1.577,144,640825,298,15.372,-2.298,-18.669,0,0,415580160,0,4,1,ossuary
28.111,7.63,0.886,0.0,14.244,1.577,144,640825,298,15.372,-2.298,-18.669,0,0,415580160,0,4,1,ossuary
28.12,9.279,0.423,0.0,14.244,1.577,144,640825,298,15.372,-2.323,-18.712,0,0,415580160,0,4,1,ossuary
28.129,9.541,0.867,0.0,14.244,1.577,144,640825,298,15.372,-2.323,-18.712,0,0,415580160,0,4,1,ossuary
28.138,8.98,0.84,0.0,14.244,1.577,144,640825,298,15.372,-2.349,-18.755,0,0,415580160,0,4,1,ossuary
28.146,7.438,0.376,0.0,14.244,1.577,144,640825,298,15.372,-2.349,-18.755,0,0,415580160,0,4,1,ossuary
28.155,8.786,0.49,0.0,14.244,1.577,144,640825,298,15.371,-2.374,-18.798,0,0,415580160,0,4,1,ossuary
28.163,8.38,0.325,0.0,14.244,1.577,144,640825,298,15.371,-2.374,-18.798,0,0,415580160,0,4,1,ossuary
28.171,8.972,0.406,0.0,14.244,1.577,144,640825,298,15.371,-2.399,-18.841,0,0,415580160,0,4,1,ossuary
28.179,7.452,1.025,0.0,14.244,1.577,144,640825,298,15.371,-2.399,-18.841,0,0,415580160,0,4,1,ossuary
28.188,8.676,0.418,0.0,14.244,1.577,144,640825,298,15.371,-2.425,-18.885,0,0,415580160,0,4,1,ossuary
28.196,7.086,0.882,0.0,14.244,1.577,144,640825,298,15.371,-2.425,-18.885,0,0,415580160,0,4,1,ossuary
28.204,9.329,0.72,0.0,14.244,1.577,144,640825,298,15.371,-2.45,-18.928,0,0,415580160,0,4,1,ossuary
28.212,7.069,0.465,0.0,14.244,1.577,144,640825,298,15.371,-2.45,-18.928,0,0,415580160,0,4,1,ossuary
28.219,8.42,0.857,0.0,14.244,1.577,144,640825,298,15.371,-2.476,-18.971,0,0,415580160,0,4,1,ossuary
28.227,7.055,0.886,0.0,14.244,1.577,144,640825,298,15.371,-2.476,-18.971,0,0,415580160,0,4,1,ossuary
28.236,9.147,0.763,0.0,14.244,1.577,144,640825,298,15.371,-2.501,-19.014,0,0,415580160,0,4,1,ossuary
28.243,7.191,0.384,0.0,14.244,1.577,144,640825,298,15.371,-2.501,-19.014,0,0,415580160,0,4,1,ossuary
28.251,8.358,0.855,0.0,10.066,2.178,144,640825,298,15.371,-2.526,-19.057,0,0,415580160,0,4,1,ossuary
28.259,6.838,0.898,0.0,10.066,2.178,144,640825,298,15.371,-2.526,-19.057,0,0,415580160,0,4,1,ossuary
28.267,9.394,1.033,0.0,10.066,2.178,144,640825,298,15.371,-2.552,-19.1,0,0,415580160,0,4,1,ossuary
28.275,6.664,0.324,0.0,10.066,2.178,144,640825,298,15.371,-2.552,-19.1,0,0,415580160,0,4,1,ossuary
28.282,8.056,0.49,0.0,10.066,2.178,144,640825,298,15.371,-2.552,-19.1,0,0,415580160,0,4,1,ossuary
28.29,8.53,1.007,0.0,10.066,2.178,144,640825,298,15.371,-2.577,-19.144,0,0,415580160,0,4,1,ossuary
28.297,6.527,0.972,0.0,10.066,2.178,143,631145,297,15.371,-2.577,-19.144,0,0,415580160,0,4,1,ossuary
28.305,9.131,0.779,0.0,10.066,2.178,143,631145,297,15.371,-2.603,-19.187,0,0,415580160,0,4,1,ossuary
28.313,7.059,0.314,0.0,10.066,2.178,143,631145,297,15.371,-2.603,-19.187,0,0,415580160,0,4,1,ossuary
28.32,8.826,0.834,0.0,10.066,2.178,143,631145,297,15.371,-2.628,-19.23,0,0,415580160,0,4,1,ossuary
28.328,6.069,0.937,0.0,10.066,2.178,145,631445,447,15.371,-2.628,-19.23,0,0,415580160,0,4,1,ossuary
28.335,9.443,0.391,0.0,10.066,2.178,145,631445,447,15.371,-2.653,-19.273,0,0,415580160,0,4,1,ossuary
28.343,7.87,0.242,0.0,10.066,2.178,144,631355,446,15.371,-2.653,-19.273,0,0,415580160,0,4,1,ossuary
28.35,8.13,0.449,0.0,10.066,2.178,144,631355,446,15.371,-2.679,-19.316,0,0,415580160,0,4,1,ossuary
28.358,7.193,0.799,0.0,10.066,2.178,144,631355,446,15.371,-2.679,-19.316,0,0,415580160,0,4,1,ossuary
28.366,8.766,0.29,0.0,10.066,2.178,144,631355,446,15.371,-2.679,-19.316,0,0,415580160,0,4,1,ossuary
28.373,8.603,0.473,0.0,10.066,2.178,144,631355,446,15.371,-2.704,-19.359,0,0,415580160,0,4,1,ossuary
28.381,6.974,1.077,0.0,10.066,2.178,144,631355,446,15.371,-2.704,-19.359,0,0,415580160,0,4,1,ossuary
28.388,8.715,0.421,0.0,10.066,2.178,144,631355,446,15.371,-2.73,-19.402,0,0,415580160,0,4,1,ossuary
28.396,6.63,0.911,0.0,10.066,2.178,144,631355,446,15.371,-2.73,-19.402,0,0,415580160,0,4,1,ossuary
28.404,9.044,0.747,0.0,10.066,2.178,144,631355,446,15.371,-2.755,-19.445,0,0,415580160,0,4,1,ossuary
28.411,6.847,0.362,0.0,10.066,2.178,147,634443,449,15.371,-2.755,-19.445,0,0,415580160,0,4,1,ossuary
28.419,8.209,1.152,0.0,10.066,2.178,147,634443,449,15.371,-2.78,-19.488,0,0,415580160,0,4,1,ossuary
28.426,6.543,0.821,0.0,10.066,2.178,152,645048,454,15.371,-2.78,-19.488,0,0,415580160,0,4,1,ossuary
28.434,8.711,0.803,0.0,10.066,2.178,152,645048,454,15.372,-2.795,-19.531,0,0,415580160,0,4,1,ossuary
28.441,6.696,0.416,0.0,10.066,2.178,157,655898,459,15.372,-2.795,-19.531,0,0,415580160,0,4,1,ossuary
28.449,7.12,0.866,0.0,10.066,2.178,157,655898,459,15.372,-2.795,-19.531,0,0,415580160,0,4,1,ossuary
28.457,8.861,0.795,0.0,10.066,2.178,157,655898,459,15.373,-2.791,-19.576,0,0,415580160,0,4,1,ossuary
28.464,6.374,0.35,0.0,10.066,2.178,160,680914,462,15.373,-2.791,-19.576,0,0,415580160,0,4,1,ossuary
28.472,8.947,0.734,0.0,10.066,2.178,160,680914,462,15.375,-2.79,-19.621,0,0,415580160,0,4,1,ossuary
28.479,6.633,0.454,0.0,10.066,2.178,165,684658,467,15.375,-2.79,-19.621,0,0,415580160,0,4,1,ossuary
28.487,9.164,0.833,0.0,10.066,2.178,165,684658,467,15.377,-2.79,-19.665,0,0,415580160,0,4,1,ossuary
28.494,6.852,0.797,0.0,10.066,2.178,168,688574,470,15.377,-2.79,-19.665,0,0,415580160,0,4,1,ossuary
28.502,8.101,0.45,0.0,10.066,2.178,168,688574,470,15.38,-2.79,-19.71,0,0,415580160,0,4,1,ossuary
28.51,6.682,0.819,0.0,10.066,2.178,172,691686,474,15.38,-2.79,-19.71,0,0,415580160,0,4,1,ossuary
28.518,10.97,0.492,0.0,10.066,2.178,172,691686,474,15.383,-2.79,-19.754,0,0,415580160,0,4,1,ossuary
28.526,6.716,0.979,0.0,10.066,2.178,175,694160,477,15.383,-2.79,-19.754,0,0,415580160,0,4,1,ossuary
28.533,7.875,0.793,0.0,10.066,2.178,175,694160,477,15.383,-2.79,-19.754,0,0,415580160,0,4,1,ossuary
28.541,8.002,0.51,0.0,10.066,2.178,175,694160,477,15.387,-2.79,-19.799,0,0,415580160,0,4,1,ossuary
28.548,6.687,2.33,0.0,10.066,2.178,175,694160,477,15.387,-2.79,-19.799,0,0,415580160,0,4,1,ossuary
28.556,7.924,0.921,0.0,10.066,2.178,175,694160,477,15.391,-2.79,-19.843,0,0,415580160,0,4,1,ossuary
28.564,7.353,0.428,0.0,10.066,2.178,180,702366,482,15.391,-2.79,-19.843,0,0,415580160,0,4,1,ossuary
28.571,8.44,0.406,0.0,10.066,2.178,180,702366,482,15.395,-2.79,-19.887,0,0,415580160,0,4,1,ossuary
28.579,6.567,0.408,0.0,10.066,2.178,180,702366,482,15.395,-2.79,-19.887,0,0,415580160,0,4,1,ossuary
28.587,8.69,0.342,0.0,10.066,2.178,180,702366,482,15.401,-2.79,-19.932,0,0,415580160,0,4,1,ossuary
28.594,5.744,0.377,0.0,10.066,2.178,180,702366,482,15.401,-2.79,-19.932,0,0,415580160,0,4,1,ossuary
28.602,8.533,0.848,0.0,10.066,2.178,180,702366,482,15.407,-2.79,-19.976,0,0,415580160,0,4,1,ossuary
28.609,5.904,0.364,0.0,10.066,2.178,181,702368,483,15.407,-2.79,-19.976,0,0,415580160,0,4,1,ossuary
28.617,6.942,0.826,0.0,10.066,2.178,181,702368,483,15.407,-2.79,-19.976,0,0,415580160,0,4,1,ossuary
28.624,9.005,0.608,0.0,10.066,2.178,181,702368,483,15.413,-2.79,-20.02,0,0,415580160,0,4,1,ossuary
28.632,6.354,0.466,0.0,10.066,2.178,187,707714,489,15.413,-2.79,-20.02,0,0,415580160,0,4,1,ossuary
28.639,7.798,0.939,0.0,10.066,2.178,187,707714,489,15.42,-2.79,-20.064,0,0,415580160,0,4,1,ossuary
28.647,6.233,0.885,0.0,10.066,2.178,189,707718,491,15.42,-2.79,-20.064,0,0,415580160,0,4,1,ossuary
28.655,8.414,0.814,0.0,10.066,2.178,189,707718,491,15.427,-2.79,-20.108,0,0,415580160,0,4,1,ossuary
28.662,5.869,0.47,0.0,10.066,2.178,190,708758,492,15.427,-2.79,-20.108,0,0,415580160,0,4,1,ossuary
28.67,7.487,0.473,0.0,10.066,2.178,190,708758,492,15.435,-2.79,-20.152,0,0,415580160,0,4,1,ossuary
28.677,7.128,0.738,0.0,10.066,2.178,190,708758,492,15.435,-2.79,-20.152,0,0,415580160,0,4,1,ossuary
28.685,7.836,0.415,0.0,10.066,2.178,190,708758,492,15.442,-2.79,-20.19,0,0,415580160,0,4,1,ossuary
28.692,6.037,0.845,0.0,10.066,2.178,212,758892,514,15.442,-2.79,-20.19,0,0,415580160,0,4,1,ossuary
28.7,6.936,0.699,0.0,10.066,2.178,212,758892,514,15.442,-2.79,-20.19,0,0,415580160,0,4,1,ossuary
28.708,7.065,0.458,0.0,10.066,2.178,212,758892,514,15.449,-2.79,-20.222,0,0,415580160,0,4,1,ossuary
28.715,6.079,0.894,0.0,10.066,2.178,219,776344,521,15.449,-2.79,-20.222,0,0,415580160,0,4,1,ossuary
28.722,7.022,0.393,0.0,10.066,2.178,219,776344,521,15.456,-2.79,-20.248,0,0,415580160,0,4,1,ossuary
28.728,6.222,0.413,0.0,10.066,2.178,228,855268,530,15.456,-2.79,-20.248,0,0,415580160,0,4,1,ossuary
28.735,7.293,0.355,0.0,10.066,2.178,228,855268,530,15.463,-2.79,-20.271,0,0,415580160,0,4,1,ossuary
28.742,6.063,0.395,0.0,10.066,2.178,235,884322,537,15.463,-2.79,-20.271,0,0,415580160,0,4,1,ossuary
28.749,6.849,0.345,0.0,10.066,2.178,235,884322,537,15.463,-2.79,-20.271,0,0,415580160,0,4,1,ossuary
28.755,7.288,0.362,0.0,10.066,2.178,235,884322,537,15.471,-2.79,-20.29,0,0,415580160,0,4,1,ossuary
28.763,7.371,0.338,0.0,10.066,2.178,239,890250,541,15.471,-2.79,-20.29,0,0,415580160,0,4,1,ossuary
28.77,7.335,0.346,0.0,10.066,2.178,239,890250,541,15.479,-2.79,-20.305,0,0,415580160,0,4,1,ossuary
28.777,7.088,1.259,0.0,10.066,2.178,237,890190,539,15.479,-2.79,-20.305,0,0,415580160,0,4,1,ossuary
28.784,9.395,0.693,0.0,10.066,2.178,237,890190,539,15.487,-2.79,-20.318,0,0,415580160,0,4,1,ossuary
28.791,6.261,0.441,0.0,10.066,2.178,219,799407,521,15.487,-2.79,-20.318,0,0,415580160,0,4,1,ossuary
28.798,8.503,0.464,0.0,10.066,2.178,219,799407,521,15.487,-2.79,-20.318,0,0,415580160,0,4,1,ossuary
28.805,8.617,0.402,0.0,10.066,2.178,219,799407,521,15.495,-2.79,-20.327,0,0,415580160,0,4,1,ossuary
28.813,7.39,1.176,0.0,10.066,2.178,191,736548,493,15.495,-2.79,-20.327,0,0,415580160,0,4,1,ossuary
28.82,8.615,0.447,0.0,10.066,2.178,191,736548,493,15.505,-2.79,-20.334,0,0,415580160,0,4,1,ossuary
28.827,8.691,1.032,0.0,10.066,2.178,184,729760,486,15.505,-2.79,-20.334,0,0,415580160,0,4,1,ossuary
28.834,8.795,0.376,0.0,10.066,2.178,184,729760,486,15.516,-2.79,-20.338,0,0,415580160,0,4,1,ossuary
28.842,8.148,1.027,0.0,10.066,2.178,163,690030,465,15.516,-2.79,-20.338,0,0,415580160,0,4,1,ossuary
28.85,9.921,0.277,0.0,10.066,2.178,163,690030,465,15.528,-2.79,-20.338,0,0,415580160,0,4,1,ossuary
28.857,9.682,0.271,0.0,10.066,2.178,157,675738,459,15.528,-2.79,-20.338,0,0,415580160,0,4,1,ossuary
28.865,9.372,0.388,0.0,10.066,2.178,157,675738,459,15.528,-2.79,-20.338,0,0,415580160,0,4,1,ossuary
28.873,9.59,1.331,0.0,10.066,2.178,157,675738,459,15.542,-2.79,-20.335,0,0,415580160,0,4,1,ossuary
28.883,9.402,1.103,0.0,10.066,2.178,146,598472,448,15.542,-2.79,-20.335,0,0,415580160,0,4,1,ossuary
28.893,11.17,0.351,0.0,10.066,2.178,146,598472,448,15.557,-2.79,-20.329,0,0,415580160,0,4,1,ossuary
28.903,9.002,1.064,0.0,10.066,2.178,144,598078,446,15.574,-2.79,-20.319,0,0,415580160,0,4,1,ossuary
28.913,10.279,0.816,0.0,10.066,2.178,149,604140,451,15.574,-2.79,-20.319,0,0,415580160,0,4,1,ossuary
28.923,10.455,0.402,0.0,10.066,2.178,149,604140,451,15.591,-2.79,-20.306,0,0,415580160,0,4,1,ossuary
28.934,10.605,1.194,0.0,10.066,2.178,157,612483,459,15.608,-2.79,-20.289,0,0,415580160,0,4,1,ossuary
28.944,9.691,1.009,0.0,10.066,2.178,157,612483,459,15.608,-2.79,-20.289,0,0,415580160,0,4,1,ossuary
28.955,11.09,0.898,0.0,10.066,2.178,157,612483,459,15.625,-2.79,-20.27,0,0,415580160,0,4,1,ossuary
28.965,9.707,0.993,0.0,10.066,2.178,163,616934,465,15.625,-2.79,-20.27,0,0,415580160,0,4,1,ossuary
28.975,11.246,0.691,0.0,10.066,2.178,163,616934,465,15.642,-2.79,-20.248,0,0,415580160,0,4,1,ossuary
28.986,10.349,0.947,0.0,10.066,2.178,165,621710,467,15.659,-2.79,-20.223,0,0,415580160,0,4,1,ossuary
28.996,10.03,1.008,0.0,10.066,2.178,164,621708,466,15.659,-2.79,-20.223,0,0,415580160,0,4,1,ossuary
29.007,11.086,1.029,0.0,10.066,2.178,164,621708,466,15.675,-2.79,-20.195,0,0,415580160,0,4,1,ossuary
29.017,10.515,1.07,0.0,10.066,2.178,165,621710,467,15.69,-2.79,-20.166,0,0,415580160,0,4,1,ossuary
29.028,9.142,0.537,0.0,10.066,2.178,164,621698,466,15.69,-2.79,-20.166,0,0,415580160,0,4,1,ossuary
29.038,11.425,0.868,0.0,10.066,2.178,164,621698,466,15.704,-2.79,-20.134,0,0,415580160,0,4,1,ossuary
29.048,9.624,1.151,0.0,10.066,2.178,164,617424,466,15.704,-2.79,-20.134,0,0,415580160,0,4,1,ossuary
29.059,10.961,0.911,0.0,10.066,2.178,164,617424,466,15.717,-2.79,-20.101,0,0,415580160,0,4,1,ossuary
29.069,10.197,1.078,0.0,10.066,2.178,166,616389,468,15.729,-2.79,-20.066,0,0,415580160,0,4,1,ossuary
29.08,9.225,0.921,0.0,10.066,2.178,164,612837,466,15.729,-2.79,-20.066,0,0,415580160,0,4,1,ossuary
29.09,11.565,0.868,0.0,10.066,2.178,164,612837,466,15.74,-2.79,-20.03,0,0,415580160,0,4,1,ossuary
29.101,9.886,0.541,0.0,10.066,2.178,173,617404,475,15.75,-2.79,-19.992,0,0,415580160,0,4,1,ossuary
29.111,9.787,0.893,0.0,10.066,2.178,165,616650,467,15.75,-2.79,-19.992,0,0,415580160,0,4,1,ossuary
29.121,10.714,1.052,0.0,10.066,2.178,165,616650,467,15.759,-2.79,-19.954,0,0,415580160,0,4,1,ossuary
29.132,9.5,1.238,0.0,10.066,2.178,161,612238,463,15.759,-2.79,-19.954,0,0,415580160,0,4,1,ossuary
29.142,11.259,1.01,0.0,10.066,2.178,161,612238,463,15.767,-2.79,-19.914,0,0,415580160,0,4,1,ossuary
29.153,9.813,1.247,0.0,10.066,2.178,154,612072,456,15.773,-2.79,-19.874,0,0,415580160,0,4,1,ossuary
29.163,9.96,1.059,0.0,10.066,2.178,155,612074,457,15.773,-2.79,-19.874,0,0,415580160,0,4,1,ossuary
29.173,11.109,0.382,0.0,10.066,2.178,155,612074,457,15.779,-2.79,-19.833,0,0,415580160,0,4,1,ossuary
29.184,10.039,1.043,0.0,10.066,2.178,153,584082,455,15.783,-2.79,-19.792,0,0,415580160,0,4,1,ossuary
29.194,9.522,0.507,0.0,10.066,2.178,151,562766,453,15.783,-2.79,-19.792,0,0,415580160,0,4,1,ossuary
29.205,10.899,0.912,0.0,10.066,2.178,151,562766,453,15.786,-2.79,-19.75,0,0,415580160,0,4,1,ossuary
29.215,9.369,1.217,0.0,10.066,2.178,147,562598,449,15.786,-2.79,-19.75,0,0,415580160,0,4,1,ossuary
29.226,11.406,0.447,0.0,10.066,2.178,147,562598,449,15.789,-2.79,-19.707,0,0,415580160,0,4,1,ossuary
29.236,8.758,1.046,0.0,10.411,1.764,146,550482,448,15.79,-2.79,-19.665,0,0,415580160,0,4,1,ossuary
29.246,10.481,0.861,0.0,10.411,1.764,145,549442,447,15.79,-2.79,-19.665,0,0,415580160,0,4,1,ossuary
29.257,10.312,0.385,0.0,10.411,1.764,145,549442,447,15.769,-2.79,-19.639,0,0,415580160,0,4,1,ossuary
29.267,10.921,0.982,0.0,10.411,1.764,144,500238,446,15.751,-2.79,-19.61,0,0,415580160,0,4,1,ossuary
29.278,8.834,1.002,0.0,10.411,1.764,143,496782,445,15.751,-2.79,-19.61,0,0,415580160,0,4,1,ossuary
29.288,10.518,1.136,0.0,10.411,1.764,143,496782,445,15.736,-2.79,-19.579,0,0,415580160,0,4,1,ossuary
29.298,9.959,0.402,0.0,10.411,1.764,134,496548,436,15.736,-2.79,-19.579,0,0,415580160,0,4,1,ossuary
29.312,19.344,0.324,0.0,10.411,1.764,134,496548,436,15.722,-2.79,-19.545,0,0,415580160,0,4,1,ossuary
29.323,2.183,0.415,0.0,10.411,1.764,132,496524,434,15.71,-2.79,-19.509,0,0,415580160,0,4,1,ossuary
29.333,10.071,0.585,0.0,10.411,1.764,132,496524,434,15.71,-2.79,-19.509,0,0,415580160,0,4,1,ossuary
29.344,10.287,0.364,0.0,10.411,1.764,132,496524,434,15.698,-2.764,-19.478,0,0,415580160,0,4,1,ossuary
29.354,10.274,0.519,0.0,10.411,1.764,130,488064,432,15.687,-2.745,-19.445,0,0,415580160,0,4,1,ossuary
29.364,9.105,0.365,0.0,10.411,1.764,130,488064,432,15.687,-2.745,-19.445,0,0,415580160,0,4,1,ossuary
29.374,10.616,0.482,0.0,10.411,1.764,130,488064,432,15.676,-2.725,-19.411,0,0,415580160,0,4,1,ossuary
29.383,9.257,0.344,0.0,10.411,1.764,130,488064,432,15.676,-2.725,-19.411,0,0,415580160,0,4,1,ossuary
29.393,10.371,0.448,0.0,10.411,1.764,130,488064,432,15.666,-2.704,-19.376,0,0,415580160,0,4,1,ossuary
29.403,10.654,0.382,0.0,10.411,1.764,127,443854,429,15.657,-2.683,-19.341,0,0,415580160,0,4,1,ossuary
29.413,9.027,0.416,0.0,10.411,1.764,127,443854,429,15.657,-2.683,-19.341,0,0,415580160,0,4,1,ossuary
29.423,10.951,0.868,0.0,10.411,1.764,127,443854,429,15.648,-2.662,-19.305,0,0,415580160,0,4,1,ossuary
29.433,9.043,0.957,0.0,10.411,1.764,127,443854,429,15.648,-2.662,-19.305,0,0,415580160,0,4,1,ossuary
29.443,10.777,0.903,0.0,10.411,1.764,127,443854,429,15.639,-2.641,-19.269,0,0,415580160,0,4,1,ossuary
29.453,8.89,1.006,0.0,10.411,1.764,127,443854,429,15.631,-2.62,-19.232,0,0,415580160,0,4,1,ossuary
29.463,9.87,1.036,0.0,10.411,1.764,127,443854,429,15.631,-2.62,-19.232,0,0,415580160,0,4,1,ossuary
29.473,10.653,0.414,0.0,10.411,1.764,127,443854,429,15.622,-2.598,-19.196,0,0,415580160,0,4,1,ossuary
29.483,9.38,0.932,0.0,10.411,1.764,127,443854,429,15.622,-2.598,-19.196,0,0,415580160,0,4,1,ossuary
29.493,11.712,0.8,0.0,10.411,1.764,127,443854,429,15.614,-2.576,-19.159,0,0,415580160,0,4,1,ossuary
29.503,8.225,1.415,0.0,10.411,1.764,127,443854,429,15.605,-2.554,-19.121,0,0,415580160,0,4,1,ossuary
29.513,10.13,0.647,0.0,10.411,1.764,127,443854,429,15.605,-2.554,-19.121,0,0,415580160,0,4,1,ossuary
29.523,9.565,0.497,0.0,10.411,1.764,127,443854,429,15.597,-2.532,-19.084,0,0,415580160,0,4,1,ossuary
29.533,10.471,1.171,0.0,10.411,1.764,127,443854,429,15.597,-2.532,-19.084,0,0,415580160,0,4,1,ossuary
29.543,10.168,0.45,0.0,10.411,1.764,127,443854,429,15.589,-2.51,-19.046,0,0,415580160,0,4,1,ossuary
29.553,10.737,0.993,0.0,10.411,1.764,125,443554,279,15.58,-2.488,-19.009,0,0,415580160,0,4,1,ossuary
29.563,9.491,0.889,0.0,10.411,1.764,125,443554,279,15.58,-2.488,-19.009,0,0,415580160,0,4,1,ossuary
29.574,11.51,1.03,0.0,10.411,1.764,125,443554,279,15.572,-2.465,-18.971,0,0,415580160,0,4,1,ossuary
29.584,10.381,0.623,0.0,10.411,1.764,125,443554,279,15.563,-2.443,-18.933,0,0,415580160,0,4,1,ossuary
29.594,9.264,0.894,0.0,10.411,1.764,125,443554,279,15.563,-2.443,-18.933,0,0,415580160,0,4,1,ossuary
29.604,10.607,0.788,0.0,10.411,1.764,125,443554,279,15.555,-2.421,-18.895,0,0,415580160,0,4,1,ossuary
29.614,9.827,1.096,0.0,10.411,1.764,125,443554,279,15.555,-2.421,-18.895,0,0,415580160,0,4,1,ossuary
29.625,11.34,1.725,0.0,10.411,1.764,125,443554,279,15.547,-2.399,-18.857,0,0,415580160,0,4,1,ossuary
29.635,10.477,0.519,0.0,10.411,1.764,125,443554,279,15.538,-2.376,-18.82,0,0,415580160,0,4,1,ossuary
29.646,9.912,0.92,0.0,10.411,1.764,126,444594,280,15.538,-2.376,-18.82,0,0,415580160,0,4,1,ossuary
29.656,10.263,1.023,0.0,10.411,1.764,126,444594,280,15.53,-2.354,-18.782,0,0,415580160,0,4,1,ossuary
29.666,9.623,0.953,0.0,10.411,1.764,126,444594,280,15.53,-2.354,-18.782,0,0,415580160,0,4,1,ossuary
29.677,11.086,0.469,0.0,10.411,1.764,126,444594,280,15.521,-2.332,-18.744,0,0,415580160,0,4,1,ossuary
29.687,9.358,0.402,0.0,10.411,1.764,126,444594,280,15.513,-2.309,-18.706,0,0,415580160,0,4,1,ossuary
29.697,9.944,0.738,0.0,10.411,1.764,127,445634,281,15.513,-2.309,-18.706,0,0,415580160,0,4,1,ossuary
29.707,10.581,0.499,0.0,10.411,1.764,127,445634,281,15.504,-2.287,-18.668,0,0,415580160,0,4,1,ossuary
29.717,8.91,0.969,0.0,10.411,1.764,127,445634,281,15.504,-2.287,-18.668,0,0,415580160,0,4,1,ossuary
29.727,10.175,0.783,0.0,10.411,1.764,127,445634,281,15.496,-2.265,-18.63,0,0,415580160,0,4,1,ossuary
29.737,9.941,0.37,0.0,10.411,1.764,123,445520,224,15.487,-2.242,-18.592,0,0,415580160,0,4,1,ossuary
29.747,9.777,0.314,0.0,10.411,1.764,123,445520,224,15.487,-2.242,-18.592,0,0,415580160,0,4,1,ossuary
29.757,10.492,0.295,0.0,10.411,1.764,123,445520,224,15.479,-2.22,-18.554,0,0,415580160,0,4,1,ossuary
29.767,9.528,0.354,0.0,10.411,1.764,123,445520,224,15.479,-2.22,-18.554,0,0,415580160,0,4,1,ossuary
29.777,10.944,0.325,0.0,10.411,1.764,123,445520,224,15.47,-2.198,-18.516,0,0,415580160,0,4,1,ossuary
29.787,10.122,0.354,0.0,10.411,1.764,123,445520,224,15.462,-2.175,-18.478,0,0,415580160,0,4,1,ossuary
29.797,9.308,0.818,0.0,10.411,1.764,123,445520,224,15.462,-2.175,-18.478,0,0,415580160,0,4,1,ossuary
29.807,11.006,0.794,0.0,10.411,1.764,123,445520,224,15.453,-2.153,-18.44,0,0,415580160,0,4,1,ossuary
29.817,9.308,0.953,0.0,10.411,1.764,123,445520,224,15.453,-2.153,-18.44,0,0,415580160,0,4,1,ossuary
29.827,10.655,0.806,0.0,10.411,1.764,123,445520,224,15.445,-2.13,-18.402,0,0,415580160,0,4,1,ossuary
29.837,9.452,0.985,0.0,10.411,1.764,123,445520,224,15.437,-2.108,-18.364,0,0,415580160,0,4,1,ossuary
29.847,9.7,0.789,0.0,10.411,1.764,123,445520,224,15.437,-2.108,-18.364,0,0,415580160,0,4,1,ossuary
29.857,10.961,0.441,0.0,10.411,1.764,123,445520,224,15.429,-2.086,-18.326,0,0,415580160,0,4,1,ossuary
29.867,9.273,0.6,0.0,10.411,1.764,124,445532,225,15.429,-2.086,-18.326,0,0,415580160,0,4,1,ossuary
29.877,10.747,0.796,0.0,10.411,1.764,124,445532,225,15.422,-2.063,-18.288,0,0,415580160,0,4,1,ossuary
29.887,9.917,0.929,0.0,10.411,1.764,123,445424,224,15.415,-2.041,-18.25,0,0,415580160,0,4,1,ossuary
29.897,9.744,0.792,0.0,10.411,1.764,123,445424,224,15.415,-2.041,-18.25,0,0,415580160,0,4,1,ossuary
29.907,10.772,0.561,0.0,10.411,1.764,123,445424,224,15.408,-2.019,-18.212,0,0,415580160,0,4,1,ossuary
29.917,9.903,0.965,0.0,10.411,1.764,124,442112,225,15.401,-1.996,-18.174,0,0,415580160,0,4,1,ossuary
29.927,9.363,0.826,0.0,10.411,1.764,125,442124,226,15.401,-1.996,-18.174,0,0,415580160,0,4,1,ossuary
29.937,10.827,0.87,0.0,10.411,1.764,125,442124,226,15.396,-1.974,-18.136,0,0,415580160,0,4,1,ossuary
29.947,9.261,0.865,0.0,10.411,1.764,130,442340,231,15.396,-1.974,-18.136,0,0,415580160,0,4,1,ossuary
29.957,10.757,0.639,0.0,10.411,1.764,130,442340,231,15.39,-1.951,-18.098,0,0,415580160,0,4,1,ossuary
29.967,9.565,0.948,0.0,10.411,1.764,130,442340,231,15.385,-1.929,-18.06,0,0,415580160,0,4,1,ossuary
29.977,9.834,0.797,0.0,10.411,1.764,131,445796,232,15.385,-1.929,-18.06,0,0,415580160,0,4,1,ossuary
29.987,10.61,0.567,0.0,10.411,1.764,131,445796,232,15.38,-1.907,-18.021,0,0,415580160,0,4,1,ossuary
29.997,9.188,0.921,0.0,10.411,1.764,134,458486,235,15.38,-1.907,-18.021,0,0,415580160,0,4,1,ossuary
30.007,10.83,0.843,0.0,10.411,1.764,134,458486,235,15.375,-1.884,-17.983,0,0,415580160,0,4,1,ossuary
30.017,10.021,1.036,0.0,10.411,1.764,134,458486,235,15.371,-1.862,-17.945,0,0,415580160,0,4,1,ossuary
30.027,9.352,0.844,0.0,10.411,1.764,133,449910,234,15.371,-1.862,-17.945,0,0,415580160,0,4,1,ossuary
30.037,10.671,0.856,0.0,10.411,1.764,133,449910,234,15.367,-1.839,-17.907,0,0,415580160,0,4,1,ossuary
30.047,9.343,1.001,0.0,10.411,1.764,133,449910,234,15.367,-1.839,-17.907,0,0,415580160,0,4,1,ossuary
30.057,10.821,0.826,0.0,10.411,1.764,133,449910,234,15.364,-1.816,-17.868,0,0,415580160,0,4,1,ossuary
30.068,10.01,0.978,0.0,10.411,1.764,135,449914,236,15.361,-1.794,-17.83,0,0,415580160,0,4,1,ossuary
30.078,9.587,0.848,0.0,10.411,1.764,135,449914,236,15.361,-1.794,-17.83,0,0,415580160,0,4,1,ossuary
30.088,11.008,0.569,0.0,10.411,1.764,135,449914,236,15.358,-1.771,-17.792,0,0,415580160,0,4,1,ossuary
30.098,9.421,1.062,0.0,10.411,1.764,135,449914,236,15.358,-1.771,-17.792,0,0,415580160,0,4,1,ossuary
30.108,10.591,1.049,0.0,10.411,1.764,135,449914,236,15.355,-1.749,-17.753,0,0,415580160,0,4,1,ossuary
30.119,10.503,0.926,0.0,10.411,1.764,135,449914,236,15.353,-1.726,-17.715,0,0,415580160,0,4,1,ossuary
30.129,9.255,0.929,0.0,10.411,1.764,135,449914,236,15.353,-1.726,-17.715,0,0,415580160,0,4,1,ossuary
30.139,10.719,0.817,0.0,10.411,1.764,135,449914,236,15.35,-1.703,-17.676,0,0,415580160,0,4,1,ossuary
30.149,9.551,0.993,0.0,10.411,1.764,135,449914,236,15.35,-1.703,-17.676,0,0,415580160,0,4,1,ossuary
30.159,10.617,0.827,0.0,10.411,1.764,135,449914,236,15.348,-1.681,-17.638,0,0,415580160,0,4,1,ossuary
30.169,10.216,0.973,0.0,10.411,1.764,135,449914,236,15.346,-1.658,-17.6,0,0,415580160,0,4,1,ossuary
30.179,8.664,0.827,0.0,10.411,1.764,135,449914,236,15.346,-1.658,-17.6,0,0,415580160,0,4,1,ossuary
30.189,11.51,0.41,0.0,10.411,1.764,135,449914,236,15.345,-1.635,-17.561,0,0,415580160,0,4,1,ossuary
30.199,8.649,0.437,0.0,10.411,1.764,134,449464,235,15.345,-1.635,-17.561,0,0,415580160,0,4,1,ossuary
30.209,11.577,0.792,0.0,10.411,1.764,134,449464,235,15.343,-1.613,-17.523,0,0,415580160,0,4,1,ossuary
30.219,9.143,0.437,0.0,10.411,1.764,134,449464,235,15.342,-1.59,-17.484,0,0,415580160,0,4,1,ossuary
30.229,10.066,0.932,0.0,10.411,1.764,134,449464,235,15.342,-1.59,-17.484,0,0,415580160,0,4,1,ossuary
30.239,10.644,0.389,0.0,10.531,1.016,134,449464,235,15.341,-1.567,-17.446,0,0,415580160,0,4,1,ossuary
30.25,9.75,1.278,0.0,10.531,1.016,134,449464,235,15.341,-1.567,-17.446,0,0,415580160,0,4,1,ossuary
30.26,10.731,0.89,0.0,10.531,1.016,134,449464,235,15.34,-1.545,-17.407,0,0,415580160,0,4,1,ossuary
30.27,9.832,0.972,0.0,10.531,1.016,134,449464,235,15.339,-1.522,-17.369,0,0,415580160,0,4,1,ossuary
30.28,9.444,0.796,0.0,10.531,1.016,134,449464,235,15.339,-1.522,-17.369,0,0,415580160,0,4,1,ossuary
30.29,11.271,0.443,0.0,10.531,1.016,134,449464,235,15.338,-1.499,-17.33,0,0,415580160,0,4,1,ossuary
30.3,10.104,0.767,0.0,10.531,1.016,134,449464,235,15.337,-1.477,-17.292,0,0,415580160,0,4,1,ossuary
30.311,9.59,0.506,0.0,10.531,1.016,135,449476,236,15.337,-1.477,-17.292,0,0,415580160,0,4,1,ossuary
30.321,10.784,1.008,0.0,10.531,1.016,135,449476,236,15.337,-1.454,-17.253,0,0,415580160,0,4,1,ossuary
30.331,8.969,1.198,0.0,10.531,1.016,135,449476,236,15.337,-1.454,-17.253,0,0,415580160,0,4,1,ossuary
30.341,11.243,0.808,0.0,10.531,1.016,135,449476,236,15.336,-1.431,-17.214,0,0,415580160,0,4,1,ossuary
30.351,9.306,0.427,0.0,10.531,1.016,135,449476,236,15.336,-1.409,-17.176,0,0,415580160,0,4,1,ossuary
30.361,9.533,1.072,0.0,10.531,1.016,134,449474,235,15.336,-1.409,-17.176,0,0,415580160,0,4,1,ossuary
30.371,10.538,0.387,0.0,10.531,1.016,134,449474,235,15.335,-1.386,-17.137,0,0,415580160,0,4,1,ossuary
30.381,9.793,0.348,0.0,10.531,1.016,133,387698,234,15.335,-1.386,-17.137,0,0,415580160,0,4,1,ossuary
30.391,10.552,0.323,0.0,10.531,1.016,133,387698,234,15.335,-1.363,-17.099,0,0,415580160,0,4,1,ossuary
30.401,10.344,0.348,0.0,10.531,1.016,133,387698,234,15.335,-1.341,-17.06,0,0,415580160,0,4,1,ossuary
30.412,10.731,0.403,0.0,10.531,1.016,133,387698,234,15.335,-1.341,-17.06,0,0,415580160,0,4,1,ossuary
30.422,10.857,0.979,0.0,10.531,1.016,133,387698,234,15.334,-1.318,-17.022,0,0,415580160,0,4,1,ossuary
30.433,9.46,0.982,0.0,10.531,1.016,133,387698,234,15.334,-1.318,-17.022,0,0,415580160,0,4,1,ossuary
30.443,10.945,0.846,0.0,10.531,1.016,133,387698,234,15.334,-1.295,-16.983,0,0,415580160,0,4,1,ossuary
30.453,10.139,1.04,0.0,10.531,1.016,131,387558,159,15.334,-1.273,-16.945,0,0,415580160,0,4,1,ossuary
30.463,9.033,0.867,0.0,10.531,1.016,131,387558,159,15.334,-1.273,-16.945,0,0,415580160,0,4,1,ossuary
30.474,11.409,0.803,0.0,10.531,1.016,131,387558,159,15.334,-1.25,-16.906,0,0,415580160,0,4,1,ossuary
30.484,11.178,0.421,0.0,10.531,1.016,131,387558,159,15.334,-1.227,-16.868,0,0,415580160,0,4,1,ossuary
30.494,8.655,0.811,0.0,10.531,1.016,129,387554,157,15.334,-1.227,-16.868,0,0,415580160,0,4,1,ossuary
30.504,10.93,0.82,0.0,10.531,1.016,129,387554,157,15.334,-1.204,-16.829,0,0,415580160,0,4,1,ossuary
30.515,9.77,1.164,0.0,10.531,1.016,129,387554,157,15.334,-1.204,-16.829,0,0,415580160,0,4,1,ossuary
30.525,11.305,0.931,0.0,10.531,1.016,129,387554,157,15.335,-1.182,-16.791,0,0,415580160,0,4,1,ossuary
30.535,10.137,1.101,0.0,10.531,1.016,129,387554,157,15.335,-1.158,-16.752,0,0,415580160,0,4,1,ossuary
30.546,9.519,0.421,0.0,10.531,1.016,129,387554,157,15.335,-1.158,-16.752,0,0,415580160,0,4,1,ossuary
30.556,11.252,1.155,0.0,10.531,1.016,129,387554,157,15.335,-1.136,-16.713,0,0,415580160,0,4,1,ossuary
30.567,10.314,0.953,0.0,10.531,1.016,129,387554,157,15.335,-1.114,-16.675,0,0,415580160,0,4,1,ossuary
30.577,9.358,0.866,0.0,10.531,1.016,129,387554,157,15.335,-1.114,-16.675,0,0,415580160,0,4,1,ossuary
30.587,11.773,0.652,0.0,10.531,1.016,129,387554,157,15.335,-1.091,-16.636,0,0,415580160,0,4,1,ossuary
30.598,9.433,0.456,0.0,10.531,1.016,129,387554,157,15.335,-1.091,-16.636,0,0,415580160,0,4,1,ossuary
30.608,11.206,0.945,0.0,10.531,1.016,129,387554,157,15.336,-1.068,-16.598,0,0,415580160,0,4,1,ossuary
30.619,11.668,0.392,0.0,10.531,1.016,129,387554,157,15.336,-1.046,-16.559,0,0,415580160,0,4,1,ossuary
30.629,10.741,0.404,0.0,10.531,1.016,129,387554,157,15.336,-1.046,-16.559,0,0,415580160,0,4,1,ossuary
30.64,11.691,0.893,0.0,10.531,1.016,129,387554,157,15.336,-1.023,-16.521,0,0,415580160,0,4,1,ossuary
30.65,10.829,0.967,0.0,10.531,1.016,129,387554,157,15.337,-1.0,-16.482,0,0,415580160,0,4,1,ossuary
30.66,11.373,1.615,0.0,10.531,1.016,130,387556,158,15.337,-1.0,-16.482,0,0,415580160,0,4,1,ossuary
30.671,10.53,0.965,0.0,10.531,1.016,130,387556,158,15.337,-0.977,-16.443,0,0,415580160,0,4,1,ossuary
30.681,10.219,0.635,0.0,10.531,1.016,130,387556,158,15.337,-0.977,-16.443,0,0,415580160,0,4,1,ossuary
30.692,12.884,0.909,0.0,10.531,1.016,130,387556,158,15.337,-0.955,-16.405,0,0,415580160,0,4,1,ossuary
30.702,10.92,0.456,0.0,10.531,1.016,130,387556,158,15.338,-0.932,-16.366,0,0,415580160,0,4,1,ossuary
30.712,10.683,0.473,0.0,10.531,1.016,130,387556,158,15.338,-0.932,-16.366,0,0,415580160,0,4,1,ossuary
30.723,11.762,0.914,0.0,10.531,1.016,130,387556,158,15.338,-0.909,-16.328,0,0,415580160,0,4,1,ossuary
30.735,11.101,0.945,0.0,10.531,1.016,130,387556,158,15.338,-0.887,-16.289,0,0,415580160,0,4,1,ossuary
30.746,10.853,0.693,0.0,10.531,1.016,130,387556,158,15.338,-0.887,-16.289,0,0,415580160,0,4,1,ossuary
30.758,11.705,0.342,0.0,10.531,1.016,130,387556,158,15.339,-0.864,-16.251,0,0,415580160,0,4,1,ossuary
30.769,11.306,0.375,0.0,10.531,1.016,130,387556,158,15.339,-0.841,-16.212,0,0,415580160,0,4,1,ossuary
30.78,11.242,0.326,0.0,10.531,1.016,130,387556,158,15.339,-0.841,-16.212,0,0,415580160,0,4,1,ossuary
30.791,11.921,0.406,0.0,10.531,1.016,130,387556,158,15.34,-0.819,-16.174,0,0,415580160,0,4,1,ossuary
30.803,11.094,1.035,0.0,10.531,1.016,130,387556,158,15.34,-0.796,-16.135,0,0,415580160,0,4,1,ossuary
30.816,12.801,0.949,0.0,10.531,1.016,130,387556,158,15.34,-0.796,-16.135,0,0,415580160,0,4,1,ossuary
30.827,9.362,0.88,0.0,10.531,1.016,130,387556,158,15.341,-0.773,-16.097,0,0,415580160,0,4,1,ossuary
30.838,12.259,0.365,0.0,10.531,1.016,130,387556,158,15.341,-0.75,-16.058,0,0,415580160,0,4,1,ossuary
30.849,10.838,0.568,0.0,10.531,1.016,130,387556,158,15.341,-0.75,-16.058,0,0,415580160,0,4,1,ossuary
30.86,12.099,0.971,0.0,10.531,1.016,130,387556,158,15.342,-0.728,-16.019,0,0,415580160,0,4,1,ossuary
30.872,11.105,1.407,0.0,10.531,1.016,130,387556,158,15.342,-0.705,-15.981,0,0,415580160,0,4,1,ossuary
30.883,10.362,0.886,0.0,10.531,1.016,130,387556,158,15.342,-0.705,-15.981,0,0,415580160,0,4,1,ossuary
30.894,12.163,0.92,0.0,10.531,1.016,130,387556,158,15.343,-0.682,-15.942,0,0,415580160,0,4,1,ossuary
30.905,10.919,0.92,0.0,10.531,1.016,130,387556,158,15.343,-0.66,-15.904,0,0,415580160,0,4,1,ossuary
30.916,10.96,0.858,0.0,10.531,1.016,130,387556,158,15.343,-0.66,-15.904,0,0,415580160,0,4,1,ossuary
30.927,11.857,0.427,0.0,10.531,1.016,130,387556,158,15.344,-0.637,-15.865,0,0,415580160,0,4,1,ossuary
30.939,11.311,1.177,0.0,10.531,1.016,130,387556,158,15.344,-0.614,-15.827,0,0,415580160,0,4,1,ossuary
30.95,10.308,0.894,0.0,10.531,1.016,130,387556,158,15.344,-0.614,-15.827,0,0,415580160,0,4,1,ossuary
30.961,11.953,0.883,0.0,10.531,1.016,130,387556,158,15.345,-0.592,-15.788,0,0,415580160,0,4,1,ossuary
30.972,11.073,0.982,0.0,10.531,1.016,130,387556,158,15.345,-0.569,-15.75,0,0,415580160,0,4,1,ossuary
30.983,10.661,0.958,0.0,10.531,1.016,130,387556,158,15.345,-0.569,-15.75,0,0,415580160,0,4,1,ossuary
30.994,11.503,0.903,0.0,10.531,1.016,130,387556,158,15.346,-0.546,-15.711,0,0,415580160,0,4,1,ossuary
31.006,10.452,1.025,0.0,10.531,1.016,130,387556,158,15.346,-0.524,-15.673,0,0,415580160,0,4,1,ossuary
31.017,10.67,0.844,0.0,10.531,1.016,130,387556,158,15.346,-0.524,-15.673,0,0,415580160,0,4,1,ossuary
31.028,12.849,0.389,0.0,10.531,1.016,130,387556,158,15.347,-0.501,-15.634,0,0,415580160,0,4,1,ossuary
31.039,9.793,0.39,0.0,10.531,1.016,130,387556,158,15.347,-0.478,-15.595,0,0,415580160,0,4,1,ossuary
31.05,11.207,1.145,0.0,10.531,1.016,130,387556,158,15.347,-0.478,-15.595,0,0,415580160,0,4,1,ossuary
31.061,12.342,0.496,0.0,10.531,1.016,130,387556,158,15.348,-0.455,-15.557,0,0,415580160,0,4,1,ossuary
31.072,10.592,1.07,0.0,10.531,1.016,133,387712,234,15.348,-0.433,-15.518,0,0,415580160,0,4,1,ossuary
31.083,10.52,1.167,0.0,10.531,1.016,130,375022,231,15.348,-0.433,-15.518,0,0,415580160,0,4,1,ossuary
31.094,11.612,0.851,0.0,10.531,1.016,130,375022,231,15.349,-0.41,-15.48,0,0,415580160,0,4,1,ossuary
31.106,10.734,0.98,0.0,10.531,1.016,130,375022,231,15.349,-0.387,-15.441,0,0,415580160,0,4,1,ossuary
31.117,10.751,1.042,0.0,10.531,1.016,130,375022,231,15.349,-0.387,-15.441,0,0,415580160,0,4,1,ossuary
31.128,11.577,0.843,0.0,10.531,1.016,130,375022,231,15.35,-0.365,-15.403,0,0,415580160,0,4,1,ossuary
31.139,10.73,0.928,0.0,10.531,1.016,128,375018,229,15.351,-0.342,-15.364,0,0,415580160,0,4,1,ossuary
31.15,10.432,0.586,0.0,10.531,1.016,128,375018,229,15.351,-0.342,-15.364,0,0,415580160,0,4,1,ossuary
31.161,11.896,0.796,0.0,10.531,1.016,128,375018,229,15.351,-0.319,-15.326,0,0,415580160,0,4,1,ossuary
31.172,10.94,0.933,0.0,10.531,1.016,128,375018,229,15.352,-0.297,-15.287,0,0,415580160,0,4,1,ossuary
31.183,10.343,0.862,0.0,10.531,1.016,128,375018,229,15.352,-0.297,-15.287,0,0,415580160,0,4,1,ossuary
31.194,12.079,0.813,0.0,10.531,1.016,128,375018,229,15.352,-0.274,-15.249,0,0,415580160,0,4,1,ossuary
31.206,10.767,1.133,0.0,10.531,1.016,128,375018,229,15.353,-0.251,-15.21,0,0,415580160,0,4,1,ossuary
31.217,10.045,0.95,0.0,10.531,1.016,128,375018,229,15.353,-0.251,-15.21,0,0,415580160,0,4,1,ossuary
31.228,13.462,0.928,0.0,10.531,1.016,128,375018,229,15.353,-0.229,-15.171,0,0,415580160,0,4,1,ossuary
31.239,10.152,0.481,0.0,12.461,1.46,127,372548,228,15.354,-0.206,-15.133,0,0,415580160,0,4,1,ossuary
31.25,9.943,0.946,0.0,12.461,1.46,127,372548,228,15.354,-0.206,-15.133,0,0,415580160,0,4,1,ossuary
31.261,70.049,0.806,0.0,12.461,1.46,127,372548,228,15.354,-0.183,-15.094,0,0,415580160,0,5,1,skull
31.33,3.887,0.854,0.0,12.461,1.46,175,503442,377,15.356,-0.092,-14.94,0,0,419872768,0,5,1,skull
31.341,10.185,0.564,0.0,12.461,1.46,175,503442,377,15.357,-0.07,-14.902,0,0,419872768,0,5,1,skull
31.352,11.431,0.434,0.0,12.461,1.46,175,503442,377,15.357,-0.047,-14.863,0,0,419872768,0,5,1,skull
31.367,11.283,0.36,0.0,12.461,1.46,175,503442,377,15.358,-0.024,-14.825,0,0,419872768,0,5,1,skull
31.383,11.667,0.336,0.0,12.461,1.46,173,503210,375,15.358,-0.002,-14.786,0,0,419872768,0,5,1,skull
31.395,11.117,0.402,0.0,12.461,1.46,173,503210,375,15.358,-0.002,-14.786,0,0,419872768,0,5,1,skull
31.407,12.075,0.382,0.0,12.461,1.46,173,503210,375,15.359,0.021,-14.747,0,0,419872768,0,5,1,skull
31.418,11.343,0.369,0.0,12.461,1.46,170,500210,372,15.359,0.044,-14.709,0,0,419872768,0,5,1,skull
31.43,11.083,0.347,0.0,12.461,1.46,170,500210,372,15.359,0.044,-14.709,0,0,419872768,0,5,1,skull
31.441,11.823,0.329,0.0,12.461,1.46,170,500210,372,15.36,0.067,-14.67,0,0,419872768,0,5,1,skull
31.453,11.885,0.302,0.0,12.461,1.46,169,499746,371,15.36,0.089,-14.632,0,0,419872768,0,5,1,skull
31.464,10.809,0.355,0.0,12.461,1.46,169,499746,371,15.36,0.089,-14.632,0,0,419872768,0,5,1,skull
31.476,11.959,0.37,0.0,12.461,1.46,169,499746,371,15.361,0.112,-14.593,0,0,419872768,0,5,1,skull
31.487,11.44,0.385,0.0,12.461,1.46,169,499746,371,15.361,0.135,-14.555,0,0,419872768,0,5,1,skull
31.498,11.021,0.332,0.0,12.461,1.46,169,499746,371,15.361,0.135,-14.555,0,0,419872768,0,5,1,skull
31.51,12.103,0.368,0.0,12.461,1.46,169,499746,371,15.362,0.157,-14.516,0,0,419872768,0,5,1,skull
31.521,11.714,0.413,0.0,12.461,1.46,169,499746,371,15.362,0.18,-14.478,0,0,419872768,0,5,1,skull
31.532,11.09,0.391,0.0,12.461,1.46,168,499396,370,15.362,0.18,-14.478,0,0,419872768,0,5,1,skull
31.543,12.414,0.374,0.0,12.461,1.46,168,499396,370,15.363,0.203,-14.439,0,0,419872768,0,5,1,skull
31.554,11.544,0.356,0.0,12.461,1.46,167,498699,369,15.363,0.225,-14.401,0,0,419872768,0,5,1,skull
31.565,11.352,0.355,0.0,12.461,1.46,167,498699,369,15.363,0.225,-14.401,0,0,419872768,0,5,1,skull
31.576,12.289,0.327,0.0,12.461,1.46,167,498699,369,15.364,0.248,-14.362,0,0,419872768,0,5,1,skull
31.587,12.119,0.346,0.0,12.461,1.46,167,498699,369,15.364,0.271,-14.324,0,0,419872768,0,5,1,skull
31.598,11.085,0.453,0.0,12.461,1.46,167,498699,369,15.364,0.271,-14.324,0,0,419872768,0,5,1,skull
31.61,12.459,0.358,0.0,12.461,1.46,167,498699,369,15.365,0.293,-14.285,0,0,419872768,0,5,1,skull
31.621,11.837,0.384,0.0,12.461,1.46,167,498699,369,15.365,0.316,-14.246,0,0,419872768,0,5,1,skull
31.632,11.181,0.462,0.0,12.461,1.46,167,498699,369,15.365,0.316,-14.246,0,0,419872768,0,5,1,skull
31.643,12.21,0.379,0.0,12.461,1.46,167,498699,369,15.366,0.336,-14.206,0,0,419872768,0,5,1,skull
31.655,12.117,0.516,0.0,12.461,1.46,167,498699,369,15.366,0.345,-14.164,0,0,419872768,0,5,1,skull
31.667,11.379,0.358,0.0,12.461,1.46,167,498699,369,15.367,0.357,-14.12,0,0,419872768,0,5,1,skull
31.678,12.325,0.353,0.0,12.461,1.46,167,498699,369,15.367,0.357,-14.12,0,0,419872768,0,5,1,skull
31.69,12.443,0.389,0.0,12.461,1.46,167,498699,369,15.367,0.35,-14.075,0,0,419872768,0,5,1,skull
31.702,12.696,1.239,0.0,12.461,1.46,167,498699,369,15.367,0.356,-14.03,0,0,419872768,0,5,1,skull
31.713,11.815,0.401,0.0,12.461,1.46,166,489019,368,15.367,0.356,-14.03,0,0,419872768,0,5,1,skull
31.725,14.046,0.409,0.0,12.461,1.46,166,489019,368,15.368,0.351,-13.985,0,0,419872768,0,5,1,skull
31.737,11.476,0.43,0.0,12.461,1.46,166,489019,368,15.368,0.359,-13.94,0,0,419872768,0,5,1,skull
31.748,11.007,0.951,0.0,12.461,1.46,166,489019,368,15.368,0.359,-13.94,0,0,419872768,0,5,1,skull
31.76,12.587,1.069,0.0,12.461,1.46,166,489019,368,15.368,0.36,-13.895,0,0,419872768,0,5,1,skull
31.772,11.688,0.394,0.0,12.461,1.46,166,489019,368,15.369,0.36,-13.85,0,0,419872768,0,5,1,skull
31.783,12.598,0.488,0.0,12.461,1.46,166,489019,368,15.369,0.36,-13.805,0,0,419872768,0,5,1,skull
31.795,10.71,0.419,0.0,12.461,1.46,166,489019,368,15.369,0.36,-13.805,0,0,419872768,0,5,1,skull
31.807,12.749,0.98,0.0,12.461,1.46,166,489019,368,15.369,0.36,-13.76,0,0,419872768,0,5,1,skull
31.818,10.801,0.986,0.0,12.461,1.46,163,486843,365,15.37,0.36,-13.715,0,0,419872768,0,5,1,skull
31.83,11.919,0.922,0.0,12.461,1.46,163,486843,365,15.37,0.36,-13.715,0,0,419872768,0,5,1,skull
31.842,11.929,0.535,0.0,12.461,1.46,163,486843,365,15.37,0.36,-13.67,0,0,419872768,0,5,1,skull
31.853,12.754,0.969,0.0,12.461,1.46,161,484763,363,15.37,0.36,-13.625,0,0,419872768,0,5,1,skull
31.865,10.732,0.446,0.0,12.461,1.46,161,484763,363,15.37,0.36,-13.625,0,0,419872768,0,5,1,skull
31.877,12.44,1.001,0.0,12.461,1.46,161,484763,363,15.37,0.36,-13.58,0,0,419872768,0,5,1,skull
31.888,11.725,1.086,0.0,12.461,1.46,161,484763,363,15.371,0.36,-13.535,0,0,419872768,0,5,1,skull
31.9,12.069,0.918,0.0,12.461,1.46,161,484763,363,15.371,0.36,-13.49,0,0,419872768,0,5,1,skull
31.912,10.841,0.96,0.0,12.461,1.46,159,484437,361,15.371,0.36,-13.49,0,0,419872768,0,5,1,skull
31.923,12.393,0.914,0.0,12.461,1.46,159,484437,361,15.371,0.36,-13.445,0,0,419872768,0,5,1,skull
31.935,11.142,1.006,0.0,12.461,1.46,156,473517,358,15.371,0.36,-13.4,0,0,419872768,0,5,1,skull
31.947,12.119,0.901,0.0,12.461,1.46,156,473517,358,15.371,0.36,-13.4,0,0,419872768,0,5,1,skull
31.958,12.441,0.48,0.0,12.461,1.46,156,473517,358,15.371,0.36,-13.355,0,0,419872768,0,5,1,skull
31.97,12.37,1.358,0.0,12.461,1.46,156,473517,358,15.371,0.36,-13.31,0,0,419872768,0,5,1,skull
31.982,11.097,0.994,0.0,12.461,1.46,154,473493,356,15.371,0.36,-13.31,0,0,419872768,0,5,1,skull
31.994,12.71,0.623,0.0,12.461,1.46,154,473493,356,15.371,0.36,-13.265,0,0,419872768,0,5,1,skull
32.005,11.883,1.261,0.0,12.461,1.46,154,473613,356,15.371,0.36,-13.22,0,0,419872768,0,5,1,skull
32.017,11.64,0.95,0.0,12.461,1.46,154,473613,356,15.372,0.36,-13.175,0,0,419872768,0,5,1,skull
32.029,10.852,0.983,0.0,12.461,1.46,154,473613,356,15.372,0.36,-13.175,0,0,419872768,0,5,1,skull
32.04,12.481,0.964,0.0,12.461,1.46,154,473613,356,15.372,0.36,-13.13,0,0,419872768,0,5,1,skull
32.052,11.688,1.115,0.0,12.461,1.46,155,474310,357,15.372,0.36,-13.085,0,0,419872768,0,5,1,skull
32.064,10.96,1.145,0.0,12.461,1.46,156,474660,358,15.372,0.36,-13.085,0,0,419872768,0,5,1,skull
32.076,12.494,1.067,0.0,12.461,1.46,156,474660,358,15.372,0.36,-13.04,0,0,419872768,0,5,1,skull
32.087,11.514,1.174,0.0,12.461,1.46,154,474636,356,15.372,0.36,-12.995,0,0,419872768,0,5,1,skull
32.099,10.913,0.909,0.0,12.461,1.46,154,474636,356,15.372,0.36,-12.995,0,0,419872768,0,5,1,skull
32.111,12.297,0.863,0.0,12.461,1.46,154,474636,356,15.372,0.36,-12.95,0,0,419872768,0,5,1,skull
32.122,11.399,0.997,0.0,12.461,1.46,154,474636,356,15.372,0.36,-12.905,0,0,419872768,0,5,1,skull
32.134,11.215,0.915,0.0,12.461,1.46,154,474636,356,15.372,0.36,-12.86,0,0,419872768,0,5,1,skull
32.146,10.707,0.88,0.0,12.461,1.46,154,474636,356,15.372,0.36,-12.86,0,0,419872768,0,5,1,skull
32.157,11.986,0.869,0.0,12.461,1.46,154,474636,356,15.372,0.36,-12.815,0,0,419872768,0,5,1,skull
32.169,12.03,1.127,0.0,12.461,1.46,154,474636,356,15.372,0.36,-12.77,0,0,419872768,0,5,1,skull
32.181,10.367,0.986,0.0,12.461,1.46,154,474636,356,15.372,0.36,-12.77,0,0,419872768,0,5,1,skull
32.192,12.001,0.827,0.0,12.461,1.46,154,474636,356,15.372,0.36,-12.725,0,0,419872768,0,5,1,skull
32.204,12.104,1.003,0.0,12.461,1.46,154,474636,356,15.372,0.36,-12.68,0,0,419872768,0,5,1,skull
32.216,10.407,0.848,0.0,12.461,1.46,154,474636,356,15.372,0.36,-12.68,0,0,419872768,0,5,1,skull
32.227,12.237,0.926,0.0,12.461,1.46,154,474636,356,15.372,0.36,-12.635,0,0,419872768,0,5,1,skull
32.239,12.049,1.181,0.0,12.045,59.055,153,474634,355,15.372,0.36,-12.59,0,0,419872768,0,5,1,skull
32.251,10.995,0.887,0.0,12.045,59.055,150,474478,279,15.372,0.36,-12.545,0,0,419872768,0,5,1,skull
32.262,11.034,0.615,0.0,12.045,59.055,153,477478,282,15.372,0.36,-12.545,0,0,419872768,0,5,1,skull
32.274,11.439,0.959,0.0,12.045,59.055,153,477478,282,15.372,0.36,-12.502,0,0,419872768,0,5,1,skull
32.286,11.386,1.35,0.0,12.045,59.055,149,486901,278,15.373,0.36,-12.461,0,0,419872768,0,5,1,skull
32.297,10.862,0.397,0.0,12.045,59.055,137,478658,266,15.373,0.36,-12.461,0,0,419872768,0,5,1,skull
32.309,12.265,0.347,0.0,12.045,59.055,137,478658,266,15.375,0.36,-12.421,0,0,419872768,0,5,1,skull
32.321,12.312,0.339,0.0,12.045,59.055,137,596760,266,15.378,0.36,-12.381,0,0,419872768,0,5,1,skull
32.332,11.17,0.567,0.0,12.045,59.055,139,605338,268,15.378,0.36,-12.381,0,0,419872768,0,5,1,skull
32.344,12.497,0.832,0.0,12.045,59.055,139,605338,268,15.383,0.36,-12.341,0,0,419872768,0,5,1,skull
32.356,11.696,1.152,0.0,12.045,59.055,149,633642,278,15.389,0.36,-12.302,0,0,419872768,0,5,1,skull
32.367,12.376,1.107,0.0,12.045,59.055,152,633784,281,15.397,0.36,-12.263,0,0,419872768,0,5,1,skull
32.379,11.077,1.108,0.0,12.045,59.055,156,637404,285,15.397,0.36,-12.263,0,0,419872768,0,5,1,skull
32.391,27.739,0.869,0.0,12.045,59.055,156,637404,285,15.407,0.36,-12.225,0,0,419872768,0,6,1,church
32.406,1.561,0.994,0.0,12.045,59.055,187,676076,262,15.418,0.36,-12.186,0,0,420184064,0,6,1,church
32.419,12.736,0.403,0.0,12.045,59.055,186,676074,261,15.431,0.36,-12.148,0,0,420184064,0,6,1,church
32.431,11.774,0.324,0.0,12.045,59.055,186,673430,261,15.431,0.36,-12.148,0,0,420184064,0,6,1,church
32.443,12.465,0.398,0.0,12.045,59.055,186,673430,261,15.446,0.36,-12.11,0,0,420184064,0,6,1,church
32.455,12.187,0.432,0.0,12.045,59.055,190,681374,265,15.462,0.36,-12.072,0,0,420184064,0,6,1,church
32.468,11.918,0.344,0.0,12.045,59.055,190,681374,265,15.479,0.36,-12.034,0,0,420184064,0,6,1,church
32.48,11.946,0.377,0.0,12.045,59.055,188,681192,263,15.479,0.36,-12.034,0,0,420184064,0,6,1,church
32.493,14.032,0.433,0.0,12.045,59.055,188,681192,263,15.498,0.36,-11.997,0,0,420184064,0,6,1,church
32.506,9.977,1.053,0.0,12.045,59.055,188,682966,263,15.519,0.36,-11.96,0,0,420184064,0,6,1,church
32.518,11.839,0.349,0.0,12.045,59.055,188,682910,263,15.54,0.36,-11.923,0,0,420184064,0,6,1,church
32.531,12.996,0.336,0.0,12.045,59.055,183,682558,258,15.54,0.36,-11.923,0,0,420184064,0,6,1,church
32.543,12.605,0.456,0.0,12.045,59.055,183,682558,258,15.562,0.36,-11.887,0,0,420184064,0,6,1,church
32.556,12.148,1.299,0.0,12.045,59.055,181,682442,256,15.586,0.36,-11.851,0,0,420184064,0,6,1,church
32.568,11.869,1.084,0.0,12.045,59.055,179,682320,254,15.61,0.36,-11.815,0,0,420184064,0,6,1,church
32.581,11.662,0.922,0.0,12.045,59.055,180,682330,255,15.61,0.36,-11.815,0,0,420184064,0,6,1,church
32.593,12.642,0.977,0.0,12.045,59.055,180,682330,255,15.635,0.36,-11.78,0,0,420184064,0,6,1,church
32.606,12.249,1.168,0.0,12.045,59.055,182,682334,257,15.661,0.36,-11.745,0,0,420184064,0,6,1,church
32.618,11.7,1.138,0.0,12.045,59.055,181,682298,256,15.688,0.36,-11.71,0,0,420184064,0,6,1,church
32.631,11.981,0.944,0.0,12.045,59.055,181,682298,256,15.688,0.36,-11.71,0,0,420184064,0,6,1,church
32.643,13.22,1.01,0.0,12.045,59.055,181,682298,256,15.716,0.36,-11.676,0,0,420184064,0,6,1,church
32.656,11.715,1.136,0.0,12.045,59.055,180,682296,255,15.744,0.36,-11.642,0,0,420184064,0,6,1,church
32.668,12.21,0.946,0.0,12.045,59.055,179,682252,254,15.772,0.36,-11.608,0,0,420184064,0,6,1,church
32.681,11.399,1.173,0.0,12.045,59.055,178,682228,253,15.772,0.36,-11.608,0,0,420184064,0,6,1,church
32.693,12.667,1.122,0.0,12.045,59.055,178,682228,253,15.801,0.36,-11.575,0,0,420184064,0,6,1,church
32.705,11.908,1.138,0.0,12.045,59.055,177,682174,252,15.831,0.36,-11.541,0,0,420184064,0,6,1,church
32.717,11.789,1.029,0.0,12.045,59.055,177,682174,252,15.861,0.36,-11.508,0,0,420184064,0,6,1,church
32.73,11.407,1.015,0.0,12.045,59.055,177,682174,252,15.861,0.36,-11.508,0,0,420184064,0,6,1,church
32.742,12.482,1.105,0.0,12.045,59.055,177,682174,252,15.891,0.36,-11.476,0,0,420184064,0,6,1,church
32.754,11.95,0.422,0.0,12.045,59.055,177,682174,252,15.922,0.36,-11.443,0,0,420184064,0,6,1,church
32.766,12.822,0.369,0.0,12.045,59.055,177,682174,252,15.922,0.36,-11.443,0,0,420184064,0,6,1,church
32.778,11.056,0.417,0.0,12.045,59.055,177,682174,252,15.953,0.36,-11.411,0,0,420184064,0,6,1,church
32.79,12.063,0.475,0.0,12.045,59.055,177,682174,252,15.984,0.36,-11.379,0,0,420184064,0,6,1,church
32.802,11.946,0.347,0.0,12.045,59.055,177,682174,252,16.015,0.36,-11.347,0,0,420184064,0,6,1,church
32.814,11.547,0.693,0.0,12.045,59.055,176,682154,251,16.015,0.36,-11.347,0,0,420184064,0,6,1,church
32.827,13.589,0.335,0.0,12.045,59.055,176,682154,251,16.047,0.36,-11.316,0,0,420184064,0,6,1,church
32.839,11.814,0.453,0.0,12.045,59.055,176,682154,251,16.079,0.36,-11.284,0,0,420184064,0,6,1,church
32.851,11.586,1.274,0.0,12.045,59.055,176,682154,251,16.111,0.36,-11.253,0,0,420184064,0,6,1,church
32.863,11.959,0.752,0.0,12.045,59.055,176,682154,251,16.111,0.36,-11.253,0,0,420184064,0,6,1,church
32.875,12.729,0.442,0.0,12.045,59.055,176,682154,251,16.143,0.36,-11.222,0,0,420184064,0,6,1,church
32.887,11.654,1.213,0.0,12.045,59.055,176,682154,251,16.176,0.36,-11.191,0,0,420184064,0,6,1,church
32.899,11.192,0.904,0.0,12.045,59.055,176,682154,251,16.176,0.36,-11.191,0,0,420184064,0,6,1,church
32.911,12.56,0.963,0.0,12.045,59.055,176,682154,251,16.208,0.36,-11.16,0,0,420184064,0,6,1,church
32.924,12.478,1.189,0.0,12.045,59.055,176,682154,251,16.241,0.36,-11.129,0,0,420184064,0,6,1,church
32.936,11.499,1.058,0.0,12.045,59.055,176,682154,251,16.274,0.36,-11.099,0,0,420184064,0,6,1,church
32.948,10.914,1.154,0.0,12.045,59.055,176,682154,251,16.274,0.36,-11.099,0,0,420184064,0,6,1,church
32.96,13.032,1.022,0.0,12.045,59.055,176,682154,251,16.307,0.36,-11.068,0,0,420184064,0,6,1,church
32.972,11.868,0.509,0.0,12.045,59.055,176,682154,251,16.34,0.36,-11.038,0,0,420184064,0,6,1,church
32.984,11.548,0.745,0.0,12.045,59.055,176,682154,251,16.373,0.36,-11.007,0,0,420184064,0,6,1,church
32.996,11.229,1.146,0.0,12.045,59.055,176,682154,251,16.373,0.36,-11.007,0,0,420184064,0,6,1,church
33.008,11.782,0.971,0.0,12.045,59.055,176,682154,251,16.406,0.36,-10.977,0,0,420184064,0,6,1,church
33.021,13.113,1.036,0.0,12.045,59.055,176,682154,251,16.44,0.36,-10.947,0,0,420184064,0,6,1,church
33.033,10.818,0.514,0.0,12.045,59.055,176,682154,251,16.44,0.36,-10.947,0,0,420184064,0,6,1,church
33.045,12.44,0.988,0.0,12.045,59.055,176,682154,251,16.473,0.36,-10.916,0,0,420184064,0,6,1,church
33.057,11.745,1.15,0.0,12.045,59.055,175,679462,250,16.506,0.36,-10.886,0,0,420184064,0,6,1,church
33.069,11.736,0.994,0.0,12.045,59.055,175,679462,250,16.54,0.36,-10.856,0,0,420184064,0,6,1,church
33.081,10.962,1.027,0.0,12.045,59.055,175,679462,250,16.54,0.36,-10.856,0,0,420184064,0,6,1,church
33.093,11.571,0.687,0.0,12.045,59.055,175,679462,250,16.573,0.36,-10.826,0,0,420184064,0,6,1,church
33.105,11.19,1.174,0.0,12.045,59.055,175,679462,250,16.607,0.36,-10.796,0,0,420184064,0,6,1,church
33.117,11.812,0.422,0.0,12.045,59.055,175,679462,250,16.641,0.36,-10.767,0,0,420184064,0,6,1,church
33.129,10.85,0.346,0.0,12.045,59.055,175,679462,250,16.641,0.36,-10.767,0,0,420184064,0,6,1,church
33.141,11.902,0.329,0.0,12.045,59.055,175,679462,250,16.674,0.36,-10.737,0,0,420184064,0,6,1,church
33.152,11.215,0.531,0.0,12.045,59.055,175,679462,250,16.708,0.36,-10.707,0,0,420184064,0,6,1,church
33.164,12.033,0.332,0.0,12.045,59.055,175,679462,250,16.708,0.36,-10.707,0,0,420184064,0,6,1,church
33.176,12.031,0.449,0.0,12.045,59.055,175,679462,250,16.742,0.36,-10.677,0,0,420184064,0,6,1,church
33.187,11.298,1.3,0.0,12.045,59.055,175,679462,250,16.775,0.36,-10.647,0,0,420184064,0,6,1,church
33.198,10.65,1.075,0.0,12.045,59.055,175,679462,250,16.775,0.36,-10.647,0,0,420184064,0,6,1,church
33.21,12.541,0.997,0.0,12.045,59.055,175,679462,250,16.809,0.36,-10.618,0,0,420184064,0,6,1,church
33.222,11.386,0.957,0.0,12.045,59.055,175,679462,250,16.843,0.36,-10.588,0,0,420184064,0,6,1,church
33.233,10.947,1.136,0.0,12.045,59.055,175,679462,250,16.843,0.36,-10.588,0,0,420184064,0,6,1,church
33.244,11.928,1.142,0.0,12.045,59.055,175,679462,250,16.877,0.36,-10.558,0,0,420184064,0,6,1,church
33.255,10.424,1.256,0.0,14.083,16.391,175,679462,250,16.911,0.36,-10.529,0,0,420184064,0,6,1,church
33.266,11.207,0.858,0.0,14.083,16.391,175,679462,250,16.911,0.36,-10.529,0,0,420184064,0,6,1,church
33.277,12.739,0.355,0.0,14.083,16.391,175,679462,250,16.945,0.36,-10.499,0,0,420184064,0,6,1,church
33.288,11.231,0.699,0.0,14.083,16.391,175,679462,250,16.979,0.36,-10.469,0,0,420184064,0,6,1,church
33.299,10.665,1.224,0.0,14.083,16.391,175,679462,250,16.979,0.36,-10.469,0,0,420184064,0,6,1,church
33.31,12.509,0.959,0.0,14.083,16.391,175,679462,250,17.012,0.36,-10.44,0,0,420184064,0,6,1,church
33.322,11.71,0.415,0.0,14.083,16.391,175,679462,250,17.046,0.36,-10.41,0,0,420184064,0,6,1,church
33.333,10.788,0.95,0.0,14.083,16.391,175,679462,250,17.046,0.36,-10.41,0,0,420184064,0,6,1,church
33.344,11.815,0.909,0.0,14.083,16.391,175,679462,250,17.08,0.36,-10.381,0,0,420184064,0,6,1,church
33.355,10.988,1.049,0.0,14.083,16.391,175,679462,250,17.114,0.36,-10.351,0,0,420184064,0,6,1,church
33.366,11.399,0.5,0.0,14.083,16.391,174,679442,249,17.114,0.36,-10.351,0,0,420184064,0,6,1,church
33.377,12.238,0.418,0.0,14.083,16.391,174,679442,249,17.148,0.36,-10.322,0,0,420184064,0,6,1,church
33.388,11.177,1.141,0.0,14.083,16.391,175,679444,250,17.182,0.36,-10.292,0,0,420184064,0,6,1,church
33.399,11.058,1.023,0.0,14.083,16.391,175,679444,250,17.182,0.36,-10.292,0,0,420184064,0,6,1,church
33.41,12.315,1.054,0.0,14.083,16.391,175,679444,250,17.216,0.36,-10.263,0,0,420184064,0,6,1,church
33.422,11.242,1.103,0.0,14.083,16.391,176,679446,251,17.25,0.36,-10.233,0,0,420184064,0,6,1,church
33.433,10.975,0.94,0.0,14.083,16.391,176,679446,251,17.25,0.36,-10.233,0,0,420184064,0,6,1,church
33.444,12.313,0.932,0.0,14.083,16.391,176,679446,251,17.284,0.36,-10.204,0,0,420184064,0,6,1,church
33.455,10.371,1.116,0.0,14.083,16.391,176,679446,251,17.318,0.36,-10.174,0,0,420184064,0,6,1,church
33.466,11.712,0.874,0.0,14.083,16.391,176,679446,251,17.318,0.36,-10.174,0,0,420184064,0,6,1,church
33.477,12.077,0.434,0.0,14.083,16.391,176,679446,251,17.352,0.36,-10.145,0,0,420184064,0,6,1,church
33.489,11.582,1.239,0.0,14.083,16.391,176,679446,251,17.386,0.36,-10.115,0,0,420184064,0,6,1,church
33.5,11.911,1.014,0.0,14.083,16.391,176,679446,251,17.42,0.36,-10.086,0,0,420184064,0,6,1,church
33.512,10.442,1.117,0.0,14.083,16.391,176,679446,251,17.42,0.36,-10.086,0,0,420184064,0,6,1,church
33.523,12.186,1.069,0.0,14.083,16.391,176,679446,251,17.452,0.392,-10.07,0,0,420184064,0,6,1,church
33.534,11.354,1.175,0.0,14.083,16.391,176,679446,251,17.485,0.411,-10.048,0,0,420184064,0,6,1,church
33.546,10.903,1.086,0.0,14.083,16.391,176,679446,251,17.485,0.411,-10.048,0,0,420184064,0,6,1,church
33.558,12.371,0.939,0.0,14.083,16.391,176,679446,251,17.518,0.419,-10.022,0,0,420184064,0,6,1,church
33.569,12.227,1.131,0.0,14.083,16.391,175,679444,250,17.551,0.432,-9.999,0,0,420184064,0,6,1,church
33.581,10.175,0.592,0.0,14.083,16.391,175,679444,250,17.551,0.432,-9.999,0,0,420184064,0,6,1,church
33.593,12.533,1.097,0.0,14.083,16.391,175,679444,250,17.586,0.44,-10.002,0,0,420184064,0,6,1,church
33.604,11.505,1.031,0.0,14.083,16.391,174,679420,249,17.621,0.428,-9.996,0,0,420184064,0,6,1,church
33.616,10.921,1.047,0.0,14.083,16.391,174,679420,249,17.621,0.428,-9.996,0,0,420184064,0,6,1,church
33.627,12.293,0.937,0.0,14.083,16.391,174,679420,249,17.657,0.437,-9.99,0,0,420184064,0,6,1,church
33.639,11.32,1.14,0.0,14.083,16.391,174,679420,249,17.691,0.437,-9.976,0,0,420184064,0,6,1,church
33.65,11.48,0.978,0.0,14.083,16.391,174,679420,249,17.728,0.439,-9.967,0,0,420184064,0,6,1,church
33.662,10.998,0.964,0.0,14.083,16.391,173,679418,248,17.728,0.439,-9.967,0,0,420184064,0,6,1,church
33.673,12.87,1.028,0.0,14.083,16.391,173,679418,248,17.764,0.439,-9.954,0,0,420184064,0,6,1,church
33.685,10.959,1.018,0.0,14.083,16.391,173,679418,248,17.802,0.44,-9.946,0,0,420184064,0,6,1,church
33.697,11.046,0.867,0.0,14.083,16.391,172,679310,247,17.802,0.44,-9.946,0,0,420184064,0,6,1,church
33.708,12.694,1.021,0.0,14.083,16.391,172,679310,247,17.839,0.44,-9.936,0,0,420184064,0,6,1,church
33.72,11.366,1.076,0.0,14.083,16.391,172,679310,247,17.876,0.44,-9.922,0,0,420184064,0,6,1,church
33.732,11.26,0.846,0.0,14.083,16.391,172,679310,247,17.876,0.44,-9.922,0,0,420184064,0,6,1,church
33.743,12.777,1.066,0.0,14.083,16.391,172,679310,247,17.914,0.442,-9.914,0,0,420184064,0,6,1,church
33.755,11.665,1.073,0.0,14.083,16.391,172,679310,247,17.952,0.432,-9.9,0,0,420184064,0,6,1,church
33.767,12.267,1.283,0.0,14.083,16.391,172,679310,247,17.989,0.429,-9.887,0,0,420184064,0,6,1,church
33.778,11.992,0.902,0.0,14.083,16.391,172,679310,247,17.989,0.429,-9.887,0,0,420184064,0,6,1,church
33.79,11.906,1.183,0.0,14.083,16.391,172,679310,247,18.027,0.423,-9.87,0,0,420184064,0,6,1,church
33.802,11.806,1.023,0.0,14.083,16.391,172,679310,247,18.065,0.426,-9.851,0,0,420184064,0,6,1,church
33.813,11.224,0.39,0.0,14.083,16.391,172,679310,247,18.065,0.426,-9.851,0,0,420184064,0,6,1,church
33.825,12.333,0.367,0.0,14.083,16.391,172,679310,247,18.1,0.412,-9.828,0,0,420184064,0,6,1,church
33.837,12.268,0.353,0.0,14.083,16.391,172,679310,247,18.137,0.405,-9.807,0,0,420184064,0,6,1,church
33.848,11.573,0.452,0.0,14.083,16.391,173,679430,248,18.137,0.405,-9.807,0,0,420184064,0,6,1,church
33.86,13.47,0.352,0.0,14.083,16.391,173,679430,248,18.174,0.399,-9.784,0,0,420184064,0,6,1,church
33.872,12.636,0.588,0.0,14.083,16.391,172,677654,247,18.212,0.393,-9.761,0,0,420184064,0,6,1,church
33.883,11.853,1.06,0.0,14.083,16.391,170,677650,245,18.249,0.386,-9.737,0,0,420184064,0,6,1,church
33.895,11.324,1.023,0.0,14.083,16.391,170,677650,245,18.249,0.386,-9.737,0,0,420184064,0,6,1,church
33.907,13.041,0.997,0.0,14.083,16.391,170,677650,245,18.286,0.378,-9.713,0,0,420184064,0,6,1,church
33.918,11.824,0.981,0.0,14.083,16.391,170,677650,245,18.323,0.371,-9.688,0,0,420184064,0,6,1,church
33.93,11.125,0.562,0.0,14.083,16.391,170,677650,245,18.323,0.371,-9.688,0,0,420184064,0,6,1,church
33.942,12.746,1.106,0.0,14.083,16.391,170,677650,245,18.36,0.361,-9.663,0,0,420184064,0,6,1,church
33.953,11.947,0.913,0.0,14.083,16.391,170,677650,245,18.398,0.361,-9.638,0,0,420184064,0,6,1,church
33.965,11.491,1.03,0.0,14.083,16.391,170,677650,245,18.398,0.361,-9.638,0,0,420184064,0,6,1,church
33.977,12.724,0.652,0.0,14.083,16.391,170,677650,245,18.431,0.361,-9.609,0,0,420184064,0,6,1,church
33.989,11.977,1.188,0.0,14.083,16.391,170,677650,245,18.464,0.361,-9.579,0,0,420184064,0,6,1,church
34.001,11.891,1.026,0.0,14.083,16.391,171,677686,246,18.496,0.361,-9.548,0,0,420184064,0,6,1,church
34.013,11.383,0.961,0.0,14.083,16.391,171,677686,246,18.496,0.361,-9.548,0,0,420184064,0,6,1,church
34.025,12.529,1.02,0.0,14.083,16.391,171,677686,246,18.529,0.361,-9.518,0,0,420184064,0,6,1,church
34.037,11.943,1.027,0.0,14.083,16.391,170,674994,245,18.562,0.361,-9.487,0,0,420184064,0,6,1,church
34.049,11.563,1.499,0.0,14.083,16.391,170,674994,245,18.562,0.361,-9.487,0,0,420184064,0,6,1,church
34.061,13.311,0.48,0.0,14.083,16.391,170,674994,245,18.594,0.361,-9.457,0,0,420184064,0,6,1,church
34.073,11.36,1.046,0.0,14.083,16.391,169,699646,244,18.626,0.361,-9.426,0,0,420184064,0,6,1,church
34.085,12.343,1.084,0.0,14.083,16.391,169,699646,244,18.659,0.361,-9.394,0,0,420184064,0,6,1,church
34.098,11.597,0.939,0.0,14.083,16.391,169,699646,244,18.659,0.361,-9.394,0,0,420184064,0,6,1,church
34.11,12.978,1.026,0.0,14.083,16.391,169,699646,244,18.691,0.361,-9.363,0,0,420184064,0,6,1,church
34.122,11.611,1.052,0.0,14.083,16.391,169,699646,244,18.723,0.361,-9.332,0,0,420184064,0,6,1,church
34.134,12.017,1.07,0.0,14.083,16.391,170,699726,245,18.755,0.361,-9.3,0,0,420184064,0,6,1,church
34.146,10.976,1.042,0.0,14.083,16.391,169,699678,244,18.755,0.361,-9.3,0,0,420184064,0,6,1,church
34.158,12.457,1.125,0.0,14.083,16.391,169,699678,244,18.787,0.361,-9.269,0,0,420184064,0,6,1,church
34.17,13.059,0.4,0.0,14.083,16.391,169,699744,244,18.819,0.361,-9.237,0,0,420184064,0,6,1,church
34.182,11.323,0.383,0.0,14.083,16.391,169,699744,244,18.819,0.361,-9.237,0,0,420184064,0,6,1,church
34.194,12.672,0.947,0.0,14.083,16.391,169,699744,244,18.851,0.361,-9.206,0,0,420184064,0,6,1,church
34.206,12.411,1.063,0.0,14.083,16.391,170,699824,245,18.883,0.361,-9.174,0,0,420184064,0,6,1,church
34.219,11.696,0.646,0.0,14.083,16.391,170,699824,245,18.915,0.361,-9.142,0,0,420184064,0,6,1,church
34.231,11.524,0.961,0.0,14.083,16.391,170,699824,245,18.915,0.361,-9.142,0,0,420184064,0,6,1,church
34.243,12.506,1.116,0.0,12.333,1.147,170,699824,245,18.947,0.361,-9.111,0,0,420184064,0,6,1,church
34.255,11.973,0.945,0.0,12.333,1.147,170,699824,245,18.979,0.361,-9.079,0,0,420184064,0,6,1,church
34.267,11.953,0.351,0.0,12.333,1.147,171,699826,246,19.01,0.361,-9.047,0,0,420184064,0,6,1,church
34.279,11.788,0.33,0.0,12.333,1.147,171,699826,246,19.01,0.361,-9.047,0,0,420184064,0,6,1,church
34.291,12.925,0.334,0.0,12.333,1.147,171,699826,246,19.042,0.361,-9.015,0,0,420184064,0,6,1,church
34.304,12.063,0.423,0.0,12.333,1.147,170,699802,245,19.074,0.361,-8.983,0,0,420184064,0,6,1,church
34.316,11.786,0.345,0.0,12.333,1.147,170,699802,245,19.074,0.361,-8.983,0,0,420184064,0,6,1,church
34.328,12.928,0.249,0.0,12.333,1.147,170,699802,245,19.105,0.361,-8.951,0,0,420184064,0,6,1,church
34.34,12.291,0.617,0.0,12.333,1.147,170,699802,245,19.137,0.361,-8.919,0,0,420184064,0,6,1,church
34.353,13.675,0.353,0.0,12.333,1.147,171,700778,246,19.169,0.361,-8.887,0,0,420184064,0,6,1,church
34.365,10.859,0.358,0.0,12.333,1.147,171,700778,246,19.169,0.361,-8.887,0,0,420184064,0,6,1,church
34.378,13.318,1.153,0.0,12.333,1.147,171,700778,246,19.2,0.361,-8.855,0,0,420184064,0,6,1,church
34.39,12.55,0.913,0.0,12.333,1.147,171,703694,246,19.232,0.361,-8.823,0,0,420184064,0,6,1,church
34.403,12.708,1.078,0.0,12.333,1.147,171,703694,246,19.263,0.361,-8.791,0,0,420184064,0,6,1,church
34.415,11.74,1.233,0.0,12.333,1.147,171,703694,246,19.263,0.361,-8.791,0,0,420184064,0,6,1,church
34.428,13.586,0.879,0.0,12.333,1.147,171,703694,246,19.295,0.361,-8.759,0,0,420184064,0,6,1,church
34.44,12.074,0.901,0.0,12.333,1.147,171,703694,246,19.326,0.361,-8.727,0,0,420184064,0,6,1,church
34.453,12.689,0.992,0.0,12.333,1.147,171,703694,246,19.358,0.361,-8.694,0,0,420184064,0,6,1,church
34.466,12.23,1.033,0.0,12.333,1.147,171,703694,246,19.358,0.361,-8.694,0,0,420184064,0,6,1,church
34.478,12.562,1.205,0.0,12.333,1.147,171,703694,246,19.389,0.361,-8.662,0,0,420184064,0,6,1,church
34.491,11.973,1.007,0.0,12.333,1.147,171,703694,246,19.421,0.361,-8.63,0,0,420184064,0,6,1,church
34.503,12.367,2.189,0.0,12.333,1.147,171,703694,246,19.452,0.361,-8.598,0,0,420184064,0,6,1,church
34.516,12.839,0.387,0.0,12.333,1.147,171,703694,246,19.452,0.361,-8.598,0,0,420184064,0,6,1,church
34.528,12.928,0.368,0.0,12.333,1.147,171,703694,246,19.484,0.361,-8.566,0,0,420184064,0,6,1,church
34.541,12.906,1.122,0.0,12.333,1.147,170,703684,245,19.515,0.361,-8.534,0,0,420184064,0,6,1,church
34.553,12.277,1.177,0.0,12.333,1.147,170,703684,245,19.546,0.361,-8.501,0,0,420184064,0,6,1,church
34.566,11.805,0.993,0.0,12.333,1.147,170,703684,245,19.546,0.361,-8.501,0,0,420184064,0,6,1,church
34.578,13.303,0.912,0.0,12.333,1.147,170,703684,245,19.578,0.361,-8.469,0,0,420184064,0,6,1,church
34.591,12.291,0.87,0.0,12.333,1.147,171,703720,246,19.609,0.361,-8.437,0,0,420184064,0,6,1,church
34.603,12.698,0.971,0.0,12.333,1.147,172,703792,247,19.641,0.361,-8.405,0,0,420184064,0,6,1,church
34.616,12.023,0.536,0.0,12.333,1.147,172,703792,247,19.641,0.361,-8.405,0,0,420184064,0,6,1,church
34.629,13.312,0.921,0.0,12.333,1.147,172,703792,247,19.672,0.361,-8.372,0,0,420184064,0,6,1,church
34.641,12.524,0.836,0.0,12.333,1.147,172,703792,247,19.703,0.361,-8.34,0,0,420184064,0,6,1,church
34.654,12.268,1.011,0.0,12.333,1.147,172,703792,247,19.735,0.361,-8.308,0,0,420184064,0,6,1,church
34.666,11.78,0.948,0.0,12.333,1.147,171,703720,246,19.735,0.361,-8.308,0,0,420184064,0,6,1,church
34.68,14.288,0.363,0.0,12.333,1.147,171,703720,246,19.766,0.361,-8.276,0,0,420184064,0,6,1,church
34.692,12.453,0.88,0.0,12.333,1.147,171,703720,246,19.797,0.361,-8.243,0,0,420184064,0,6,1,church
34.705,12.464,0.897,0.0,12.333,1.147,171,703720,246,19.829,0.361,-8.211,0,0,420184064,0,6,1,church
34.717,12.92,0.95,0.0,12.333,1.147,170,701628,245,19.86,0.361,-8.179,0,0,420184064,0,6,1,church
34.73,11.877,0.896,0.0,12.333,1.147,169,698844,244,19.86,0.361,-8.179,0,0,420184064,0,6,1,church
34.743,13.527,0.55,0.0,12.333,1.147,169,698844,244,19.891,0.361,-8.146,0,0,420184064,0,6,1,church
34.756,12.076,0.544,0.0,12.333,1.147,169,698844,244,19.923,0.361,-8.114,0,0,420184064,0,6,1,church
34.769,11.85,1.175,0.0,12.333,1.147,169,698844,244,19.954,0.361,-8.082,0,0,420184064,0,6,1,church
34.782,12.659,0.959,0.0,12.333,1.147,169,698844,244,19.954,0.361,-8.082,0,0,420184064,0,6,1,church
34.795,13.246,0.494,0.0,12.333,1.147,169,698844,244,19.985,0.361,-8.05,0,0,420184064,0,6,1,church
34.808,11.86,0.872,0.0,12.333,1.147,169,698844,244,20.017,0.361,-8.017,0,0,420184064,0,6,1,church
34.821,12.436,1.02,0.0,12.333,1.147,167,698728,242,20.048,0.361,-7.985,0,0,420184064,0,6,1,church
34.834,13.225,0.34,0.0,12.333,1.147,167,698728,242,20.079,0.361,-7.953,0,0,420184064,0,6,1,church
34.847,12.416,0.358,0.0,12.333,1.147,167,698728,242,20.079,0.361,-7.953,0,0,420184064,0,6,1,church
34.86,14.005,0.367,0.0,12.333,1.147,167,698728,242,20.111,0.361,-7.92,0,0,420184064,0,6,1,church
34.873,12.999,0.495,0.0,12.333,1.147,167,698728,242,20.142,0.361,-7.888,0,0,420184064,0,6,1,church
34.886,13.157,0.373,0.0,12.333,1.147,167,698728,242,20.173,0.361,-7.856,0,0,420184064,0,6,1,church
34.899,12.75,0.347,0.0,12.333,1.147,167,698728,242,20.173,0.361,-7.856,0,0,420184064,0,6,1,church
34.912,13.555,0.39,0.0,12.333,1.147,167,698728,242,20.205,0.361,-7.823,0,0,420184064,0,6,1,church
34.925,12.564,0.906,0.0,12.333,1.147,166,698648,241,20.236,0.361,-7.791,0,0,420184064,0,6,1,church
34.938,13.616,0.997,0.0,12.333,1.147,166,698648,241,20.267,0.361,-7.759,0,0,420184064,0,6,1,church
34.951,12.439,1.014,0.0,12.333,1.147,167,698650,242,20.299,0.361,-7.726,0,0,420184064,0,6,1,church
34.964,11.816,1.039,0.0,12.333,1.147,167,698650,242,20.299,0.361,-7.726,0,0,420184064,0,6,1,church
34.977,13.014,0.957,0.0,12.333,1.147,167,698650,242,20.33,0.361,-7.694,0,0,420184064,0,6,1,church
34.99,12.411,0.837,0.0,12.333,1.147,165,698528,240,20.361,0.361,-7.662,0,0,420184064,0,6,1,church
35.003,12.687,0.951,0.0,12.333,1.147,165,698528,240,20.392,0.361,-7.629,0,0,420184064,0,6,1,church
35.016,12.057,0.972,0.0,12.333,1.147,165,698528,240,20.392,0.361,-7.629,0,0,420184064,0,6,1,church
35.029,13.102,0.927,0.0,12.333,1.147,165,698528,240,20.424,0.361,-7.597,0,0,420184064,0,6,1,church
35.042,12.41,0.896,0.0,12.333,1.147,165,698528,240,20.455,0.361,-7.565,0,0,420184064,0,6,1,church
35.055,12.436,1.0,0.0,12.333,1.147,165,698528,240,20.486,0.361,-7.532,0,0,420184064,0,6,1,church
35.067,12.506,1.065,0.0,12.333,1.147,165,698528,240,20.518,0.361,-7.5,0,0,420184064,0,6,1,church
35.08,11.793,0.974,0.0,12.333,1.147,165,698528,240,20.518,0.361,-7.5,0,0,420184064,0,6,1,church
35.093,13.058,0.973,0.0,12.333,1.147,165,698528,240,20.549,0.361,-7.468,0,0,420184064,0,6,1,church
35.106,12.514,0.997,0.0,12.333,1.147,165,698528,240,20.58,0.361,-7.435,0,0,420184064,0,6,1,church
35.118,12.64,0.976,0.0,12.333,1.147,165,698528,240,20.611,0.361,-7.403,0,0,420184064,0,6,1,church
35.131,12.005,0.967,0.0,12.333,1.147,165,698528,240,20.611,0.361,-7.403,0,0,420184064,0,6,1,church
35.144,13.199,0.983,0.0,12.333,1.147,165,698528,240,20.643,0.361,-7.37,0,0,420184064,0,6,1,church
35.156,12.474,0.874,0.0,12.333,1.147,164,698492,239,20.674,0.361,-7.338,0,0,420184064,0,6,1,church
35.169,12.715,1.057,0.0,12.333,1.147,164,698492,239,20.705,0.361,-7.306,0,0,420184064,0,6,1,church
35.181,11.776,0.973,0.0,12.333,1.147,164,698492,239,20.705,0.361,-7.306,0,0,420184064,0,6,1,church
35.194,13.136,0.973,0.0,12.333,1.147,164,698492,239,20.737,0.361,-7.274,0,0,420184064,0,6,1,church
35.206,12.446,0.879,0.0,12.333,1.147,163,698372,238,20.768,0.361,-7.242,0,0,420184064,0,6,1,church
35.219,12.508,1.014,0.0,12.333,1.147,162,698370,237,20.8,0.361,-7.21,0,0,420184064,0,6,1,church
35.231,11.945,0.967,0.0,12.333,1.147,162,698370,237,20.8,0.361,-7.21,0,0,420184064,0,6,1,church
35.244,13.03,1.096,0.0,13.276,1.177,162,698370,237,20.831,0.361,-7.178,0,0,420184064,0,6,1,church
35.256,12.416,0.865,0.0,13.276,1.177,161,696278,236,20.863,0.361,-7.146,0,0,420184064,0,6,1,church
35.269,12.562,0.979,0.0,13.276,1.177,161,696278,236,20.895,0.361,-7.115,0,0,420184064,0,6,1,church
35.281,11.909,0.973,0.0,13.276,1.177,161,696278,236,20.895,0.361,-7.115,0,0,420184064,0,6,1,church
35.294,13.099,0.721,0.0,13.276,1.177,161,696278,236,20.928,0.361,-7.083,0,0,420184064,0,6,1,church
35.307,12.865,0.817,0.0,13.276,1.177,162,696288,237,20.96,0.361,-7.052,0,0,420184064,0,6,1,church
35.319,12.498,1.005,0.0,13.276,1.177,162,696288,237,20.992,0.361,-7.021,0,0,420184064,0,6,1,church
35.332,11.976,1.031,0.0,13.276,1.177,162,696288,237,20.992,0.361,-7.021,0,0,420184064,0,6,1,church
35.344,13.071,0.973,0.0,13.276,1.177,162,696288,237,21.025,0.361,-6.99,0,0,420184064,0,6,1,church
35.357,12.542,0.949,0.0,13.276,1.177,162,696288,237,21.058,0.361,-6.96,0,0,420184064,0,6,1,church
35.369,12.482,0.993,0.0,13.276,1.177,162,696288,237,21.091,0.361,-6.929,0,0,420184064,0,6,1,church
35.382,12.105,1.062,0.0,13.276,1.177,162,696288,237,21.091,0.361,-6.929,0,0,420184064,0,6,1,church
35.394,13.086,0.995,0.0,13.276,1.177,158,696186,186,21.124,0.361,-6.899,0,0,420184064,0,6,1,church
35.407,12.694,0.894,0.0,13.276,1.177,158,696186,186,21.157,0.361,-6.868,0,0,420184064,0,6,1,church
35.42,13.206,0.929,0.0,13.276,1.177,158,696186,186,21.19,0.361,-6.838,0,0,420184064,0,6,1,church
35.432,11.559,1.012,0.0,13.276,1.177,159,696234,187,21.19,0.361,-6.838,0,0,420184064,0,6,1,church
35.445,13.011,0.887,0.0,13.276,1.177,159,696234,187,21.224,0.361,-6.808,0,0,420184064,0,6,1,church
35.457,12.684,1.471,0.0,13.276,1.177,159,696318,187,21.257,0.361,-6.778,0,0,420184064,0,6,1,church
35.47,12.67,1.58,0.0,13.276,1.177,159,696318,187,21.291,0.361,-6.748,0,0,420184064,0,6,1,church
35.483,11.999,0.977,0.0,13.276,1.177,159,696318,187,21.291,0.361,-6.748,0,0,420184064,0,6,1,church
35.495,13.22,0.98,0.0,13.276,1.177,159,696318,187,21.324,0.361,-6.718,0,0,420184064,0,6,1,church
35.508,12.602,1.065,0.0,13.276,1.177,160,698410,188,21.358,0.361,-6.688,0,0,420184064,0,6,1,church
35.52,12.182,1.086,0.0,13.276,1.177,160,698410,188,21.392,0.361,-6.658,0,0,420184064,0,6,1,church
35.533,12.343,0.929,0.0,13.276,1.177,161,698446,189,21.392,0.361,-6.658,0,0,420184064,0,6,1,church
35.546,13.427,0.424,0.0,13.276,1.177,161,698446,189,21.425,0.361,-6.628,0,0,420184064,0,6,1,church
35.558,12.558,0.875,0.0,13.276,1.177,163,700262,191,21.459,0.361,-6.599,0,0,420184064,0,6,1,church
35.571,12.456,0.528,0.0,13.276,1.177,163,700262,191,21.493,0.361,-6.569,0,0,420184064,0,6,1,church
35.584,12.825,0.976,0.0,13.276,1.177,163,700262,191,21.527,0.361,-6.54,0,0,420184064,0,6,1,church
35.596,11.908,1.052,0.0,13.276,1.177,163,700262,191,21.527,0.361,-6.54,0,0,420184064,0,6,1,church
35.609,13.084,0.941,0.0,13.276,1.177,163,700262,191,21.561,0.361,-6.51,0,0,420184064,0,6,1,church
35.621,12.766,0.866,0.0,13.276,1.177,163,700262,191,21.595,0.361,-6.481,0,0,420184064,0,6,1,church
35.634,12.614,1.049,0.0,13.276,1.177,163,700262,191,21.629,0.361,-6.451,0,0,420184064,0,6,1,church
35.647,12.555,0.974,0.0,13.276,1.177,163,700262,191,21.629,0.361,-6.451,0,0,420184064,0,6,1,church
35.659,12.726,1.042,0.0,13.276,1.177,163,700262,191,21.663,0.361,-6.422,0,0,420184064,0,6,1,church
35.672,11.954,0.981,0.0,13.276,1.177,164,700264,192,21.697,0.361,-6.392,0,0,420184064,0,6,1,church
35.685,13.322,1.028,0.0,13.276,1.177,164,700264,192,21.731,0.361,-6.363,0,0,420184064,0,6,1,church
35.697,12.017,0.385,0.0,13.276,1.177,164,700264,192,21.731,0.361,-6.363,0,0,420184064,0,6,1,church
35.71,13.057,0.908,0.0,13.276,1.177,164,700264,192,21.765,0.361,-6.334,0,0,420184064,0,6,1,church
35.722,12.561,0.871,0.0,13.276,1.177,164,700264,192,21.8,0.361,-6.305,0,0,420184064,0,6,1,church
35.735,12.796,0.937,0.0,13.276,1.177,163,699940,191,21.834,0.361,-6.275,0,0,420184064,0,6,1,church
35.748,12.042,0.894,0.0,13.276,1.177,162,699652,190,21.834,0.361,-6.275,0,0,420184064,0,6,1,church
35.76,13.127,0.949,0.0,13.276,1.177,162,699652,190,21.868,0.361,-6.246,0,0,420184064,0,6,1,church
35.773,12.666,0.886,0.0,13.276,1.177,162,699652,190,21.902,0.361,-6.217,0,0,420184064,0,6,1,church
35.786,12.738,0.914,0.0,13.276,1.177,162,699652,190,21.937,0.361,-6.188,0,0,420184064,0,6,1,church
35.798,12.025,0.764,0.0,13.276,1.177,162,699652,190,21.937,0.361,-6.188,0,0,420184064,0,6,1,church
35.811,13.375,0.895,0.0,13.276,1.177,162,699652,190,21.971,0.361,-6.159,0,0,420184064,0,6,1,church
35.824,12.609,0.868,0.0,13.276,1.177,162,699652,190,22.005,0.361,-6.129,0,0,420184064,0,6,1,church
35.836,12.093,0.941,0.0,13.276,1.177,162,699652,190,22.039,0.361,-6.1,0,0,420184064,0,6,1,church
35.849,12.27,0.941,0.0,13.276,1.177,162,699652,190,22.039,0.361,-6.1,0,0,420184064,0,6,1,church
35.862,13.129,0.373,0.0,13.276,1.177,162,699652,190,22.074,0.361,-6.071,0,0,420184064,0,6,1,church
35.874,12.824,0.347,0.0,13.276,1.177,161,695422,189,22.108,0.361,-6.042,0,0,420184064,0,6,1,church
35.887,12.898,0.342,0.0,13.276,1.177,161,695422,189,22.142,0.361,-6.013,0,0,420184064,0,6,1,church
35.9,13.534,0.367,0.0,13.276,1.177,161,695422,189,22.177,0.361,-5.984,0,0,420184064,0,6,1,church
35.913,13.0,0.462,0.0,13.276,1.177,160,670766,188,22.177,0.361,-5.984,0,0,420184064,0,6,1,church
35.926,13.626,0.84,0.0,13.276,1.177,160,670766,188,22.211,0.361,-5.955,0,0,420184064,0,6,1,church
35.939,13.241,0.868,0.0,13.276,1.177,160,670766,188,22.245,0.361,-5.926,0,0,420184064,0,6,1,church
35.952,13.103,0.854,0.0,13.276,1.177,160,670766,188,22.28,0.361,-5.897,0,0,420184064,0,6,1,church
35.965,12.987,0.869,0.0,13.276,1.177,160,670766,188,22.28,0.361,-5.897,0,0,420184064,0,6,1,church
35.978,12.809,1.032,0.0,13.276,1.177,160,670766,188,22.314,0.361,-5.868,0,0,420184064,0,6,1,church
35.991,12.899,0.997,0.0,13.276,1.177,160,670766,188,22.348,0.361,-5.839,0,0,420184064,0,6,1,church
36.004,13.168,0.958,0.0,13.276,1.177,160,670766,188,22.383,0.361,-5.81,0,0,420184064,0,6,1,church
36.017,13.018,0.89,0.0,13.276,1.177,159,667770,187,22.417,0.361,-5.78,0,0,420184064,0,6,1,church
36.03,12.512,0.941,0.0,13.276,1.177,158,666794,186,22.417,0.361,-5.78,0,0,420184064,0,6,1,church
36.043,12.936,1.049,0.0,13.276,1.177,158,666794,186,22.452,0.361,-5.751,0,0,420184064,0,6,1,church
36.056,12.5,1.037,0.0,13.276,1.177,158,666794,186,22.486,0.361,-5.722,0,0,420184064,0,6,1,church
36.069,12.27,0.981,0.0,13.276,1.177,158,666794,186,22.52,0.361,-5.693,0,0,420184064,0,6,1,church
36.082,12.593,1.098,0.0,13.276,1.177,159,666806,187,22.52,0.361,-5.693,0,0,420184064,0,6,1,church
36.094,12.424,0.462,0.0,13.276,1.177,159,666806,187,22.555,0.361,-5.664,0,0,420184064,0,6,1,church
36.107,12.706,2.267,0.0,13.276,1.177,159,666806,187,22.589,0.361,-5.635,0,0,420184064,0,6,1,church
36.119,12.607,0.384,0.0,13.276,1.177,159,666806,187,22.623,0.361,-5.606,0,0,420184064,0,6,1,church
36.132,12.093,0.327,0.0,13.276,1.177,159,666806,187,22.623,0.361,-5.606,0,0,420184064,0,6,1,church
36.145,14.099,0.383,0.0,13.276,1.177,159,666806,187,22.658,0.361,-5.577,0,0,420184064,0,6,1,church
36.157,12.453,0.467,0.0,13.276,1.177,157,664728,185,22.692,0.361,-5.548,0,0,420184064,0,6,1,church
36.17,12.2,1.315,0.0,13.276,1.177,157,664728,185,22.727,0.361,-5.519,0,0,420184064,0,6,1,church
36.183,12.44,0.717,0.0,13.276,1.177,157,664728,185,22.727,0.361,-5.519,0,0,420184064,0,6,1,church
36.195,12.777,0.952,0.0,13.276,1.177,157,664728,185,22.761,0.361,-5.49,0,0,420184064,0,6,1,church
36.208,12.715,1.245,0.0,13.276,1.177,157,664728,185,22.795,0.361,-5.461,0,0,420184064,0,6,1,church
36.22,11.91,0.894,0.0,13.276,1.177,156,661392,184,22.83,0.361,-5.432,0,0,420184064,0,6,1,church
36.233,12.109,1.003,0.0,13.276,1.177,156,661392,184,22.83,0.361,-5.432,0,0,420184064,0,6,1,church
36.245,12.987,0.308,0.0,13.134,1.008,156,661392,184,22.864,0.361,-5.403,0,0,420184064,0,6,1,church
36.258,12.431,0.253,0.0,13.134,1.008,156,661392,184,22.899,0.361,-5.374,0,0,420184064,0,6,1,church
36.27,13.279,0.336,0.0,13.134,1.008,155,659324,183,22.933,0.361,-5.345,0,0,420184064,0,6,1,church
36.283,11.386,0.561,0.0,13.134,1.008,155,659324,183,22.933,0.361,-5.345,0,0,420184064,0,6,1,church
36.295,12.89,3.159,0.0,13.134,1.008,155,659324,183,22.968,0.361,-5.316,0,0,420184064,0,6,1,church
36.308,12.477,0.362,0.0,13.134,1.008,155,659324,183,23.002,0.361,-5.287,0,0,420184064,0,6,1,church
36.32,12.584,0.305,0.0,13.134,1.008,152,659232,180,23.036,0.361,-5.258,0,0,420184064,0,6,1,church
36.333,12.624,0.328,0.0,13.134,1.008,152,659232,180,23.036,0.361,-5.258,0,0,420184064,0,6,1,church
36.345,13.088,0.362,0.0,13.134,1.008,152,659232,180,23.071,0.361,-5.229,0,0,420184064,0,6,1,church
36.358,12.526,1.083,0.0,13.134,1.008,152,659232,180,23.105,0.361,-5.2,0,0,420184064,0,6,1,church
36.37,11.545,1.007,0.0,13.134,1.008,152,659232,180,23.14,0.361,-5.171,0,0,420184064,0,6,1,church
36.383,12.603,1.244,0.0,13.134,1.008,152,659232,180,23.14,0.361,-5.171,0,0,420184064,0,6,1,church
36.396,12.464,0.377,0.0,13.134,1.008,152,659232,180,23.174,0.361,-5.142,0,0,420184064,0,6,1,church
36.408,12.335,0.297,0.0,13.134,1.008,152,659220,180,23.208,0.361,-5.113,0,0,420184064,0,6,1,church
36.421,13.938,0.292,0.0,13.134,1.008,152,659220,180,23.243,0.361,-5.084,0,0,420184064,0,6,1,church
36.433,10.821,0.369,0.0,13.134,1.008,152,659220,180,23.243,0.361,-5.084,0,0,420184064,0,6,1,church
36.446,12.948,1.007,0.0,13.134,1.008,152,659220,180,23.277,0.361,-5.055,0,0,420184064,0,6,1,church
36.458,12.232,0.321,0.0,13.134,1.008,152,659220,180,23.312,0.361,-5.026,0,0,420184064,0,6,1,church
36.471,12.434,0.361,0.0,13.134,1.008,152,659220,180,23.346,0.361,-4.997,0,0,420184064,0,6,1,church
36.483,12.932,0.322,0.0,13.134,1.008,153,659222,181,23.346,0.361,-4.997,0,0,420184064,0,6,1,church
36.496,13.024,0.434,0.0,13.134,1.008,153,659222,181,23.381,0.361,-4.968,0,0,420184064,0,6,1,church
36.508,12.637,1.195,0.0,13.134,1.008,152,659102,180,23.415,0.361,-4.939,0,0,420184064,0,6,1,church
36.521,11.317,1.094,0.0,13.134,1.008,152,659102,180,23.449,0.361,-4.91,0,0,420184064,0,6,1,church
36.533,12.379,2.92,0.0,13.134,1.008,152,659102,180,23.449,0.361,-4.91,0,0,420184064,0,6,1,church
36.546,12.795,0.341,0.0,13.134,1.008,152,659102,180,23.484,0.361,-4.881,0,0,420184064,0,6,1,church
36.558,12.661,0.344,0.0,13.134,1.008,151,659100,179,23.518,0.361,-4.852,0,0,420184064,0,6,1,church
36.571,12.311,0.296,0.0,13.134,1.008,151,659100,179,23.553,0.361,-4.823,0,0,420184064,0,6,1,church
36.583,13.054,0.335,0.0,13.134,1.008,151,659100,179,23.553,0.361,-4.823,0,0,420184064,0,6,1,church
36.596,12.569,0.39,0.0,13.134,1.008,151,659100,179,23.587,0.361,-4.794,0,0,420184064,0,6,1,church
36.608,13.178,1.348,0.0,13.134,1.008,151,659100,179,23.621,0.361,-4.765,0,0,420184064,0,6,1,church
36.621,11.376,1.058,0.0,13.134,1.008,151,659100,179,23.656,0.361,-4.736,0,0,420184064,0,6,1,church
36.633,11.808,1.553,0.0,13.134,1.008,150,658980,178,23.656,0.361,-4.736,0,0,420184064,0,6,1,church
36.646,12.924,0.437,0.0,13.134,1.008,150,658980,178,23.69,0.361,-4.707,0,0,420184064,0,6,1,church
36.658,16.13,0.344,0.0,13.134,1.008,150,658980,178,23.725,0.361,-4.679,0,0,420184064,0,6,1,church
36.671,9.468,0.915,0.0,13.134,1.008,149,658822,177,23.759,0.361,-4.65,0,0,420184064,0,6,1,church
36.683,11.39,1.298,0.0,13.134,1.008,149,658822,177,23.759,0.361,-4.65,0,0,420184064,0,6,1,church
36.696,14.008,0.951,0.0,13.134,1.008,149,658822,177,23.794,0.361,-4.621,0,0,420184064,0,6,1,church
36.708,11.879,0.476,0.0,13.134,1.008,149,658822,177,23.828,0.361,-4.592,0,0,420184064,0,6,1,church
36.721,12.552,0.986,0.0,13.134,1.008,149,658822,177,23.862,0.361,-4.563,0,0,420184064,0,6,1,church
36.733,11.678,0.561,0.0,13.134,1.008,149,658822,177,23.862,0.361,-4.563,0,0,420184064,0,6,1,church
36.746,13.35,0.925,0.0,13.134,1.008,149,658822,177,23.897,0.361,-4.534,0,0,420184064,0,6,1,church
36.758,11.34,1.204,0.0,13.134,1.008,149,658822,177,23.931,0.361,-4.505,0,0,420184064,0,6,1,church
36.771,12.754,1.067,0.0,13.134,1.008,149,658822,177,23.966,0.361,-4.476,0,0,420184064,0,6,1,church
36.783,12.502,0.341,0.0,13.134,1.008,149,658822,177,23.966,0.361,-4.476,0,0,420184064,0,6,1,church
36.796,13.263,0.37,0.0,13.134,1.008,149,658822,177,24.0,0.361,-4.447,0,0,420184064,0,6,1,church
36.808,12.261,0.987,0.0,13.134,1.008,150,658824,178,24.035,0.361,-4.418,0,0,420184064,0,6,1,church
36.821,13.021,0.987,0.0,13.134,1.008,150,658824,178,24.069,0.361,-4.389,0,0,420184064,0,6,1,church
36.833,10.887,1.057,0.0,13.134,1.008,150,658824,178,24.069,0.361,-4.389,0,0,420184064,0,6,1,church
36.846,12.456,0.848,0.0,13.134,1.008,150,658824,178,24.103,0.361,-4.36,0,0,420184064,0,6,1,church
36.858,12.337,0.915,0.0,13.134,1.008,150,658824,178,24.138,0.361,-4.331,0,0,420184064,0,6,1,church
36.871,12.355,0.417,0.0,13.134,1.008,150,658824,178,24.172,0.361,-4.302,0,0,420184064,0,6,1,church
36.883,11.801,0.339,0.0,13.134,1.008,150,658824,178,24.172,0.361,-4.302,0,0,420184064,0,6,1,church
36.896,12.742,0.393,0.0,13.134,1.008,150,658824,178,24.207,0.361,-4.273,0,0,420184064,0,6,1,church
36.908,12.356,0.33,0.0,13.134,1.008,150,658824,178,24.241,0.361,-4.244,0,0,420184064,0,6,1,church
36.921,12.237,0.61,0.0,13.134,1.008,150,658824,178,24.276,0.361,-4.215,0,0,420184064,0,6,1,church
36.933,12.556,0.329,0.0,13.134,1.008,150,658824,178,24.276,0.361,-4.215,0,0,420184064,0,6,1,church
36.946,12.584,0.479,0.0,13.134,1.008,150,658824,178,24.31,0.361,-4.186,0,0,420184064,0,6,1,church
36.958,12.379,1.08,0.0,13.134,1.008,149,658822,177,24.344,0.361,-4.157,0,0,420184064,0,6,1,church
36.971,12.429,0.964,0.0,13.134,1.008,149,658822,177,24.379,0.361,-4.128,0,0,420184064,0,6,1,church
36.983,11.533,1.059,0.0,13.134,1.008,147,658798,175,24.379,0.361,-4.128,0,0,420184064,0,6,1,church
36.996,13.61,1.054,0.0,13.134,1.008,147,658798,175,24.413,0.361,-4.099,0,0,420184064,0,6,1,church
37.008,12.947,0.433,0.0,13.134,1.008,147,658798,175,24.448,0.361,-4.07,0,0,420184064,0,6,1,church
37.021,12.369,0.408,0.0,13.134,1.008,146,658774,174,24.482,0.361,-4.041,0,0,420184064,0,6,1,church
37.033,13.08,0.347,0.0,13.134,1.008,146,658774,174,24.482,0.361,-4.041,0,0,420184064,0,6,1,church
37.046,12.805,0.456,0.0,13.134,1.008,146,658774,174,24.516,0.361,-4.012,0,0,420184064,0,6,1,church
37.058,12.356,1.563,0.0,13.134,1.008,146,658774,174,24.551,0.361,-3.983,0,0,420184064,0,6,1,church
37.071,12.417,1.013,0.0,13.134,1.008,146,658774,174,24.585,0.361,-3.954,0,0,420184064,0,6,1,church
37.083,11.177,0.969,0.0,13.134,1.008,145,658726,173,24.585,0.361,-3.954,0,0,420184064,0,6,1,church
37.096,12.897,0.948,0.0,13.134,1.008,145,658726,173,24.62,0.361,-3.925,0,0,420184064,0,6,1,church
37.108,12.263,0.858,0.0,13.134,1.008,145,658726,173,24.654,0.361,-3.896,0,0,420184064,0,6,1,church
37.121,13.899,1.231,0.0,13.134,1.008,145,658726,173,24.689,0.361,-3.867,0,0,420184064,0,6,1,church
37.133,9.151,0.587,0.0,13.134,1.008,145,658726,173,24.689,0.361,-3.867,0,0,420184064,0,6,1,church
37.146,13.483,0.955,0.0,13.134,1.008,145,658726,173,24.723,0.361,-3.838,0,0,420184064,0,6,1,church
37.158,11.318,0.395,0.0,13.134,1.008,145,658726,173,24.757,0.361,-3.809,0,0,420184064,0,6,1,church
37.171,11.968,0.382,0.0,13.134,1.008,143,658582,171,24.792,0.361,-3.78,0,0,420184064,0,6,1,church
37.183,12.388,0.336,0.0,13.134,1.008,144,658584,172,24.792,0.361,-3.78,0,0,420184064,0,6,1,church
37.196,11.891,0.388,0.0,13.134,1.008,144,658584,172,24.826,0.361,-3.751,0,0,420184064,0,6,1,church
37.208,12.269,0.891,0.0,13.134,1.008,144,658584,172,24.861,0.361,-3.722,0,0,420184064,0,6,1,church
37.221,12.095,0.315,0.0,13.134,1.008,144,658584,172,24.895,0.361,-3.693,0,0,420184064,0,6,1,church
37.233,11.776,0.379,0.0,13.134,1.008,143,658582,171,24.895,0.361,-3.693,0,0,420184064,0,6,1,church
37.246,14.055,0.447,0.0,13.134,1.008,143,658582,171,24.93,0.361,-3.664,0,0,420184064,0,6,1,church
37.258,12.128,0.484,0.0,13.187,1.368,142,658580,170,24.964,0.361,-3.635,0,0,420184064,0,6,1,church
37.271,12.075,1.09,0.0,13.187,1.368,142,658580,170,24.998,0.361,-3.606,0,0,420184064,0,6,1,church
37.283,10.804,0.764,0.0,13.187,1.368,142,658580,170,24.998,0.361,-3.606,0,0,420184064,0,6,1,church
37.295,13.381,1.22,0.0,13.187,1.368,142,658580,170,25.033,0.361,-3.577,0,0,420184064,0,6,1,church
37.307,11.219,0.556,0.0,13.187,1.368,142,658580,170,25.067,0.361,-3.548,0,0,420184064,0,6,1,church
37.318,12.084,1.024,0.0,13.187,1.368,142,658580,170,25.102,0.361,-3.519,0,0,420184064,0,6,1,church
37.33,11.068,0.984,0.0,13.187,1.368,142,658566,170,25.102,0.361,-3.519,0,0,420184064,0,6,1,church
37.342,12.312,0.988,0.0,13.187,1.368,142,658566,170,25.136,0.361,-3.49,0,0,420184064,0,6,1,church
37.354,11.789,0.846,0.0,13.187,1.368,142,658566,170,25.171,0.361,-3.461,0,0,420184064,0,6,1,church
37.365,11.147,0.932,0.0,13.187,1.368,142,658566,170,25.171,0.361,-3.461,0,0,420184064,0,6,1,church
37.377,12.2,0.968,0.0,13.187,1.368,142,658566,170,25.205,0.361,-3.432,0,0,420184064,0,6,1,church
37.389,11.914,0.952,0.0,13.187,1.368,142,658566,170,25.239,0.361,-3.403,0,0,420184064,0,6,1,church
37.401,11.671,0.956,0.0,13.187,1.368,142,658566,170,25.274,0.361,-3.374,0,0,420184064,0,6,1,church
37.413,11.587,1.0,0.0,13.187,1.368,142,658566,170,25.274,0.361,-3.374,0,0,420184064,0,6,1,church
37.424,13.567,0.949,0.0,13.187,1.368,142,658566,170,25.308,0.361,-3.345,0,0,420184064,0,6,1,church
37.436,9.534,1.543,0.0,13.187,1.368,142,658566,170,25.343,0.361,-3.316,0,0,420184064,0,6,1,church
37.448,11.306,0.537,0.0,13.187,1.368,141,656474,169,25.343,0.361,-3.316,0,0,420184064,0,6,1,church
37.459,12.115,0.274,0.0,13.187,1.368,141,656474,169,25.377,0.361,-3.287,0,0,420184064,0,6,1,church
37.471,12.997,0.336,0.0,13.187,1.368,141,656474,169,25.412,0.361,-3.258,0,0,420184064,0,6,1,church
37.483,10.17,0.596,0.0,13.187,1.368,141,656474,169,25.412,0.361,-3.258,0,0,420184064,0,6,1,church
37.494,12.142,0.883,0.0,13.187,1.368,141,656474,169,25.446,0.361,-3.229,0,0,420184064,0,6,1,church
37.506,11.538,0.861,0.0,13.187,1.368,141,656474,169,25.48,0.361,-3.2,0,0,420184064,0,6,1,church
37.517,11.751,0.94,0.0,13.187,1.368,141,656474,169,25.515,0.361,-3.171,0,0,420184064,0,6,1,church
37.529,10.794,0.94,0.0,13.187,1.368,140,656426,168,25.515,0.361,-3.171,0,0,420184064,0,6,1,church
37.54,12.199,0.944,0.0,13.187,1.368,140,656426,168,25.549,0.361,-3.142,0,0,420184064,0,6,1,church
37.552,11.013,0.839,0.0,13.187,1.368,140,656426,168,25.584,0.361,-3.113,0,0,420184064,0,6,1,church
37.563,11.172,0.967,0.0,13.187,1.368,140,656426,168,25.584,0.361,-3.113,0,0,420184064,0,6,1,church
37.574,12.717,0.898,0.0,13.187,1.368,140,656426,168,25.618,0.361,-3.084,0,0,420184064,0,6,1,church
37.586,10.878,0.935,0.0,13.187,1.368,140,656426,168,25.652,0.361,-3.055,0,0,420184064,0,6,1,church
37.597,10.805,0.543,0.0,13.187,1.368,139,654650,167,25.652,0.361,-3.055,0,0,420184064,0,6,1,church
37.609,12.268,0.985,0.0,13.187,1.368,139,654650,167,25.687,0.361,-3.026,0,0,420184064,0,6,1,church
37.62,10.898,0.93,0.0,13.187,1.368,139,654650,167,25.721,0.361,-2.998,0,0,420184064,0,6,1,church
37.631,10.795,1.021,0.0,13.187,1.368,139,654650,167,25.721,0.361,-2.998,0,0,420184064,0,6,1,church
37.642,11.709,0.889,0.0,13.187,1.368,139,654650,167,25.756,0.361,-2.969,0,0,420184064,0,6,1,church
37.653,11.314,0.872,0.0,13.187,1.368,139,654650,167,25.79,0.361,-2.94,0,0,420184064,0,6,1,church
37.665,10.376,0.996,0.0,13.187,1.368,139,654650,167,25.79,0.361,-2.94,0,0,420184064,0,6,1,church
37.676,12.274,0.93,0.0,13.187,1.368,139,654650,167,25.825,0.361,-2.911,0,0,420184064,0,6,1,church
37.687,10.711,0.844,0.0,13.187,1.368,139,654650,167,25.859,0.361,-2.882,0,0,420184064,0,6,1,church
37.698,10.397,1.082,0.0,13.187,1.368,139,654650,167,25.859,0.361,-2.882,0,0,420184064,0,6,1,church
37.709,11.792,0.912,0.0,13.187,1.368,139,654650,167,25.893,0.361,-2.853,0,0,420184064,0,6,1,church
37.72,10.976,1.058,0.0,13.187,1.368,139,654650,167,25.928,0.361,-2.824,0,0,420184064,0,6,1,church
37.731,10.199,0.917,0.0,13.187,1.368,138,654602,166,25.928,0.361,-2.824,0,0,420184064,0,6,1,church
37.742,11.624,0.924,0.0,13.187,1.368,138,654602,166,25.962,0.361,-2.795,0,0,420184064,0,6,1,church
37.753,11.054,1.029,0.0,13.187,1.368,134,646658,162,25.997,0.361,-2.766,0,0,420184064,0,6,1,church
37.764,10.157,0.98,0.0,13.187,1.368,134,646658,162,25.997,0.361,-2.766,0,0,420184064,0,6,1,church
37.775,11.526,0.981,0.0,13.187,1.368,134,646658,162,26.031,0.361,-2.737,0,0,420184064,0,6,1,church
37.786,11.108,0.873,0.0,13.187,1.368,134,646658,162,26.066,0.361,-2.708,0,0,420184064,0,6,1,church
37.797,10.25,0.813,0.0,13.187,1.368,132,643106,160,26.066,0.361,-2.708,0,0,420184064,0,6,1,church
37.808,12.176,0.96,0.0,13.187,1.368,132,643106,160,26.1,0.35,-2.679,0,0,420184064,0,6,1,church
37.819,10.542,0.513,0.0,13.187,1.368,131,643070,159,26.132,0.385,-2.663,0,0,420184064,0,6,1,church
37.83,10.521,1.048,0.0,13.187,1.368,130,643054,158,26.132,0.385,-2.663,0,0,420184064,0,6,1,church
37.841,12.035,1.004,0.0,13.187,1.368,130,643054,158,26.165,0.405,-2.642,0,0,420184064,0,6,1,church
37.852,10.864,1.231,0.0,13.187,1.368,130,643054,158,26.2,0.423,-2.619,0,0,420184064,0,6,1,church
37.863,10.072,0.831,0.0,13.187,1.368,123,641216,151,26.2,0.423,-2.619,0,0,420184064,0,6,1,church
37.875,11.594,0.468,0.0,13.187,1.368,123,641216,151,26.233,0.431,-2.594,0,0,420184064,0,6,1,church
37.886,11.196,0.381,0.0,13.187,1.368,123,641216,151,26.261,0.438,-2.603,0,0,420184064,0,6,1,church
37.897,10.588,0.333,0.0,13.187,1.368,123,641216,151,26.261,0.438,-2.603,0,0,420184064,0,6,1,church
37.908,11.648,0.335,0.0,13.187,1.368,123,641216,151,26.29,0.441,-2.603,0,0,420184064,0,6,1,church
37.919,12.233,0.323,0.0,13.187,1.368,123,641216,151,26.321,0.438,-2.604,0,0,420184064,0,6,1,church
37.93,10.262,0.463,0.0,13.187,1.368,123,641216,151,26.321,0.438,-2.604,0,0,420184064,0,6,1,church
37.941,12.106,0.96,0.0,13.187,1.368,123,641216,151,26.352,0.428,-2.597,0,0,420184064,0,6,1,church
37.952,11.182,0.84,0.0,13.187,1.368,122,632640,150,26.385,0.436,-2.592,0,0,420184064,0,6,1,church
37.963,10.685,0.904,0.0,13.187,1.368,119,619950,147,26.385,0.436,-2.592,0,0,420184064,0,6,1,church
37.975,11.744,0.969,0.0,13.187,1.368,119,619950,147,26.418,0.438,-2.58,0,0,420184064,0,6,1,church
37.986,11.478,0.943,0.0,13.187,1.368,117,619854,145,26.453,0.438,-2.571,0,0,420184064,0,6,1,church
37.997,10.686,0.937,0.0,13.187,1.368,118,619856,146,26.453,0.438,-2.571,0,0,420184064,0,6,1,church
38.008,12.042,0.92,0.0,13.187,1.368,118,619856,146,26.487,0.438,-2.558,0,0,420184064,0,6,1,church
38.019,11.836,0.939,0.0,13.187,1.368,115,619640,143,26.524,0.44,-2.55,0,0,420184064,0,6,1,church
38.03,10.376,1.004,0.0,13.187,1.368,115,619640,143,26.524,0.44,-2.55,0,0,420184064,0,6,1,church
38.041,13.284,1.137,0.0,13.187,1.368,115,619640,143,26.56,0.44,-2.54,0,0,420184064,0,6,1,church
38.052,9.472,1.296,0.0,13.187,1.368,116,619656,144,26.596,0.44,-2.527,0,0,420184064,0,6,1,church
38.063,11.931,1.072,0.0,13.187,1.368,116,619656,144,26.596,0.44,-2.527,0,0,420184064,0,6,1,church
38.075,11.754,0.406,0.0,13.187,1.368,116,619656,144,26.633,0.441,-2.519,0,0,420184064,0,6,1,church
38.086,11.709,1.16,0.0,13.187,1.368,117,619692,145,26.669,0.442,-2.506,0,0,420184064,0,6,1,church
38.097,11.069,0.374,0.0,13.187,1.368,117,619692,145,26.669,0.442,-2.506,0,0,420184064,0,6,1,church
38.108,12.489,0.333,0.0,13.187,1.368,117,619692,145,26.705,0.432,-2.491,0,0,420184064,0,6,1,church
38.119,12.298,0.383,0.0,13.187,1.368,115,619644,143,26.742,0.428,-2.475,0,0,420184064,0,6,1,church
38.13,10.798,0.475,0.0,13.187,1.368,116,619692,144,26.742,0.428,-2.475,0,0,420184064,0,6,1,church
38.141,12.571,1.046,0.0,13.187,1.368,116,619692,144,26.778,0.422,-2.456,0,0,420184064,0,6,1,church
38.153,12.88,0.802,0.0,13.187,1.368,115,619690,143,26.814,0.417,-2.436,0,0,420184064,0,6,1,church
38.164,9.985,0.998,0.0,13.187,1.368,115,619690,143,26.814,0.417,-2.436,0,0,420184064,0,6,1,church
38.176,12.377,0.805,0.0,13.187,1.368,115,619690,143,26.85,0.412,-2.413,0,0,420184064,0,6,1,church
38.188,11.591,0.896,0.0,13.187,1.368,115,619690,143,26.885,0.408,-2.389,0,0,420184064,0,6,1,church
38.199,10.94,0.608,0.0,13.187,1.368,115,619690,143,26.885,0.408,-2.389,0,0,420184064,0,6,1,church
38.211,12.149,0.896,0.0,13.187,1.368,115,619690,143,26.919,0.404,-2.364,0,0,420184064,0,6,1,church
38.223,11.648,1.044,0.0,13.187,1.368,114,619634,142,26.954,0.4,-2.338,0,0,420184064,0,6,1,church
38.234,11.643,0.862,0.0,13.187,1.368,115,619650,143,26.988,0.407,-2.311,0,0,420184064,0,6,1,church
38.246,11.025,0.882,0.0,12.763,2.085,119,620550,147,26.988,0.407,-2.311,0,0,420184064,0,6,1,church
38.258,12.163,0.599,0.0,12.763,2.085,119,620550,147,27.018,0.407,-2.28,0,0,420184064,0,6,1,church
38.269,12.593,1.258,0.0,12.763,2.085,120,620910,148,27.049,0.409,-2.249,0,0,420184064,0,6,1,church
38.281,10.319,1.013,0.0,12.763,2.085,120,620910,148,27.049,0.409,-2.249,0,0,420184064,0,6,1,church
38.293,12.525,0.685,0.0,12.763,2.085,120,620910,148,27.078,0.396,-2.217,0,0,420184064,0,6,1,church
38.304,11.589,1.06,0.0,12.763,2.085,118,620906,146,27.111,0.384,-2.186,0,0,420184064,0,6,1,church
38.316,10.461,1.051,0.0,12.763,2.085,120,625066,148,27.111,0.384,-2.186,0,0,420184064,0,6,1,church
38.328,13.22,0.939,0.0,12.763,2.085,120,625066,148,27.143,0.364,-2.156,0,0,420184064,0,6,1,church
38.339,10.557,0.632,0.0,12.763,2.085,121,625114,149,27.174,0.354,-2.126,0,0,420184064,0,6,1,church
38.351,11.971,1.014,0.0,12.763,2.085,119,551266,147,27.202,0.359,-2.091,0,0,420184064,0,6,1,church
38.363,11.117,0.35,0.0,12.763,2.085,118,551134,146,27.202,0.359,-2.091,0,0,420184064,0,6,1,church
38.374,12.201,0.294,0.0,12.763,2.085,118,551134,146,27.229,0.36,-2.056,0,0,420184064,0,6,1,church
38.386,12.282,0.334,0.0,12.763,2.085,117,489358,145,27.255,0.36,-2.021,0,0,420184064,0,6,1,church
38.398,11.246,0.332,0.0,12.763,2.085,117,489358,145,27.255,0.36,-2.021,0,0,420184064,0,6,1,church
38.409,12.691,1.119,0.0,12.763,2.085,117,489358,145,27.282,0.36,-1.985,0,0,420184064,0,6,1,church
38.421,11.729,0.963,0.0,12.763,2.085,120,489554,148,27.307,0.36,-1.949,0,0,420184064,0,6,1,church
38.433,10.892,0.913,0.0,12.763,2.085,120,489554,148,27.307,0.36,-1.949,0,0,420184064,0,6,1,church
38.444,12.61,0.987,0.0,12.763,2.085,120,489554,148,27.332,0.36,-1.912,0,0,420184064,0,6,1,church
38.456,11.709,0.894,0.0,12.763,2.085,120,483790,148,27.356,0.36,-1.876,0,0,420184064,0,6,1,church
38.468,11.884,0.929,0.0,12.763,2.085,120,483790,148,27.38,0.36,-1.839,0,0,420184064,0,6,1,church
38.479,11.26,0.968,0.0,12.763,2.085,116,483372,144,27.38,0.36,-1.839,0,0,420184064,0,6,1,church
38.491,12.693,0.938,0.0,12.763,2.085,116,483372,144,27.402,0.36,-1.801,0,0,420184064,0,6,1,church
38.503,12.066,0.842,0.0,12.763,2.085,115,473692,143,27.424,0.36,-1.763,0,0,420184064,0,6,1,church
38.514,11.237,0.73,0.0,12.763,2.085,116,475784,144,27.424,0.36,-1.763,0,0,420184064,0,6,1,church
38.526,12.683,1.007,0.0,12.763,2.085,116,475784,144,27.445,0.36,-1.725,0,0,420184064,0,6,1,church
38.538,11.547,0.811,0.0,12.763,2.085,114,475780,142,27.465,0.36,-1.686,0,0,420184064,0,6,1,church
38.549,11.723,0.931,0.0,12.763,2.085,115,477848,143,27.465,0.36,-1.686,0,0,420184064,0,6,1,church
38.561,12.89,0.986,0.0,12.763,2.085,115,477848,143,27.484,0.36,-1.647,0,0,420184064,0,6,1,church
38.573,11.686,0.486,0.0,12.763,2.085,115,469312,143,27.502,0.36,-1.607,0,0,420184064,0,6,1,church
38.584,12.136,0.836,0.0,12.763,2.085,116,469432,144,27.52,0.36,-1.567,0,0,420184064,0,6,1,church
38.596,10.875,0.984,0.0,12.763,2.085,118,469508,146,27.52,0.36,-1.567,0,0,420184064,0,6,1,church
38.608,12.719,1.227,0.0,12.763,2.085,118,469508,146,27.537,0.36,-1.526,0,0,420184064,0,6,1,church
38.619,12.204,0.947,0.0,12.763,2.085,119,469544,147,27.553,0.36,-1.485,0,0,420184064,0,6,1,church
38.631,11.694,0.945,0.0,12.763,2.085,117,469540,145,27.553,0.36,-1.485,0,0,420184064,0,6,1,church
38.643,12.381,0.994,0.0,12.763,2.085,117,469540,145,27.569,0.36,-1.444,0,0,420184064,0,6,1,church
38.654,12.05,0.988,0.0,12.763,2.085,117,469540,145,27.584,0.36,-1.402,0,0,420184064,0,6,1,church
38.666,11.291,0.885,0.0,12.763,2.085,117,469540,145,27.584,0.36,-1.402,0,0,420184064,0,6,1,church
38.678,12.688,0.841,0.0,12.763,2.085,117,469540,145,27.599,0.36,-1.36,0,0,420184064,0,6,1,church
38.689,11.983,0.822,0.0,12.763,2.085,117,469540,145,27.612,0.36,-1.318,0,0,420184064,0,6,1,church
38.701,11.69,1.098,0.0,12.763,2.085,117,469540,145,27.626,0.36,-1.276,0,0,420184064,0,6,1,church
38.713,11.398,1.001,0.0,12.763,2.085,117,469540,145,27.626,0.36,-1.276,0,0,420184064,0,6,1,church
38.724,12.921,0.936,0.0,12.763,2.085,117,469540,145,27.639,0.36,-1.233,0,0,420184064,0,6,1,church
38.736,11.444,0.9,0.0,12.763,2.085,117,469540,145,27.651,0.36,-1.19,0,0,420184064,0,6,1,church
38.748,11.481,0.995,0.0,12.763,2.085,117,469540,145,27.651,0.36,-1.19,0,0,420184064,0,6,1,church
38.76,12.867,0.494,0.0,12.763,2.085,117,469540,145,27.663,0.36,-1.147,0,0,420184064,0,6,1,church
38.772,11.346,0.87,0.0,12.763,2.085,117,469540,145,27.674,0.36,-1.104,0,0,420184064,0,6,1,church
38.784,11.997,1.057,0.0,12.763,2.085,116,469484,144,27.685,0.36,-1.061,0,0,420184064,0,6,1,church
38.796,11.045,0.791,0.0,12.763,2.085,116,469484,144,27.685,0.36,-1.061,0,0,420184064,0,6,1,church
38.808,13.454,0.908,0.0,12.763,2.085,116,469484,144,27.696,0.36,-1.017,0,0,420184064,0,6,1,church
38.82,11.474,0.39,0.0,12.763,2.085,112,406486,140,27.706,0.36,-0.974,0,0,420184064,0,6,1,church
38.832,11.454,1.022,0.0,12.763,2.085,112,406486,140,27.706,0.36,-0.974,0,0,420184064,0,6,1,church
38.844,12.213,0.809,0.0,12.763,2.085,112,406486,140,27.717,0.36,-0.93,0,0,420184064,0,6,1,church
38.856,12.355,0.817,0.0,12.763,2.085,112,406486,140,27.726,0.36,-0.886,0,0,420184064,0,6,1,church
38.868,12.033,0.403,0.0,12.763,2.085,112,406486,140,27.736,0.36,-0.843,0,0,420184064,0,6,1,church
38.88,10.922,0.897,0.0,12.763,2.085,112,406486,140,27.736,0.36,-0.843,0,0,420184064,0,6,1,church
38.892,12.431,0.952,0.0,12.763,2.085,112,406486,140,27.745,0.36,-0.799,0,0,420184064,0,6,1,church
38.904,12.236,0.368,0.0,12.763,2.085,112,406486,140,27.754,0.36,-0.755,0,0,420184064,0,6,1,church
38.916,11.166,0.362,0.0,12.763,2.085,111,406484,139,27.754,0.36,-0.755,0,0,420184064,0,6,1,church
38.928,12.34,0.347,0.0,12.763,2.085,111,406484,139,27.763,0.36,-0.711,0,0,420184064,0,6,1,church
38.94,12.786,0.306,0.0,12.763,2.085,111,406484,139,27.771,0.36,-0.667,0,0,420184064,0,6,1,church
38.952,11.877,0.372,0.0,12.763,2.085,111,406484,139,27.78,0.36,-0.623,0,0,420184064,0,6,1,church
38.963,11.29,0.894,0.0,12.763,2.085,110,404014,138,27.78,0.36,-0.623,0,0,420184064,0,6,1,church
38.975,12.61,0.93,0.0,12.763,2.085,110,404014,138,27.788,0.36,-0.578,0,0,420184064,0,6,1,church
38.988,12.185,0.972,0.0,12.763,2.085,110,404014,138,27.796,0.36,-0.534,0,0,420184064,0,6,1,church
39.0,10.503,1.716,0.0,12.763,2.085,110,404014,138,27.796,0.36,-0.534,0,0,420184064,0,6,1,church
39.012,12.009,1.141,0.0,12.763,2.085,110,404014,138,27.803,0.36,-0.49,0,0,420184064,0,6,1,church
39.024,11.494,0.414,0.0,12.763,2.085,110,404014,138,27.811,0.36,-0.446,0,0,420184064,0,6,1,church
39.035,11.862,0.274,0.0,12.763,2.085,109,404012,137,27.819,0.36,-0.401,0,0,420184064,0,6,1,church
39.047,12.51,0.289,0.0,12.763,2.085,107,403796,135,27.819,0.36,-0.401,0,0,420184064,0,6,1,church
39.059,12.447,0.617,0.0,12.763,2.085,107,403796,135,27.826,0.36,-0.357,0,0,420184064,0,6,1,church
39.071,11.949,0.794,0.0,12.763,2.085,107,403796,135,27.833,0.36,-0.313,0,0,420184064,0,6,1,church
39.083,11.599,1.064,0.0,12.763,2.085,107,403796,135,27.833,0.36,-0.313,0,0,420184064,0,6,1,church
39.095,13.167,0.875,0.0,12.763,2.085,107,403796,135,27.84,0.36,-0.268,0,0,420184064,0,6,1,church
39.107,10.143,1.173,0.0,12.763,2.085,107,403796,135,27.847,0.36,-0.224,0,0,420184064,0,6,1,church
39.119,13.894,0.799,0.0,12.763,2.085,107,403796,135,27.854,0.36,-0.179,0,0,420184064,0,6,1,church
39.131,9.621,0.3,0.0,12.763,2.085,107,403796,135,27.854,0.36,-0.179,0,0,420184064,0,6,1,church
39.143,12.698,0.791,0.0,12.763,2.085,107,403796,135,27.861,0.36,-0.135,0,0,420184064,0,6,1,church
39.155,11.742,0.487,0.0,12.763,2.085,106,403332,134,27.868,0.36,-0.09,0,0,420184064,0,6,1,church
39.167,11.86,0.373,0.0,12.763,2.085,106,403332,134,27.868,0.36,-0.09,0,0,420184064,0,6,1,church
39.179,13.823,0.327,0.0,12.763,2.085,106,403332,134,27.874,0.36,-0.046,0,0,420184064,0,6,1,church
39.19,9.85,0.466,0.0,12.763,2.085,106,403332,134,27.881,0.36,-0.001,0,0,420184064,0,6,1,church
39.202,11.46,1.157,0.0,12.763,2.085,106,403332,134,27.887,0.36,0.043,0,0,420184064,0,6,1,church
39.214,12.826,0.469,0.0,12.763,2.085,106,403332,134,27.887,0.36,0.043,0,0,420184064,0,6,1,church
39.226,11.602,0.389,0.0,12.763,2.085,106,403332,134,27.893,0.36,0.088,0,0,420184064,0,6,1,church
39.238,11.377,1.098,0.0,12.83,1.345,105,393652,133,27.9,0.36,0.132,0,0,420184064,0,6,1,church
39.25,11.014,1.042,0.0,12.83,1.345,105,393652,133,27.9,0.36,0.132,0,0,420184064,0,6,1,church
39.262,12.086,0.917,0.0,12.83,1.345,105,393652,133,27.906,0.36,0.177,0,0,420184064,0,6,1,church
39.274,11.845,0.925,0.0,12.83,1.345,105,393652,133,27.912,0.36,0.221,0,0,420184064,0,6,1,church
39.286,11.617,0.87,0.0,12.83,1.345,105,393652,133,27.918,0.36,0.266,0,0,420184064,0,6,1,church
39.298,10.819,0.988,0.0,12.83,1.345,105,393652,133,27.918,0.36,0.266,0,0,420184064,0,6,1,church
39.31,12.291,0.958,0.0,12.83,1.345,105,393652,133,27.924,0.36,0.311,0,0,420184064,0,6,1,church
39.321,11.735,0.778,0.0,12.83,1.345,105,393652,133,27.93,0.36,0.355,0,0,420184064,0,6,1,church
39.333,10.894,0.97,0.0,12.83,1.345,105,393652,133,27.93,0.36,0.355,0,0,420184064,0,6,1,church
39.345,12.149,1.138,0.0,12.83,1.345,105,393652,133,27.936,0.36,0.4,0,0,420184064,0,6,1,church
39.357,11.84,0.792,0.0,12.83,1.345,106,393692,134,27.942,0.36,0.444,0,0,420184064,0,6,1,church
39.369,11.574,0.785,0.0,12.83,1.345,106,393692,134,27.948,0.36,0.489,0,0,420184064,0,6,1,church
39.381,10.905,0.951,0.0,12.83,1.345,106,393692,134,27.948,0.36,0.489,0,0,420184064,0,6,1,church
39.393,12.211,0.925,0.0,12.83,1.345,106,393692,134,27.954,0.36,0.534,0,0,420184064,0,6,1,church
39.405,11.717,0.783,0.0,12.83,1.345,106,393692,134,27.96,0.36,0.578,0,0,420184064,0,6,1,church
39.417,11.228,0.815,0.0,12.83,1.345,106,393692,134,27.96,0.36,0.578,0,0,420184064,0,6,1,church
39.429,11.315,0.595,0.0,12.83,1.345,106,393692,134,27.965,0.36,0.623,0,0,420184064,0,6,1,church
39.44,11.553,0.977,0.0,12.83,1.345,107,393694,135,27.971,0.36,0.668,0,0,420184064,0,6,1,church
39.452,11.721,0.304,0.0,12.83,1.345,106,391626,134,27.977,0.36,0.712,0,0,420184064,0,6,1,church
39.464,10.976,0.282,0.0,12.83,1.345,106,391626,134,27.977,0.36,0.712,0,0,420184064,0,6,1,church
39.476,12.12,0.303,0.0,12.83,1.345,106,391626,134,27.982,0.36,0.757,0,0,420184064,0,6,1,church
39.488,12.639,0.322,0.0,12.83,1.345,106,391626,134,27.988,0.36,0.801,0,0,420184064,0,6,1,church
39.5,10.259,0.342,0.0,12.83,1.345,106,391626,134,27.988,0.36,0.801,0,0,420184064,0,6,1,church
39.512,11.975,0.879,0.0,12.83,1.345,106,391626,134,27.994,0.36,0.846,0,0,420184064,0,6,1,church
39.523,11.488,0.341,0.0,12.83,1.345,106,391626,134,27.999,0.36,0.891,0,0,420184064,0,6,1,church
39.535,11.692,0.331,0.0,12.83,1.345,106,391626,134,28.005,0.36,0.935,0,0,420184064,0,6,1,church
39.547,11.943,0.286,0.0,12.83,1.345,106,391626,134,28.005,0.36,0.935,0,0,420184064,0,6,1,church
39.558,11.894,0.343,0.0,12.83,1.345,106,391626,134,28.01,0.36,0.98,0,0,420184064,0,6,1,church
39.57,11.808,1.251,0.0,12.83,1.345,106,391626,134,28.016,0.36,1.025,0,0,420184064,0,6,1,church
39.582,10.317,0.518,0.0,12.83,1.345,106,391626,134,28.016,0.36,1.025,0,0,420184064,0,6,1,church
39.593,11.816,1.339,0.0,12.83,1.345,106,391626,134,28.021,0.36,1.069,0,0,420184064,0,6,1,church
39.605,14.678,0.285,0.0,12.83,1.345,106,391626,134,28.026,0.36,1.114,0,0,420184064,0,6,1,church
39.617,8.284,0.56,0.0,12.83,1.345,106,391626,134,28.026,0.36,1.114,0,0,420184064,0,6,1,church
39.628,11.874,1.41,0.0,12.83,1.345,106,391626,134,28.032,0.36,1.159,0,0,420184064,0,6,1,church
39.64,11.786,0.295,0.0,12.83,1.345,104,384954,132,28.037,0.36,1.203,0,0,420184064,0,6,1,church
39.652,11.602,0.287,0.0,12.83,1.345,103,377344,131,28.042,0.36,1.248,0,0,420184064,0,6,1,church
39.663,11.616,0.3,0.0,12.83,1.345,103,377344,131,28.042,0.36,1.248,0,0,420184064,0,6,1,church
39.675,12.565,0.79,0.0,12.83,1.345,103,377344,131,28.046,0.36,1.293,0,0,420184064,0,6,1,church
39.687,11.068,0.912,0.0,12.83,1.345,101,377232,129,28.051,0.36,1.337,0,0,420184064,0,6,1,church
39.698,10.998,0.781,0.0,12.83,1.345,101,377232,129,28.051,0.36,1.337,0,0,420184064,0,6,1,church
39.71,12.24,0.822,0.0,12.83,1.345,101,377232,129,28.055,0.36,1.382,0,0,420184064,0,6,1,church
39.722,11.594,0.817,0.0,12.83,1.345,101,377232,129,28.059,0.36,1.427,0,0,420184064,0,6,1,church
39.733,12.129,1.031,0.0,12.83,1.345,101,377232,129,28.059,0.36,1.427,0,0,420184064,0,6,1,church
39.745,11.047,1.077,0.0,12.83,1.345,101,377232,129,28.063,0.36,1.472,0,0,420184064,0,6,1,church
39.757,12.127,0.489,0.0,12.83,1.345,99,360080,127,28.066,0.36,1.516,0,0,420184064,0,6,1,church
39.768,11.094,0.834,0.0,12.83,1.345,99,360080,127,28.069,0.36,1.561,0,0,420184064,0,6,1,church
39.78,11.076,1.006,0.0,12.83,1.345,99,360080,127,28.069,0.36,1.561,0,0,420184064,0,6,1,church
39.792,12.78,0.406,0.0,12.83,1.345,99,360080,127,28.072,0.36,1.606,0,0,420184064,0,6,1,church
39.803,11.985,0.422,0.0,12.83,1.345,97,236528,125,28.075,0.36,1.651,0,0,420184064,0,6,1,church
39.815,10.743,0.922,0.0,12.83,1.345,95,235600,123,28.075,0.36,1.651,0,0,420184064,0,6,1,church
39.827,12.171,1.055,0.0,12.83,1.345,95,235600,123,28.078,0.36,1.696,0,0,420184064,0,6,1,church
39.838,11.659,0.882,0.0,12.83,1.345,94,231596,122,28.08,0.36,1.741,0,0,420184064,0,6,1,church
39.85,10.522,0.893,0.0,12.83,1.345,93,230936,121,28.08,0.36,1.741,0,0,420184064,0,6,1,church
39.862,12.9,0.981,0.0,12.83,1.345,93,230936,121,28.082,0.36,1.786,0,0,420184064,0,6,1,church
39.873,11.398,0.371,0.0,12.83,1.345,92,230748,120,28.085,0.36,1.83,0,0,420184064,0,6,1,church
39.885,11.823,1.114,0.0,12.83,1.345,92,230748,120,28.086,0.36,1.875,0,0,420184064,0,6,1,church
39.897,10.926,0.892,0.0,12.83,1.345,94,230788,122,28.086,0.36,1.875,0,0,420184064,0,6,1,church
39.908,11.717,1.012,0.0,12.83,1.345,94,230788,122,28.088,0.36,1.92,0,0,420184064,0,6,1,church
39.92,11.951,0.717,0.0,12.83,1.345,94,230788,122,28.09,0.36,1.965,0,0,420184064,0,6,1,church
39.932,11.333,0.355,0.0,12.83,1.345,94,230788,122,28.09,0.36,1.965,0,0,420184064,0,6,1,church
39.943,13.192,0.317,0.0,12.83,1.345,94,230788,122,28.091,0.36,2.01,0,0,420184064,0,6,1,church
39.955,12.009,0.375,0.0,12.83,1.345,94,230788,122,28.092,0.36,2.055,0,0,420184064,0,6,1,church
39.967,12.085,0.924,0.0,12.83,1.345,94,230788,122,28.093,0.36,2.1,0,0,420184064,0,6,1,church
39.979,11.529,0.982,0.0,12.83,1.345,94,230788,122,28.093,0.36,2.1,0,0,420184064,0,6,1,church
39.991,12.641,0.872,0.0,12.83,1.345,94,230788,122,28.095,0.36,2.145,0,0,420184064,0,6,1,church
40.003,12.26,0.862,0.0,12.83,1.345,94,230788,122,28.095,0.36,2.19,0,0,420184064,0,6,1,church
40.015,10.96,1.071,0.0,12.83,1.345,94,230788,122,28.095,0.36,2.19,0,0,420184064,0,6,1,church
40.026,12.649,0.928,0.0,12.83,1.345,94,230788,122,28.096,0.36,2.235,0,0,420184064,0,6,1,church
40.038,11.218,0.858,0.0,12.83,1.345,94,230788,122,28.097,0.36,2.28,0,0,420184064,0,6,1,church
40.05,13.944,0.9,0.0,12.83,1.345,94,230788,122,28.098,0.36,2.325,0,0,420184064,0,6,1,church
40.062,9.897,0.306,0.0,12.83,1.345,94,230788,122,28.098,0.36,2.325,0,0,420184064,0,6,1,church
40.074,12.731,0.438,0.0,12.83,1.345,94,230788,122,28.098,0.36,2.37,0,0,420184064,0,6,1,church
40.086,11.897,0.364,0.0,12.83,1.345,94,230788,122,28.099,0.36,2.415,0,0,420184064,0,6,1,church
40.098,12.228,0.324,0.0,12.83,1.345,94,230788,122,28.099,0.36,2.415,0,0,420184064,0,6,1,church
40.11,13.044,1.202,0.0,12.83,1.345,94,230788,122,28.099,0.36,2.46,0,0,420184064,0,6,1,church
40.122,12.546,0.762,0.0,12.83,1.345,94,230788,122,28.099,0.36,2.505,0,0,420184064,0,6,1,church
40.134,14.04,0.738,0.0,12.83,1.345,94,230788,122,28.1,0.349,2.55,0,0,420184064,0,5,1,cloister
40.145,10.662,0.723,0.0,12.83,1.345,98,230908,182,28.1,0.349,2.55,0,0,420184064,0,5,1,cloister
40.157,13.706,0.777,0.0,12.83,1.345,98,230908,182,28.1,0.34,2.595,0,0,418430976,0,5,1,cloister
40.169,11.11,0.908,0.0,12.83,1.345,98,230908,182,28.1,0.325,2.641,0,0,418430976,0,5,1,cloister
40.181,12.187,1.749,0.0,12.83,1.345,98,230908,182,28.1,0.325,2.641,0,0,418430976,0,5,1,cloister
40.193,12.908,0.377,0.0,12.83,1.345,98,230908,182,28.1,0.301,2.686,0,0,418430976,0,5,1,cloister
40.205,12.836,0.4,0.0,12.83,1.345,100,230956,184,28.1,0.268,2.728,0,0,418430976,0,5,1,cloister
40.217,12.612,0.366,0.0,12.83,1.345,100,230956,184,28.1,0.268,2.778,0,0,418430976,0,5,1,cloister
40.229,11.713,0.769,0.0,12.83,1.345,100,230956,184,28.1,0.268,2.778,0,0,418430976,0,5,1,cloister
40.241,12.609,0.795,0.0,13.097,2.02,100,230956,184,28.1,0.261,2.823,0,0,418430976,0,5,1,cloister
40.253,12.34,0.833,0.0,13.097,2.02,100,230956,184,28.1,0.248,2.868,0,0,418430976,0,5,1,cloister
40.265,11.861,0.449,0.0,13.097,2.02,100,230956,184,28.1,0.248,2.868,0,0,418430976,0,5,1,cloister
40.278,12.75,0.821,0.0,13.097,2.02,100,230956,184,28.1,0.254,2.894,0,0,418430976,0,5,1,cloister
40.29,12.094,0.807,0.0,13.097,2.02,100,230956,184,28.1,0.277,2.932,0,0,418430976,0,5,1,cloister
40.302,12.143,0.878,0.0,13.097,2.02,100,230956,184,28.1,0.285,2.974,0,0,418430976,0,5,1,cloister
40.314,11.708,0.921,0.0,13.097,2.02,100,230956,184,28.1,0.285,2.974,0,0,418430976,0,5,1,cloister
40.326,12.686,0.91,0.0,13.097,2.02,100,230956,184,28.1,0.3,3.016,0,0,418430976,0,5,1,cloister
40.338,12.102,0.846,0.0,13.097,2.02,100,230956,184,28.1,0.309,3.06,0,0,418430976,0,5,1,cloister
40.35,11.514,0.892,0.0,13.097,2.02,100,230956,184,28.099,0.3,3.105,0,0,418430976,0,5,1,cloister
40.363,11.649,1.067,0.0,13.097,2.02,100,230956,184,28.099,0.3,3.105,0,0,418430976,0,5,1,cloister
40.375,12.994,0.312,0.0,13.097,2.02,100,230956,184,28.099,0.309,3.15,0,0,418430976,0,5,1,cloister
40.387,12.442,0.352,0.0,13.097,2.02,100,230956,184,28.099,0.31,3.195,0,0,418430976,0,5,1,cloister
40.399,11.477,0.359,0.0,13.097,2.02,98,230908,182,28.099,0.31,3.195,0,0,418430976,0,5,1,cloister
40.411,12.885,0.88,0.0,13.097,2.02,98,230908,182,28.098,0.31,3.24,0,0,418430976,0,5,1,cloister
40.423,12.202,0.845,0.0,13.097,2.02,98,230908,182,28.098,0.31,3.285,0,0,418430976,0,5,1,cloister
40.435,11.902,0.932,0.0,13.097,2.02,98,230908,182,28.097,0.31,3.33,0,0,418430976,0,5,1,cloister
40.448,11.398,0.971,0.0,13.097,2.02,98,230908,182,28.097,0.31,3.33,0,0,418430976,0,5,1,cloister
40.46,12.965,0.944,0.0,13.097,2.02,98,230908,182,28.097,0.31,3.375,0,0,418430976,0,5,1,cloister
40.472,12.322,0.795,0.0,13.097,2.02,98,230908,182,28.097,0.31,3.42,0,0,418430976,0,5,1,cloister
40.484,12.015,0.906,0.0,13.097,2.02,98,230908,182,28.096,0.31,3.465,0,0,418430976,0,5,1,cloister
40.496,11.581,0.921,0.0,13.097,2.02,98,230908,182,28.096,0.31,3.465,0,0,418430976,0,5,1,cloister
40.509,12.896,0.918,0.0,13.097,2.02,98,230908,182,28.096,0.31,3.51,0,0,418430976,0,5,1,cloister
40.521,12.282,1.315,0.0,13.097,2.02,98,230908,182,28.095,0.31,3.555,0,0,418430976,0,5,1,cloister
40.533,11.564,0.898,0.0,13.097,2.02,98,230908,182,28.095,0.31,3.555,0,0,418430976,0,5,1,cloister
40.545,13.018,1.185,0.0,13.097,2.02,98,230908,182,28.094,0.31,3.6,0,0,418430976,0,5,1,cloister
40.558,12.133,1.443,0.0,13.097,2.02,97,230860,181,28.094,0.31,3.645,0,0,418430976,0,5,1,cloister
40.57,12.116,0.934,0.0,13.097,2.02,97,230860,181,28.093,0.31,3.69,0,0,418430976,0,5,1,cloister
40.582,11.505,1.015,0.0,13.097,2.02,97,230860,181,28.093,0.31,3.69,0,0,418430976,0,5,1,cloister
40.594,12.817,0.852,0.0,13.097,2.02,97,230860,181,28.093,0.31,3.735,0,0,418430976,0,5,1,cloister
40.606,12.39,0.811,0.0,13.097,2.02,97,230860,181,28.092,0.31,3.78,0,0,418430976,0,5,1,cloister
40.618,12.056,0.88,0.0,13.097,2.02,97,230860,181,28.091,0.31,3.825,0,0,418430976,0,5,1,cloister
40.631,11.857,0.897,0.0,13.097,2.02,97,230860,181,28.091,0.31,3.825,0,0,418430976,0,5,1,cloister
40.643,12.365,0.406,0.0,13.097,2.02,97,230860,181,28.091,0.31,3.87,0,0,418430976,0,5,1,cloister
40.655,12.692,0.783,0.0,13.097,2.02,97,230860,181,28.09,0.31,3.915,0,0,418430976,0,5,1,cloister
40.668,12.057,0.396,0.0,13.097,2.02,97,230860,181,28.089,0.31,3.954,0,0,418430976,0,5,1,cloister
40.68,11.484,0.511,0.0,13.097,2.02,108,383570,192,28.089,0.31,3.954,0,0,418430976,0,5,1,cloister
40.693,13.013,0.882,0.0,13.097,2.02,108,383570,192,28.088,0.31,3.989,0,0,418430976,0,5,1,cloister
40.705,13.434,0.825,0.0,13.097,2.02,124,467938,208,28.085,0.31,4.021,0,0,418430976,0,5,1,cloister
40.718,11.049,1.25,0.0,13.097,2.02,130,494408,214,28.08,0.31,4.052,0,0,418430976,0,5,1,cloister
40.73,12.008,0.646,0.0,13.097,2.02,132,488490,216,28.08,0.31,4.052,0,0,418430976,0,5,1,cloister
40.743,12.047,0.884,0.0,13.097,2.02,132,488490,216,28.074,0.31,4.081,0,0,418430976,0,5,1,cloister
40.755,12.923,1.085,0.0,13.097,2.02,152,536340,236,28.065,0.31,4.11,0,0,418430976,0,5,1,cloister
40.768,12.72,0.376,0.0,13.097,2.02,153,535684,237,28.054,0.31,4.138,0,0,418430976,0,5,1,cloister
40.78,11.107,0.7,0.0,13.097,2.02,147,288576,231,28.054,0.31,4.138,0,0,418430976,0,5,1,cloister
40.793,13.535,0.958,0.0,13.097,2.02,147,288576,231,28.04,0.31,4.165,0,0,418430976,0,5,1,cloister
40.805,11.241,0.36,0.0,13.097,2.02,152,536620,236,28.023,0.31,4.192,0,0,418430976,0,5,1,cloister
40.818,12.707,0.33,0.0,13.097,2.02,158,543807,242,28.004,0.31,4.218,0,0,418430976,0,5,1,cloister
40.83,12.317,0.369,0.0,13.097,2.02,170,610831,254,28.004,0.31,4.218,0,0,418430976,0,5,1,cloister
40.843,12.97,0.405,0.0,13.097,2.02,170,610831,254,27.982,0.31,4.243,0,0,418430976,0,5,1,cloister
40.855,11.764,1.016,0.0,13.097,2.02,178,624227,262,27.958,0.31,4.268,0,0,418430976,0,5,1,cloister
40.868,12.206,0.991,0.0,13.097,2.02,180,624231,264,27.932,0.31,4.292,0,0,418430976,0,5,1,cloister
40.88,12.367,0.391,0.0,13.097,2.02,188,626679,272,27.932,0.31,4.292,0,0,418430976,0,5,1,cloister
40.893,11.67,0.38,0.0,13.097,2.02,188,626679,272,27.904,0.31,4.314,0,0,418430976,0,5,1,cloister
40.905,12.151,1.056,0.0,13.097,2.02,188,626679,272,27.874,0.31,4.336,0,0,418430976,0,5,1,cloister
40.918,11.977,0.345,0.0,13.097,2.02,188,626679,272,27.842,0.31,4.357,0,0,418430976,0,5,1,cloister
40.93,12.022,0.433,0.0,13.097,2.02,188,626679,272,27.842,0.31,4.357,0,0,418430976,0,5,1,cloister
40.943,12.732,0.404,0.0,13.097,2.02,188,626679,272,27.809,0.31,4.377,0,0,418430976,0,5,1,cloister
40.955,12.404,0.919,0.0,13.097,2.02,188,626679,272,27.774,0.31,4.396,0,0,418430976,0,5,1,cloister
40.968,12.304,1.108,0.0,13.097,2.02,187,594615,271,27.738,0.31,4.414,0,0,418430976,0,5,1,cloister
40.98,10.174,1.074,0.0,13.097,2.02,188,594617,272,27.738,0.31,4.414,0,0,418430976,0,5,1,cloister
40.993,12.898,0.907,0.0,13.097,2.02,188,594617,272,27.701,0.31,4.431,0,0,418430976,0,5,1,cloister
41.005,11.799,0.445,0.0,13.097,2.02,186,594541,270,27.662,0.31,4.447,0,0,418430976,0,5,1,cloister
41.017,11.136,0.927,0.0,13.097,2.02,186,594541,270,27.662,0.31,4.447,0,0,418430976,0,5,1,cloister
41.029,12.394,1.056,0.0,13.097,2.02,186,594541,270,27.623,0.31,4.462,0,0,418430976,0,5,1,cloister
41.041,12.058,1.077,0.0,13.097,2.02,186,604101,270,27.584,0.31,4.476,0,0,418430976,0,5,1,cloister
41.053,11.803,1.012,0.0,13.097,2.02,187,604157,271,27.543,0.31,4.489,0,0,418430976,0,5,1,cloister
41.065,11.309,1.019,0.0,13.097,2.02,187,604157,271,27.543,0.31,4.489,0,0,418430976,0,5,1,cloister
41.077,12.533,1.073,0.0,13.097,2.02,187,604157,271,27.502,0.31,4.502,0,0,418430976,0,5,1,cloister
41.089,12.03,1.003,0.0,13.097,2.02,187,604157,271,27.461,0.31,4.513,0,0,418430976,0,5,1,cloister
41.102,11.807,1.061,0.0,13.097,2.02,185,604077,269,27.419,0.31,4.525,0,0,418430976,0,5,1,cloister
41.114,10.975,1.049,0.0,13.097,2.02,183,604005,267,27.419,0.31,4.525,0,0,418430976,0,5,1,cloister
41.126,12.772,0.988,0.0,13.097,2.02,183,604005,267,27.376,0.31,4.535,0,0,418430976,0,5,1,cloister
41.138,12.232,0.6,0.0,13.097,2.02,180,603505,264,27.334,0.31,4.545,0,0,418430976,0,5,1,cloister
41.15,11.508,1.043,0.0,13.097,2.02,180,603505,264,27.334,0.31,4.545,0,0,418430976,0,5,1,cloister
41.162,12.613,1.008,0.0,13.097,2.02,180,603505,264,27.291,0.31,4.554,0,0,418430976,0,5,1,cloister
41.174,11.926,0.918,0.0,13.097,2.02,180,603505,264,27.247,0.31,4.563,0,0,418430976,0,5,1,cloister
41.186,12.395,1.068,0.0,13.097,2.02,180,603505,264,27.204,0.31,4.571,0,0,418430976,0,5,1,cloister
41.198,11.145,1.021,0.0,13.097,2.02,179,603503,263,27.204,0.31,4.571,0,0,418430976,0,5,1,cloister
41.211,13.786,0.967,0.0,13.097,2.02,179,603503,263,27.16,0.31,4.578,0,0,418430976,0,5,1,cloister
41.223,12.64,0.649,0.0,13.097,2.02,178,603483,262,27.116,0.31,4.586,0,0,418430976,0,5,1,cloister
41.235,14.08,1.004,0.0,13.097,2.02,178,603483,262,27.072,0.31,4.593,0,0,418430976,0,5,1,cloister
41.247,9.93,0.556,0.0,13.139,2.009,178,603483,262,27.072,0.31,4.593,0,0,418430976,0,5,1,cloister
41.259,13.189,0.989,0.0,13.139,2.009,178,603483,262,27.028,0.31,4.599,0,0,418430976,0,5,1,cloister
41.271,12.052,0.499,0.0,13.139,2.009,178,603483,262,26.984,0.31,4.605,0,0,418430976,0,5,1,cloister
41.284,13.225,0.959,0.0,13.139,2.009,178,603483,262,26.94,0.31,4.611,0,0,418430976,0,5,1,cloister
41.296,11.838,0.435,0.0,13.139,2.009,178,603483,262,26.94,0.31,4.611,0,0,418430976,0,5,1,cloister
41.309,12.65,0.964,0.0,13.139,2.009,178,603483,262,26.895,0.31,4.617,0,0,418430976,0,5,1,cloister
41.321,11.786,1.046,0.0,13.139,2.009,177,600699,261,26.851,0.31,4.622,0,0,418430976,0,5,1,cloister
41.333,11.697,1.154,0.0,13.139,2.009,177,600699,261,26.851,0.31,4.622,0,0,418430976,0,5,1,cloister
41.345,12.623,1.118,0.0,13.139,2.009,177,600699,261,26.806,0.31,4.627,0,0,418430976,0,5,1,cloister
41.357,12.188,1.022,0.0,13.139,2.009,177,600699,261,26.762,0.31,4.632,0,0,418430976,0,5,1,cloister
41.369,12.146,1.094,0.0,13.139,2.009,177,600699,261,26.717,0.31,4.636,0,0,418430976,0,5,1,cloister
41.381,11.003,1.087,0.0,13.139,2.009,177,600699,261,26.717,0.31,4.636,0,0,418430976,0,5,1,cloister
41.393,12.583,1.045,0.0,13.139,2.009,177,600699,261,26.672,0.31,4.641,0,0,418430976,0,5,1,cloister
41.406,12.087,1.158,0.0,13.139,2.009,177,600699,261,26.628,0.31,4.645,0,0,418430976,0,5,1,cloister
41.418,11.796,1.056,0.0,13.139,2.009,177,600699,261,26.583,0.31,4.649,0,0,418430976,0,5,1,cloister
41.43,11.259,1.277,0.0,13.139,2.009,177,600699,261,26.583,0.31,4.649,0,0,418430976,0,5,1,cloister
41.442,12.781,0.999,0.0,13.139,2.009,177,600699,261,26.538,0.31,4.653,0,0,418430976,0,5,1,cloister
41.454,12.035,0.511,0.0,13.139,2.009,176,600619,260,26.493,0.31,4.657,0,0,418430976,0,5,1,cloister
41.466,11.137,1.124,0.0,13.139,2.009,176,600619,260,26.493,0.31,4.657,0,0,418430976,0,5,1,cloister
41.478,13.078,1.148,0.0,13.139,2.009,176,600619,260,26.449,0.31,4.661,0,0,418430976,0,5,1,cloister
41.49,11.872,1.067,0.0,13.139,2.009,176,600619,260,26.404,0.31,4.664,0,0,418430976,0,5,1,cloister
41.503,12.093,0.95,0.0,13.139,2.009,175,590939,259,26.359,0.31,4.668,0,0,418430976,0,5,1,cloister
41.515,12.098,1.194,0.0,13.139,2.009,175,590939,259,26.359,0.31,4.668,0,0,418430976,0,5,1,cloister
41.527,13.429,0.403,0.0,13.139,2.009,175,590939,259,26.314,0.31,4.671,0,0,418430976,0,5,1,cloister
41.539,12.094,1.158,0.0,13.139,2.009,174,590903,258,26.269,0.31,4.674,0,0,418430976,0,5,1,cloister
41.551,12.384,0.995,0.0,13.139,2.009,173,590783,257,26.224,0.31,4.677,0,0,418430976,0,5,1,cloister
41.563,11.679,0.63,0.0,13.139,2.009,173,590783,257,26.224,0.31,4.677,0,0,418430976,0,5,1,cloister
41.576,13.372,1.107,0.0,13.139,2.009,173,590783,257,26.179,0.31,4.68,0,0,418430976,0,5,1,cloister
41.588,12.134,0.76,0.0,13.139,2.009,172,590727,256,26.135,0.31,4.683,0,0,418430976,0,5,1,cloister
41.601,12.598,1.079,0.0,13.139,2.009,172,590727,256,26.09,0.31,4.686,0,0,418430976,0,5,1,cloister
41.613,11.005,1.139,0.0,13.139,2.009,172,590727,256,26.09,0.31,4.686,0,0,418430976,0,5,1,cloister
41.625,13.807,0.982,0.0,13.139,2.009,172,590727,256,26.045,0.31,4.689,0,0,418430976,0,5,1,cloister
41.638,12.426,1.058,0.0,13.139,2.009,172,590727,256,26.0,0.31,4.692,0,0,418430976,0,5,1,cloister
41.65,12.775,1.066,0.0,13.139,2.009,172,590727,256,25.955,0.31,4.695,0,0,418430976,0,5,1,cloister
41.663,11.727,0.974,0.0,13.139,2.009,172,590727,256,25.955,0.31,4.695,0,0,418430976,0,5,1,cloister
41.675,12.842,1.149,0.0,13.139,2.009,172,590727,256,25.91,0.31,4.698,0,0,418430976,0,5,1,cloister
41.688,11.741,0.992,0.0,13.139,2.009,172,590727,256,25.865,0.31,4.7,0,0,418430976,0,5,1,cloister
41.7,12.209,0.944,0.0,13.139,2.009,172,590727,256,25.865,0.31,4.7,0,0,418430976,0,5,1,cloister
41.712,13.254,0.482,0.0,13.139,2.009,172,590727,256,25.82,0.31,4.703,0,0,418430976,0,5,1,cloister
41.725,12.067,0.975,0.0,13.139,2.009,172,590727,256,25.775,0.31,4.706,0,0,418430976,0,5,1,cloister
41.737,12.557,1.105,0.0,13.139,2.009,172,590727,256,25.73,0.31,4.708,0,0,418430976,0,5,1,cloister
41.75,12.209,0.867,0.0,13.139,2.009,172,590727,256,25.73,0.31,4.708,0,0,418430976,0,5,1,cloister
41.762,13.206,0.997,0.0,13.139,2.009,172,590727,256,25.685,0.31,4.711,0,0,418430976,0,5,1,cloister
41.775,12.138,1.1,0.0,13.139,2.009,172,590727,256,25.641,0.31,4.714,0,0,418430976,0,5,1,cloister
41.787,12.6,0.951,0.0,13.139,2.009,172,590727,256,25.596,0.31,4.716,0,0,418430976,0,5,1,cloister
41.8,11.955,0.837,0.0,13.139,2.009,172,590727,256,25.596,0.31,4.716,0,0,418430976,0,5,1,cloister
41.812,13.184,0.979,0.0,13.139,2.009,172,590727,256,25.551,0.31,4.719,0,0,418430976,0,5,1,cloister
41.825,12.428,1.007,0.0,13.139,2.009,172,590727,256,25.506,0.31,4.721,0,0,418430976,0,5,1,cloister
41.837,12.722,1.196,0.0,13.139,2.009,172,590727,256,25.461,0.31,4.724,0,0,418430976,0,5,1,cloister
41.85,11.884,0.988,0.0,13.139,2.009,171,588635,255,25.461,0.31,4.724,0,0,418430976,0,5,1,cloister
41.862,13.074,1.02,0.0,13.139,2.009,171,588635,255,25.416,0.31,4.726,0,0,418430976,0,5,1,cloister
41.875,13.241,0.949,0.0,13.139,2.009,171,588635,255,25.371,0.31,4.728,0,0,418430976,0,5,1,cloister
41.887,11.996,1.08,0.0,13.139,2.009,171,588635,255,25.326,0.31,4.731,0,0,418430976,0,5,1,cloister
41.9,14.29,0.973,0.0,13.139,2.009,171,588635,255,25.326,0.31,4.731,0,0,418430976,0,5,1,cloister
41.912,9.57,0.59,0.0,13.139,2.009,171,588635,255,25.281,0.31,4.733,0,0,418430976,0,5,1,cloister
41.925,12.648,0.876,0.0,13.139,2.009,171,588635,255,25.236,0.31,4.736,0,0,418430976,0,5,1,cloister
41.937,12.358,0.393,0.0,13.139,2.009,171,588635,255,25.191,0.31,4.738,0,0,418430976,0,5,1,cloister
41.95,11.991,0.357,0.0,13.139,2.009,171,588635,255,25.191,0.31,4.738,0,0,418430976,0,5,1,cloister
41.962,13.293,0.448,0.0,13.139,2.009,171,588635,255,25.146,0.31,4.74,0,0,418430976,0,5,1,cloister
41.974,12.534,0.723,0.0,13.139,2.009,171,588635,255,25.101,0.31,4.743,0,0,418430976,0,5,1,cloister
41.987,12.304,0.879,0.0,13.139,2.009,171,588635,255,25.056,0.31,4.745,0,0,418430976,0,5,1,cloister
41.999,11.889,1.061,0.0,13.139,2.009,171,588635,255,25.056,0.31,4.745,0,0,418430976,0,5,1,cloister
42.012,13.21,0.91,0.0,13.139,2.009,171,588635,255,25.011,0.31,4.747,0,0,418430976,0,5,1,cloister
42.024,11.986,0.98,0.0,13.139,2.009,171,588635,255,24.967,0.31,4.75,0,0,418430976,0,5,1,cloister
42.036,13.083,0.998,0.0,13.139,2.009,171,588635,255,24.922,0.31,4.752,0,0,418430976,0,5,1,cloister
42.049,10.97,1.007,0.0,13.139,2.009,171,588635,255,24.922,0.31,4.752,0,0,418430976,0,5,1,cloister
42.061,13.345,0.957,0.0,13.139,2.009,171,588635,255,24.877,0.31,4.754,0,0,418430976,0,5,1,cloister
42.073,12.133,0.884,0.0,13.139,2.009,171,588635,255,24.832,0.31,4.757,0,0,418430976,0,5,1,cloister
42.086,12.485,1.022,0.0,13.139,2.009,171,588635,255,24.787,0.31,4.759,0,0,418430976,0,5,1,cloister
42.098,11.649,1.063,0.0,13.139,2.009,171,588635,255,24.787,0.31,4.759,0,0,418430976,0,5,1,cloister
42.11,13.259,1.035,0.0,13.139,2.009,171,588635,255,24.742,0.31,4.761,0,0,418430976,0,5,1,cloister
42.123,11.988,0.985,0.0,13.139,2.009,171,588635,255,24.697,0.31,4.764,0,0,418430976,0,5,1,cloister
42.135,12.453,1.101,0.0,13.139,2.009,171,588635,255,24.652,0.31,4.766,0,0,418430976,0,5,1,cloister
42.147,11.688,0.999,0.0,13.139,2.009,171,588635,255,24.652,0.31,4.766,0,0,418430976,0,5,1,cloister
42.16,13.004,1.0,0.0,13.139,2.009,171,588635,255,24.607,0.31,4.768,0,0,418430976,0,5,1,cloister
42.172,12.381,0.969,0.0,13.139,2.009,171,588635,255,24.562,0.31,4.771,0,0,418430976,0,5,1,cloister
42.185,12.291,0.98,0.0,13.139,2.009,171,588635,255,24.517,0.31,4.773,0,0,418430976,0,5,1,cloister
42.197,11.973,1.067,0.0,13.139,2.009,171,588635,255,24.517,0.31,4.773,0,0,418430976,0,5,1,cloister
42.209,12.823,1.024,0.0,13.139,2.009,171,588635,255,24.472,0.31,4.775,0,0,418430976,0,5,1,cloister
42.222,12.331,0.976,0.0,13.139,2.009,171,588635,255,24.427,0.31,4.777,0,0,418430976,0,5,1,cloister
42.234,12.291,0.986,0.0,13.139,2.009,171,588635,255,24.382,0.31,4.78,0,0,418430976,0,5,1,cloister
42.246,12.27,1.015,0.0,14.013,1.365,171,588635,255,24.382,0.31,4.78,0,0,418430976,0,5,1,cloister
42.259,15.368,0.94,0.0,14.013,1.365,171,588635,255,24.337,0.31,4.782,0,0,418430976,0,5,1,cloister
42.271,10.778,0.939,0.0,14.013,1.365,171,588635,255,24.292,0.31,4.784,0,0,418430976,0,5,1,cloister
42.284,13.008,1.151,0.0,14.013,1.365,171,588635,255,24.247,0.31,4.787,0,0,418430976,0,5,1,cloister
42.296,12.31,0.378,0.0,14.013,1.365,171,588635,255,24.247,0.31,4.787,0,0,418430976,0,5,1,cloister
42.309,13.083,0.392,0.0,14.013,1.365,171,588635,255,24.203,0.31,4.789,0,0,418430976,0,5,1,cloister
42.321,14.032,0.389,0.0,14.013,1.365,171,588635,255,24.158,0.31,4.791,0,0,418430976,0,5,1,cloister
42.334,12.127,0.452,0.0,14.013,1.365,171,588635,255,24.113,0.31,4.793,0,0,418430976,0,5,1,cloister
42.346,11.167,0.945,0.0,14.013,1.365,171,588635,255,24.113,0.31,4.793,0,0,418430976,0,5,1,cloister
42.359,12.958,0.948,0.0,14.013,1.365,171,588635,255,24.068,0.31,4.796,0,0,418430976,0,5,1,cloister
42.371,13.279,0.568,0.0,14.013,1.365,171,588635,255,24.023,0.31,4.798,0,0,418430976,0,5,1,cloister
42.384,12.395,0.679,0.0,14.013,1.365,171,588635,255,23.978,0.31,4.8,0,0,418430976,0,5,1,cloister
42.396,12.364,0.788,0.0,14.013,1.365,171,588635,255,23.978,0.31,4.8,0,0,418430976,0,5,1,cloister
42.409,12.823,1.361,0.0,14.013,1.365,171,588635,255,23.933,0.31,4.803,0,0,418430976,0,5,1,cloister
42.421,12.056,1.015,0.0,14.013,1.365,171,588635,255,23.888,0.31,4.805,0,0,418430976,0,5,1,cloister
42.434,13.114,0.815,0.0,14.013,1.365,171,588635,255,23.843,0.31,4.807,0,0,418430976,0,5,1,cloister
42.446,12.049,0.45,0.0,14.013,1.365,171,588635,255,23.843,0.31,4.807,0,0,418430976,0,5,1,cloister
42.459,13.534,1.037,0.0,14.013,1.365,171,588635,255,23.798,0.31,4.809,0,0,418430976,0,5,1,cloister
42.471,12.354,1.006,0.0,14.013,1.365,171,588635,255,23.753,0.31,4.812,0,0,418430976,0,5,1,cloister
42.484,12.736,1.081,0.0,14.013,1.365,171,588635,255,23.708,0.31,4.814,0,0,418430976,0,5,1,cloister
42.496,11.855,1.107,0.0,14.013,1.365,171,588635,255,23.708,0.31,4.814,0,0,418430976,0,5,1,cloister
42.509,13.102,1.065,0.0,14.013,1.365,171,588635,255,23.663,0.31,4.816,0,0,418430976,0,5,1,cloister
42.521,12.75,1.074,0.0,14.013,1.365,171,588635,255,23.618,0.31,4.818,0,0,418430976,0,5,1,cloister
42.534,11.898,1.044,0.0,14.013,1.365,171,588635,255,23.573,0.31,4.821,0,0,418430976,0,5,1,cloister
42.546,12.462,1.086,0.0,14.013,1.365,171,588635,255,23.573,0.31,4.821,0,0,418430976,0,5,1,cloister
42.559,13.161,0.444,0.0,14.013,1.365,171,588635,255,23.528,0.31,4.823,0,0,418430976,0,5,1,cloister
42.571,11.636,1.046,0.0,14.013,1.365,171,588635,255,23.483,0.31,4.825,0,0,418430976,0,5,1,cloister
42.584,12.375,1.06,0.0,14.013,1.365,171,588635,255,23.439,0.31,4.827,0,0,418430976,0,5,1,cloister
42.596,11.862,0.901,0.0,14.013,1.365,171,588635,255,23.439,0.31,4.827,0,0,418430976,0,5,1,cloister
42.609,12.99,0.875,0.0,14.013,1.365,171,588635,255,23.394,0.31,4.83,0,0,418430976,0,5,1,cloister
42.621,12.119,1.015,0.0,14.013,1.365,171,588635,255,23.349,0.31,4.832,0,0,418430976,0,5,1,cloister
42.634,12.46,1.196,0.0,14.013,1.365,171,588635,255,23.304,0.31,4.834,0,0,418430976,0,5,1,cloister
42.646,11.081,1.031,0.0,14.013,1.365,170,588447,254,23.304,0.31,4.834,0,0,418430976,0,5,1,cloister
42.659,13.551,0.939,0.0,14.013,1.365,170,588447,254,23.259,0.31,4.836,0,0,418430976,0,5,1,cloister
42.671,12.248,0.472,0.0,14.013,1.365,170,588447,254,23.214,0.31,4.839,0,0,418430976,0,5,1,cloister
42.684,12.184,1.086,0.0,14.013,1.365,170,588447,254,23.169,0.31,4.841,0,0,418430976,0,5,1,cloister
42.696,11.959,0.985,0.0,14.013,1.365,170,588447,254,23.169,0.31,4.841,0,0,418430976,0,5,1,cloister
42.709,12.739,0.68,0.0,14.013,1.365,170,588447,254,23.124,0.31,4.843,0,0,418430976,0,5,1,cloister
42.721,12.191,0.997,0.0,14.013,1.365,170,588447,254,23.079,0.31,4.845,0,0,418430976,0,5,1,cloister
42.734,12.988,0.916,0.0,14.013,1.365,170,588447,254,23.034,0.31,4.848,0,0,418430976,0,5,1,cloister
42.746,11.452,0.846,0.0,14.013,1.365,170,588447,254,23.034,0.31,4.848,0,0,418430976,0,5,1,cloister
42.759,13.093,0.955,0.0,14.013,1.365,170,588447,254,22.989,0.31,4.85,0,0,418430976,0,5,1,cloister
42.771,12.229,1.002,0.0,14.013,1.365,170,588447,254,22.944,0.31,4.852,0,0,418430976,0,5,1,cloister
42.784,12.728,1.113,0.0,14.013,1.365,170,588447,254,22.899,0.31,4.855,0,0,418430976,0,5,1,cloister
42.796,11.603,0.904,0.0,14.013,1.365,170,588447,254,22.899,0.31,4.855,0,0,418430976,0,5,1,cloister
42.809,12.713,1.203,0.0,14.013,1.365,170,588447,254,22.854,0.31,4.857,0,0,418430976,0,5,1,cloister
42.821,12.497,0.967,0.0,14.013,1.365,168,584263,252,22.809,0.31,4.859,0,0,418430976,0,5,1,cloister
42.834,12.43,0.904,0.0,14.013,1.365,168,584263,252,22.764,0.31,4.861,0,0,418430976,0,5,1,cloister
42.846,11.507,1.219,0.0,14.013,1.365,168,584263,252,22.764,0.31,4.861,0,0,418430976,0,5,1,cloister
42.859,12.414,1.945,0.0,14.013,1.365,168,584263,252,22.719,0.31,4.864,0,0,418430976,0,5,1,cloister
42.871,12.371,1.044,0.0,14.013,1.365,168,584263,252,22.674,0.31,4.866,0,0,418430976,0,5,1,cloister
42.883,12.096,0.36,0.0,14.013,1.365,168,584263,252,22.674,0.31,4.866,0,0,418430976,0,5,1,cloister
42.896,13.502,0.401,0.0,14.013,1.365,168,584263,252,22.63,0.31,4.868,0,0,418430976,0,5,1,cloister
42.908,11.906,0.952,0.0,14.013,1.365,168,584263,252,22.585,0.31,4.87,0,0,418430976,0,5,1,cloister
42.92,12.283,1.191,0.0,14.013,1.365,168,584263,252,22.54,0.31,4.873,0,0,418430976,0,5,1,cloister
42.933,12.023,0.894,0.0,14.013,1.365,168,584263,252,22.54,0.31,4.873,0,0,418430976,0,5,1,cloister
42.945,13.165,0.943,0.0,14.013,1.365,168,584263,252,22.495,0.31,4.875,0,0,418430976,0,5,1,cloister
42.957,11.382,1.131,0.0,14.013,1.365,168,584263,252,22.45,0.31,4.877,0,0,418430976,0,5,1,cloister
42.97,12.594,1.083,0.0,14.013,1.365,168,584263,252,22.405,0.31,4.879,0,0,418430976,0,5,1,cloister
42.982,11.926,0.364,0.0,14.013,1.365,168,584263,252,22.405,0.31,4.879,0,0,418430976,0,5,1,cloister
42.995,14.173,0.355,0.0,14.013,1.365,168,584263,252,22.36,0.31,4.882,0,0,418430976,0,5,1,cloister
43.007,11.903,0.443,0.0,14.013,1.365,168,584263,252,22.315,0.31,4.884,0,0,418430976,0,5,1,cloister
43.02,12.411,0.525,0.0,14.013,1.365,168,584263,252,22.27,0.31,4.886,0,0,418430976,0,5,1,cloister
43.032,11.73,1.014,0.0,14.013,1.365,168,584263,252,22.27,0.31,4.886,0,0,418430976,0,5,1,cloister
43.044,13.052,1.056,0.0,14.013,1.365,168,584263,252,22.225,0.31,4.888,0,0,418430976,0,5,1,cloister
43.057,12.263,0.95,0.0,14.013,1.365,168,584263,252,22.18,0.31,4.891,0,0,418430976,0,5,1,cloister
43.069,13.031,1.148,0.0,14.013,1.365,168,584263,252,22.135,0.31,4.893,0,0,418430976,0,5,1,cloister
43.082,11.177,0.492,0.0,14.013,1.365,168,584263,252,22.135,0.31,4.893,0,0,418430976,0,5,1,cloister
43.094,13.086,0.899,0.0,14.013,1.365,168,584263,252,22.09,0.31,4.895,0,0,418430976,0,5,1,cloister
43.106,12.217,0.861,0.0,14.013,1.365,168,584263,252,22.045,0.31,4.897,0,0,418430976,0,5,1,cloister
43.119,12.533,1.016,0.0,14.013,1.365,168,584263,252,22.0,0.31,4.9,0,0,418430976,0,5,1,cloister
43.131,11.791,0.87,0.0,14.013,1.365,164,584143,192,22.0,0.31,4.9,0,0,418430976,0,5,1,cloister
43.144,12.825,0.461,0.0,14.013,1.365,164,584143,192,21.955,0.31,4.902,0,0,418430976,0,5,1,cloister
43.156,13.176,0.843,0.0,14.013,1.365,163,580139,191,21.91,0.31,4.904,0,0,418430976,0,5,1,cloister
43.168,11.521,1.123,0.0,14.013,1.365,163,580139,191,21.866,0.31,4.906,0,0,418430976,0,5,1,cloister
43.18,11.657,0.982,0.0,14.013,1.365,163,580139,191,21.866,0.31,4.906,0,0,418430976,0,5,1,cloister
43.193,12.718,1.036,0.0,14.013,1.365,163,580139,191,21.821,0.31,4.909,0,0,418430976,0,5,1,cloister
43.205,12.418,1.081,0.0,14.013,1.365,164,580163,192,21.776,0.31,4.911,0,0,418430976,0,5,1,cloister
43.217,12.097,0.861,0.0,14.013,1.365,164,580163,192,21.731,0.31,4.913,0,0,418430976,0,5,1,cloister
43.23,11.894,0.96,0.0,14.013,1.365,164,580163,192,21.731,0.31,4.913,0,0,418430976,0,5,1,cloister
43.242,13.278,0.854,0.0,12.706,2.872,164,580163,192,21.686,0.31,4.915,0,0,418430976,0,5,1,cloister
43.254,12.052,1.045,0.0,12.706,2.872,164,580163,192,21.641,0.31,4.918,0,0,418430976,0,5,1,cloister
43.266,11.386,1.001,0.0,12.706,2.872,164,580163,192,21.641,0.31,4.918,0,0,418430976,0,5,1,cloister
43.279,13.006,1.017,0.0,12.706,2.872,164,580163,192,21.596,0.31,4.92,0,0,418430976,0,5,1,cloister
43.291,12.373,0.848,0.0,12.706,2.872,165,580165,193,21.551,0.31,4.922,0,0,418430976,0,5,1,cloister
43.303,12.053,0.988,0.0,12.706,2.872,165,580165,193,21.506,0.31,4.924,0,0,418430976,0,5,1,cloister
43.315,11.728,0.934,0.0,12.706,2.872,165,580165,193,21.506,0.31,4.924,0,0,418430976,0,5,1,cloister
43.328,12.291,1.692,0.0,12.706,2.872,165,580165,193,21.461,0.31,4.927,0,0,418430976,0,5,1,cloister
43.34,12.617,1.211,0.0,12.706,2.872,165,580165,193,21.416,0.31,4.929,0,0,418430976,0,5,1,cloister
43.352,12.621,0.365,0.0,12.706,2.872,165,580165,193,21.371,0.31,4.931,0,0,418430976,0,5,1,cloister
43.365,11.967,0.423,0.0,12.706,2.872,165,580165,193,21.371,0.31,4.931,0,0,418430976,0,5,1,cloister
43.377,12.823,0.832,0.0,12.706,2.872,165,580165,193,21.326,0.31,4.933,0,0,418430976,0,5,1,cloister
43.389,12.214,0.928,0.0,12.706,2.872,165,580165,193,21.281,0.31,4.936,0,0,418430976,0,5,1,cloister
43.402,12.283,1.049,0.0,12.706,2.872,165,580165,193,21.236,0.31,4.938,0,0,418430976,0,5,1,cloister
43.414,11.817,1.067,0.0,12.706,2.872,165,580165,193,21.236,0.31,4.938,0,0,418430976,0,5,1,cloister
43.426,12.946,1.045,0.0,12.706,2.872,165,580165,193,21.191,0.31,4.94,0,0,418430976,0,5,1,cloister
43.439,11.699,0.978,0.0,12.706,2.872,165,580165,193,21.146,0.31,4.942,0,0,418430976,0,5,1,cloister
43.451,13.377,1.042,0.0,12.706,2.872,165,580165,193,21.101,0.31,4.945,0,0,418430976,0,5,1,cloister
43.463,10.559,0.476,0.0,12.706,2.872,165,580165,193,21.101,0.31,4.945,0,0,418430976,0,5,1,cloister
43.475,12.982,1.286,0.0,12.706,2.872,165,580165,193,21.057,0.31,4.947,0,0,418430976,0,5,1,cloister
43.488,12.727,0.738,0.0,12.706,2.872,165,580165,193,21.012,0.31,4.949,0,0,418430976,0,5,1,cloister
43.5,12.318,0.545,0.0,12.706,2.872,165,580165,193,20.967,0.31,4.952,0,0,418430976,0,5,1,cloister
43.512,11.913,0.883,0.0,12.706,2.872,165,580165,193,20.967,0.31,4.952,0,0,418430976,0,5,1,cloister
43.525,12.78,0.931,0.0,12.706,2.872,165,580165,193,20.922,0.31,4.954,0,0,418430976,0,5,1,cloister
43.537,12.46,1.082,0.0,12.706,2.872,165,580165,193,20.877,0.31,4.956,0,0,418430976,0,5,1,cloister
43.55,11.933,0.882,0.0,12.706,2.872,165,580165,193,20.877,0.31,4.956,0,0,418430976,0,5,1,cloister
43.562,12.828,1.038,0.0,12.706,2.872,165,580165,193,20.832,0.31,4.958,0,0,418430976,0,5,1,cloister
43.574,12.293,1.25,0.0,12.706,2.872,165,580165,193,20.787,0.31,4.961,0,0,418430976,0,5,1,cloister
43.587,12.384,1.01,0.0,12.706,2.872,165,580165,193,20.742,0.31,4.963,0,0,418430976,0,5,1,cloister
43.599,12.067,0.891,0.0,12.706,2.872,165,580165,193,20.742,0.31,4.963,0,0,418430976,0,5,1,cloister
43.611,13.12,0.894,0.0,12.706,2.872,165,580165,193,20.697,0.31,4.965,0,0,418430976,0,5,1,cloister
43.624,12.032,1.191,0.0,12.706,2.872,165,580165,193,20.652,0.31,4.967,0,0,418430976,0,5,1,cloister
43.636,12.156,0.94,0.0,12.706,2.872,165,580165,193,20.607,0.31,4.97,0,0,418430976,0,5,1,cloister
43.648,11.694,1.169,0.0,12.706,2.872,165,580165,193,20.607,0.31,4.97,0,0,418430976,0,5,1,cloister
43.661,12.965,0.978,0.0,12.706,2.872,165,580165,193,20.562,0.31,4.972,0,0,418430976,0,5,1,cloister
43.673,12.284,1.048,0.0,12.706,2.872,165,580165,193,20.517,0.31,4.974,0,0,418430976,0,5,1,cloister
43.686,12.405,0.419,0.0,12.706,2.872,165,580165,193,20.472,0.31,4.976,0,0,418430976,0,5,1,cloister
43.698,11.825,0.673,0.0,12.706,2.872,165,580165,193,20.472,0.31,4.976,0,0,418430976,0,5,1,cloister
43.71,12.864,0.77,0.0,12.706,2.872,165,580165,193,20.427,0.31,4.979,0,0,418430976,0,5,1,cloister
43.723,12.741,0.871,0.0,12.706,2.872,165,580165,193,20.382,0.31,4.981,0,0,418430976,0,5,1,cloister
43.735,11.934,1.041,0.0,12.706,2.872,165,580165,193,20.337,0.31,4.983,0,0,418430976,0,5,1,cloister
43.747,11.668,1.082,0.0,12.706,2.872,165,580165,193,20.337,0.31,4.983,0,0,418430976,0,5,1,cloister
43.759,12.962,0.859,0.0,12.706,2.872,165,580165,193,20.293,0.31,4.985,0,0,418430976,0,5,1,cloister
43.772,12.347,0.895,0.0,12.706,2.872,165,580165,193,20.248,0.31,4.987,0,0,418430976,0,5,1,cloister
43.784,12.191,1.117,0.0,12.706,2.872,165,580165,193,20.203,0.31,4.989,0,0,418430976,0,5,1,cloister
43.797,12.6,0.945,0.0,12.706,2.872,165,580165,193,20.203,0.31,4.989,0,0,418430976,0,5,1,cloister
43.809,12.387,1.004,0.0,12.706,2.872,165,580165,193,20.158,0.31,4.991,0,0,418430976,0,5,1,cloister
43.821,11.899,1.036,0.0,12.706,2.872,165,580165,193,20.113,0.31,4.992,0,0,418430976,0,5,1,cloister
43.833,11.749,1.313,0.0,12.706,2.872,165,580165,193,20.113,0.31,4.992,0,0,418430976,0,5,1,cloister
43.845,12.972,0.841,0.0,12.706,2.872,165,580165,193,20.068,0.31,4.994,0,0,418430976,0,5,1,cloister
43.858,11.763,0.992,0.0,12.706,2.872,165,580165,193,20.023,0.31,4.995,0,0,418430976,0,5,1,cloister
43.87,12.416,1.114,0.0,12.706,2.872,165,580165,193,19.978,0.31,4.997,0,0,418430976,0,5,1,cloister
43.883,12.23,0.331,0.0,12.706,2.872,164,572555,192,19.978,0.31,4.997,0,0,418430976,0,5,1,cloister
43.895,12.848,0.37,0.0,12.706,2.872,164,572555,192,19.933,0.31,4.998,0,0,418430976,0,5,1,cloister
43.907,12.284,0.919,0.0,12.706,2.872,164,572555,192,19.888,0.31,5.0,0,0,418430976,0,5,1,cloister
43.919,12.423,0.528,0.0,12.706,2.872,164,572555,192,19.843,0.31,5.001,0,0,418430976,0,5,1,cloister
43.932,11.667,0.949,0.0,12.706,2.872,164,572555,192,19.843,0.31,5.001,0,0,418430976,0,5,1,cloister
43.944,13.458,0.964,0.0,12.706,2.872,164,572555,192,19.798,0.31,5.002,0,0,418430976,0,5,1,cloister
43.957,12.391,0.861,0.0,12.706,2.872,164,572555,192,19.753,0.31,5.004,0,0,418430976,0,5,1,cloister
43.969,11.437,0.956,0.0,12.706,2.872,164,572555,192,19.708,0.31,5.005,0,0,418430976,0,5,1,cloister
43.981,11.98,0.604,0.0,12.706,2.872,164,572555,192,19.708,0.31,5.005,0,0,418430976,0,5,1,cloister
43.994,12.849,0.543,0.0,12.706,2.872,164,572555,192,19.663,0.31,5.006,0,0,418430976,0,5,1,cloister
44.006,12.475,0.625,0.0,12.706,2.872,164,572555,192,19.618,0.31,5.007,0,0,418430976,0,5,1,cloister
44.019,12.567,0.357,0.0,12.706,2.872,164,572555,192,19.573,0.31,5.008,0,0,418430976,0,5,1,cloister
44.031,12.034,0.389,0.0,12.706,2.872,164,572555,192,19.573,0.31,5.008,0,0,418430976,0,5,1,cloister
44.043,13.203,0.489,0.0,12.706,2.872,164,572555,192,19.528,0.31,5.009,0,0,418430976,0,5,1,cloister
44.056,11.538,0.924,0.0,12.706,2.872,164,572555,192,19.483,0.31,5.01,0,0,418430976,0,5,1,cloister
44.068,13.168,1.126,0.0,12.706,2.872,164,572555,192,19.438,0.31,5.011,0,0,418430976,0,5,1,cloister
44.08,11.473,0.604,0.0,12.706,2.872,164,572555,192,19.438,0.31,5.011,0,0,418430976,0,5,1,cloister
44.093,12.939,1.162,0.0,12.706,2.872,164,572555,192,19.393,0.31,5.012,0,0,418430976,0,5,1,cloister
44.105,12.345,0.844,0.0,12.706,2.872,164,572555,192,19.348,0.31,5.013,0,0,418430976,0,5,1,cloister
44.117,12.719,1.137,0.0,12.706,2.872,164,572555,192,19.303,0.31,5.014,0,0,418430976,0,5,1,cloister
44.13,11.278,1.108,0.0,12.706,2.872,164,573755,192,19.303,0.31,5.014,0,0,418430976,0,5,1,cloister
44.142,12.235,0.977,0.0,12.706,2.872,164,573755,192,19.258,0.31,5.015,0,0,418430976,0,5,1,cloister
44.154,12.645,0.939,0.0,12.706,2.872,164,573755,192,19.213,0.31,5.016,0,0,418430976,0,5,1,cloister
44.166,11.816,0.567,0.0,12.706,2.872,164,573755,192,19.213,0.31,5.016,0,0,418430976,0,5,1,cloister
44.179,13.219,0.953,0.0,12.706,2.872,164,573755,192,19.168,0.31,5.016,0,0,418430976,0,5,1,cloister
44.191,12.045,0.918,0.0,12.706,2.872,164,573755,192,19.123,0.31,5.017,0,0,418430976,0,5,1,cloister
44.203,12.163,1.256,0.0,12.706,2.872,163,573719,191,19.078,0.31,5.018,0,0,418430976,0,5,1,cloister
44.215,11.464,1.066,0.0,12.706,2.872,163,573719,191,19.078,0.31,5.018,0,0,418430976,0,5,1,cloister
44.228,12.945,0.915,0.0,12.706,2.872,163,573719,191,19.033,0.31,5.019,0,0,418430976,0,5,1,cloister
44.24,12.469,0.841,0.0,12.706,2.872,162,573683,190,18.988,0.31,5.02,0,0,418430976,0,5,1,cloister
44.252,12.201,0.981,0.0,12.451,1.016,162,573683,190,18.943,0.31,5.02,0,0,418430976,0,5,1,cloister
44.264,11.226,1.015,0.0,12.451,1.016,162,573683,190,18.943,0.31,5.02,0,0,418430976,0,5,1,cloister
44.276,12.573,1.087,0.0,12.451,1.016,162,573683,190,18.898,0.31,5.021,0,0,418430976,0,5,1,cloister
44.288,11.629,1.245,0.0,12.451,1.016,162,573683,190,18.853,0.31,5.022,0,0,418430976,0,5,1,cloister
44.3,11.376,1.161,0.0,12.451,1.016,162,573683,190,18.853,0.31,5.022,0,0,418430976,0,5,1,cloister
44.312,12.498,0.944,0.0,12.451,1.016,162,573683,190,18.808,0.31,5.023,0,0,418430976,0,5,1,cloister
44.324,11.887,0.97,0.0,12.451,1.016,162,573727,190,18.763,0.31,5.023,0,0,418430976,0,5,1,cloister
44.336,11.499,1.002,0.0,12.451,1.016,162,573727,190,18.718,0.31,5.024,0,0,418430976,0,5,1,cloister
44.348,11.866,0.976,0.0,12.451,1.016,162,573727,190,18.718,0.31,5.024,0,0,418430976,0,5,1,cloister
44.361,12.951,0.403,0.0,12.451,1.016,162,573727,190,18.673,0.31,5.025,0,0,418430976,0,5,1,cloister
44.373,12.488,0.519,0.0,12.451,1.016,162,573727,190,18.628,0.31,5.025,0,0,418430976,0,5,1,cloister
44.385,12.535,0.366,0.0,12.451,1.016,163,573729,191,18.583,0.31,5.026,0,0,418430976,0,5,1,cloister
44.397,10.893,0.342,0.0,12.451,1.016,163,573729,191,18.583,0.31,5.026,0,0,418430976,0,5,1,cloister
44.409,12.708,0.322,0.0,12.451,1.016,163,573729,191,18.538,0.31,5.027,0,0,418430976,0,5,1,cloister
44.421,12.488,0.33,0.0,12.451,1.016,163,573729,191,18.493,0.31,5.028,0,0,418430976,0,5,1,cloister
44.434,12.001,0.396,0.0,12.451,1.016,163,573729,191,18.448,0.31,5.028,0,0,418430976,0,5,1,cloister
44.446,12.905,0.597,0.0,12.451,1.016,163,573729,191,18.448,0.31,5.028,0,0,418430976,0,5,1,cloister
44.458,12.616,0.4,0.0,12.451,1.016,163,573729,191,18.403,0.31,5.029,0,0,418430976,0,5,1,cloister
44.47,11.701,1.198,0.0,12.451,1.016,163,573729,191,18.358,0.31,5.03,0,0,418430976,0,5,1,cloister
44.482,10.988,1.174,0.0,12.451,1.016,162,573693,190,18.358,0.31,5.03,0,0,418430976,0,5,1,cloister
44.494,13.14,0.874,0.0,12.451,1.016,162,573693,190,18.313,0.31,5.03,0,0,418430976,0,5,1,cloister
44.507,11.001,0.561,0.0,12.451,1.016,162,573693,190,18.268,0.31,5.031,0,0,418430976,0,5,1,cloister
44.519,12.047,1.062,0.0,12.451,1.016,161,573657,189,18.223,0.31,5.032,0,0,418430976,0,5,1,cloister
44.531,11.4,0.351,0.0,12.451,1.016,161,573657,189,18.223,0.31,5.032,0,0,418430976,0,5,1,cloister
44.543,12.607,0.31,0.0,12.451,1.016,161,573657,189,18.178,0.31,5.032,0,0,418430976,0,5,1,cloister
44.555,13.333,0.421,0.0,12.451,1.016,161,573657,189,18.133,0.31,5.033,0,0,418430976,0,5,1,cloister
44.567,11.076,0.435,0.0,12.451,1.016,161,573657,189,18.088,0.31,5.034,0,0,418430976,0,5,1,cloister
44.579,11.338,0.844,0.0,12.451,1.016,161,573657,189,18.088,0.31,5.034,0,0,418430976,0,5,1,cloister
44.591,12.433,0.986,0.0,12.451,1.016,161,573657,189,18.043,0.31,5.034,0,0,418430976,0,5,1,cloister
44.604,12.033,0.942,0.0,12.451,1.016,161,573657,189,17.998,0.31,5.035,0,0,418430976,0,5,1,cloister
44.616,11.229,0.905,0.0,12.451,1.016,161,573657,189,17.998,0.31,5.035,0,0,418430976,0,5,1,cloister
44.628,12.504,0.957,0.0,12.451,1.016,161,573657,189,17.953,0.31,5.036,0,0,418430976,0,5,1,cloister
44.64,12.033,0.387,0.0,12.451,1.016,161,573657,189,17.908,0.31,5.036,0,0,418430976,0,5,1,cloister
44.652,11.931,0.356,0.0,12.451,1.016,160,573577,188,17.863,0.31,5.037,0,0,418430976,0,5,1,cloister
44.664,12.082,0.371,0.0,12.451,1.016,160,573577,188,17.863,0.31,5.037,0,0,418430976,0,5,1,cloister
44.676,12.33,0.418,0.0,12.451,1.016,160,573577,188,17.818,0.31,5.038,0,0,418430976,0,5,1,cloister
44.688,11.991,1.145,0.0,12.451,1.016,160,573577,188,17.773,0.31,5.039,0,0,418430976,0,5,1,cloister
44.701,11.667,0.876,0.0,12.451,1.016,160,573577,188,17.728,0.31,5.039,0,0,418430976,0,5,1,cloister
44.713,11.521,0.931,0.0,12.451,1.016,160,573577,188,17.728,0.31,5.039,0,0,418430976,0,5,1,cloister
44.725,12.592,1.036,0.0,12.451,1.016,160,573577,188,17.683,0.31,5.04,0,0,418430976,0,5,1,cloister
44.737,11.654,0.826,0.0,12.451,1.016,160,573577,188,17.638,0.31,5.041,0,0,418430976,0,5,1,cloister
44.749,11.308,1.139,0.0,12.451,1.016,159,573541,187,17.638,0.31,5.041,0,0,418430976,0,5,1,cloister
44.761,12.575,1.077,0.0,12.451,1.016,159,573541,187,17.593,0.31,5.041,0,0,418430976,0,5,1,cloister
44.773,11.793,0.918,0.0,12.451,1.016,159,573541,187,17.548,0.31,5.042,0,0,418430976,0,5,1,cloister
44.785,11.881,0.918,0.0,12.451,1.016,158,573421,186,17.503,0.31,5.043,0,0,418430976,0,5,1,cloister
44.798,11.205,1.086,0.0,12.451,1.016,158,573421,186,17.503,0.31,5.043,0,0,418430976,0,5,1,cloister
44.81,12.586,0.623,0.0,12.451,1.016,158,573421,186,17.458,0.31,5.043,0,0,418430976,0,5,1,cloister
44.822,11.883,0.925,0.0,12.451,1.016,158,573421,186,17.413,0.31,5.044,0,0,418430976,0,5,1,cloister
44.834,12.207,0.942,0.0,12.451,1.016,158,573421,186,17.368,0.31,5.045,0,0,418430976,0,5,1,cloister
44.846,11.388,0.929,0.0,12.451,1.016,158,573421,186,17.368,0.31,5.045,0,0,418430976,0,5,1,cloister
44.858,12.715,1.029,0.0,12.451,1.016,158,573421,186,17.323,0.31,5.045,0,0,418430976,0,5,1,cloister
44.87,11.518,1.412,0.0,12.451,1.016,158,573421,186,17.278,0.31,5.046,0,0,418430976,0,5,1,cloister
44.882,11.245,0.984,0.0,12.451,1.016,159,573445,187,17.278,0.31,5.046,0,0,418430976,0,5,1,cloister
44.894,13.05,0.342,0.0,12.451,1.016,159,573445,187,17.233,0.31,5.047,0,0,418430976,0,5,1,cloister
44.907,11.642,0.44,0.0,12.451,1.016,159,573445,187,17.188,0.31,5.047,0,0,418430976,0,5,1,cloister
44.919,11.772,0.446,0.0,12.451,1.016,159,573445,187,17.143,0.31,5.048,0,0,418430976,0,5,1,cloister
44.931,10.952,0.978,0.0,12.451,1.016,159,573445,187,17.143,0.31,5.048,0,0,418430976,0,5,1,cloister
44.943,13.246,0.852,0.0,12.451,1.016,159,573445,187,17.098,0.31,5.049,0,0,418430976,0,5,1,cloister
44.955,11.62,0.441,0.0,12.451,1.016,159,573445,187,17.053,0.31,5.049,0,0,418430976,0,5,1,cloister
44.967,11.699,1.213,0.0,12.451,1.016,159,573445,187,17.008,0.31,5.05,0,0,418430976,0,5,1,cloister
44.979,11.418,1.084,0.0,12.451,1.016,159,573445,187,17.008,0.31,5.05,0,0,418430976,0,5,1,cloister
44.991,12.56,0.881,0.0,12.451,1.016,159,573445,187,16.963,0.31,5.05,0,0,418430976,0,5,1,cloister
45.004,11.648,0.847,0.0,12.451,1.016,159,573445,187,16.918,0.31,5.051,0,0,418430976,0,5,1,cloister
45.016,11.649,0.984,0.0,12.451,1.016,158,573365,186,16.918,0.31,5.051,0,0,418430976,0,5,1,cloister
45.028,12.616,0.404,0.0,12.451,1.016,158,573365,186,16.873,0.31,5.052,0,0,418430976,0,5,1,cloister
45.04,12.308,0.387,0.0,12.451,1.016,158,573365,186,16.828,0.31,5.052,0,0,418430976,0,5,1,cloister
45.052,12.122,2.771,0.0,12.451,1.016,157,573329,185,16.783,0.31,5.053,0,0,418430976,0,5,1,cloister
45.064,11.54,0.422,0.0,12.451,1.016,157,573329,185,16.783,0.31,5.053,0,0,418430976,0,5,1,cloister
45.076,12.826,0.351,0.0,12.451,1.016,157,573329,185,16.738,0.31,5.054,0,0,418430976,0,5,1,cloister
45.088,11.969,0.451,0.0,12.451,1.016,156,573327,184,16.693,0.31,5.054,0,0,418430976,0,5,1,cloister
45.101,11.851,0.403,0.0,12.451,1.016,156,573327,184,16.648,0.31,5.055,0,0,418430976,0,5,1,cloister
45.113,11.509,0.357,0.0,12.451,1.016,156,573327,184,16.648,0.31,5.055,0,0,418430976,0,5,1,cloister
45.125,13.276,0.375,0.0,12.451,1.016,156,573327,184,16.603,0.31,5.056,0,0,418430976,0,5,1,cloister
45.137,11.664,0.547,0.0,12.451,1.016,156,573327,184,16.558,0.31,5.056,0,0,418430976,0,5,1,cloister
45.149,11.649,1.016,0.0,12.451,1.016,156,573327,184,16.558,0.31,5.056,0,0,418430976,0,5,1,cloister
45.161,12.535,1.081,0.0,12.451,1.016,156,573327,184,16.513,0.31,5.057,0,0,418430976,0,5,1,cloister
45.173,12.077,0.887,0.0,12.451,1.016,155,573247,183,16.468,0.31,5.058,0,0,418430976,0,5,1,cloister
45.185,12.143,0.918,0.0,12.451,1.016,155,573247,183,16.423,0.31,5.058,0,0,418430976,0,5,1,cloister
45.197,11.312,0.905,0.0,12.451,1.016,154,573211,182,16.423,0.31,5.058,0,0,418430976,0,5,1,cloister
45.209,12.597,0.935,0.0,12.451,1.016,154,573211,182,16.378,0.31,5.059,0,0,418430976,0,5,1,cloister
45.221,11.837,0.866,0.0,12.451,1.016,154,573211,182,16.333,0.31,5.06,0,0,418430976,0,5,1,cloister
45.233,11.415,0.896,0.0,12.451,1.016,154,573211,182,16.333,0.31,5.06,0,0,418430976,0,5,1,cloister
45.245,12.604,0.955,0.0,12.451,1.016,154,573211,182,16.288,0.31,5.06,0,0,418430976,0,5,1,cloister
45.257,11.894,0.928,0.0,12.433,1.257,153,573123,181,16.243,0.31,5.061,0,0,418430976,0,5,1,cloister
45.268,11.963,0.905,0.0,12.433,1.257,152,573121,180,16.198,0.31,5.062,0,0,418430976,0,5,1,cloister
45.28,11.572,0.979,0.0,12.433,1.257,151,573001,179,16.198,0.31,5.062,0,0,418430976,0,5,1,cloister
45.292,12.06,0.903,0.0,12.433,1.257,151,573001,179,16.153,0.31,5.062,0,0,418430976,0,5,1,cloister
45.304,12.334,0.906,0.0,12.433,1.257,151,573001,179,16.108,0.31,5.063,0,0,418430976,0,5,1,cloister
45.316,11.413,0.603,0.0,12.433,1.257,151,573001,179,16.108,0.31,5.063,0,0,418430976,0,5,1,cloister
45.328,12.618,0.959,0.0,12.433,1.257,151,573001,179,16.063,0.31,5.064,0,0,418430976,0,5,1,cloister
45.34,11.713,0.837,0.0,12.433,1.257,151,573001,179,16.018,0.31,5.064,0,0,418430976,0,5,1,cloister
45.352,11.897,1.075,0.0,12.433,1.257,152,573021,180,15.973,0.31,5.065,0,0,418430976,0,5,1,cloister
45.364,10.987,0.893,0.0,12.433,1.257,151,572997,179,15.973,0.31,5.065,0,0,418430976,0,5,1,cloister
45.376,13.25,0.851,0.0,12.433,1.257,151,572997,179,15.929,0.31,5.066,0,0,418430976,0,5,1,cloister
45.387,11.634,0.468,0.0,12.433,1.257,151,572997,179,15.884,0.31,5.066,0,0,418430976,0,5,1,cloister
45.399,11.351,1.019,0.0,12.433,1.257,151,572697,179,15.884,0.31,5.066,0,0,418430976,0,5,1,cloister
45.411,12.567,0.938,0.0,12.433,1.257,151,572697,179,15.839,0.31,5.067,0,0,418430976,0,5,1,cloister
45.423,12.359,0.844,0.0,12.433,1.257,151,575008,179,15.794,0.31,5.068,0,0,418430976,0,5,1,cloister
45.435,12.593,0.842,0.0,12.433,1.257,150,585288,178,15.749,0.31,5.068,0,0,418430976,0,5,1,cloister
45.447,11.731,0.928,0.0,12.433,1.257,150,585288,178,15.749,0.31,5.068,0,0,418430976,0,5,1,cloister
45.459,12.45,0.862,0.0,12.433,1.257,150,585288,178,15.704,0.31,5.069,0,0,418430976,0,5,1,cloister
45.471,11.56,0.841,0.0,12.433,1.257,150,585288,178,15.659,0.31,5.07,0,0,418430976,0,5,1,cloister
45.483,11.494,0.954,0.0,12.433,1.257,150,585288,178,15.659,0.31,5.07,0,0,418430976,0,5,1,cloister
45.495,12.724,0.365,0.0,12.433,1.257,150,585288,178,15.614,0.31,5.07,0,0,418430976,0,5,1,cloister
45.507,12.326,0.347,0.0,12.433,1.257,150,585961,178,15.569,0.31,5.071,0,0,418430976,0,5,1,cloister
45.518,12.712,0.368,0.0,12.433,1.257,150,585961,178,15.524,0.31,5.072,0,0,418430976,0,5,1,cloister
45.53,11.412,0.407,0.0,12.433,1.257,150,588761,178,15.524,0.31,5.072,0,0,418430976,0,5,1,cloister
45.542,12.139,0.894,0.0,12.433,1.257,150,588761,178,15.479,0.31,5.072,0,0,418430976,0,5,1,cloister
45.554,11.708,0.839,0.0,12.433,1.257,151,588771,179,15.434,0.31,5.073,0,0,418430976,0,5,1,cloister
45.566,11.302,0.914,0.0,12.433,1.257,151,588771,179,15.434,0.31,5.073,0,0,418430976,0,5,1,cloister
45.578,12.348,0.583,0.0,12.433,1.257,151,588771,179,15.389,0.31,5.074,0,0,418430976,0,5,1,cloister
45.59,11.375,0.831,0.0,12.433,1.257,151,588771,179,15.344,0.31,5.074,0,0,418430976,0,5,1,cloister
45.602,11.741,0.863,0.0,12.433,1.257,152,589121,180,15.299,0.31,5.075,0,0,418430976,0,5,1,cloister
45.614,11.211,0.417,0.0,12.433,1.257,151,589916,179,15.299,0.31,5.075,0,0,418430976,0,5,1,cloister
45.626,12.38,0.455,0.0,12.433,1.257,151,589916,179,15.254,0.31,5.076,0,0,418430976,0,5,1,cloister
45.637,11.591,0.357,0.0,12.433,1.257,151,589916,179,15.209,0.31,5.076,0,0,418430976,0,5,1,cloister
45.649,11.323,0.371,0.0,12.433,1.257,151,589916,179,15.209,0.31,5.076,0,0,418430976,0,5,1,cloister
45.661,12.379,0.327,0.0,12.433,1.257,151,589916,179,15.164,0.31,5.077,0,0,418430976,0,5,1,cloister
45.673,11.906,0.308,0.0,12.433,1.257,151,589916,179,15.119,0.31,5.078,0,0,418430976,0,5,1,cloister
45.685,12.039,0.308,0.0,12.433,1.257,151,589916,179,15.074,0.31,5.078,0,0,418430976,0,5,1,cloister
45.697,11.526,0.456,0.0,12.433,1.257,151,589916,179,15.074,0.31,5.078,0,0,418430976,0,5,1,cloister
45.709,12.274,0.387,0.0,12.433,1.257,151,589916,179,15.029,0.31,5.079,0,0,418430976,0,5,1,cloister
45.721,12.995,0.398,0.0,12.433,1.257,151,589916,179,14.984,0.31,5.08,0,0,418430976,0,5,1,cloister
45.733,11.182,0.401,0.0,12.433,1.257,151,589916,179,14.984,0.31,5.08,0,0,418430976,0,5,1,cloister
45.745,12.4,0.975,0.0,12.433,1.257,151,589916,179,14.939,0.31,5.08,0,0,418430976,0,5,1,cloister
45.757,11.908,1.012,0.0,12.433,1.257,151,589916,179,14.894,0.31,5.081,0,0,418430976,0,5,1,cloister
45.768,11.947,0.908,0.0,12.433,1.257,151,589916,179,14.849,0.31,5.082,0,0,418430976,0,5,1,cloister
45.78,11.408,0.649,0.0,12.433,1.257,150,586580,178,14.849,0.31,5.082,0,0,418430976,0,5,1,cloister
45.792,12.445,0.914,0.0,12.433,1.257,150,586580,178,14.804,0.31,5.082,0,0,418430976,0,5,1,cloister
45.804,11.853,0.81,0.0,12.433,1.257,150,586580,178,14.759,0.31,5.083,0,0,418430976,0,5,1,cloister
45.816,11.531,0.889,0.0,12.433,1.257,150,586580,178,14.759,0.31,5.083,0,0,418430976,0,5,1,cloister
45.828,12.834,0.878,0.0,12.433,1.257,150,586580,178,14.714,0.31,5.084,0,0,418430976,0,5,1,cloister
45.84,11.533,1.009,0.0,12.433,1.257,150,586580,178,14.669,0.31,5.084,0,0,418430976,0,5,1,cloister
45.852,11.89,0.949,0.0,12.433,1.257,150,586580,178,14.624,0.31,5.085,0,0,418430976,0,5,1,cloister
45.864,11.159,0.481,0.0,12.433,1.257,149,586556,177,14.624,0.31,5.085,0,0,418430976,0,5,1,cloister
45.876,12.641,0.925,0.0,12.433,1.257,149,586556,177,14.579,0.31,5.086,0,0,418430976,0,5,1,cloister
45.887,10.927,0.998,0.0,12.433,1.257,148,583864,176,14.534,0.31,5.086,0,0,418430976,0,5,1,cloister
45.899,12.313,0.435,0.0,12.433,1.257,147,583840,175,14.534,0.31,5.086,0,0,418430976,0,5,1,cloister
45.911,12.396,0.397,0.0,12.433,1.257,147,583840,175,14.489,0.31,5.087,0,0,418430976,0,5,1,cloister
45.923,11.631,1.101,0.0,12.433,1.257,147,583840,175,14.444,0.31,5.088,0,0,418430976,0,5,1,cloister
45.935,11.853,1.03,0.0,12.433,1.257,147,583840,175,14.399,0.31,5.088,0,0,418430976,0,5,1,cloister
45.947,11.21,1.223,0.0,12.433,1.257,148,583864,176,14.399,0.31,5.088,0,0,418430976,0,5,1,cloister
45.959,12.564,0.934,0.0,12.433,1.257,148,583864,176,14.354,0.31,5.089,0,0,418430976,0,5,1,cloister
45.971,11.862,0.907,0.0,12.433,1.257,148,583864,176,14.309,0.31,5.09,0,0,418430976,0,5,1,cloister
45.983,11.173,1.027,0.0,12.433,1.257,148,583864,176,14.309,0.31,5.09,0,0,418430976,0,5,1,cloister
45.995,12.321,1.0,0.0,12.433,1.257,148,583864,176,14.264,0.31,5.09,0,0,418430976,0,5,1,cloister
46.007,11.607,1.106,0.0,12.433,1.257,149,584314,177,14.219,0.31,5.091,0,0,418430976,0,5,1,cloister
46.018,11.53,0.925,0.0,12.433,1.257,149,584314,177,14.174,0.31,5.092,0,0,418430976,0,5,1,cloister
46.03,11.164,0.857,0.0,12.433,1.257,149,584314,177,14.174,0.31,5.092,0,0,418430976,0,5,1,cloister
46.042,12.016,0.373,0.0,12.433,1.257,149,584314,177,14.129,0.31,5.092,0,0,418430976,0,5,1,cloister
46.054,12.763,0.636,0.0,12.433,1.257,149,584314,177,14.084,0.31,5.093,0,0,418430976,0,5,1,cloister
46.066,10.994,0.391,0.0,12.433,1.257,149,584314,177,14.084,0.31,5.093,0,0,418430976,0,5,1,cloister
46.078,12.064,1.129,0.0,12.433,1.257,149,584314,177,14.039,0.31,5.094,0,0,418430976,0,5,1,cloister
46.09,11.715,1.168,0.0,12.433,1.257,149,584314,177,13.994,0.31,5.094,0,0,418430976,0,5,1,cloister
46.102,11.667,0.901,0.0,12.433,1.257,149,584314,177,13.949,0.31,5.095,0,0,418430976,0,5,1,cloister
46.114,10.961,1.039,0.0,12.433,1.257,150,584316,178,13.949,0.31,5.095,0,0,418430976,0,5,1,cloister
46.125,12.209,0.958,0.0,12.433,1.257,150,584316,178,13.904,0.31,5.096,0,0,418430976,0,5,1,cloister
46.137,11.792,0.955,0.0,12.433,1.257,150,584316,178,13.859,0.31,5.096,0,0,418430976,0,5,1,cloister
46.148,10.819,0.905,0.0,12.433,1.257,150,584316,178,13.859,0.31,5.096,0,0,418430976,0,5,1,cloister
46.16,12.395,1.013,0.0,12.433,1.257,150,584316,178,13.814,0.31,5.097,0,0,418430976,0,5,1,cloister
46.172,11.353,0.931,0.0,12.433,1.257,150,584316,178,13.769,0.31,5.098,0,0,418430976,0,5,1,cloister
46.183,11.05,1.144,0.0,12.433,1.257,150,584316,178,13.769,0.31,5.098,0,0,418430976,0,5,1,cloister
46.195,12.674,1.034,0.0,12.433,1.257,150,584316,178,13.724,0.31,5.098,0,0,418430976,0,5,1,cloister
46.207,11.245,0.879,0.0,12.433,1.257,149,582248,177,13.679,0.31,5.099,0,0,418430976,0,5,1,cloister
46.218,11.266,1.014,0.0,12.433,1.257,149,582248,177,13.634,0.31,5.099,0,0,418430976,0,5,1,cloister
46.23,11.587,0.861,0.0,12.433,1.257,149,582248,177,13.634,0.31,5.099,0,0,418430976,0,5,1,cloister
46.242,12.355,0.644,0.0,12.433,1.257,149,582248,177,13.589,0.31,5.1,0,0,418430976,0,5,1,cloister
46.253,11.593,0.873,0.0,12.128,1.079,149,582248,177,13.544,0.31,5.101,0,0,418430976,0,5,1,cloister
46.265,11.041,1.004,0.0,12.128,1.079,149,582248,177,13.544,0.31,5.101,0,0,418430976,0,5,1,cloister
46.277,12.365,0.939,0.0,12.128,1.079,149,582248,177,13.499,0.31,5.101,0,0,418430976,0,5,1,cloister
46.288,11.179,0.86,0.0,12.128,1.079,149,582248,177,13.454,0.31,5.102,0,0,418430976,0,5,1,cloister
46.3,11.009,2.46,0.0,12.128,1.079,149,582248,177,13.454,0.31,5.102,0,0,418430976,0,5,1,cloister
46.312,12.234,0.334,0.0,12.128,1.079,149,582248,177,13.409,0.31,5.103,0,0,418430976,0,5,1,cloister
46.323,11.6,0.351,0.0,12.128,1.079,149,582248,177,13.364,0.31,5.103,0,0,418430976,0,5,1,cloister
46.335,12.349,0.358,0.0,12.128,1.079,149,582248,177,13.319,0.31,5.104,0,0,418430976,0,5,1,cloister
46.347,11.208,0.419,0.0,12.128,1.079,149,582248,177,13.319,0.31,5.104,0,0,418430976,0,5,1,cloister
46.358,12.085,1.109,0.0,12.128,1.079,149,582248,177,13.274,0.31,5.105,0,0,418430976,0,5,1,cloister
46.37,12.084,1.143,0.0,12.128,1.079,149,582248,177,13.229,0.31,5.105,0,0,418430976,0,5,1,cloister
46.382,10.937,1.021,0.0,12.128,1.079,149,582248,177,13.229,0.31,5.105,0,0,418430976,0,5,1,cloister
46.393,12.402,0.986,0.0,12.128,1.079,149,582248,177,13.184,0.31,5.106,0,0,418430976,0,5,1,cloister
46.405,12.181,0.919,0.0,12.128,1.079,149,582248,177,13.139,0.31,5.107,0,0,418430976,0,5,1,cloister
46.417,10.577,1.08,0.0,12.128,1.079,149,582248,177,13.139,0.31,5.107,0,0,418430976,0,5,1,cloister
46.428,12.432,0.97,0.0,12.128,1.079,149,582248,177,13.094,0.31,5.107,0,0,418430976,0,5,1,cloister
46.44,11.786,0.969,0.0,12.128,1.079,149,582248,177,13.049,0.31,5.108,0,0,418430976,0,5,1,cloister
46.452,11.626,1.029,0.0,12.128,1.079,149,582248,177,13.004,0.31,5.109,0,0,418430976,0,5,1,cloister
46.463,11.192,0.787,0.0,12.128,1.079,149,582248,177,13.004,0.31,5.109,0,0,418430976,0,5,1,cloister
46.475,12.559,0.876,0.0,12.128,1.079,149,582248,177,12.959,0.31,5.109,0,0,418430976,0,5,1,cloister
46.487,12.388,0.854,0.0,12.128,1.079,149,582248,177,12.914,0.31,5.11,0,0,418430976,0,5,1,cloister
46.498,11.954,1.004,0.0,12.128,1.079,149,582248,177,12.914,0.31,5.11,0,0,418430976,0,5,1,cloister
46.51,11.854,0.637,0.0,12.128,1.079,149,582248,177,12.869,0.31,5.111,0,0,418430976,0,5,1,cloister
46.522,12.119,1.131,0.0,12.128,1.079,149,582248,177,12.824,0.31,5.111,0,0,418430976,0,5,1,cloister
46.533,11.202,0.325,0.0,12.128,1.079,149,582248,177,12.824,0.31,5.111,0,0,418430976,0,5,1,cloister
46.545,12.085,0.336,0.0,12.128,1.079,149,582248,177,12.779,0.31,5.112,0,0,418430976,0,5,1,cloister
46.557,12.877,0.371,0.0,12.128,1.079,149,582248,177,12.734,0.31,5.113,0,0,418430976,0,5,1,cloister
46.568,11.877,0.517,0.0,12.128,1.079,149,582248,177,12.689,0.31,5.113,0,0,418430976,0,5,1,cloister
46.58,11.393,1.056,0.0,12.128,1.079,149,582248,177,12.689,0.31,5.113,0,0,418430976,0,5,1,cloister
46.592,12.584,1.179,0.0,12.128,1.079,149,582248,177,12.644,0.31,5.114,0,0,418430976,0,5,1,cloister
46.603,12.394,0.943,0.0,12.128,1.079,149,582248,177,12.599,0.31,5.115,0,0,418430976,0,5,1,cloister
46.615,9.845,1.242,0.0,12.128,1.079,149,582248,177,12.599,0.31,5.115,0,0,418430976,0,5,1,cloister
46.627,12.767,1.057,0.0,12.128,1.079,149,582248,177,12.554,0.31,5.115,0,0,418430976,0,5,1,cloister
46.638,11.232,0.433,0.0,12.128,1.079,149,582248,177,12.509,0.31,5.116,0,0,418430976,0,5,1,cloister
46.65,11.031,0.972,0.0,12.128,1.079,149,582248,177,12.509,0.31,5.116,0,0,418430976,0,5,1,cloister
46.662,12.085,0.901,0.0,12.128,1.079,149,582248,177,12.464,0.31,5.117,0,0,418430976,0,5,1,cloister
46.673,11.618,0.9,0.0,12.128,1.079,149,582248,177,12.419,0.31,5.117,0,0,418430976,0,5,1,cloister
46.685,11.233,1.022,0.0,12.128,1.079,149,582248,177,12.374,0.31,5.118,0,0,418430976,0,5,1,cloister
46.697,11.117,0.969,0.0,12.128,1.079,148,582072,176,12.374,0.31,5.118,0,0,418430976,0,5,1,cloister
46.708,11.733,0.91,0.0,12.128,1.079,148,582072,176,12.329,0.31,5.119,0,0,418430976,0,5,1,cloister
46.72,11.726,0.846,0.0,12.128,1.079,148,582072,176,12.284,0.31,5.119,0,0,418430976,0,5,1,cloister
46.732,10.813,0.914,0.0,12.128,1.079,148,582072,176,12.284,0.31,5.119,0,0,418430976,0,5,1,cloister
46.743,12.317,1.127,0.0,12.128,1.079,148,582072,176,12.239,0.31,5.12,0,0,418430976,0,5,1,cloister
46.755,11.07,0.998,0.0,12.128,1.079,148,582072,176,12.194,0.31,5.121,0,0,418430976,0,5,1,cloister
46.767,11.905,1.441,0.0,12.128,1.079,148,582072,176,12.194,0.31,5.121,0,0,418430976,0,5,1,cloister
46.778,11.247,1.023,0.0,12.128,1.079,148,582072,176,12.149,0.31,5.121,0,0,418430976,0,5,1,cloister
46.79,11.659,0.667,0.0,12.128,1.079,148,582072,176,12.104,0.31,5.122,0,0,418430976,0,5,1,cloister
46.802,11.115,0.968,0.0,12.128,1.079,148,582072,176,12.059,0.31,5.123,0,0,418430976,0,5,1,cloister
46.813,10.942,0.988,0.0,12.128,1.079,149,582074,177,12.059,0.31,5.123,0,0,418430976,0,5,1,cloister
46.825,12.154,0.906,0.0,12.128,1.079,149,582074,177,12.014,0.31,5.123,0,0,418430976,0,5,1,cloister
46.837,11.458,0.842,0.0,12.128,1.079,149,582074,177,11.969,0.31,5.124,0,0,418430976,0,5,1,cloister
46.848,10.782,1.021,0.0,12.128,1.079,149,582074,177,11.969,0.31,5.124,0,0,418430976,0,5,1,cloister
46.86,11.977,0.96,0.0,12.128,1.079,149,582074,177,11.924,0.31,5.125,0,0,418430976,0,5,1,cloister
46.872,11.186,0.831,0.0,12.128,1.079,149,582074,177,11.879,0.31,5.125,0,0,418430976,0,5,1,cloister
46.883,10.978,0.815,0.0,12.128,1.079,149,582074,177,11.879,0.31,5.125,0,0,418430976,0,5,1,cloister
46.895,13.003,0.384,0.0,12.128,1.079,149,582074,177,11.834,0.31,5.126,0,0,418430976,0,5,1,cloister
46.907,11.219,0.423,0.0,12.128,1.079,149,582074,177,11.789,0.31,5.127,0,0,418430976,0,5,1,cloister
46.918,11.486,0.989,0.0,12.128,1.079,149,582074,177,11.744,0.31,5.127,0,0,418430976,0,5,1,cloister
46.93,11.059,1.099,0.0,12.128,1.079,149,582074,177,11.744,0.31,5.127,0,0,418430976,0,5,1,cloister
46.942,12.128,1.03,0.0,12.128,1.079,149,582074,177,11.699,0.31,5.128,0,0,418430976,0,5,1,cloister
46.953,11.698,0.913,0.0,12.128,1.079,149,582074,177,11.654,0.31,5.129,0,0,418430976,0,5,1,cloister
46.965,10.945,0.877,0.0,12.128,1.079,149,582074,177,11.654,0.31,5.129,0,0,418430976,0,5,1,cloister
46.977,12.16,1.005,0.0,12.128,1.079,149,582074,177,11.609,0.31,5.129,0,0,418430976,0,5,1,cloister
46.988,11.79,0.931,0.0,12.128,1.079,149,582074,177,11.564,0.31,5.13,0,0,418430976,0,5,1,cloister
47.0,10.987,0.903,0.0,12.128,1.079,149,582074,177,11.564,0.31,5.13,0,0,418430976,0,5,1,cloister
47.012,12.202,0.973,0.0,12.128,1.079,149,582074,177,11.519,0.31,5.131,0,0,418430976,0,5,1,cloister
47.023,11.712,0.908,0.0,12.128,1.079,148,582058,176,11.474,0.31,5.131,0,0,418430976,0,5,1,cloister
47.035,12.043,0.896,0.0,12.128,1.079,148,582058,176,11.429,0.31,5.132,0,0,418430976,0,5,1,cloister
47.047,10.544,1.047,0.0,12.128,1.079,148,582058,176,11.429,0.31,5.132,0,0,418430976,0,5,1,cloister
47.058,12.235,0.942,0.0,12.128,1.079,148,582058,176,11.384,0.31,5.133,0,0,418430976,0,5,1,cloister
47.07,11.577,0.386,0.0,12.128,1.079,148,582058,176,11.339,0.31,5.133,0,0,418430976,0,5,1,cloister
47.082,11.331,0.341,0.0,12.128,1.079,148,582058,176,11.339,0.31,5.133,0,0,418430976,0,5,1,cloister
47.093,13.377,0.303,0.0,12.128,1.079,148,582058,176,11.294,0.31,5.134,0,0,418430976,0,5,1,cloister
47.105,10.995,0.641,0.0,12.128,1.079,148,582058,176,11.249,0.31,5.135,0,0,418430976,0,5,1,cloister
47.117,11.702,0.922,0.0,12.128,1.079,148,582058,176,11.249,0.31,5.135,0,0,418430976,0,5,1,cloister
47.128,12.878,0.383,0.0,12.128,1.079,148,582058,176,11.204,0.31,5.135,0,0,418430976,0,5,1,cloister
47.14,11.361,0.941,0.0,12.128,1.079,148,582058,176,11.159,0.31,5.136,0,0,418430976,0,5,1,cloister
47.152,11.779,0.882,0.0,12.128,1.079,148,582058,176,11.114,0.31,5.137,0,0,418430976,0,5,1,cloister
47.163,11.204,1.903,0.0,12.128,1.079,148,582058,176,11.114,0.31,5.137,0,0,418430976,0,5,1,cloister
47.175,12.578,1.038,0.0,12.128,1.079,148,582058,176,11.069,0.31,5.137,0,0,418430976,0,5,1,cloister
47.187,11.306,1.021,0.0,12.128,1.079,148,582058,176,11.024,0.31,5.138,0,0,418430976,0,5,1,cloister
47.198,11.285,1.118,0.0,12.128,1.079,147,582010,175,11.024,0.31,5.138,0,0,418430976,0,5,1,cloister
47.21,11.774,0.876,0.0,12.128,1.079,147,582010,175,10.979,0.31,5.139,0,0,418430976,0,5,1,cloister
47.222,12.638,0.814,0.0,12.128,1.079,147,582010,175,10.934,0.31,5.139,0,0,418430976,0,5,1,cloister
47.233,10.599,0.465,0.0,12.128,1.079,147,582010,175,10.934,0.31,5.139,0,0,418430976,0,5,1,cloister
47.245,12.315,0.783,0.0,12.128,1.079,147,582010,175,10.889,0.31,5.14,0,0,418430976,0,5,1,cloister
47.257,11.716,0.836,0.0,11.928,1.103,147,582010,175,10.844,0.31,5.141,0,0,418430976,0,5,1,cloister
47.268,11.425,1.178,0.0,11.928,1.103,147,582010,175,10.799,0.31,5.141,0,0,418430976,0,5,1,cloister
47.28,11.39,0.99,0.0,11.928,1.103,147,582010,175,10.799,0.31,5.141,0,0,418430976,0,5,1,cloister
47.292,12.219,0.91,0.0,11.928,1.103,147,582010,175,10.754,0.31,5.142,0,0,418430976,0,5,1,cloister
47.303,11.568,1.053,0.0,11.928,1.103,147,582010,175,10.709,0.31,5.143,0,0,418430976,0,5,1,cloister
47.315,11.179,0.973,0.0,11.928,1.103,147,582010,175,10.709,0.31,5.143,0,0,418430976,0,5,1,cloister
47.327,12.144,0.936,0.0,11.928,1.103,147,582010,175,10.664,0.31,5.143,0,0,418430976,0,5,1,cloister
47.338,11.464,0.925,0.0,11.928,1.103,147,582010,175,10.619,0.31,5.144,0,0,418430976,0,5,1,cloister
47.35,11.899,0.847,0.0,11.928,1.103,147,582010,175,10.619,0.31,5.144,0,0,418430976,0,5,1,cloister
47.362,11.899,0.466,0.0,11.928,1.103,147,582010,175,10.574,0.31,5.144,0,0,418430976,0,5,1,cloister
47.373,11.847,1.137,0.0,11.928,1.103,147,582010,175,10.529,0.31,5.145,0,0,418430976,0,5,1,cloister
47.385,11.794,0.623,0.0,11.928,1.103,147,582010,175,10.484,0.31,5.146,0,0,418430976,0,5,1,cloister
47.397,10.721,1.093,0.0,11.928,1.103,147,582010,175,10.484,0.31,5.146,0,0,418430976,0,5,1,cloister
47.408,12.449,1.069,0.0,11.928,1.103,147,582010,175,10.439,0.31,5.146,0,0,418430976,0,5,1,cloister
47.42,11.759,0.854,0.0,11.928,1.103,147,582010,175,10.394,0.31,5.147,0,0,418430976,0,5,1,cloister
47.432,10.892,0.923,0.0,11.928,1.103,147,582010,175,10.394,0.31,5.147,0,0,418430976,0,5,1,cloister
47.443,12.601,0.666,0.0,11.928,1.103,147,582010,175,10.349,0.31,5.148,0,0,418430976,0,5,1,cloister
47.455,11.195,1.088,0.0,11.928,1.103,147,582010,175,10.304,0.31,5.148,0,0,418430976,0,5,1,cloister
47.467,11.076,1.104,0.0,11.928,1.103,146,581956,174,10.304,0.31,5.148,0,0,418430976,0,5,1,cloister
47.478,12.389,0.881,0.0,11.928,1.103,146,581956,174,10.259,0.31,5.149,0,0,418430976,0,5,1,cloister
47.49,12.146,0.863,0.0,11.928,1.103,146,581956,174,10.214,0.31,5.15,0,0,418430976,0,5,1,cloister
47.502,10.647,1.027,0.0,11.928,1.103,146,581956,174,10.169,0.31,5.15,0,0,418430976,0,5,1,cloister
47.513,11.518,3.202,0.0,11.928,1.103,146,581956,174,10.169,0.31,5.15,0,0,418430976,0,5,1,cloister
47.525,12.59,0.403,0.0,11.928,1.103,146,581956,174,10.124,0.31,5.151,0,0,418430976,0,5,1,cloister
47.537,12.619,0.391,0.0,11.928,1.103,146,581956,174,10.079,0.31,5.152,0,0,418430976,0,5,1,cloister
47.548,11.81,0.438,0.0,11.928,1.103,146,581956,174,10.079,0.31,5.152,0,0,418430976,0,5,1,cloister
47.56,12.809,0.46,0.0,11.928,1.103,146,581956,174,10.034,0.31,5.152,0,0,418430976,0,5,1,cloister
47.572,12.335,3.25,0.0,11.928,1.103,146,581956,174,9.989,0.31,5.153,0,0,418430976,0,5,1,cloister
47.583,11.501,0.397,0.0,11.928,1.103,146,581956,174,9.989,0.31,5.153,0,0,418430976,0,5,1,cloister
47.595,12.65,0.369,0.0,11.928,1.103,146,581956,174,9.944,0.31,5.154,0,0,418430976,0,5,1,cloister
47.607,13.011,0.368,0.0,11.928,1.103,147,581958,175,9.899,0.31,5.154,0,0,418430976,0,5,1,cloister
47.618,11.612,0.406,0.0,11.928,1.103,147,581958,175,9.854,0.31,5.155,0,0,418430976,0,5,1,cloister
47.63,10.813,1.067,0.0,11.928,1.103,147,581958,175,9.854,0.31,5.155,0,0,418430976,0,5,1,cloister
47.642,12.856,0.865,0.0,11.928,1.103,147,581958,175,9.809,0.31,5.156,0,0,418430976,0,5,1,cloister
47.653,11.449,0.621,0.0,11.928,1.103,147,583358,175,9.764,0.31,5.156,0,0,418430976,0,5,1,cloister
47.665,11.146,1.198,0.0,11.928,1.103,147,583358,175,9.764,0.31,5.156,0,0,418430976,0,5,1,cloister
47.677,13.905,0.388,0.0,11.928,1.103,147,583358,175,9.719,0.31,5.157,0,0,418430976,0,5,1,cloister
47.689,10.784,0.419,0.0,11.928,1.103,147,583358,175,9.674,0.31,5.158,0,0,418430976,0,5,1,cloister
47.7,12.07,1.099,0.0,11.928,1.103,147,583358,175,9.629,0.31,5.158,0,0,418430976,0,5,1,cloister
47.712,11.111,0.696,0.0,11.928,1.103,147,583358,175,9.629,0.31,5.158,0,0,418430976,0,5,1,cloister
47.724,12.281,1.013,0.0,11.928,1.103,147,583358,175,9.584,0.31,5.159,0,0,418430976,0,5,1,cloister
47.736,11.86,0.846,0.0,11.928,1.103,147,583358,175,9.539,0.31,5.16,0,0,418430976,0,5,1,cloister
47.747,10.95,1.017,0.0,11.928,1.103,147,583358,175,9.539,0.31,5.16,0,0,418430976,0,5,1,cloister
47.759,12.142,0.982,0.0,11.928,1.103,147,583358,175,9.494,0.31,5.16,0,0,418430976,0,5,1,cloister
47.771,11.813,0.9,0.0,11.928,1.103,147,583358,175,9.449,0.31,5.161,0,0,418430976,0,5,1,cloister
47.782,11.068,0.905,0.0,11.928,1.103,147,583358,175,9.449,0.31,5.161,0,0,418430976,0,5,1,cloister
47.794,12.659,0.516,0.0,11.928,1.103,147,583358,175,9.404,0.31,5.162,0,0,418430976,0,5,1,cloister
47.806,11.356,1.087,0.0,11.928,1.103,147,583358,175,9.359,0.31,5.162,0,0,418430976,0,5,1,cloister
47.817,11.712,1.028,0.0,11.928,1.103,147,583358,175,9.314,0.31,5.163,0,0,418430976,0,5,1,cloister
47.829,11.127,1.15,0.0,11.928,1.103,147,583358,175,9.314,0.31,5.163,0,0,418430976,0,5,1,cloister
47.841,12.619,0.912,0.0,11.928,1.103,147,583358,175,9.269,0.31,5.164,0,0,418430976,0,5,1,cloister
47.853,11.636,0.82,0.0,11.928,1.103,147,583358,175,9.224,0.31,5.164,0,0,418430976,0,5,1,cloister
47.865,11.453,0.995,0.0,11.928,1.103,147,583358,175,9.224,0.31,5.164,0,0,418430976,0,5,1,cloister
47.876,12.14,0.922,0.0,11.928,1.103,147,583358,175,9.179,0.31,5.165,0,0,418430976,0,5,1,cloister
47.888,11.395,0.44,0.0,11.928,1.103,147,583358,175,9.134,0.31,5.166,0,0,418430976,0,5,1,cloister
47.9,11.206,0.936,0.0,11.928,1.103,147,583358,175,9.134,0.31,5.166,0,0,418430976,0,5,1,cloister
47.912,12.131,0.363,0.0,11.928,1.103,147,583358,175,9.089,0.31,5.166,0,0,418430976,0,5,1,cloister
47.923,12.28,0.374,0.0,11.928,1.103,147,583358,175,9.044,0.31,5.167,0,0,418430976,0,5,1,cloister
47.935,11.748,0.582,0.0,11.928,1.103,147,583358,175,8.999,0.31,5.168,0,0,418430976,0,5,1,cloister
47.947,10.947,0.958,0.0,11.928,1.103,147,583358,175,8.999,0.31,5.168,0,0,418430976,0,5,1,cloister
47.958,12.363,1.001,0.0,11.928,1.103,147,583358,175,8.954,0.31,5.168,0,0,418430976,0,5,1,cloister
47.97,11.645,0.852,0.0,11.928,1.103,147,583358,175,8.909,0.31,5.169,0,0,418430976,0,5,1,cloister
47.982,11.11,0.995,0.0,11.928,1.103,146,583356,174,8.909,0.31,5.169,0,0,418430976,0,5,1,cloister
47.994,12.436,0.893,0.0,11.928,1.103,146,583356,174,8.864,0.31,5.17,0,0,418430976,0,5,1,cloister
48.005,11.349,0.849,0.0,11.928,1.103,146,583356,174,8.819,0.31,5.17,0,0,418430976,0,5,1,cloister
48.017,11.824,0.99,0.0,11.928,1.103,146,583356,174,8.774,0.31,5.171,0,0,418430976,0,5,1,cloister
48.029,11.204,0.911,0.0,11.928,1.103,146,583356,174,8.774,0.31,5.171,0,0,418430976,0,5,1,cloister
48.04,12.469,0.922,0.0,11.928,1.103,146,583356,174,8.729,0.31,5.172,0,0,418430976,0,5,1,cloister
48.052,11.193,0.928,0.0,11.928,1.103,146,583356,174,8.684,0.31,5.172,0,0,418430976,0,5,1,cloister
48.064,11.1,0.948,0.0,11.928,1.103,146,583356,174,8.684,0.31,5.172,0,0,418430976,0,5,1,cloister
48.076,12.781,0.38,0.0,11.928,1.103,146,583356,174,8.639,0.31,5.173,0,0,418430976,0,5,1,cloister
48.087,11.774,0.393,0.0,11.928,1.103,146,583356,174,8.594,0.31,5.174,0,0,418430976,0,5,1,cloister
48.099,11.236,0.69,0.0,11.928,1.103,146,583356,174,8.594,0.31,5.174,0,0,418430976,0,5,1,cloister
48.111,12.618,1.011,0.0,11.928,1.103,146,583356,174,8.549,0.31,5.174,0,0,418430976,0,5,1,cloister
48.123,11.245,0.961,0.0,11.928,1.103,146,585156,174,8.504,0.31,5.175,0,0,418430976,0,5,1,cloister
48.134,11.691,1.056,0.0,11.928,1.103,146,585156,174,8.459,0.31,5.176,0,0,418430976,0,5,1,cloister
48.146,11.281,0.869,0.0,11.928,1.103,146,585156,174,8.459,0.31,5.176,0,0,418430976,0,5,1,cloister
48.158,12.434,0.876,0.0,11.928,1.103,146,585156,174,8.414,0.31,5.176,0,0,418430976,0,5,1,cloister
48.169,11.444,1.434,0.0,11.928,1.103,146,585156,174,8.369,0.31,5.177,0,0,418430976,0,5,1,cloister
48.181,10.95,1.022,0.0,11.928,1.103,146,585156,174,8.369,0.31,5.177,0,0,418430976,0,5,1,cloister
48.193,13.174,0.844,0.0,11.928,1.103,146,585156,174,8.324,0.31,5.178,0,0,418430976,0,5,1,cloister
48.205,11.5,0.488,0.0,11.928,1.103,146,585156,174,8.279,0.31,5.178,0,0,418430976,0,5,1,cloister
48.217,11.201,0.885,0.0,11.928,1.103,145,585154,173,8.279,0.31,5.178,0,0,418430976,0,5,1,cloister
48.228,11.922,1.001,0.0,11.928,1.103,145,585154,173,8.234,0.31,5.179,0,0,418430976,0,5,1,cloister
48.24,11.874,0.882,0.0,12.588,1.174,143,583554,171,8.189,0.31,5.18,0,0,418430976,0,5,1,cloister
48.252,11.394,0.544,0.0,12.588,1.174,143,583554,171,8.144,0.31,5.18,0,0,418430976,0,5,1,cloister
48.264,11.793,0.363,0.0,12.588,1.174,143,583554,171,8.144,0.31,5.18,0,0,418430976,0,5,1,cloister
48.275,12.381,0.438,0.0,12.588,1.174,143,583554,171,8.099,0.31,5.181,0,0,418430976,0,5,1,cloister
48.287,11.703,0.821,0.0,12.588,1.174,142,583538,170,8.054,0.31,5.182,0,0,418430976,0,5,1,cloister
48.299,11.171,0.942,0.0,12.588,1.174,141,582141,169,8.054,0.31,5.182,0,0,418430976,0,5,1,cloister
48.311,12.659,1.017,0.0,12.588,1.174,141,582141,169,8.009,0.31,5.182,0,0,418430976,0,5,1,cloister
48.322,11.181,0.969,0.0,12.588,1.174,140,581342,168,7.964,0.31,5.183,0,0,418430976,0,5,1,cloister
48.334,11.558,1.055,0.0,12.588,1.174,140,581342,168,7.919,0.31,5.184,0,0,418430976,0,5,1,cloister
48.346,11.542,0.963,0.0,12.588,1.174,140,581342,168,7.919,0.31,5.184,0,0,418430976,0,5,1,cloister
48.357,12.613,0.46,0.0,12.588,1.174,140,581342,168,7.874,0.31,5.184,0,0,418430976,0,5,1,cloister
48.369,11.097,1.163,0.0,12.588,1.174,139,581326,167,7.829,0.31,5.185,0,0,418430976,0,5,1,cloister
48.381,11.007,0.919,0.0,12.588,1.174,138,576127,166,7.829,0.31,5.185,0,0,418430976,0,5,1,cloister
48.392,12.372,0.896,0.0,12.588,1.174,138,576127,166,7.784,0.31,5.186,0,0,418430976,0,5,1,cloister
48.404,11.48,0.931,0.0,12.588,1.174,138,576127,166,7.739,0.31,5.186,0,0,418430976,0,5,1,cloister
48.416,11.155,1.079,0.0,12.588,1.174,137,576103,165,7.739,0.31,5.186,0,0,418430976,0,5,1,cloister
48.427,12.328,0.938,0.0,12.588,1.174,137,576103,165,7.694,0.31,5.187,0,0,418430976,0,5,1,cloister
48.439,11.783,0.937,0.0,12.588,1.174,137,576103,165,7.649,0.31,5.188,0,0,418430976,0,5,1,cloister
48.451,11.394,0.717,0.0,12.588,1.174,137,576103,165,7.604,0.31,5.188,0,0,418430976,0,5,1,cloister
48.462,10.948,1.031,0.0,12.588,1.174,137,576103,165,7.604,0.31,5.188,0,0,418430976,0,5,1,cloister
48.474,12.23,0.919,0.0,12.588,1.174,137,576103,165,7.559,0.31,5.189,0,0,418430976,0,5,1,cloister
48.486,11.615,0.92,0.0,12.588,1.174,137,576103,165,7.514,0.31,5.189,0,0,418430976,0,5,1,cloister
48.497,11.073,0.974,0.0,12.588,1.174,137,576103,165,7.514,0.31,5.189,0,0,418430976,0,5,1,cloister
48.509,12.312,0.91,0.0,12.588,1.174,137,576103,165,7.469,0.31,5.19,0,0,418430976,0,5,1,cloister
48.521,11.873,0.828,0.0,12.588,1.174,137,576103,165,7.424,0.31,5.191,0,0,418430976,0,5,1,cloister
48.532,11.136,1.134,0.0,12.588,1.174,137,576103,165,7.424,0.31,5.191,0,0,418430976,0,5,1,cloister
48.544,11.888,0.955,0.0,12.588,1.174,137,576103,165,7.379,0.31,5.191,0,0,418430976,0,5,1,cloister
48.556,11.647,0.891,0.0,12.588,1.174,135,576099,163,7.334,0.31,5.192,0,0,418430976,0,5,1,cloister
48.567,11.735,0.998,0.0,12.588,1.174,135,576099,163,7.289,0.31,5.193,0,0,418430976,0,5,1,cloister
48.579,11.073,1.037,0.0,12.588,1.174,135,576099,163,7.289,0.31,5.193,0,0,418430976,0,5,1,cloister
48.591,12.092,1.075,0.0,12.588,1.174,135,576099,163,7.244,0.31,5.193,0,0,418430976,0,5,1,cloister
48.602,11.73,0.905,0.0,12.588,1.174,134,576097,162,7.199,0.31,5.194,0,0,418430976,0,5,1,cloister
48.614,11.196,0.855,0.0,12.588,1.174,134,576097,162,7.199,0.31,5.194,0,0,418430976,0,5,1,cloister
48.626,12.427,0.872,0.0,12.588,1.174,134,576097,162,7.154,0.31,5.195,0,0,418430976,0,5,1,cloister
48.637,11.469,0.95,0.0,12.588,1.174,131,575125,159,7.109,0.31,5.195,0,0,418430976,0,5,1,cloister
48.649,11.189,1.287,0.0,12.588,1.174,130,575077,158,7.109,0.31,5.195,0,0,418430976,0,5,1,cloister
48.661,12.488,1.238,0.0,12.588,1.174,130,575077,158,7.064,0.31,5.196,0,0,418430976,0,5,1,cloister
48.672,11.551,0.91,0.0,12.588,1.174,126,574211,154,7.019,0.31,5.197,0,0,418430976,0,5,1,cloister
48.684,11.777,0.941,0.0,12.588,1.174,126,574211,154,6.974,0.31,5.197,0,0,418430976,0,5,1,cloister
48.696,11.248,0.844,0.0,12.588,1.174,126,574211,154,6.974,0.31,5.197,0,0,418430976,0,5,1,cloister
48.707,12.249,0.859,0.0,12.588,1.174,126,574211,154,6.929,0.31,5.198,0,0,418430976,0,5,1,cloister
48.719,11.938,1.217,0.0,12.588,1.174,126,574211,154,6.884,0.31,5.199,0,0,418430976,0,5,1,cloister
48.731,11.123,0.891,0.0,12.588,1.174,126,574211,154,6.884,0.31,5.199,0,0,418430976,0,5,1,cloister
48.743,12.273,0.925,0.0,12.588,1.174,126,574211,154,6.839,0.31,5.199,0,0,418430976,0,5,1,cloister
48.755,11.765,0.887,0.0,12.588,1.174,126,574211,154,6.794,0.31,5.2,0,0,418430976,0,5,1,cloister
48.766,11.03,0.927,0.0,12.588,1.174,126,574211,154,6.794,0.31,5.2,0,0,418430976,0,5,1,cloister
48.778,12.495,0.99,0.0,12.588,1.174,126,574211,154,6.749,0.31,5.201,0,0,418430976,0,5,1,cloister
48.79,12.053,0.881,0.0,12.588,1.174,126,574211,154,6.704,0.31,5.201,0,0,418430976,0,5,1,cloister
48.802,11.57,1.055,0.0,12.588,1.174,126,574211,154,6.659,0.31,5.202,0,0,418430976,0,5,1,cloister
48.813,11.037,1.008,0.0,12.588,1.174,126,574211,154,6.659,0.31,5.202,0,0,418430976,0,5,1,cloister
48.825,12.662,0.676,0.0,12.588,1.174,126,574211,154,6.614,0.31,5.203,0,0,418430976,0,5,1,cloister
48.837,11.309,0.876,0.0,12.588,1.174,126,574211,154,6.569,0.31,5.203,0,0,418430976,0,5,1,cloister
48.849,11.205,0.918,0.0,12.588,1.174,126,574211,154,6.569,0.31,5.203,0,0,418430976,0,5,1,cloister
48.86,12.534,1.005,0.0,12.588,1.174,126,574211,154,6.524,0.31,5.204,0,0,418430976,0,5,1,cloister
48.872,11.093,0.802,0.0,12.588,1.174,126,574211,154,6.479,0.31,5.205,0,0,418430976,0,5,1,cloister
48.884,12.059,0.853,0.0,12.588,1.174,126,574211,154,6.434,0.31,5.205,0,0,418430976,0,5,1,cloister
48.895,11.27,0.386,0.0,12.588,1.174,126,574211,154,6.434,0.31,5.205,0,0,418430976,0,5,1,cloister
48.907,12.563,1.029,0.0,12.588,1.174,126,574211,154,6.389,0.31,5.206,0,0,418430976,0,5,1,cloister
48.919,11.263,0.913,0.0,12.588,1.174,126,574211,154,6.345,0.31,5.207,0,0,418430976,0,5,1,cloister
48.931,11.265,0.94,0.0,12.588,1.174,126,574211,154,6.345,0.31,5.207,0,0,418430976,0,5,1,cloister
48.942,12.473,1.026,0.0,12.588,1.174,126,574211,154,6.3,0.31,5.207,0,0,418430976,0,5,1,cloister
48.954,11.445,0.883,0.0,12.588,1.174,126,574211,154,6.255,0.31,5.208,0,0,418430976,0,5,1,cloister
48.966,10.923,1.005,0.0,12.588,1.174,126,574211,154,6.255,0.31,5.208,0,0,418430976,0,5,1,cloister
48.977,12.285,0.637,0.0,12.588,1.174,126,574211,154,6.21,0.31,5.209,0,0,418430976,0,5,1,cloister
48.989,11.597,0.866,0.0,12.588,1.174,126,574211,154,6.165,0.31,5.209,0,0,418430976,0,5,1,cloister
49.001,11.605,0.963,0.0,12.588,1.174,126,574211,154,6.12,0.31,5.21,0,0,418430976,0,5,1,cloister
49.012,11.278,0.984,0.0,12.588,1.174,126,574211,154,6.12,0.31,5.21,0,0,418430976,0,5,1,cloister
49.024,12.363,1.166,0.0,12.588,1.174,126,574211,154,6.075,0.31,5.211,0,0,418430976,0,5,1,cloister
49.036,11.172,0.955,0.0,12.588,1.174,126,574211,154,6.03,0.31,5.211,0,0,418430976,0,5,1,cloister
49.047,11.124,1.058,0.0,12.588,1.174,126,574211,154,6.03,0.31,5.211,0,0,418430976,0,5,1,cloister
49.059,12.145,0.96,0.0,12.588,1.174,126,574211,154,5.985,0.31,5.212,0,0,418430976,0,5,1,cloister
49.071,11.241,0.877,0.0,12.588,1.174,126,574211,154,5.94,0.31,5.213,0,0,418430976,0,5,1,cloister
49.082,11.248,0.811,0.0,12.588,1.174,126,574211,154,5.94,0.31,5.213,0,0,418430976,0,5,1,cloister
49.094,12.345,0.35,0.0,12.588,1.174,126,574211,154,5.895,0.31,5.213,0,0,418430976,0,5,1,cloister
49.106,11.868,0.39,0.0,12.588,1.174,126,574211,154,5.85,0.31,5.214,0,0,418430976,0,5,1,cloister
49.117,11.695,0.318,0.0,12.588,1.174,126,574211,154,5.805,0.31,5.215,0,0,418430976,0,5,1,cloister
49.129,11.658,0.404,0.0,12.588,1.174,126,574211,154,5.805,0.31,5.215,0,0,418430976,0,5,1,cloister
49.141,12.125,0.36,0.0,12.588,1.174,126,574211,154,5.76,0.31,5.215,0,0,418430976,0,5,1,cloister
49.152,10.981,0.934,0.0,12.588,1.174,126,574211,154,5.715,0.31,5.216,0,0,418430976,0,5,1,cloister
49.164,11.315,1.155,0.0,12.588,1.174,126,574211,154,5.715,0.31,5.216,0,0,418430976,0,5,1,cloister
49.176,12.174,0.334,0.0,12.588,1.174,126,574211,154,5.67,0.31,5.217,0,0,418430976,0,5,1,cloister
49.187,12.062,0.319,0.0,12.588,1.174,124,542039,152,5.625,0.31,5.217,0,0,418430976,0,5,1,cloister
49.199,11.622,0.311,0.0,12.588,1.174,123,538703,151,5.625,0.31,5.217,0,0,418430976,0,5,1,cloister
49.211,12.139,0.476,0.0,12.588,1.174,123,538703,151,5.58,0.31,5.218,0,0,418430976,0,5,1,cloister
49.223,11.118,1.071,0.0,12.588,1.174,123,538703,151,5.535,0.31,5.219,0,0,418430976,0,5,1,cloister
49.234,12.603,1.045,0.0,12.588,1.174,122,538679,150,5.49,0.31,5.219,0,0,418430976,0,5,1,cloister
49.246,10.892,0.408,0.0,11.737,1.169,122,538679,150,5.49,0.31,5.219,0,0,418430976,0,5,1,cloister
49.258,12.2,1.088,0.0,11.737,1.169,122,538679,150,5.445,0.31,5.22,0,0,418430976,0,5,1,cloister
49.269,11.812,1.085,0.0,11.737,1.169,121,476903,149,5.4,0.31,5.221,0,0,418430976,0,5,1,cloister
49.281,10.519,0.984,0.0,11.737,1.169,120,474211,148,5.4,0.31,5.221,0,0,418430976,0,5,1,cloister
49.293,12.256,1.272,0.0,11.737,1.169,120,474211,148,5.355,0.31,5.221,0,0,418430976,0,5,1,cloister
49.304,11.654,0.372,0.0,11.737,1.169,120,474211,148,5.31,0.31,5.222,0,0,418430976,0,5,1,cloister
49.316,11.334,0.26,0.0,11.737,1.169,120,474211,148,5.31,0.31,5.222,0,0,418430976,0,5,1,cloister
49.328,12.989,0.297,0.0,11.737,1.169,120,474211,148,5.265,0.31,5.223,0,0,418430976,0,5,1,cloister
49.34,11.663,0.42,0.0,11.737,1.169,120,474211,148,5.22,0.31,5.223,0,0,418430976,0,5,1,cloister
49.352,12.076,0.446,0.0,11.737,1.169,120,474211,148,5.175,0.31,5.224,0,0,418430976,0,5,1,cloister
49.364,11.001,0.812,0.0,11.737,1.169,120,474211,148,5.175,0.31,5.224,0,0,418430976,0,5,1,cloister
49.375,12.503,0.454,0.0,11.737,1.169,120,474211,148,5.13,0.31,5.225,0,0,418430976,0,5,1,cloister
49.387,11.831,0.897,0.0,11.737,1.169,120,474211,148,5.085,0.31,5.225,0,0,418430976,0,5,1,cloister
49.399,11.04,0.963,0.0,11.737,1.169,118,463165,146,5.085,0.31,5.225,0,0,418430976,0,5,1,cloister
49.411,12.592,0.946,0.0,11.737,1.169,118,463165,146,5.04,0.31,5.226,0,0,418430976,0,5,1,cloister
49.423,11.782,0.819,0.0,11.737,1.169,118,463165,146,4.995,0.31,5.227,0,0,418430976,0,5,1,cloister
49.435,11.3,1.178,0.0,11.737,1.169,118,463165,146,4.95,0.31,5.227,0,0,418430976,0,5,1,cloister
49.446,11.816,0.87,0.0,11.737,1.169,118,463165,146,4.95,0.31,5.227,0,0,418430976,0,5,1,cloister
49.458,12.652,0.832,0.0,11.737,1.169,118,463165,146,4.905,0.31,5.228,0,0,418430976,0,5,1,cloister
49.47,12.422,0.934,0.0,11.737,1.169,118,463165,146,4.86,0.31,5.229,0,0,418430976,0,5,1,cloister
49.482,10.426,1.099,0.0,11.737,1.169,115,462697,143,4.86,0.31,5.229,0,0,418430976,0,5,1,cloister
49.494,11.771,0.808,0.0,11.737,1.169,115,462697,143,4.815,0.31,5.229,0,0,418430976,0,5,1,cloister
49.505,11.763,0.841,0.0,11.737,1.169,115,462697,143,4.77,0.31,5.23,0,0,418430976,0,5,1,cloister
49.517,11.979,0.413,0.0,11.737,1.169,115,462697,143,4.725,0.31,5.231,0,0,418430976,0,5,1,cloister
49.529,11.914,0.351,0.0,11.737,1.169,115,462697,143,4.725,0.31,5.231,0,0,418430976,0,5,1,cloister
49.541,11.728,0.441,0.0,11.737,1.169,115,462697,143,4.68,0.31,5.231,0,0,418430976,0,5,1,cloister
49.552,11.683,0.914,0.0,11.737,1.169,115,462697,143,4.635,0.31,5.232,0,0,418430976,0,5,1,cloister
49.564,10.966,0.995,0.0,11.737,1.169,115,462697,143,4.635,0.31,5.232,0,0,418430976,0,5,1,cloister
49.576,12.544,0.643,0.0,11.737,1.169,115,462697,143,4.59,0.31,5.233,0,0,418430976,0,5,1,cloister
49.587,11.358,0.92,0.0,11.737,1.169,114,462677,142,4.545,0.31,5.233,0,0,418430976,0,5,1,cloister
49.599,11.591,0.961,0.0,11.737,1.169,113,460609,141,4.545,0.31,5.233,0,0,418430976,0,5,1,cloister
49.611,11.897,0.955,0.0,11.737,1.169,113,460609,141,4.5,0.31,5.234,0,0,418430976,0,5,1,cloister
49.622,11.806,0.892,0.0,11.737,1.169,112,460589,140,4.455,0.31,5.234,0,0,418430976,0,5,1,cloister
49.634,12.452,0.963,0.0,11.737,1.169,112,460589,140,4.41,0.31,5.235,0,0,418430976,0,5,1,cloister
49.646,11.552,0.991,0.0,11.737,1.169,112,460589,140,4.41,0.31,5.235,0,0,418430976,0,5,1,cloister
49.658,12.951,0.489,0.0,11.737,1.169,112,460589,140,4.365,0.31,5.236,0,0,418430976,0,5,1,cloister
49.67,11.467,0.93,0.0,11.737,1.169,112,460589,140,4.32,0.31,5.236,0,0,418430976,0,5,1,cloister
49.682,10.937,1.066,0.0,11.737,1.169,112,460589,140,4.32,0.31,5.236,0,0,418430976,0,5,1,cloister
49.694,12.197,0.871,0.0,11.737,1.169,112,460589,140,4.275,0.31,5.237,0,0,418430976,0,5,1,cloister
49.706,13.123,0.88,0.0,11.737,1.169,112,460589,140,4.23,0.31,5.238,0,0,418430976,0,5,1,cloister
49.718,10.957,1.015,0.0,11.737,1.169,112,460589,140,4.185,0.31,5.238,0,0,418430976,0,5,1,cloister
49.729,11.669,0.368,0.0,11.737,1.169,112,460589,140,4.185,0.31,5.238,0,0,418430976,0,5,1,cloister
49.741,12.558,0.758,0.0,11.737,1.169,112,460589,140,4.14,0.31,5.239,0,0,418430976,0,5,1,cloister
49.753,11.878,0.966,0.0,11.737,1.169,112,460589,140,4.095,0.31,5.24,0,0,418430976,0,5,1,cloister
49.765,10.247,1.07,0.0,11.737,1.169,112,460589,140,4.095,0.31,5.24,0,0,418430976,0,5,1,cloister
49.777,12.991,0.98,0.0,11.737,1.169,112,460589,140,4.05,0.31,5.24,0,0,418430976,0,5,1,cloister
49.789,11.443,0.859,0.0,11.737,1.169,112,460589,140,4.005,0.31,5.241,0,0,418430976,0,5,1,cloister
49.801,11.621,0.845,0.0,11.737,1.169,112,460589,140,3.96,0.31,5.242,0,0,418430976,0,5,1,cloister
49.813,11.968,1.917,0.0,11.737,1.169,112,460589,140,3.96,0.31,5.242,0,0,418430976,0,5,1,cloister
49.825,12.289,0.399,0.0,11.737,1.169,112,460589,140,3.915,0.31,5.242,0,0,418430976,0,5,1,cloister
49.836,11.674,1.079,0.0,11.737,1.169,112,460589,140,3.87,0.31,5.243,0,0,418430976,0,5,1,cloister
49.848,11.101,0.943,0.0,11.737,1.169,111,460569,139,3.87,0.31,5.243,0,0,418430976,0,5,1,cloister
49.86,13.132,1.054,0.0,11.737,1.169,111,460569,139,3.825,0.31,5.244,0,0,418430976,0,5,1,cloister
49.872,10.454,0.876,0.0,11.737,1.169,110,460549,138,3.78,0.31,5.244,0,0,418430976,0,5,1,cloister
49.883,12.436,0.825,0.0,11.737,1.169,110,460549,138,3.735,0.31,5.245,0,0,418430976,0,5,1,cloister
49.895,11.377,0.461,0.0,11.737,1.169,110,460549,138,3.735,0.31,5.245,0,0,418430976,0,5,1,cloister
49.907,12.36,0.917,0.0,11.737,1.169,110,460549,138,3.69,0.31,5.246,0,0,418430976,0,5,1,cloister
49.919,12.114,0.81,0.0,11.737,1.169,110,460549,138,3.645,0.31,5.246,0,0,418430976,0,5,1,cloister
49.931,10.725,0.819,0.0,11.737,1.169,109,457765,137,3.645,0.31,5.246,0,0,418430976,0,5,1,cloister
49.943,13.122,0.334,0.0,11.737,1.169,109,457765,137,3.6,0.31,5.247,0,0,418430976,0,5,1,cloister
49.955,11.576,0.437,0.0,11.737,1.169,109,457765,137,3.555,0.31,5.248,0,0,418430976,0,5,1,cloister
49.967,11.151,1.033,0.0,11.737,1.169,108,454981,136,3.555,0.31,5.248,0,0,418430976,0,5,1,cloister
49.978,12.4,1.025,0.0,11.737,1.169,108,454981,136,3.51,0.31,5.248,0,0,418430976,0,5,1,cloister
49.99,12.374,0.803,0.0,11.737,1.169,108,454981,136,3.465,0.31,5.249,0,0,418430976,0,5,1,cloister
50.002,10.952,1.009,0.0,11.737,1.169,108,455003,136,3.42,0.31,5.25,0,0,418430976,0,5,1,cloister
50.013,11.305,0.975,0.0,11.737,1.169,108,455003,136,3.42,0.31,5.25,0,0,418430976,0,5,1,cloister
50.025,12.092,0.835,0.0,11.737,1.169,108,455003,136,3.375,0.31,5.25,0,0,418430976,0,5,1,cloister
50.037,12.156,1.056,0.0,11.737,1.169,108,455003,136,3.33,0.31,5.251,0,0,418430976,0,5,1,cloister
50.049,11.015,1.188,0.0,11.737,1.169,108,455003,136,3.33,0.31,5.251,0,0,418430976,0,5,1,cloister
50.061,12.576,0.991,0.0,11.737,1.169,108,455003,136,3.285,0.31,5.252,0,0,418430976,0,5,1,cloister
50.073,12.26,0.827,0.0,11.737,1.169,108,455003,136,3.24,0.31,5.252,0,0,418430976,0,5,1,cloister
50.085,11.594,0.964,0.0,11.737,1.169,105,448071,133,3.195,0.31,5.253,0,0,418430976,0,5,1,cloister
50.096,11.1,1.061,0.0,11.737,1.169,105,448071,133,3.195,0.31,5.253,0,0,418430976,0,5,1,cloister
50.108,12.321,0.353,0.0,11.737,1.169,105,448071,133,3.15,0.31,5.254,0,0,418430976,0,5,1,cloister
50.12,11.213,0.37,0.0,11.737,1.169,105,448071,133,3.105,0.31,5.254,0,0,418430976,0,5,1,cloister
50.132,12.865,0.309,0.0,11.737,1.169,105,448071,133,3.105,0.31,5.254,0,0,418430976,0,5,1,cloister
50.144,11.79,0.402,0.0,11.737,1.169,105,448071,133,3.06,0.31,5.255,0,0,418430976,0,5,1,cloister
50.155,11.242,1.047,0.0,11.737,1.169,105,448071,133,3.015,0.31,5.256,0,0,418430976,0,5,1,cloister
50.167,11.687,0.677,0.0,11.737,1.169,103,442503,131,2.97,0.31,5.256,0,0,418430976,0,5,1,cloister
50.179,11.135,0.866,0.0,11.737,1.169,103,442503,131,2.97,0.31,5.256,0,0,418430976,0,5,1,cloister
50.19,12.243,0.893,0.0,11.737,1.169,103,442503,131,2.925,0.31,5.257,0,0,418430976,0,5,1,cloister
50.202,11.637,0.808,0.0,11.737,1.169,103,442503,131,2.88,0.31,5.258,0,0,418430976,0,5,1,cloister
50.214,11.311,0.963,0.0,11.737,1.169,103,442503,131,2.88,0.31,5.258,0,0,418430976,0,5,1,cloister
50.225,12.238,0.854,0.0,11.737,1.169,103,442503,131,2.835,0.31,5.258,0,0,418430976,0,5,1,cloister
50.237,11.69,0.801,0.0,11.737,1.169,103,442503,131,2.79,0.31,5.259,0,0,418430976,0,5,1,cloister
50.249,11.173,0.935,0.0,12.369,1.334,103,442503,131,2.79,0.31,5.259,0,0,418430976,0,5,1,cloister
50.26,12.209,1.285,0.0,12.369,1.334,103,442503,131,2.745,0.31,5.26,0,0,418430976,0,5,1,cloister
50.272,11.747,0.959,0.0,12.369,1.334,103,442503,131,2.7,0.31,5.26,0,0,418430976,0,5,1,cloister
50.284,10.702,0.603,0.0,12.369,1.334,103,442503,131,2.655,0.31,5.261,0,0,418430976,0,5,1,cloister
50.296,11.287,0.981,0.0,12.369,1.334,103,442503,131,2.655,0.31,5.261,0,0,418430976,0,5,1,cloister
50.307,12.086,0.35,0.0,12.369,1.334,103,442503,131,2.61,0.31,5.262,0,0,418430976,0,5,1,cloister
50.319,11.93,0.301,0.0,12.369,1.334,103,442551,131,2.565,0.31,5.262,0,0,418430976,0,5,1,cloister
50.331,11.466,0.333,0.0,12.369,1.334,103,442551,131,2.565,0.31,5.262,0,0,418430976,0,5,1,cloister
50.342,12.241,0.379,0.0,12.369,1.334,103,442551,131,2.52,0.31,5.263,0,0,418430976,0,5,1,cloister
50.354,10.96,0.844,0.0,12.369,1.334,103,442551,131,2.475,0.31,5.264,0,0,418430976,0,5,1,cloister
50.366,11.161,0.913,0.0,12.369,1.334,103,442551,131,2.475,0.31,5.264,0,0,418430976,0,5,1,cloister
50.377,12.186,0.34,0.0,12.369,1.334,103,442551,131,2.43,0.31,5.264,0,0,418430976,0,5,1,cloister
50.389,11.764,0.354,0.0,12.369,1.334,103,442551,131,2.385,0.31,5.265,0,0,418430976,0,5,1,cloister
50.401,12.132,0.348,0.0,12.369,1.334,103,442551,131,2.34,0.31,5.266,0,0,418430976,0,5,1,cloister
50.412,11.095,0.39,0.0,12.369,1.334,103,442551,131,2.34,0.31,5.266,0,0,418430976,0,5,1,cloister
50.424,11.6,0.881,0.0,12.369,1.334,103,442551,131,2.295,0.31,5.266,0,0,418430976,0,5,1,cloister
50.436,11.67,1.376,0.0,12.369,1.334,103,442551,131,2.25,0.31,5.267,0,0,418430976,0,5,1,cloister
50.447,11.848,0.325,0.0,12.369,1.334,103,442551,131,2.25,0.31,5.267,0,0,418430976,0,5,1,cloister
50.459,12.235,0.475,0.0,12.369,1.334,103,442551,131,2.205,0.31,5.268,0,0,418430976,0,5,1,cloister
50.471,11.652,0.808,0.0,12.369,1.334,103,442551,131,2.16,0.31,5.268,0,0,418430976,0,5,1,cloister
50.482,11.122,0.908,0.0,12.369,1.334,103,442551,131,2.16,0.31,5.268,0,0,418430976,0,5,1,cloister
50.494,12.365,0.875,0.0,12.369,1.334,103,442551,131,2.115,0.31,5.269,0,0,418430976,0,5,1,cloister
50.506,12.333,0.813,0.0,12.369,1.334,103,442551,131,2.07,0.31,5.27,0,0,418430976,0,5,1,cloister
50.517,11.255,0.964,0.0,12.369,1.334,103,442551,131,2.025,0.31,5.27,0,0,418430976,0,5,1,cloister
50.529,11.235,0.493,0.0,12.369,1.334,103,442551,131,2.025,0.31,5.27,0,0,418430976,0,5,1,cloister
50.541,12.291,0.735,0.0,12.369,1.334,103,442551,131,1.98,0.31,5.271,0,0,418430976,0,5,1,cloister
50.553,11.707,0.783,0.0,12.369,1.334,102,442535,130,1.935,0.31,5.272,0,0,418430976,0,5,1,cloister
50.564,11.139,0.84,0.0,12.369,1.334,101,442487,129,1.935,0.31,5.272,0,0,418430976,0,5,1,cloister
50.576,12.323,0.85,0.0,12.369,1.334,101,442487,129,1.89,0.31,5.272,0,0,418430976,0,5,1,cloister
50.588,11.573,0.801,0.0,12.369,1.334,101,442487,129,1.845,0.31,5.273,0,0,418430976,0,5,1,cloister
50.6,11.529,0.911,0.0,12.369,1.334,101,442487,129,1.845,0.31,5.273,0,0,418430976,0,5,1,cloister
50.611,12.381,0.897,0.0,12.369,1.334,101,442487,129,1.8,0.31,5.274,0,0,418430976,0,5,1,cloister
50.623,11.152,0.689,0.0,12.369,1.334,101,442487,129,1.755,0.31,5.274,0,0,418430976,0,5,1,cloister
50.635,11.873,0.768,0.0,12.369,1.334,101,442487,129,1.71,0.31,5.275,0,0,418430976,0,5,1,cloister
50.646,11.091,0.867,0.0,12.369,1.334,101,442487,129,1.71,0.31,5.275,0,0,418430976,0,5,1,cloister
50.658,12.257,0.853,0.0,12.369,1.334,101,442487,129,1.665,0.31,5.276,0,0,418430976,0,5,1,cloister
50.67,11.694,0.872,0.0,12.369,1.334,101,442487,129,1.62,0.31,5.276,0,0,418430976,0,5,1,cloister
50.681,11.148,0.939,0.0,12.369,1.334,101,442487,129,1.62,0.31,5.276,0,0,418430976,0,5,1,cloister
50.693,12.276,1.012,0.0,12.369,1.334,101,442487,129,1.575,0.31,5.277,0,0,418430976,0,5,1,cloister
50.705,12.242,0.784,0.0,12.369,1.334,101,442487,129,1.53,0.31,5.278,0,0,418430976,0,5,1,cloister
50.717,11.73,0.763,0.0,12.369,1.334,100,442485,128,1.485,0.31,5.278,0,0,418430976,0,5,1,cloister
50.729,11.738,0.857,0.0,12.369,1.334,100,442485,128,1.485,0.31,5.278,0,0,418430976,0,5,1,cloister
50.741,12.467,0.324,0.0,12.369,1.334,100,442485,128,1.44,0.31,5.279,0,0,418430976,0,5,1,cloister
50.752,11.788,0.412,0.0,12.369,1.334,100,442485,128,1.395,0.31,5.279,0,0,418430976,0,5,1,cloister
50.764,11.726,0.315,0.0,12.369,1.334,99,442483,127,1.395,0.31,5.279,0,0,418430976,0,5,1,cloister
50.776,12.602,0.309,0.0,12.369,1.334,99,442483,127,1.35,0.31,5.28,0,0,418430976,0,5,1,cloister
50.788,12.012,0.805,0.0,12.369,1.334,99,442483,127,1.305,0.31,5.281,0,0,418430976,0,5,1,cloister
50.8,12.101,0.852,0.0,12.369,1.334,99,442483,127,1.26,0.31,5.281,0,0,418430976,0,5,1,cloister
50.812,11.39,0.793,0.0,12.369,1.334,98,442481,126,1.26,0.31,5.281,0,0,418430976,0,5,1,cloister
50.824,12.471,0.766,0.0,12.369,1.334,98,442481,126,1.215,0.31,5.282,0,0,418430976,0,5,1,cloister
50.836,11.493,0.858,0.0,12.369,1.334,98,442481,126,1.17,0.31,5.283,0,0,418430976,0,5,1,cloister
50.848,11.076,0.871,0.0,12.369,1.334,98,442481,126,1.17,0.31,5.283,0,0,418430976,0,5,1,cloister
50.86,12.229,0.866,0.0,12.369,1.334,98,442481,126,1.125,0.31,5.283,0,0,418430976,0,5,1,cloister
50.872,11.01,0.761,0.0,12.369,1.334,98,442481,126,1.08,0.31,5.284,0,0,418430976,0,5,1,cloister
50.883,12.565,0.789,0.0,12.369,1.334,98,442481,126,1.035,0.31,5.285,0,0,418430976,0,5,1,cloister
50.895,10.886,0.402,0.0,12.369,1.334,98,442481,126,1.035,0.31,5.285,0,0,418430976,0,5,1,cloister
50.907,12.293,0.815,0.0,12.369,1.334,98,442481,126,0.99,0.31,5.285,0,0,418430976,0,5,1,cloister
50.918,11.542,0.774,0.0,12.369,1.334,98,442481,126,0.945,0.31,5.286,0,0,418430976,0,5,1,cloister
50.93,11.107,0.851,0.0,12.369,1.334,98,442481,126,0.945,0.31,5.286,0,0,418430976,0,5,1,cloister
50.942,12.621,1.053,0.0,12.369,1.334,98,442481,126,0.9,0.31,5.287,0,0,418430976,0,5,1,cloister
50.954,11.617,0.778,0.0,12.369,1.334,98,442481,126,0.855,0.31,5.287,0,0,418430976,0,5,1,cloister
50.965,11.033,0.856,0.0,12.369,1.334,98,442481,126,0.855,0.31,5.287,0,0,418430976,0,5,1,cloister
50.977,12.543,0.906,0.0,12.369,1.334,98,442481,126,0.81,0.31,5.288,0,0,418430976,0,5,1,cloister
50.989,11.556,0.783,0.0,12.369,1.334,98,442481,126,0.765,0.31,5.289,0,0,418430976,0,5,1,cloister
51.001,11.783,0.884,0.0,12.369,1.334,98,442481,126,0.72,0.31,5.289,0,0,418430976,0,5,1,cloister
51.012,11.171,0.82,0.0,12.369,1.334,98,442481,126,0.72,0.31,5.289,0,0,418430976,0,5,1,cloister
51.024,12.332,0.843,0.0,12.369,1.334,98,442481,126,0.675,0.31,5.29,0,0,418430976,0,5,1,cloister
51.036,11.88,0.896,0.0,12.369,1.334,98,442481,126,0.63,0.31,5.291,0,0,418430976,0,5,1,cloister
51.048,11.223,0.957,0.0,12.369,1.334,98,442481,126,0.63,0.31,5.291,0,0,418430976,0,5,1,cloister
51.06,12.401,0.856,0.0,12.369,1.334,98,442481,126,0.585,0.31,5.291,0,0,418430976,0,5,1,cloister
51.071,11.746,0.817,0.0,12.369,1.334,98,442481,126,0.54,0.31,5.292,0,0,418430976,0,5,1,cloister
51.083,11.424,0.968,0.0,12.369,1.334,98,442481,126,0.54,0.31,5.292,0,0,418430976,0,5,1,cloister
51.095,12.257,0.866,0.0,12.369,1.334,98,442481,126,0.495,0.31,5.293,0,0,418430976,0,5,1,cloister
51.107,11.506,0.797,0.0,12.369,1.334,98,442481,126,0.45,0.31,5.294,0,0,418430976,0,5,1,cloister
51.119,11.798,0.785,0.0,12.369,1.334,98,442481,126,0.405,0.31,5.294,0,0,418430976,0,5,1,cloister
51.13,11.164,0.436,0.0,12.369,1.334,98,442481,126,0.405,0.31,5.294,0,0,418430976,0,5,1,cloister
51.142,12.047,0.385,0.0,12.369,1.334,98,442481,126,0.36,0.31,5.295,0,0,418430976,0,5,1,cloister
51.154,11.808,0.344,0.0,12.369,1.334,98,442481,126,0.315,0.31,5.296,0,0,418430976,0,5,1,cloister
51.165,11.21,0.379,0.0,12.369,1.334,98,442481,126,0.315,0.31,5.296,0,0,418430976,0,5,1,cloister
51.177,12.765,0.334,0.0,12.369,1.334,98,442481,126,0.27,0.31,5.298,0,0,418430976,0,5,1,cloister
51.189,11.708,0.627,0.0,12.369,1.334,97,442457,125,0.225,0.31,5.299,0,0,418430976,0,5,1,cloister
51.201,11.783,0.808,0.0,12.369,1.334,97,442457,125,0.18,0.31,5.301,0,0,418430976,0,5,1,cloister
51.212,11.102,0.911,0.0,12.369,1.334,97,442457,125,0.18,0.31,5.301,0,0,418430976,0,5,1,cloister
51.224,12.445,0.964,0.0,12.369,1.334,97,442457,125,0.136,0.31,5.302,0,0,418430976,0,5,1,cloister
51.236,10.984,0.912,0.0,12.369,1.334,97,442457,125,0.091,0.31,5.304,0,0,418430976,0,5,1,cloister
51.248,11.845,0.868,0.0,12.058,0.924,97,442457,125,0.091,0.31,5.304,0,0,418430976,0,5,1,cloister
51.259,12.33,0.403,0.0,12.058,0.924,97,442457,125,0.046,0.31,5.306,0,0,418430976,0,5,1,cloister
51.271,11.452,0.76,0.0,12.058,0.924,97,442457,125,0.001,0.31,5.308,0,0,418430976,0,5,1,cloister
51.283,11.189,0.899,0.0,12.058,0.924,97,442457,125,0.001,0.31,5.308,0,0,418430976,0,5,1,cloister
51.295,12.577,0.928,0.0,12.058,0.924,97,442457,125,-0.044,0.31,5.31,0,0,418430976,0,5,1,cloister
51.306,11.548,0.854,0.0,12.058,0.924,97,442457,125,-0.089,0.31,5.313,0,0,418430976,0,5,1,cloister
51.318,12.282,0.546,0.0,12.058,0.924,97,442457,125,-0.134,0.31,5.315,0,0,418430976,0,5,1,cloister
51.33,10.132,0.821,0.0,12.058,0.924,94,427393,122,-0.134,0.31,5.315,0,0,418430976,0,5,1,cloister
51.341,12.228,0.826,0.0,12.058,0.924,94,427393,122,-0.179,0.31,5.318,0,0,418430976,0,5,1,cloister
51.353,11.495,0.773,0.0,12.058,0.924,94,427393,122,-0.224,0.31,5.32,0,0,418430976,0,5,1,cloister
51.365,11.02,0.936,0.0,12.058,0.924,94,427393,122,-0.224,0.31,5.32,0,0,418430976,0,5,1,cloister
51.376,12.071,0.922,0.0,12.058,0.924,94,427393,122,-0.269,0.31,5.323,0,0,418430976,0,5,1,cloister
51.388,11.359,0.849,0.0,12.058,0.924,94,427393,122,-0.314,0.31,5.326,0,0,418430976,0,5,1,cloister
51.4,10.957,0.923,0.0,12.058,0.924,94,427393,122,-0.314,0.31,5.326,0,0,418430976,0,5,1,cloister
51.411,12.405,0.786,0.0,12.058,0.924,94,427393,122,-0.358,0.31,5.329,0,0,418430976,0,5,1,cloister
51.423,11.441,0.782,0.0,12.058,0.924,94,427393,122,-0.403,0.31,5.332,0,0,418430976,0,5,1,cloister
51.435,12.59,1.226,0.0,12.058,0.924,94,427393,122,-0.448,0.31,5.335,0,0,418430976,0,5,1,cloister
51.446,9.924,1.003,0.0,12.058,0.924,94,427393,122,-0.448,0.31,5.335,0,0,418430976,0,5,1,cloister
51.458,12.483,0.452,0.0,12.058,0.924,94,427393,122,-0.493,0.31,5.338,0,0,418430976,0,5,1,cloister
51.47,11.12,0.877,0.0,12.058,0.924,94,427393,122,-0.538,0.31,5.341,0,0,418430976,0,5,1,cloister
51.481,11.12,0.878,0.0,12.058,0.924,94,427393,122,-0.538,0.31,5.341,0,0,418430976,0,5,1,cloister
51.493,12.172,0.802,0.0,12.058,0.924,94,427393,122,-0.583,0.31,5.344,0,0,418430976,0,5,1,cloister
51.505,10.858,1.329,0.0,12.058,0.924,94,427393,122,-0.628,0.31,5.348,0,0,418430976,0,5,1,cloister
51.516,11.34,0.741,0.0,12.058,0.924,95,427417,123,-0.628,0.31,5.348,0,0,418430976,0,5,1,cloister
51.528,13.783,0.384,0.0,12.058,0.924,95,427417,123,-0.673,0.31,5.351,0,0,418430976,0,5,1,cloister
51.54,10.212,0.413,0.0,12.058,0.924,93,427413,121,-0.718,0.31,5.354,0,0,418430976,0,5,1,cloister
51.551,11.61,1.011,0.0,12.058,0.924,93,427413,121,-0.762,0.31,5.358,0,0,418430976,0,5,1,cloister
51.563,10.973,0.843,0.0,12.058,0.924,93,427413,121,-0.762,0.31,5.358,0,0,418430976,0,5,1,cloister
51.575,12.704,0.48,0.0,12.058,0.924,93,427413,121,-0.807,0.31,5.361,0,0,418430976,0,5,1,cloister
51.586,10.871,0.969,0.0,12.058,0.924,93,427413,121,-0.852,0.31,5.364,0,0,418430976,0,5,1,cloister
51.598,11.027,0.881,0.0,12.058,0.924,93,429813,121,-0.852,0.31,5.364,0,0,418430976,0,5,1,cloister
51.61,12.645,0.848,0.0,12.058,0.924,93,429813,121,-0.897,0.31,5.368,0,0,418430976,0,5,1,cloister
51.621,11.003,0.518,0.0,12.058,0.924,92,429757,120,-0.942,0.31,5.371,0,0,418430976,0,5,1,cloister
51.633,10.625,0.862,0.0,12.058,0.924,92,429757,120,-0.942,0.31,5.371,0,0,418430976,0,5,1,cloister
51.645,12.982,0.787,0.0,12.058,0.924,92,429757,120,-0.987,0.31,5.375,0,0,418430976,0,5,1,cloister
51.656,10.95,0.517,0.0,12.058,0.924,92,429757,120,-1.032,0.31,5.379,0,0,418430976,0,5,1,cloister
51.668,11.375,0.897,0.0,12.058,0.924,92,429757,120,-1.076,0.31,5.382,0,0,418430976,0,5,1,cloister
51.68,11.321,0.759,0.0,12.058,0.924,92,429757,120,-1.076,0.31,5.382,0,0,418430976,0,5,1,cloister
51.691,11.981,0.424,0.0,12.058,0.924,92,429757,120,-1.121,0.31,5.386,0,0,418430976,0,5,1,cloister
51.703,11.699,0.867,0.0,12.058,0.924,90,425621,118,-1.166,0.31,5.389,0,0,418430976,0,5,1,cloister
51.715,10.85,0.925,0.0,12.058,0.924,90,425621,118,-1.166,0.31,5.389,0,0,418430976,0,5,1,cloister
51.726,12.434,1.004,0.0,12.058,0.924,90,425621,118,-1.211,0.31,5.393,0,0,418430976,0,5,1,cloister
51.738,11.263,0.943,0.0,12.058,0.924,90,425621,118,-1.256,0.31,5.397,0,0,418430976,0,5,1,cloister
51.75,10.799,0.878,0.0,12.058,0.924,90,425621,118,-1.256,0.31,5.397,0,0,418430976,0,5,1,cloister
51.761,12.247,1.041,0.0,12.058,0.924,90,425621,118,-1.301,0.31,5.4,0,0,418430976,0,5,1,cloister
51.773,12.464,1.1,0.0,12.058,0.924,90,425621,118,-1.346,0.31,5.404,0,0,418430976,0,5,1,cloister
51.785,12.047,0.921,0.0,12.058,0.924,90,425621,118,-1.39,0.31,5.408,0,0,418430976,0,5,1,cloister
51.796,11.319,0.774,0.0,12.058,0.924,90,429821,118,-1.39,0.31,5.408,0,0,418430976,0,5,1,cloister
51.808,12.363,0.872,0.0,12.058,0.924,90,429821,118,-1.435,0.31,5.411,0,0,418430976,0,5,1,cloister
51.82,11.932,0.88,0.0,12.058,0.924,89,428921,117,-1.48,0.31,5.415,0,0,418430976,0,5,1,cloister
51.831,11.226,0.433,0.0,12.058,0.924,89,428921,117,-1.48,0.31,5.415,0,0,418430976,0,5,1,cloister
51.843,13.105,1.267,0.0,12.058,0.924,89,428921,117,-1.525,0.31,5.419,0,0,418430976,0,5,1,cloister
51.855,11.636,0.87,0.0,12.058,0.924,89,428921,117,-1.57,0.31,5.422,0,0,418430976,0,5,1,cloister
51.866,11.088,0.828,0.0,12.058,0.924,89,428921,117,-1.57,0.31,5.422,0,0,418430976,0,5,1,cloister
51.878,11.808,1.02,0.0,12.058,0.924,89,428921,117,-1.615,0.31,5.426,0,0,418430976,0,5,1,cloister
51.89,11.269,0.796,0.0,12.058,0.924,88,428221,116,-1.659,0.31,5.43,0,0,418430976,0,5,1,cloister
51.901,12.001,0.342,0.0,12.058,0.924,87,425424,115,-1.704,0.31,5.434,0,0,418430976,0,5,1,cloister
51.913,11.104,0.365,0.0,12.058,0.924,87,425424,115,-1.704,0.31,5.434,0,0,418430976,0,5,1,cloister
51.925,11.909,0.851,0.0,12.058,0.924,87,425424,115,-1.749,0.31,5.437,0,0,418430976,0,5,1,cloister
51.936,11.031,0.829,0.0,12.058,0.924,87,425424,115,-1.794,0.31,5.441,0,0,418430976,0,5,1,cloister
51.948,11.428,2.136,0.0,12.058,0.924,87,425424,115,-1.794,0.31,5.441,0,0,418430976,0,5,1,cloister
51.96,12.804,0.334,0.0,12.058,0.924,87,425424,115,-1.839,0.31,5.445,0,0,418430976,0,5,1,cloister
51.971,11.402,0.46,0.0,12.058,0.924,86,423825,114,-1.884,0.31,5.449,0,0,418430976,0,5,1,cloister
51.983,11.052,0.834,0.0,12.058,0.924,85,418626,113,-1.884,0.31,5.449,0,0,418430976,0,5,1,cloister
51.995,12.208,0.92,0.0,12.058,0.924,85,418626,113,-1.929,0.31,5.452,0,0,418430976,0,5,1,cloister
52.006,11.411,0.837,0.0,12.058,0.924,85,418626,113,-1.973,0.31,5.456,0,0,418430976,0,5,1,cloister
52.018,11.59,0.853,0.0,12.058,0.924,84,418602,112,-2.018,0.31,5.46,0,0,418430976,0,5,1,cloister
52.03,11.153,0.798,0.0,12.058,0.924,83,418600,111,-2.018,0.31,5.46,0,0,418430976,0,5,1,cloister
52.041,12.226,0.779,0.0,12.058,0.924,83,418600,111,-2.063,0.31,5.464,0,0,418430976,0,5,1,cloister
52.053,11.622,0.84,0.0,12.058,0.924,83,418600,111,-2.108,0.31,5.467,0,0,418430976,0,5,1,cloister
52.065,11.266,0.866,0.0,12.058,0.924,83,418600,111,-2.108,0.31,5.467,0,0,418430976,0,5,1,cloister
52.076,12.257,1.675,0.0,12.058,0.924,83,418600,111,-2.153,0.31,5.471,0,0,418430976,0,5,1,cloister
52.088,12.047,0.954,0.0,12.058,0.924,83,418600,111,-2.198,0.31,5.475,0,0,418430976,0,5,1,cloister
52.1,10.633,1.058,0.0,12.058,0.924,83,418600,111,-2.198,0.31,5.475,0,0,418430976,0,5,1,cloister
52.111,12.175,0.788,0.0,12.058,0.924,83,418600,111,-2.242,0.31,5.479,0,0,418430976,0,5,1,cloister
52.123,11.567,0.751,0.0,12.058,0.924,83,418600,111,-2.287,0.31,5.482,0,0,418430976,0,5,1,cloister
52.135,11.344,0.857,0.0,12.058,0.924,83,418600,111,-2.332,0.31,5.486,0,0,418430976,0,5,1,cloister
52.146,11.147,0.721,0.0,12.058,0.924,83,418600,111,-2.332,0.31,5.486,0,0,418430976,0,5,1,cloister
52.158,12.088,0.318,0.0,12.058,0.924,83,418600,111,-2.377,0.31,5.49,0,0,418430976,0,5,1,cloister
52.17,11.97,0.332,0.0,12.058,0.924,83,418600,111,-2.422,0.31,5.494,0,0,418430976,0,5,1,cloister
52.181,11.332,0.322,0.0,12.058,0.924,83,418600,111,-2.422,0.31,5.494,0,0,418430976,0,5,1,cloister
52.193,12.005,0.395,0.0,12.058,0.924,83,418600,111,-2.467,0.31,5.498,0,0,418430976,0,5,1,cloister
52.205,11.753,0.788,0.0,12.058,0.924,83,418600,111,-2.511,0.31,5.501,0,0,418430976,0,5,1,cloister
52.216,11.23,0.898,0.0,12.058,0.924,83,418600,111,-2.511,0.31,5.501,0,0,418430976,0,5,1,cloister
52.228,12.202,0.881,0.0,12.058,0.924,83,418600,111,-2.556,0.31,5.505,0,0,418430976,0,5,1,cloister
52.24,11.471,0.99,0.0,12.058,0.924,83,418600,111,-2.601,0.31,5.509,0,0,418430976,0,5,1,cloister
52.251,11.721,1.439,0.0,11.94,1.636,83,418600,111,-2.646,0.31,5.513,0,0,418430976,0,5,1,cloister
52.263,11.039,0.765,0.0,11.94,1.636,83,418600,111,-2.646,0.31,5.513,0,0,418430976,0,5,1,cloister
52.275,12.065,0.886,0.0,11.94,1.636,83,418600,111,-2.691,0.31,5.517,0,0,418430976,0,5,1,cloister
52.286,11.038,0.835,0.0,11.94,1.636,83,418600,111,-2.736,0.31,5.52,0,0,418430976,0,5,1,cloister
52.298,11.108,0.974,0.0,11.94,1.636,84,418624,112,-2.736,0.31,5.52,0,0,418430976,0,5,1,cloister
52.31,12.652,0.332,0.0,11.94,1.636,84,418624,112,-2.781,0.31,5.524,0,0,418430976,0,5,1,cloister
52.321,11.343,0.444,0.0,11.94,1.636,81,418466,109,-2.825,0.31,5.528,0,0,418430976,0,5,1,cloister
52.333,10.956,0.912,0.0,11.94,1.636,77,418366,105,-2.825,0.31,5.528,0,0,418430976,0,5,1,cloister
52.345,12.802,1.221,0.0,11.94,1.636,77,418366,105,-2.87,0.31,5.532,0,0,418430976,0,5,1,cloister
52.356,10.763,0.905,0.0,11.94,1.636,74,416542,102,-2.915,0.31,5.535,0,0,418430976,0,5,1,cloister
52.368,11.738,0.88,0.0,11.94,1.636,74,416542,102,-2.96,0.31,5.539,0,0,418430976,0,5,1,cloister
52.38,11.069,0.786,0.0,11.94,1.636,74,416542,102,-2.96,0.31,5.539,0,0,418430976,0,5,1,cloister
52.391,12.345,0.51,0.0,11.94,1.636,74,416542,102,-3.005,0.31,5.543,0,0,418430976,0,5,1,cloister
52.403,11.269,0.456,0.0,11.94,1.636,69,415094,97,-3.05,0.31,5.547,0,0,418430976,0,5,1,cloister
52.415,10.985,0.823,0.0,11.94,1.636,69,415094,97,-3.05,0.31,5.547,0,0,418430976,0,5,1,cloister
52.426,12.45,0.555,0.0,11.94,1.636,69,415094,97,-3.094,0.31,5.551,0,0,418430976,0,5,1,cloister
52.438,11.209,0.772,0.0,11.94,1.636,66,409452,94,-3.139,0.31,5.554,0,0,418430976,0,5,1,cloister
52.45,11.103,0.907,0.0,11.94,1.636,66,409452,94,-3.139,0.31,5.554,0,0,418430976,0,5,1,cloister
52.461,12.613,0.782,0.0,11.94,1.636,66,409452,94,-3.184,0.31,5.558,0,0,418430976,0,5,1,cloister
52.473,11.342,0.839,0.0,11.94,1.636,66,409452,94,-3.229,0.31,5.562,0,0,418430976,0,5,1,cloister
52.485,11.816,1.005,0.0,11.94,1.636,66,409452,94,-3.274,0.31,5.566,0,0,418430976,0,5,1,cloister
52.496,10.528,0.997,0.0,11.94,1.636,65,409436,93,-3.274,0.31,5.566,0,0,418430976,0,5,1,cloister
52.508,11.833,0.694,0.0,11.94,1.636,65,409436,93,-3.319,0.31,5.57,0,0,418430976,0,5,1,cloister
52.52,11.35,0.953,0.0,11.94,1.636,65,409436,93,-3.363,0.31,5.573,0,0,418430976,0,5,1,cloister
52.531,11.681,0.343,0.0,11.94,1.636,65,409436,93,-3.363,0.31,5.573,0,0,418430976,0,5,1,cloister
52.543,12.348,0.346,0.0,11.94,1.636,65,409436,93,-3.408,0.31,5.577,0,0,418430976,0,5,1,cloister
52.555,11.551,0.881,0.0,11.94,1.636,65,409436,93,-3.453,0.31,5.581,0,0,418430976,0,5,1,cloister
52.566,10.766,0.94,0.0,11.94,1.636,63,406238,91,-3.453,0.31,5.581,0,0,418430976,0,5,1,cloister
52.578,12.143,0.851,0.0,11.94,1.636,63,406238,91,-3.498,0.31,5.585,0,0,418430976,0,5,1,cloister
52.59,11.414,0.76,0.0,11.94,1.636,61,395840,89,-3.543,0.31,5.589,0,0,418430976,0,5,1,cloister
52.601,11.507,0.857,0.0,11.94,1.636,61,395840,89,-3.588,0.31,5.592,0,0,418430976,0,5,1,cloister
52.613,10.768,0.892,0.0,11.94,1.636,61,395840,89,-3.588,0.31,5.592,0,0,418430976,0,5,1,cloister
52.625,11.882,1.022,0.0,11.94,1.636,61,395840,89,-3.632,0.31,5.596,0,0,418430976,0,5,1,cloister
52.636,11.55,0.888,0.0,11.94,1.636,60,395824,88,-3.677,0.31,5.6,0,0,418430976,0,5,1,cloister
52.648,10.832,0.866,0.0,11.94,1.636,60,395824,88,-3.677,0.31,5.6,0,0,418430976,0,5,1,cloister
52.66,12.236,0.852,0.0,11.94,1.636,60,395824,88,-3.722,0.31,5.604,0,0,418430976,0,5,1,cloister
52.671,11.248,0.933,0.0,11.94,1.636,60,395824,88,-3.767,0.31,5.608,0,0,418430976,0,5,1,cloister
52.683,10.898,0.917,0.0,11.94,1.636,60,395824,88,-3.767,0.31,5.608,0,0,418430976,0,5,1,cloister
52.694,12.255,0.838,0.0,11.94,1.636,60,395824,88,-3.812,0.31,5.611,0,0,418430976,0,5,1,cloister
52.706,10.865,0.841,0.0,11.94,1.636,60,395824,88,-3.857,0.31,5.615,0,0,418430976,0,5,1,cloister
52.717,11.386,0.734,0.0,11.94,1.636,60,395824,88,-3.902,0.31,5.619,0,0,418430976,0,5,1,cloister
52.728,10.859,0.751,0.0,11.94,1.636,57,387152,85,-3.902,0.31,5.619,0,0,418430976,0,5,1,cloister
52.74,11.787,0.853,0.0,11.94,1.636,57,387152,85,-3.946,0.31,5.623,0,0,418430976,0,5,1,cloister
52.751,11.779,0.759,0.0,11.94,1.636,57,387152,85,-3.991,0.31,5.627,0,0,418430976,0,5,1,cloister
52.762,10.365,0.906,0.0,11.94,1.636,57,387152,85,-3.991,0.31,5.627,0,0,418430976,0,5,1,cloister
52.774,12.031,0.77,0.0,11.94,1.636,57,387152,85,-4.036,0.31,5.63,0,0,418430976,0,5,1,cloister
52.785,10.907,0.835,0.0,11.94,1.636,57,387152,85,-4.081,0.31,5.634,0,0,418430976,0,5,1,cloister
52.796,10.781,1.105,0.0,11.94,1.636,57,387152,85,-4.081,0.31,5.634,0,0,418430976,0,5,1,cloister
52.807,12.659,0.756,0.0,11.94,1.636,57,387152,85,-4.126,0.31,5.638,0,0,418430976,0,5,1,cloister
52.819,10.711,0.765,0.0,11.94,1.636,57,387152,85,-4.171,0.31,5.642,0,0,418430976,0,5,1,cloister
52.83,10.581,0.737,0.0,11.94,1.636,57,387152,85,-4.171,0.31,5.642,0,0,418430976,0,5,1,cloister
52.841,12.391,0.842,0.0,11.94,1.636,57,387152,85,-4.215,0.31,5.646,0,0,418430976,0,5,1,cloister
52.852,12.483,0.921,0.0,11.94,1.636,57,387152,85,-4.26,0.31,5.649,0,0,418430976,0,5,1,cloister
52.863,10.908,0.421,0.0,11.94,1.636,56,325376,84,-4.26,0.31,5.649,0,0,418430976,0,5,1,cloister
52.874,12.128,0.902,0.0,11.94,1.636,56,325376,84,-4.305,0.31,5.653,0,0,418430976,0,5,1,cloister
52.885,10.913,0.738,0.0,11.94,1.636,56,325376,84,-4.35,0.31,5.657,0,0,418430976,0,5,1,cloister
52.897,11.131,0.769,0.0,11.94,1.636,54,325328,82,-4.35,0.31,5.657,0,0,418430976,0,5,1,cloister
52.908,12.08,0.402,0.0,11.94,1.636,54,325328,82,-4.395,0.31,5.661,0,0,418430976,0,5,1,cloister
52.919,10.958,1.048,0.0,11.94,1.636,53,322858,81,-4.44,0.31,5.665,0,0,418430976,0,5,1,cloister
52.93,10.564,1.017,0.0,11.94,1.636,53,322858,81,-4.44,0.31,5.665,0,0,418430976,0,5,1,cloister
52.941,11.763,0.93,0.0,11.94,1.636,53,322858,81,-4.484,0.31,5.668,0,0,418430976,0,5,1,cloister
52.952,11.183,0.933,0.0,11.94,1.636,53,322858,81,-4.529,0.31,5.672,0,0,418430976,0,5,1,cloister
52.963,10.54,0.902,0.0,11.94,1.636,53,322858,81,-4.529,0.31,5.672,0,0,418430976,0,5,1,cloister
52.974,12.016,0.818,0.0,11.94,1.636,53,322858,81,-4.574,0.31,5.676,0,0,418430976,0,5,1,cloister
52.985,10.415,0.794,0.0,11.94,1.636,53,322858,81,-4.619,0.31,5.68,0,0,418430976,0,5,1,cloister
52.997,10.952,0.872,0.0,11.94,1.636,53,322858,81,-4.619,0.31,5.68,0,0,418430976,0,5,1,cloister
53.008,11.757,0.66,0.0,11.94,1.636,53,322858,81,-4.664,0.31,5.684,0,0,418430976,0,5,1,cloister
53.019,11.07,0.752,0.0,11.94,1.636,53,322858,81,-4.709,0.31,5.687,0,0,418430976,0,5,1,cloister
53.03,10.679,0.858,0.0,11.94,1.636,53,322858,81,-4.709,0.31,5.687,0,0,418430976,0,5,1,cloister
53.041,11.766,0.782,0.0,11.94,1.636,53,322858,81,-4.753,0.31,5.691,0,0,418430976,0,5,1,cloister
53.052,11.367,0.919,0.0,11.94,1.636,53,322858,81,-4.798,0.31,5.695,0,0,418430976,0,5,1,cloister
53.063,10.305,0.945,0.0,11.94,1.636,53,322858,81,-4.798,0.31,5.695,0,0,418430976,0,5,1,cloister
53.074,12.037,0.888,0.0,11.94,1.636,53,322858,81,-4.843,0.31,5.699,0,0,418430976,0,5,1,cloister
53.085,10.97,0.837,0.0,11.94,1.636,53,322858,81,-4.888,0.31,5.703,0,0,418430976,0,5,1,cloister
53.097,10.734,0.822,0.0,11.94,1.636,52,290794,80,-4.888,0.31,5.703,0,0,418430976,0,5,1,cloister
53.108,12.478,0.797,0.0,11.94,1.636,52,290794,80,-4.933,0.31,5.706,0,0,418430976,0,5,1,cloister
53.119,11.402,0.692,0.0,11.94,1.636,52,290794,80,-4.978,0.31,5.71,0,0,418430976,0,5,1,cloister
53.13,10.531,0.741,0.0,11.94,1.636,52,290794,80,-4.978,0.31,5.71,0,0,418430976,0,5,1,cloister
53.141,12.493,0.837,0.0,11.94,1.636,52,290794,80,-5.023,0.31,5.714,0,0,418430976,0,5,1,cloister
53.152,9.568,0.698,0.0,11.94,1.636,52,290794,80,-5.067,0.31,5.718,0,0,418430976,0,5,1,cloister
53.163,10.816,0.745,0.0,11.94,1.636,52,290794,80,-5.067,0.31,5.718,0,0,418430976,0,5,1,cloister
53.174,11.522,0.386,0.0,11.94,1.636,52,290794,80,-5.112,0.31,5.722,0,0,418430976,0,5,1,cloister
53.185,11.941,0.272,0.0,11.94,1.636,52,290794,80,-5.157,0.31,5.725,0,0,418430976,0,5,1,cloister
53.197,10.423,0.293,0.0,11.94,1.636,52,290794,80,-5.157,0.31,5.725,0,0,418430976,0,5,1,cloister
53.208,11.924,0.495,0.0,11.94,1.636,52,290794,80,-5.202,0.31,5.729,0,0,418430976,0,5,1,cloister
53.219,10.861,0.897,0.0,11.94,1.636,52,290794,80,-5.247,0.31,5.733,0,0,418430976,0,5,1,cloister
53.23,10.621,0.891,0.0,11.94,1.636,51,290686,79,-5.247,0.31,5.733,0,0,418430976,0,5,1,cloister
53.241,11.426,0.816,0.0,11.94,1.636,51,290686,79,-5.292,0.31,5.737,0,0,418430976,0,5,1,cloister
53.252,11.364,0.962,0.0,11.835,1.474,51,290686,79,-5.336,0.31,5.74,0,0,418430976,0,5,1,cloister
53.263,10.465,0.82,0.0,11.835,1.474,49,290470,77,-5.336,0.31,5.74,0,0,418430976,0,5,1,cloister
53.274,11.578,0.388,0.0,11.835,1.474,49,290470,77,-5.381,0.31,5.744,0,0,418430976,0,5,1,cloister
53.285,10.31,0.905,0.0,11.835,1.474,49,290470,77,-5.426,0.31,5.748,0,0,418430976,0,5,1,cloister
53.297,10.577,0.83,0.0,11.835,1.474,49,290470,77,-5.426,0.31,5.748,0,0,418430976,0,5,1,cloister
53.308,11.411,0.289,0.0,11.835,1.474,49,290470,77,-5.471,0.31,5.752,0,0,418430976,0,5,1,cloister
53.319,12.13,0.271,0.0,11.835,1.474,49,290470,77,-5.516,0.31,5.756,0,0,418430976,0,5,1,cloister
53.33,10.098,0.328,0.0,11.835,1.474,49,290470,77,-5.516,0.31,5.756,0,0,418430976,0,5,1,cloister
53.341,11.05,0.824,0.0,11.835,1.474,49,290470,77,-5.561,0.31,5.759,0,0,418430976,0,5,1,cloister
53.352,11.975,0.914,0.0,11.835,1.474,48,290006,76,-5.605,0.31,5.763,0,0,418430976,0,5,1,cloister
53.363,9.318,0.46,0.0,11.835,1.474,48,290006,76,-5.605,0.31,5.763,0,0,418430976,0,5,1,cloister
53.374,11.661,0.789,0.0,11.835,1.474,48,290006,76,-5.65,0.31,5.767,0,0,418430976,0,5,1,cloister
53.385,11.351,0.335,0.0,11.835,1.474,48,290006,76,-5.695,0.31,5.771,0,0,418430976,0,5,1,cloister
53.397,10.435,0.678,0.0,11.835,1.474,48,290006,76,-5.695,0.31,5.771,0,0,418430976,0,5,1,cloister
53.408,11.535,0.781,0.0,11.835,1.474,48,290006,76,-5.74,0.31,5.775,0,0,418430976,0,5,1,cloister
53.419,10.436,0.793,0.0,11.835,1.474,48,290006,76,-5.785,0.31,5.778,0,0,418430976,0,5,1,cloister
53.43,10.287,0.772,0.0,11.835,1.474,48,290006,76,-5.785,0.31,5.778,0,0,418430976,0,5,1,cloister
53.441,11.538,0.299,0.0,11.835,1.474,48,290006,76,-5.83,0.31,5.782,0,0,418430976,0,5,1,cloister
53.452,10.616,0.316,0.0,11.835,1.474,48,290006,76,-5.874,0.31,5.786,0,0,418430976,0,5,1,cloister
53.463,10.482,0.33,0.0,11.835,1.474,48,290006,76,-5.874,0.31,5.786,0,0,418430976,0,5,1,cloister
53.474,11.271,0.303,0.0,11.835,1.474,48,290006,76,-5.919,0.31,5.79,0,0,418430976,0,5,1,cloister
53.485,10.869,0.271,0.0,11.835,1.474,48,290006,76,-5.964,0.31,5.794,0,0,418430976,0,5,1,cloister
53.497,10.64,0.405,0.0,11.835,1.474,48,290006,76,-5.964,0.31,5.794,0,0,418430976,0,5,1,cloister
53.508,12.321,0.252,0.0,11.835,1.474,48,290006,76,-6.009,0.31,5.797,0,0,418430976,0,5,1,cloister
53.519,10.781,0.338,0.0,11.835,1.474,48,290006,76,-6.054,0.31,5.801,0,0,418430976,0,5,1,cloister
53.53,10.302,0.872,0.0,11.835,1.474,47,289818,75,-6.054,0.31,5.801,0,0,418430976,0,5,1,cloister
53.541,11.525,0.805,0.0,11.835,1.474,47,289818,75,-6.099,0.31,5.805,0,0,418430976,0,5,1,cloister
53.552,10.785,0.855,0.0,11.835,1.474,47,289818,75,-6.143,0.31,5.809,0,0,418430976,0,5,1,cloister
53.563,10.475,0.86,0.0,11.835,1.474,47,289818,75,-6.143,0.31,5.809,0,0,418430976,0,5,1,cloister
53.574,11.918,0.863,0.0,11.835,1.474,47,289818,75,-6.188,0.31,5.813,0,0,418430976,0,5,1,cloister
53.585,10.548,0.769,0.0,11.835,1.474,47,289818,75,-6.233,0.31,5.816,0,0,418430976,0,5,1,cloister
53.597,10.294,0.877,0.0,11.835,1.474,47,289818,75,-6.233,0.31,5.816,0,0,418430976,0,5,1,cloister
53.608,11.55,0.816,0.0,11.835,1.474,47,289818,75,-6.278,0.31,5.82,0,0,418430976,0,5,1,cloister
53.619,10.785,0.757,0.0,11.835,1.474,47,289818,75,-6.323,0.31,5.824,0,0,418430976,0,5,1,cloister
53.63,10.485,0.924,0.0,11.835,1.474,45,289786,73,-6.323,0.31,5.824,0,0,418430976,0,5,1,cloister
53.641,11.364,0.813,0.0,11.835,1.474,45,289786,73,-6.368,0.31,5.828,0,0,418430976,0,5,1,cloister
53.652,11.208,0.949,0.0,11.835,1.474,43,272634,71,-6.413,0.31,5.832,0,0,418430976,0,5,1,cloister
53.663,9.876,0.843,0.0,11.835,1.474,43,272634,71,-6.413,0.31,5.832,0,0,418430976,0,5,1,cloister
53.674,11.557,0.666,0.0,11.835,1.474,43,272634,71,-6.457,0.31,5.835,0,0,418430976,0,5,1,cloister
53.684,10.849,0.683,0.0,11.835,1.474,43,272634,71,-6.502,0.31,5.839,0,0,418430976,0,5,1,cloister
53.695,10.147,0.562,0.0,11.835,1.474,43,272634,71,-6.502,0.31,5.839,0,0,418430976,0,5,1,cloister
53.706,11.493,0.754,0.0,11.835,1.474,43,272634,71,-6.547,0.31,5.843,0,0,418430976,0,5,1,cloister
53.717,10.867,0.669,0.0,11.835,1.474,43,272634,71,-6.592,0.31,5.847,0,0,418430976,0,5,1,cloister
53.728,10.214,0.81,0.0,11.835,1.474,43,272634,71,-6.592,0.31,5.847,0,0,418430976,0,5,1,cloister
53.739,11.72,0.832,0.0,11.835,1.474,43,272634,71,-6.637,0.31,5.851,0,0,418430976,0,5,1,cloister
53.749,9.836,0.824,0.0,11.835,1.474,43,272634,71,-6.637,0.31,5.851,0,0,418430976,0,5,1,cloister
53.76,11.282,0.796,0.0,11.835,1.474,43,272634,71,-6.682,0.31,5.854,0,0,418430976,0,5,1,cloister
53.77,10.778,0.714,0.0,11.835,1.474,43,272634,71,-6.726,0.31,5.858,0,0,418430976,0,5,1,cloister
53.781,10.469,0.875,0.0,11.835,1.474,43,272634,71,-6.726,0.31,5.858,0,0,418430976,0,5,1,cloister
53.792,11.191,0.793,0.0,11.835,1.474,43,272634,71,-6.771,0.31,5.862,0,0,418430976,0,5,1,cloister
53.802,10.915,0.933,0.0,11.835,1.474,43,272634,71,-6.816,0.31,5.866,0,0,418430976,0,5,1,cloister
53.813,10.255,0.849,0.0,11.835,1.474,43,272634,71,-6.816,0.31,5.866,0,0,418430976,0,5,1,cloister
53.824,11.33,0.83,0.0,11.835,1.474,43,272634,71,-6.861,0.31,5.87,0,0,418430976,0,5,1,cloister
53.834,11.476,0.744,0.0,11.835,1.474,43,272634,71,-6.906,0.31,5.873,0,0,418430976,0,5,1,cloister
53.845,9.261,0.896,0.0,11.835,1.474,43,272634,71,-6.906,0.31,5.873,0,0,418430976,0,5,1,cloister
53.855,11.337,0.921,0.0,11.835,1.474,43,272634,71,-6.951,0.31,5.877,0,0,418430976,0,5,1,cloister
53.866,10.096,1.457,0.0,11.835,1.474,43,272634,71,-6.951,0.31,5.877,0,0,418430976,0,5,1,cloister
53.877,11.578,0.855,0.0,11.835,1.474,43,272634,71,-6.995,0.31,5.881,0,0,418430976,0,5,1,cloister
53.887,9.478,0.834,0.0,11.835,1.474,43,272634,71,-7.04,0.31,5.885,0,0,418430976,0,5,1,cloister
53.898,10.268,0.801,0.0,11.835,1.474,43,272634,71,-7.04,0.31,5.885,0,0,418430976,0,5,1,cloister
53.908,11.773,0.291,0.0,11.835,1.474,43,272634,71,-7.085,0.31,5.889,0,0,418430976,0,5,1,cloister
53.919,10.585,0.422,0.0,11.835,1.474,43,272634,71,-7.13,0.31,5.892,0,0,418430976,0,5,1,cloister
53.93,10.117,0.796,0.0,11.835,1.474,43,272634,71,-7.13,0.31,5.892,0,0,418430976,0,5,1,cloister
53.94,11.315,0.822,0.0,11.835,1.474,43,272634,71,-7.175,0.31,5.896,0,0,418430976,0,5,1,cloister
53.951,10.474,0.678,0.0,11.835,1.474,43,272634,71,-7.22,0.31,5.9,0,0,418430976,0,5,1,cloister
53.961,10.056,0.406,0.0,11.835,1.474,43,272634,71,-7.22,0.31,5.9,0,0,418430976,0,5,1,cloister
53.972,11.395,0.777,0.0,11.835,1.474,43,272634,71,-7.264,0.31,5.904,0,0,418430976,0,5,1,cloister
53.983,9.578,0.776,0.0,11.835,1.474,43,272634,71,-7.264,0.31,5.904,0,0,418430976,0,5,1,cloister
53.993,11.369,0.693,0.0,11.835,1.474,43,272634,71,-7.309,0.31,5.908,0,0,418430976,0,5,1,cloister
54.004,10.577,0.68,0.0,11.835,1.474,42,268630,70,-7.354,0.31,5.911,0,0,418430976,0,5,1,cloister
54.014,10.02,0.599,0.0,11.835,1.474,42,268630,70,-7.354,0.31,5.911,0,0,418430976,0,5,1,cloister
54.025,11.038,0.697,0.0,11.835,1.474,42,268630,70,-7.399,0.31,5.915,0,0,418430976,0,5,1,cloister
54.036,10.524,0.837,0.0,11.835,1.474,42,268630,70,-7.444,0.31,5.919,0,0,418430976,0,5,1,cloister
54.046,10.99,0.79,0.0,11.835,1.474,42,268630,70,-7.444,0.31,5.919,0,0,418430976,0,5,1,cloister
54.057,11.595,0.868,0.0,11.835,1.474,42,268630,70,-7.489,0.31,5.923,0,0,418430976,0,5,1,cloister
54.067,9.422,0.808,0.0,11.835,1.474,42,268630,70,-7.534,0.31,5.927,0,0,418430976,0,5,1,cloister
54.078,10.674,0.789,0.0,11.835,1.474,41,268370,69,-7.534,0.31,5.927,0,0,418430976,0,5,1,cloister
54.089,11.313,0.33,0.0,11.835,1.474,41,268370,69,-7.578,0.31,5.93,0,0,418430976,0,5,1,cloister
54.099,9.763,0.754,0.0,11.835,1.474,41,268370,69,-7.578,0.31,5.93,0,0,418430976,0,5,1,cloister
54.11,11.079,0.518,0.0,11.835,1.474,41,268370,69,-7.623,0.31,5.934,0,0,418430976,0,5,1,cloister
54.12,10.479,0.799,0.0,11.835,1.474,41,268370,69,-7.668,0.31,5.938,0,0,418430976,0,5,1,cloister
54.131,9.87,0.773,0.0,11.835,1.474,41,268370,69,-7.668,0.31,5.938,0,0,418430976,0,5,1,cloister
54.142,10.979,0.788,0.0,11.835,1.474,41,268370,69,-7.713,0.31,5.942,0,0,418430976,0,5,1,cloister
54.152,10.56,0.693,0.0,11.835,1.474,41,268370,69,-7.758,0.31,5.946,0,0,418430976,0,5,1,cloister
54.163,9.381,0.908,0.0,11.835,1.474,41,268370,69,-7.758,0.31,5.946,0,0,418430976,0,5,1,cloister
54.174,10.946,0.865,0.0,11.835,1.474,41,268370,69,-7.803,0.31,5.949,0,0,418430976,0,5,1,cloister
54.184,10.505,0.715,0.0,11.835,1.474,41,268370,69,-7.847,0.31,5.953,0,0,418430976,0,5,1,cloister
54.195,9.929,0.309,0.0,11.835,1.474,41,268370,69,-7.847,0.31,5.953,0,0,418430976,0,5,1,cloister
54.205,10.57,0.307,0.0,11.835,1.474,41,268370,69,-7.892,0.31,5.957,0,0,418430976,0,5,1,cloister
54.216,10.071,0.454,0.0,11.835,1.474,41,268370,69,-7.892,0.31,5.957,0,0,418430976,0,5,1,cloister
54.227,11.504,0.293,0.0,11.835,1.474,41,268370,69,-7.931,0.31,5.96,0,0,418430976,0,5,1,cloister
54.237,10.531,0.32,0.0,11.835,1.474,44,272822,72,-7.965,0.31,5.964,0,0,418430976,0,5,1,cloister
54.248,9.912,0.811,0.0,10.962,1.16,42,304814,70,-7.965,0.31,5.964,0,0,418430976,0,5,1,cloister
54.258,11.26,0.783,0.0,10.962,1.16,42,304814,70,-7.997,0.31,5.968,0,0,418430976,0,5,1,cloister
54.269,10.559,0.671,0.0,10.962,1.16,43,184094,71,-8.026,0.31,5.974,0,0,418430976,0,5,1,cloister
54.28,10.33,0.772,0.0,10.962,1.16,45,184098,73,-8.026,0.31,5.974,0,0,418430976,0,5,1,cloister
54.29,11.0,0.879,0.0,10.962,1.16,45,184098,73,-8.054,0.31,5.981,0,0,418430976,0,5,1,cloister
54.301,10.764,0.719,0.0,10.962,1.16,70,206856,98,-8.082,0.31,5.99,0,0,418430976,0,5,1,cloister
54.311,10.408,0.87,0.0,10.962,1.16,65,196136,93,-8.082,0.31,5.99,0,0,418430976,0,5,1,cloister
54.322,11.73,0.808,0.0,10.962,1.16,65,196136,93,-8.109,0.31,6.002,0,0,418430976,0,5,1,cloister
54.333,10.27,0.728,0.0,10.962,1.16,65,179820,93,-8.109,0.31,6.002,0,0,418430976,0,5,1,cloister
54.343,11.355,0.822,0.0,10.962,1.16,65,179820,93,-8.135,0.31,6.016,0,0,418430976,0,5,1,cloister
54.354,10.958,0.734,0.0,10.962,1.16,79,236370,107,-8.16,0.31,6.032,0,0,418430976,0,5,1,cloister
54.364,9.679,0.865,0.0,10.962,1.16,85,236586,113,-8.16,0.31,6.032,0,0,418430976,0,5,1,cloister
54.375,11.381,1.044,0.0,10.962,1.16,85,236586,113,-8.185,0.31,6.052,0,0,418430976,0,5,1,cloister
54.386,11.098,0.334,0.0,10.962,1.16,85,236586,113,-8.209,0.31,6.073,0,0,418430976,0,5,1,cloister
54.396,11.126,0.353,0.0,10.962,1.16,85,236578,113,-8.209,0.31,6.073,0,0,418430976,0,5,1,cloister
54.407,11.617,0.428,0.0,10.962,1.16,85,236578,113,-8.232,0.31,6.098,0,0,418430976,0,5,1,cloister
54.417,10.623,1.176,0.0,10.962,1.16,86,236594,114,-8.255,0.31,6.124,0,0,418430976,0,5,1,cloister
54.428,10.056,0.856,0.0,10.962,1.16,89,242798,117,-8.255,0.31,6.124,0,0,418430976,0,5,1,cloister
54.439,12.603,0.85,0.0,10.962,1.16,89,242798,117,-8.276,0.31,6.152,0,0,418430976,0,5,1,cloister
54.449,10.148,0.557,0.0,10.962,1.16,95,243136,123,-8.276,0.31,6.152,0,0,418430976,0,5,1,cloister
54.46,11.644,0.757,0.0,10.962,1.16,95,243136,123,-8.296,0.31,6.183,0,0,418430976,0,5,1,cloister
54.47,10.96,1.119,0.0,10.962,1.16,100,243336,128,-8.316,0.31,6.215,0,0,418430976,0,5,1,cloister
54.481,10.091,1.033,0.0,10.962,1.16,97,238376,125,-8.316,0.31,6.215,0,0,418430976,0,5,1,cloister
54.492,11.538,0.843,0.0,10.962,1.16,97,238376,125,-8.334,0.31,6.248,0,0,418430976,0,5,1,cloister
54.502,10.979,0.878,0.0,10.962,1.16,99,243760,127,-8.351,0.31,6.283,0,0,418430976,0,5,1,cloister
54.513,10.248,0.934,0.0,10.962,1.16,99,243760,127,-8.351,0.31,6.283,0,0,418430976,0,5,1,cloister
54.524,11.33,0.909,0.0,10.962,1.16,99,243760,127,-8.367,0.31,6.32,0,0,418430976,0,5,1,cloister
54.534,10.949,0.91,0.0,10.962,1.16,99,243760,127,-8.382,0.31,6.357,0,0,418430976,0,5,1,cloister
54.545,10.101,0.925,0.0,10.962,1.16,99,243760,127,-8.382,0.31,6.357,0,0,418430976,0,5,1,cloister
54.555,11.37,0.922,0.0,10.962,1.16,99,243760,127,-8.396,0.31,6.396,0,0,418430976,0,5,1,cloister
54.566,9.983,0.776,0.0,10.962,1.16,100,243796,128,-8.396,0.31,6.396,0,0,418430976,0,5,1,cloister
54.577,11.274,0.906,0.0,10.962,1.16,100,243796,128,-8.409,0.31,6.435,0,0,418430976,0,5,1,cloister
54.587,10.57,0.851,0.0,10.962,1.16,100,243796,128,-8.422,0.31,6.475,0,0,418430976,0,5,1,cloister
54.598,9.985,0.926,0.0,10.962,1.16,99,243772,127,-8.422,0.31,6.475,0,0,418430976,0,5,1,cloister
54.608,11.202,0.919,0.0,10.962,1.16,99,243772,127,-8.433,0.31,6.516,0,0,418430976,0,5,1,cloister
54.619,10.499,0.927,0.0,10.962,1.16,99,243772,127,-8.443,0.31,6.557,0,0,418430976,0,5,1,cloister
54.63,10.419,0.94,0.0,10.962,1.16,99,243772,127,-8.443,0.31,6.557,0,0,418430976,0,5,1,cloister
54.641,11.468,0.861,0.0,10.962,1.16,99,243772,127,-8.452,0.31,6.599,0,0,418430976,0,5,1,cloister
54.652,10.889,0.805,0.0,10.962,1.16,99,243772,127,-8.461,0.31,6.642,0,0,418430976,0,5,1,cloister
54.662,10.199,0.97,0.0,10.962,1.16,99,243772,127,-8.461,0.31,6.642,0,0,418430976,0,5,1,cloister
54.673,11.321,0.894,0.0,10.962,1.16,99,243772,127,-8.469,0.31,6.684,0,0,418430976,0,5,1,cloister
54.684,10.597,0.907,0.0,10.962,1.16,99,243772,127,-8.476,0.31,6.727,0,0,418430976,0,5,1,cloister
54.695,11.078,1.072,0.0,10.962,1.16,99,243772,127,-8.476,0.31,6.727,0,0,418430976,0,5,1,cloister
54.706,12.092,0.405,0.0,10.962,1.16,99,243772,127,-8.483,0.31,6.771,0,0,418430976,0,5,1,cloister
54.718,10.677,1.104,0.0,10.962,1.16,97,224412,125,-8.489,0.31,6.814,0,0,418430976,0,5,1,cloister
54.729,10.59,1.595,0.0,10.962,1.16,97,224412,125,-8.489,0.31,6.814,0,0,418430976,0,5,1,cloister
54.74,11.783,1.002,0.0,10.962,1.16,97,224412,125,-8.495,0.31,6.858,0,0,418430976,0,5,1,cloister
54.751,11.607,0.845,0.0,10.962,1.16,97,224412,125,-8.5,0.31,6.902,0,0,418430976,0,5,1,cloister
54.762,10.701,0.87,0.0,10.962,1.16,97,224412,125,-8.5,0.31,6.902,0,0,418430976,0,5,1,cloister
54.773,12.592,0.95,0.0,10.962,1.16,97,224412,125,-8.504,0.31,6.946,0,0,418430976,0,5,1,cloister
54.784,11.035,0.834,0.0,10.962,1.16,96,224364,124,-8.508,0.31,6.99,0,0,418430976,0,5,1,cloister
54.795,11.194,0.865,0.0,10.962,1.16,96,224408,124,-8.508,0.31,6.99,0,0,418430976,0,5,1,cloister
54.806,12.487,0.549,0.0,10.962,1.16,96,224408,124,-8.512,0.31,7.035,0,0,418430976,0,5,1,cloister
54.818,11.552,0.824,0.0,10.962,1.16,96,224408,124,-8.515,0.31,7.079,0,0,418430976,0,5,1,cloister
54.829,11.373,0.9,0.0,10.962,1.16,97,224420,125,-8.515,0.31,7.079,0,0,418430976,0,5,1,cloister
54.84,12.324,0.848,0.0,10.962,1.16,97,224420,125,-8.518,0.31,7.124,0,0,418430976,0,5,1,cloister
54.851,12.118,0.842,0.0,10.962,1.16,95,224416,123,-8.52,0.31,7.168,0,0,418430976,0,5,1,cloister
54.862,11.145,1.076,0.0,10.962,1.16,95,224416,123,-8.52,0.31,7.168,0,0,418430976,0,5,1,cloister
54.873,11.81,1.087,0.0,10.962,1.16,95,224416,123,-8.522,0.31,7.213,0,0,418430976,0,5,1,cloister
54.884,12.556,0.724,0.0,10.962,1.16,95,224416,123,-8.524,0.31,7.258,0,0,418430976,0,5,1,cloister
54.896,11.283,0.382,0.0,10.962,1.16,95,224416,123,-8.524,0.31,7.258,0,0,418430976,0,5,1,cloister
54.908,12.998,1.107,0.0,10.962,1.16,95,224416,123,-8.526,0.31,7.303,0,0,418430976,0,5,1,cloister
54.921,12.495,1.032,0.0,10.962,1.16,95,224416,123,-8.527,0.31,7.347,0,0,418430976,0,5,1,cloister
54.933,12.364,0.852,0.0,10.962,1.16,95,224416,123,-8.528,0.31,7.392,0,0,418430976,0,5,1,cloister
54.946,11.74,0.785,0.0,10.962,1.16,95,224416,123,-8.528,0.31,7.392,0,0,418430976,0,5,1,cloister
54.958,12.887,0.882,0.0,10.962,1.16,95,224416,123,-8.529,0.31,7.437,0,0,418430976,0,5,1,cloister
54.97,12.025,0.808,0.0,10.962,1.16,96,224428,124,-8.53,0.31,7.482,0,0,418430976,0,5,1,cloister
54.982,11.879,0.819,0.0,10.962,1.16,97,224440,125,-8.53,0.31,7.482,0,0,418430976,0,5,1,cloister
54.995,12.984,0.898,0.0,10.962,1.16,97,224440,125,-8.531,0.31,7.527,0,0,418430976,0,5,1,cloister
55.007,12.469,0.894,0.0,10.962,1.16,97,224440,125,-8.531,0.31,7.572,0,0,418430976,0,5,1,cloister
55.019,11.888,0.896,0.0,10.962,1.16,97,224440,125,-8.531,0.31,7.617,0,0,418430976,0,5,1,cloister
55.031,11.537,1.079,0.0,10.962,1.16,97,224440,125,-8.531,0.31,7.617,0,0,418430976,0,5,1,cloister
55.043,12.555,0.845,0.0,10.962,1.16,97,224440,125,-8.531,0.31,7.662,0,0,418430976,0,5,1,cloister
55.055,11.887,0.857,0.0,10.962,1.16,97,224440,125,-8.531,0.31,7.707,0,0,418430976,0,5,1,cloister
55.068,12.591,1.205,0.0,10.962,1.16,99,224464,127,-8.531,0.31,7.752,0,0,418430976,0,5,1,cloister
55.08,11.12,0.924,0.0,10.962,1.16,99,224464,127,-8.531,0.31,7.752,0,0,418430976,0,5,1,cloister
55.092,13.259,1.03,0.0,10.962,1.16,99,224464,127,-8.531,0.31,7.797,0,0,418430976,0,5,1,cloister
55.104,11.947,0.8,0.0,10.962,1.16,99,224464,127,-8.531,0.31,7.842,0,0,418430976,0,5,1,cloister
55.116,11.633,1.054,0.0,10.962,1.16,99,224464,127,-8.531,0.31,7.842,0,0,418430976,0,5,1,cloister
55.129,13.054,0.923,0.0,10.962,1.16,99,224464,127,-8.53,0.31,7.887,0,0,418430976,0,5,1,cloister
55.141,12.71,0.837,0.0,10.962,1.16,102,224656,130,-8.53,0.31,7.932,0,0,418430976,0,5,1,cloister
55.154,12.178,0.892,0.0,10.962,1.16,104,224896,250,-8.529,0.31,7.977,0,0,418430976,0,5,1,cloister
55.166,11.593,0.96,0.0,10.962,1.16,104,224896,250,-8.529,0.31,7.977,0,0,418430976,0,5,1,cloister
55.178,12.694,0.921,0.0,10.962,1.16,104,224896,250,-8.528,0.31,8.022,0,0,418430976,0,5,1,cloister
55.19,11.765,0.462,0.0,10.962,1.16,105,224908,251,-8.527,0.31,8.066,0,0,418430976,0,5,1,cloister
55.203,12.342,0.368,0.0,10.962,1.16,105,224908,251,-8.527,0.31,8.111,0,0,418430976,0,5,1,cloister
55.215,11.633,0.357,0.0,10.962,1.16,105,224908,251,-8.527,0.31,8.111,0,0,418430976,0,5,1,cloister
55.227,13.079,0.36,0.0,10.962,1.16,105,224908,251,-8.526,0.31,8.156,0,0,418430976,0,5,1,cloister
55.239,12.176,0.435,0.0,12.392,0.999,105,224908,251,-8.525,0.31,8.201,0,0,418430976,0,5,1,cloister
55.252,12.06,0.94,0.0,12.392,0.999,105,226308,251,-8.524,0.31,8.246,0,0,418430976,0,5,1,cloister
55.264,11.52,0.951,0.0,12.392,0.999,105,226308,251,-8.524,0.31,8.246,0,0,418430976,0,5,1,cloister
55.277,12.375,0.906,0.0,12.392,0.999,105,226308,251,-8.523,0.31,8.291,0,0,418430976,0,5,1,cloister
55.289,12.033,0.911,0.0,12.392,0.999,105,226308,251,-8.522,0.31,8.336,0,0,418430976,0,5,1,cloister
55.302,11.927,0.907,0.0,12.392,0.999,105,226376,251,-8.521,0.31,8.381,0,0,418430976,0,5,1,cloister
55.314,11.394,0.909,0.0,12.392,0.999,105,226376,251,-8.521,0.31,8.381,0,0,418430976,0,5,1,cloister
55.327,12.309,0.545,0.0,12.392,0.999,105,226376,251,-8.52,0.31,8.426,0,0,418430976,0,5,1,cloister
55.339,11.899,0.792,0.0,12.392,0.999,105,226376,251,-8.518,0.31,8.471,0,0,418430976,0,5,1,cloister
55.352,12.071,0.882,0.0,12.392,0.999,105,226376,251,-8.517,0.31,8.516,0,0,418430976,0,5,1,cloister
55.364,10.668,0.595,0.0,12.392,0.999,105,226376,251,-8.517,0.31,8.516,0,0,418430976,0,5,1,cloister
55.377,13.026,0.779,0.0,12.392,0.999,105,226376,251,-8.516,0.31,8.561,0,0,418430976,0,5,1,cloister
55.389,11.513,0.484,0.0,12.392,0.999,103,226136,131,-8.515,0.31,8.606,0,0,418430976,0,5,1,cloister
55.402,12.495,0.992,0.0,12.392,0.999,103,226136,131,-8.514,0.31,8.651,0,0,418430976,0,5,1,cloister
55.414,10.543,0.908,0.0,12.392,0.999,103,226136,131,-8.514,0.31,8.651,0,0,418430976,0,5,1,cloister
55.426,12.323,0.833,0.0,12.392,0.999,103,226136,131,-8.512,0.31,8.696,0,0,418430976,0,5,1,cloister
55.438,11.714,0.861,0.0,12.392,0.999,103,226136,131,-8.511,0.31,8.741,0,0,418430976,0,5,1,cloister
55.45,11.183,0.968,0.0,12.392,0.999,103,231736,131,-8.511,0.31,8.741,0,0,418430976,0,5,1,cloister
55.462,12.26,0.877,0.0,12.392,0.999,103,231736,131,-8.51,0.31,8.786,0,0,418430976,0,5,1,cloister
55.474,11.902,0.788,0.0,12.392,0.999,103,231736,131,-8.508,0.31,8.831,0,0,418430976,0,5,1,cloister
55.486,11.77,1.028,0.0,12.392,0.999,102,231720,130,-8.507,0.31,8.876,0,0,418430976,0,5,1,cloister
55.498,10.901,0.87,0.0,12.392,0.999,102,231720,130,-8.507,0.31,8.876,0,0,418430976,0,5,1,cloister
55.511,13.564,0.87,0.0,12.392,0.999,102,231720,130,-8.505,0.31,8.921,0,0,418430976,0,5,1,cloister
55.523,11.228,0.544,0.0,12.392,0.999,102,231720,130,-8.504,0.31,8.966,0,0,418430976,0,5,1,cloister
55.535,11.587,0.892,0.0,12.392,0.999,102,231720,130,-8.503,0.31,9.011,0,0,418430976,0,5,1,cloister
55.547,11.201,0.901,0.0,12.392,0.999,102,231720,130,-8.503,0.31,9.011,0,0,418430976,0,5,1,cloister
55.559,12.308,0.873,0.0,12.392,0.999,102,231720,130,-8.501,0.31,9.056,0,0,418430976,0,5,1,cloister
55.571,11.813,0.805,0.0,12.392,0.999,102,231720,130,-8.5,0.31,9.101,0,0,418430976,0,5,1,cloister
55.583,11.274,0.826,0.0,12.392,0.999,102,231720,130,-8.5,0.31,9.101,0,0,418430976,0,5,1,cloister
55.595,12.324,0.84,0.0,12.392,0.999,102,231720,130,-8.498,0.31,9.146,0,0,418430976,0,5,1,cloister
55.608,11.929,0.783,0.0,12.392,0.999,102,231720,130,-8.497,0.31,9.191,0,0,418430976,0,5,1,cloister
55.62,11.988,1.041,0.0,12.392,0.999,102,231720,130,-8.495,0.31,9.236,0,0,418430976,0,5,1,cloister
55.632,11.147,0.947,0.0,12.392,0.999,101,231704,129,-8.495,0.31,9.236,0,0,418430976,0,5,1,cloister
55.644,12.658,0.925,0.0,12.392,0.999,101,231704,129,-8.494,0.31,9.281,0,0,418430976,0,5,1,cloister
55.656,11.885,0.81,0.0,12.392,0.999,101,231704,129,-8.493,0.31,9.326,0,0,418430976,0,5,1,cloister
55.668,11.808,0.879,0.0,12.392,0.999,101,231704,129,-8.491,0.31,9.371,0,0,418430976,0,5,1,cloister
55.68,11.504,0.87,0.0,12.392,0.999,101,231704,129,-8.491,0.31,9.371,0,0,418430976,0,5,1,cloister
55.692,12.41,0.864,0.0,12.392,0.999,101,231704,129,-8.49,0.31,9.416,0,0,418430976,0,5,1,cloister
55.705,12.038,0.815,0.0,12.392,0.999,101,231704,129,-8.488,0.31,9.461,0,0,418430976,0,5,1,cloister
55.717,11.44,0.868,0.0,12.392,0.999,100,231668,128,-8.488,0.31,9.461,0,0,418430976,0,5,1,cloister
55.729,12.546,0.934,0.0,12.392,0.999,100,231668,128,-8.487,0.31,9.506,0,0,418430976,0,5,1,cloister
55.741,11.897,0.953,0.0,12.392,0.999,100,231668,128,-8.485,0.31,9.551,0,0,418430976,0,5,1,cloister
55.753,11.912,0.895,0.0,12.392,0.999,100,231668,128,-8.484,0.31,9.596,0,0,418430976,0,5,1,cloister
55.765,11.529,0.928,0.0,12.392,0.999,100,231668,128,-8.484,0.31,9.596,0,0,418430976,0,5,1,cloister
55.777,12.378,0.898,0.0,12.392,0.999,100,231668,128,-8.482,0.31,9.641,0,0,418430976,0,5,1,cloister
55.789,12.057,0.845,0.0,12.392,0.999,100,231668,128,-8.481,0.31,9.686,0,0,418430976,0,5,1,cloister
55.802,11.706,0.508,0.0,12.392,0.999,100,231668,128,-8.479,0.31,9.731,0,0,418430976,0,5,1,cloister
55.814,11.556,0.85,0.0,12.392,0.999,100,231668,128,-8.479,0.31,9.731,0,0,418430976,0,5,1,cloister
55.826,12.316,0.869,0.0,12.392,0.999,100,231668,128,-8.477,0.31,9.776,0,0,418430976,0,5,1,cloister
55.838,12.049,0.869,0.0,12.392,0.999,100,231668,128,-8.476,0.31,9.821,0,0,418430976,0,5,1,cloister
55.85,11.324,0.844,0.0,12.392,0.999,100,231668,128,-8.476,0.31,9.821,0,0,418430976,0,5,1,cloister
55.861,12.323,0.871,0.0,12.392,0.999,100,231668,128,-8.474,0.31,9.866,0,0,418430976,0,5,1,cloister
55.873,11.944,0.8,0.0,12.392,0.999,100,231668,128,-8.473,0.31,9.911,0,0,418430976,0,5,1,cloister
55.885,11.658,0.866,0.0,12.392,0.999,99,199604,127,-8.471,0.31,9.956,0,0,418430976,0,5,1,cloister
55.897,10.86,0.899,0.0,12.392,0.999,98,199344,126,-8.471,0.31,9.956,0,0,418430976,0,5,1,cloister
55.908,12.754,0.905,0.0,12.392,0.999,98,199344,126,-8.47,0.31,10.001,0,0,418430976,0,5,1,cloister
55.92,11.553,0.445,0.0,12.392,0.999,98,199344,126,-8.468,0.31,10.045,0,0,418430976,0,5,1,cloister
55.932,11.212,0.876,0.0,12.392,0.999,99,199420,127,-8.468,0.31,10.045,0,0,418430976,0,5,1,cloister
55.944,12.772,0.989,0.0,12.392,0.999,99,199420,127,-8.467,0.31,10.09,0,0,418430976,0,5,1,cloister
55.955,11.22,0.984,0.0,12.392,0.999,99,199420,127,-8.465,0.31,10.135,0,0,418430976,0,5,1,cloister
55.967,11.689,0.837,0.0,12.392,0.999,99,199420,127,-8.464,0.31,10.18,0,0,418430976,0,5,1,cloister
55.979,11.489,1.058,0.0,12.392,0.999,99,199420,127,-8.464,0.31,10.18,0,0,418430976,0,5,1,cloister
55.991,12.527,0.952,0.0,12.392,0.999,99,199420,127,-8.462,0.31,10.225,0,0,418430976,0,5,1,cloister
56.002,11.554,0.823,0.0,12.392,0.999,99,199420,127,-8.461,0.31,10.27,0,0,418430976,0,5,1,cloister
56.014,11.592,0.835,0.0,12.392,0.999,99,199420,127,-8.461,0.31,10.27,0,0,418430976,0,5,1,cloister
56.026,13.038,0.308,0.0,12.392,0.999,99,199420,127,-8.459,0.31,10.315,0,0,418430976,0,5,1,cloister
56.038,13.235,0.391,0.0,12.392,0.999,99,199420,127,-8.457,0.31,10.36,0,0,418430976,0,5,1,cloister
56.05,10.014,0.957,0.0,12.392,0.999,99,199420,127,-8.456,0.31,10.405,0,0,418430976,0,5,1,cloister
56.062,11.923,0.863,0.0,12.392,0.999,99,199420,127,-8.456,0.31,10.405,0,0,418430976,0,5,1,cloister
56.074,12.607,0.412,0.0,12.392,0.999,99,199420,127,-8.454,0.31,10.45,0,0,418430976,0,5,1,cloister
56.086,12.011,0.804,0.0,12.392,0.999,99,199420,127,-8.453,0.31,10.495,0,0,418430976,0,5,1,cloister
56.098,11.442,0.834,0.0,12.392,0.999,99,199420,127,-8.453,0.31,10.495,0,0,418430976,0,5,1,cloister
56.11,12.307,0.801,0.0,12.392,0.999,99,199420,127,-8.451,0.31,10.54,0,0,418430976,0,5,1,cloister
56.121,11.74,0.803,0.0,12.392,0.999,99,199420,127,-8.45,0.31,10.585,0,0,418430976,0,5,1,cloister
56.133,11.697,0.89,0.0,12.392,0.999,99,199420,127,-8.448,0.31,10.63,0,0,418430976,0,5,1,cloister
56.145,12.883,0.904,0.0,12.392,0.999,99,199420,127,-8.448,0.31,10.63,0,0,418430976,0,5,1,cloister
56.157,9.95,0.692,0.0,12.392,0.999,99,199420,127,-8.446,0.31,10.675,0,0,418430976,0,5,1,cloister
56.169,11.942,0.457,0.0,12.392,0.999,99,199420,127,-8.445,0.31,10.72,0,0,418430976,0,5,1,cloister
56.181,11.708,0.415,0.0,12.392,0.999,99,199420,127,-8.445,0.31,10.72,0,0,418430976,0,5,1,cloister
56.193,12.358,0.839,0.0,12.392,0.999,99,199420,127,-8.443,0.31,10.765,0,0,418430976,0,5,1,cloister
56.205,11.753,0.799,0.0,12.392,0.999,97,197620,125,-8.442,0.31,10.81,0,0,418430976,0,5,1,cloister
56.216,10.92,0.821,0.0,12.392,0.999,97,197620,125,-8.442,0.31,10.81,0,0,418430976,0,5,1,cloister
56.228,12.536,0.352,0.0,12.392,0.999,97,197620,125,-8.44,0.31,10.855,0,0,418430976,0,5,1,cloister
56.24,12.031,0.349,0.0,12.392,0.999,97,197620,125,-8.439,0.31,10.9,0,0,418430976,0,5,1,cloister
56.251,11.65,0.359,0.0,12.482,0.983,97,197620,125,-8.437,0.31,10.945,0,0,418430976,0,5,1,cloister
56.263,11.631,0.361,0.0,12.482,0.983,96,197618,124,-8.437,0.31,10.945,0,0,418430976,0,5,1,cloister
56.275,13.041,0.575,0.0,12.482,0.983,96,197618,124,-8.435,0.31,10.99,0,0,418430976,0,5,1,cloister
56.286,11.223,0.469,0.0,12.482,0.983,96,197618,124,-8.434,0.31,11.035,0,0,418430976,0,5,1,cloister
56.298,11.333,1.238,0.0,12.482,0.983,96,197618,124,-8.434,0.31,11.035,0,0,418430976,0,5,1,cloister
56.31,12.396,0.309,0.0,12.482,0.983,96,197618,124,-8.432,0.31,11.08,0,0,418430976,0,5,1,cloister
56.321,11.943,0.326,0.0,12.482,0.983,96,197618,124,-8.431,0.31,11.125,0,0,418430976,0,5,1,cloister
56.333,11.922,0.398,0.0,12.482,0.983,96,197618,124,-8.431,0.31,11.125,0,0,418430976,0,5,1,cloister
56.345,12.387,0.384,0.0,12.482,0.983,96,197618,124,-8.429,0.31,11.17,0,0,418430976,0,5,1,cloister
56.356,11.904,0.816,0.0,12.482,0.983,96,197618,124,-8.428,0.31,11.215,0,0,418430976,0,5,1,cloister
56.368,12.011,0.871,0.0,12.482,0.983,96,197618,124,-8.426,0.31,11.26,0,0,418430976,0,5,1,cloister
56.38,10.517,0.874,0.0,12.482,0.983,96,197618,124,-8.426,0.31,11.26,0,0,418430976,0,5,1,cloister
56.391,13.338,0.544,0.0,12.482,0.983,96,197618,124,-8.424,0.31,11.305,0,0,418430976,0,5,1,cloister
56.403,11.311,0.427,0.0,12.482,0.983,96,197618,124,-8.423,0.31,11.35,0,0,418430976,0,5,1,cloister
56.415,11.419,0.845,0.0,12.482,0.983,96,197618,124,-8.423,0.31,11.35,0,0,418430976,0,5,1,cloister
56.426,12.608,0.87,0.0,12.482,0.983,96,197618,124,-8.421,0.31,11.395,0,0,418430976,0,5,1,cloister
56.438,11.4,0.858,0.0,12.482,0.983,96,197618,124,-8.42,0.31,11.44,0,0,418430976,0,5,1,cloister
56.45,11.248,1.019,0.0,12.482,0.983,94,192234,122,-8.42,0.31,11.44,0,0,418430976,0,5,1,cloister
56.461,12.355,0.976,0.0,12.482,0.983,94,192234,122,-8.418,0.31,11.485,0,0,418430976,0,5,1,cloister
56.473,11.662,0.982,0.0,12.482,0.983,95,192344,123,-8.417,0.31,11.53,0,0,418430976,0,5,1,cloister
56.485,11.71,0.977,0.0,12.482,0.983,94,190276,122,-8.416,0.31,11.568,0,0,418430976,0,5,1,cloister
56.496,11.295,0.655,0.0,12.482,0.983,83,189940,111,-8.416,0.31,11.568,0,0,418430976,0,5,1,cloister
56.508,11.923,0.882,0.0,12.482,0.983,83,189940,111,-8.416,0.31,11.601,0,0,418430976,0,5,1,cloister
56.52,11.81,1.038,0.0,12.482,0.983,71,204570,99,-8.417,0.31,11.629,0,0,418430976,0,5,1,cloister
56.531,10.544,0.793,0.0,12.482,0.983,61,185030,89,-8.417,0.31,11.629,0,0,418430976,0,5,1,cloister
56.543,11.712,0.855,0.0,12.482,0.983,61,185030,89,-8.419,0.31,11.653,0,0,418430976,0,5,1,cloister
56.555,11.533,0.787,0.0,12.482,0.983,57,184958,85,-8.422,0.31,11.673,0,0,418430976,0,5,1,cloister
56.566,10.68,0.844,0.0,12.482,0.983,50,182036,78,-8.422,0.31,11.673,0,0,418430976,0,5,1,cloister
56.578,11.96,0.789,0.0,12.482,0.983,50,182036,78,-8.427,0.31,11.69,0,0,418430976,0,5,1,cloister
56.59,11.555,0.712,0.0,12.482,0.983,31,155662,59,-8.432,0.31,11.704,0,0,418430976,0,5,1,cloister
56.601,11.427,0.873,0.0,12.482,0.983,22,130444,50,-8.438,0.31,11.715,0,0,418430976,0,5,1,cloister
56.613,10.218,1.24,0.0,12.482,0.983,26,131376,54,-8.438,0.31,11.715,0,0,418430976,0,5,1,cloister
56.625,11.739,0.88,0.0,12.482,0.983,26,131376,54,-8.445,0.31,11.723,0,0,418430976,0,5,1,cloister
56.636,11.825,0.805,0.0,12.482,0.983,42,342640,70,-8.454,0.31,11.729,0,0,418430976,0,5,1,cloister
56.648,10.012,1.003,0.0,12.482,0.983,48,343320,76,-8.454,0.31,11.729,0,0,418430976,0,5,1,cloister
56.659,11.624,0.67,0.0,12.482,0.983,48,343320,76,-8.465,0.31,11.732,0,0,418430976,0,5,1,cloister
56.67,11.028,0.926,0.0,12.482,0.983,60,433890,88,-8.478,0.31,11.732,0,0,418430976,0,5,1,cloister
56.681,10.59,0.868,0.0,12.482,0.983,64,442646,92,-8.478,0.31,11.732,0,0,418430976,0,5,1,cloister
56.692,11.896,0.484,0.0,12.482,0.983,64,442646,92,-8.493,0.31,11.729,0,0,418430976,0,5,1,cloister
56.704,11.646,0.756,0.0,12.482,0.983,65,442754,93,-8.509,0.31,11.722,0,0,418430976,0,5,1,cloister
56.715,10.603,1.017,0.0,12.482,0.983,65,474710,93,-8.509,0.31,11.722,0,0,418430976,0,5,1,cloister
56.726,12.05,0.513,0.0,12.482,0.983,65,474710,93,-8.527,0.31,11.712,0,0,418430976,0,5,1,cloister
56.737,11.249,1.052,0.0,12.482,0.983,67,474842,95,-8.545,0.31,11.699,0,0,418430976,0,5,1,cloister
56.748,10.823,0.936,0.0,12.482,0.983,72,486662,100,-8.545,0.31,11.699,0,0,418430976,0,5,1,cloister
56.759,11.821,0.881,0.0,12.482,0.983,72,486662,100,-8.564,0.31,11.682,0,0,418430976,0,5,1,cloister
56.77,11.385,0.961,0.0,12.482,0.983,79,500072,107,-8.584,0.31,11.663,0,0,418430976,0,5,1,cloister
56.782,11.003,0.946,0.0,12.482,0.983,85,501908,113,-8.584,0.31,11.663,0,0,418430976,0,5,1,cloister
56.793,13.245,0.82,0.0,12.482,0.983,85,501908,113,-8.603,0.31,11.641,0,0,418430976,0,5,1,cloister
56.804,10.503,0.754,0.0,12.482,0.983,86,511588,114,-8.622,0.31,11.616,0,0,418430976,0,5,1,cloister
56.815,11.385,0.775,0.0,12.482,0.983,88,511620,116,-8.622,0.31,11.616,0,0,418430976,0,5,1,cloister
56.826,13.116,0.731,0.0,12.482,0.983,88,511620,116,-8.64,0.31,11.589,0,0,418430976,0,5,1,cloister
56.837,10.761,0.825,0.0,12.482,0.983,92,576590,120,-8.658,0.31,11.56,0,0,418430976,0,5,1,cloister
56.848,10.921,0.756,0.0,12.482,0.983,96,617288,124,-8.658,0.31,11.56,0,0,418430976,0,5,1,cloister
56.859,13.248,0.581,0.0,12.482,0.983,96,617288,124,-8.675,0.31,11.529,0,0,418430976,0,5,1,cloister
56.87,11.233,0.389,0.0,12.482,0.983,100,617452,128,-8.692,0.31,11.496,0,0,418430976,0,5,1,cloister
56.882,10.681,0.724,0.0,12.482,0.983,101,617500,129,-8.692,0.31,11.496,0,0,418430976,0,5,1,cloister
56.893,12.419,0.772,0.0,12.482,0.983,101,617500,129,-8.707,0.31,11.462,0,0,418430976,0,5,1,cloister
56.904,12.15,0.5,0.0,12.482,0.983,107,625056,135,-8.722,0.31,11.426,0,0,418430976,0,5,1,cloister
56.916,11.433,0.372,0.0,12.482,0.983,109,625668,137,-8.722,0.31,11.426,0,0,418430976,0,5,1,cloister
56.928,12.544,0.799,0.0,12.482,0.983,109,625668,137,-8.735,0.31,11.389,0,0,418430976,0,5,1,cloister
56.939,11.929,0.856,0.0,12.482,0.983,109,625668,137,-8.748,0.31,11.351,0,0,418430976,0,5,1,cloister
56.951,11.195,0.925,0.0,12.482,0.983,112,625946,140,-8.759,0.31,11.312,0,0,418430976,0,5,1,cloister
56.963,12.141,1.006,0.0,12.482,0.983,115,658034,143,-8.759,0.31,11.312,0,0,418430976,0,5,1,cloister
56.974,12.234,0.427,0.0,12.482,0.983,115,658034,143,-8.77,0.31,11.273,0,0,418430976,0,5,1,cloister
56.986,12.006,1.109,0.0,12.482,0.983,122,658806,150,-8.78,0.31,11.232,0,0,418430976,0,5,1,cloister
56.998,11.216,0.804,0.0,12.482,0.983,126,659046,154,-8.78,0.31,11.232,0,0,418430976,0,5,1,cloister
57.009,12.387,0.945,0.0,12.482,0.983,126,659046,154,-8.788,0.31,11.191,0,0,418430976,0,5,1,cloister
57.021,12.028,0.848,0.0,12.482,0.983,129,659532,157,-8.796,0.31,11.149,0,0,418430976,0,5,1,cloister
57.033,11.305,0.917,0.0,12.482,0.983,134,660046,162,-8.796,0.31,11.149,0,0,418430976,0,5,1,cloister
57.044,12.973,1.04,0.0,12.482,0.983,134,660046,162,-8.803,0.31,11.107,0,0,418430976,0,5,1,cloister
57.056,12.619,0.884,0.0,12.482,0.983,137,657178,165,-8.809,0.31,11.064,0,0,418430976,0,5,1,cloister
57.068,12.198,0.811,0.0,12.482,0.983,144,662590,172,-8.815,0.31,11.021,0,0,418430976,0,5,1,cloister
57.079,11.489,1.042,0.0,12.482,0.983,150,658280,178,-8.815,0.31,11.021,0,0,418430976,0,5,1,cloister
57.091,13.949,0.921,0.0,12.482,0.983,150,658280,178,-8.819,0.31,10.978,0,0,418430976,0,5,1,cloister
57.103,9.782,0.928,0.0,12.482,0.983,163,692454,191,-8.823,0.31,10.935,0,0,418430976,0,5,1,cloister
57.114,11.837,0.999,0.0,12.482,0.983,165,692480,193,-8.823,0.31,10.935,0,0,418430976,0,5,1,cloister
57.126,12.618,0.407,0.0,12.482,0.983,165,692480,193,-8.826,0.31,10.891,0,0,418430976,0,5,1,cloister
57.138,12.131,0.347,0.0,12.482,0.983,171,706842,199,-8.828,0.31,10.847,0,0,418430976,0,5,1,cloister
57.149,12.848,0.373,0.0,12.482,0.983,173,713839,201,-8.828,0.31,10.847,0,0,418430976,0,5,1,cloister
57.161,11.989,0.404,0.0,12.482,0.983,173,713839,201,-8.83,0.31,10.803,0,0,418430976,0,5,1,cloister
57.173,11.595,1.117,0.0,12.482,0.983,176,713891,204,-8.831,0.31,10.759,0,0,418430976,0,5,1,cloister
57.184,11.811,0.99,0.0,12.482,0.983,177,716675,205,-8.832,0.31,10.714,0,0,418430976,0,5,1,cloister
57.196,11.354,1.011,0.0,12.482,0.983,178,718789,206,-8.832,0.31,10.714,0,0,418430976,0,5,1,cloister
57.208,11.877,0.949,0.0,12.482,0.983,178,718789,206,-8.832,0.31,10.67,0,0,418430976,0,5,1,cloister
57.22,11.72,1.063,0.0,12.482,0.983,180,721137,208,-8.832,0.31,10.626,0,0,418430976,0,5,1,cloister
57.231,11.244,0.372,0.0,12.4,1.527,180,721137,208,-8.832,0.31,10.626,0,0,418430976,0,5,1,cloister
57.243,12.01,0.395,0.0,12.4,1.527,180,721137,208,-8.831,0.31,10.581,0,0,418430976,0,5,1,cloister
57.255,13.849,0.388,0.0,12.4,1.527,186,724911,214,-8.83,0.31,10.536,0,0,418430976,0,5,1,cloister
57.266,8.922,0.384,0.0,12.4,1.527,189,737399,217,-8.83,0.31,10.536,0,0,418430976,0,5,1,cloister
57.278,11.982,0.991,0.0,12.4,1.527,189,737399,217,-8.828,0.31,10.492,0,0,418430976,0,5,1,cloister
57.29,11.339,0.33,0.0,12.4,1.527,192,737527,220,-8.826,0.31,10.447,0,0,418430976,0,5,1,cloister
57.301,12.905,0.391,0.0,12.4,1.527,192,737527,220,-8.823,0.31,10.403,0,0,418430976,0,5,1,cloister
57.313,9.478,0.379,0.0,12.4,1.527,193,737911,221,-8.823,0.31,10.403,0,0,418430976,0,5,1,cloister
57.325,13.092,1.055,0.0,12.4,1.527,193,737911,221,-8.82,0.31,10.358,0,0,418430976,0,5,1,cloister
57.336,11.035,0.453,0.0,12.4,1.527,196,739737,224,-8.817,0.31,10.313,0,0,418430976,0,5,1,cloister
57.348,10.536,1.177,0.0,12.4,1.527,197,741829,225,-8.817,0.31,10.313,0,0,418430976,0,5,1,cloister
57.36,12.94,0.937,0.0,12.4,1.527,197,741829,225,-8.814,0.31,10.269,0,0,418430976,0,5,1,cloister
57.371,11.75,0.653,0.0,12.4,1.527,199,741865,227,-8.81,0.31,10.224,0,0,418430976,0,5,1,cloister
57.383,11.145,0.932,0.0,12.4,1.527,200,741867,228,-8.81,0.31,10.224,0,0,418430976,0,5,1,cloister
57.395,12.436,1.041,0.0,12.4,1.527,200,741867,228,-8.806,0.31,10.179,0,0,418430976,0,5,1,cloister
57.406,11.673,1.028,0.0,12.4,1.527,202,743983,230,-8.801,0.31,10.135,0,0,418430976,0,5,1,cloister
57.418,12.095,1.065,0.0,12.4,1.527,203,743985,231,-8.796,0.31,10.09,0,0,418430976,0,5,1,cloister
57.43,11.463,1.156,0.0,12.4,1.527,203,743985,231,-8.796,0.31,10.09,0,0,418430976,0,5,1,cloister
57.442,12.666,0.604,0.0,12.4,1.527,203,743985,231,-8.791,0.31,10.045,0,0,418430976,0,5,1,cloister
57.454,11.878,1.157,0.0,12.4,1.527,203,743985,231,-8.786,0.31,10.001,0,0,418430976,0,5,1,cloister
57.466,11.695,0.96,0.0,12.4,1.527,203,743985,231,-8.786,0.31,10.001,0,0,418430976,0,5,1,cloister
57.478,12.502,1.067,0.0,12.4,1.527,203,743985,231,-8.781,0.31,9.956,0,0,418430976,0,5,1,cloister
57.49,12.396,0.944,0.0,12.4,1.527,202,743983,230,-8.775,0.31,9.912,0,0,418430976,0,5,1,cloister
57.502,12.659,0.933,0.0,12.4,1.527,204,744265,232,-8.769,0.31,9.867,0,0,418430976,0,5,1,cloister
57.515,11.241,1.152,0.0,12.4,1.527,206,747749,234,-8.769,0.31,9.867,0,0,418430976,0,5,1,cloister
57.527,13.282,0.931,0.0,12.4,1.527,206,747749,234,-8.763,0.31,9.823,0,0,418430976,0,5,1,cloister
57.539,11.536,1.765,0.0,12.4,1.527,206,747749,234,-8.757,0.31,9.778,0,0,418430976,0,5,1,cloister
57.551,12.186,0.897,0.0,12.4,1.527,206,747749,234,-8.751,0.31,9.734,0,0,418430976,0,5,1,cloister
57.564,11.767,0.95,0.0,12.4,1.527,206,747749,234,-8.751,0.31,9.734,0,0,418430976,0,5,1,cloister
57.576,12.855,0.93,0.0,12.4,1.527,206,747749,234,-8.744,0.31,9.689,0,0,418430976,0,5,1,cloister
57.588,12.173,1.022,0.0,12.4,1.527,206,747749,234,-8.737,0.31,9.645,0,0,418430976,0,5,1,cloister
57.6,12.044,1.026,0.0,12.4,1.527,206,747749,234,-8.73,0.31,9.6,0,0,418430976,0,5,1,cloister
57.613,11.664,1.03,0.0,12.4,1.527,207,750533,235,-8.73,0.31,9.6,0,0,418430976,0,5,1,cloister
57.625,12.838,1.058,0.0,12.4,1.527,207,750533,235,-8.723,0.31,9.556,0,0,418430976,0,5,1,cloister
57.638,11.908,1.039,0.0,12.4,1.527,210,750713,238,-8.716,0.31,9.512,0,0,418430976,0,5,1,cloister
57.65,12.299,1.007,0.0,12.4,1.527,211,750753,239,-8.708,0.31,9.467,0,0,418430976,0,5,1,cloister
57.663,11.058,0.932,0.0,12.4,1.527,211,750753,239,-8.708,0.31,9.467,0,0,418430976,0,5,1,cloister
57.675,13.993,0.968,0.0,12.4,1.527,211,750753,239,-8.701,0.31,9.423,0,0,418430976,0,5,1,cloister
57.688,11.16,0.452,0.0,12.4,1.527,206,747749,234,-8.693,0.31,9.379,0,0,418430976,0,5,1,cloister
57.7,12.277,0.936,0.0,12.4,1.527,206,747749,234,-8.686,0.31,9.334,0,0,418430976,0,5,1,cloister
57.713,11.899,1.27,0.0,12.4,1.527,206,747749,234,-8.686,0.31,9.334,0,0,418430976,0,5,1,cloister
57.725,12.535,0.52,0.0,12.4,1.527,206,747749,234,-8.679,0.31,9.29,0,0,418430976,0,5,1,cloister
57.738,12.16,1.133,0.0,12.4,1.527,202,743983,230,-8.672,0.31,9.246,0,0,418430976,0,5,1,cloister
57.75,12.093,1.092,0.0,12.4,1.527,202,743983,230,-8.665,0.31,9.201,0,0,418430976,0,5,1,cloister
57.763,11.544,0.974,0.0,12.4,1.527,202,743983,230,-8.665,0.31,9.201,0,0,418430976,0,5,1,cloister
57.775,12.416,1.003,0.0,12.4,1.527,202,743983,230,-8.658,0.31,9.157,0,0,418430976,0,5,1,cloister
57.788,12.011,0.935,0.0,12.4,1.527,199,741865,227,-8.652,0.31,9.113,0,0,418430976,0,5,1,cloister
57.8,12.892,1.133,0.0,12.4,1.527,198,741863,226,-8.646,0.31,9.068,0,0,418430976,0,5,1,cloister
57.813,10.787,0.936,0.0,12.4,1.527,200,742103,346,-8.646,0.31,9.068,0,0,418430976,0,5,1,cloister
57.825,12.902,0.542,0.0,12.4,1.527,200,742103,346,-8.64,0.31,9.024,0,0,418430976,0,5,1,cloister
57.838,11.932,1.419,0.0,12.4,1.527,199,742079,345,-8.634,0.31,8.979,0,0,418430976,0,5,1,cloister
57.85,11.984,1.108,0.0,12.4,1.527,198,742067,344,-8.628,0.31,8.934,0,0,418430976,0,5,1,cloister
57.863,11.258,1.021,0.0,12.4,1.527,197,739975,343,-8.628,0.31,8.934,0,0,418430976,0,5,1,cloister
57.875,12.481,1.155,0.0,12.4,1.527,197,739975,343,-8.623,0.31,8.89,0,0,418430976,0,5,1,cloister
57.887,11.428,1.014,0.0,12.4,1.527,195,737281,341,-8.618,0.31,8.845,0,0,418430976,0,5,1,cloister
57.899,11.937,1.127,0.0,12.4,1.527,194,737233,340,-8.618,0.31,8.845,0,0,418430976,0,5,1,cloister
57.911,12.708,0.426,0.0,12.4,1.527,194,737233,340,-8.613,0.31,8.8,0,0,418430976,0,5,1,cloister
57.923,12.112,0.888,0.0,12.4,1.527,192,735073,338,-8.608,0.31,8.756,0,0,418430976,0,5,1,cloister
57.935,11.879,1.03,0.0,12.4,1.527,192,735073,338,-8.603,0.31,8.711,0,0,418430976,0,5,1,cloister
57.947,11.171,0.939,0.0,12.4,1.527,192,735073,338,-8.603,0.31,8.711,0,0,418430976,0,5,1,cloister
57.96,12.714,1.04,0.0,12.4,1.527,192,735073,338,-8.598,0.31,8.666,0,0,418430976,0,5,1,cloister
57.972,11.355,0.904,0.0,12.4,1.527,190,726553,336,-8.594,0.31,8.622,0,0,418430976,0,5,1,cloister
57.984,12.684,0.998,0.0,12.4,1.527,190,726553,336,-8.59,0.31,8.577,0,0,418430976,0,5,1,cloister
57.996,11.416,0.414,0.0,12.4,1.527,189,724485,335,-8.59,0.31,8.577,0,0,418430976,0,5,1,cloister
58.008,12.764,1.024,0.0,12.4,1.527,189,724485,335,-8.585,0.31,8.532,0,0,418430976,0,5,1,cloister
58.02,11.682,1.129,0.0,12.4,1.527,188,724449,334,-8.581,0.31,8.487,0,0,418430976,0,5,1,cloister
58.032,11.448,0.932,0.0,12.4,1.527,189,733025,335,-8.581,0.31,8.487,0,0,418430976,0,5,1,cloister
58.044,13.034,0.919,0.0,12.4,1.527,189,733025,335,-8.577,0.31,8.442,0,0,418430976,0,5,1,cloister
58.056,11.165,0.927,0.0,12.4,1.527,188,732945,334,-8.573,0.31,8.398,0,0,418430976,0,5,1,cloister
58.069,12.229,1.053,0.0,12.4,1.527,188,732945,334,-8.57,0.31,8.353,0,0,418430976,0,5,1,cloister
58.081,11.455,0.458,0.0,12.4,1.527,187,720617,333,-8.57,0.31,8.353,0,0,418430976,0,5,1,cloister
58.093,12.41,0.345,0.0,12.4,1.527,187,720617,333,-8.566,0.31,8.308,0,0,418430976,0,5,1,cloister
58.105,12.21,0.345,0.0,12.4,1.527,187,720617,333,-8.562,0.31,8.263,0,0,418430976,0,5,1,cloister
58.117,12.843,0.403,0.0,12.4,1.527,187,720617,333,-8.559,0.31,8.218,0,0,418430976,0,5,1,cloister
58.129,12.309,0.394,0.0,12.4,1.527,186,720537,332,-8.559,0.31,8.218,0,0,418430976,0,5,1,cloister
58.141,13.295,0.395,0.0,12.4,1.527,186,720537,332,-8.555,0.31,8.173,0,0,418430976,0,5,1,cloister
58.153,12.412,0.54,0.0,12.4,1.527,185,720501,331,-8.552,0.31,8.129,0,0,418430976,0,5,1,cloister
58.166,11.969,0.402,0.0,12.4,1.527,185,718401,331,-8.552,0.31,8.129,0,0,418430976,0,5,1,cloister
58.178,12.873,0.468,0.0,12.4,1.527,185,718401,331,-8.548,0.31,8.084,0,0,418430976,0,5,1,cloister
58.191,11.916,0.46,0.0,12.4,1.527,184,718399,330,-8.545,0.31,8.039,0,0,418430976,0,5,1,cloister
58.203,12.101,0.325,0.0,12.4,1.527,183,718279,329,-8.542,0.31,7.994,0,0,418430976,0,5,1,cloister
58.215,11.533,0.35,0.0,12.4,1.527,181,717363,327,-8.542,0.31,7.994,0,0,418430976,0,5,1,cloister
58.227,12.598,0.327,0.0,12.4,1.527,181,717363,327,-8.539,0.31,7.949,0,0,418430976,0,5,1,cloister
58.239,12.024,0.372,0.0,12.4,1.527,181,717363,327,-8.536,0.31,7.904,0,0,418430976,0,5,1,cloister
58.251,12.324,0.392,0.0,12.774,1.31,181,717363,327,-8.532,0.31,7.859,0,0,418430976,0,5,1,cloister
58.264,11.945,0.412,0.0,12.774,1.31,178,716423,206,-8.532,0.31,7.859,0,0,418430976,0,5,1,cloister
58.276,12.565,0.383,0.0,12.774,1.31,178,716423,206,-8.529,0.31,7.814,0,0,418430976,0,5,1,cloister
58.288,12.516,0.385,0.0,12.774,1.31,176,713602,204,-8.526,0.31,7.77,0,0,418430976,0,5,1,cloister
58.3,12.081,0.399,0.0,12.774,1.31,175,713582,203,-8.523,0.31,7.725,0,0,418430976,0,5,1,cloister
58.312,11.578,0.372,0.0,12.774,1.31,175,713582,203,-8.523,0.31,7.725,0,0,418430976,0,5,1,cloister
58.325,12.565,0.376,0.0,12.774,1.31,175,713582,203,-8.52,0.31,7.68,0,0,418430976,0,5,1,cloister
58.337,12.038,0.383,0.0,12.774,1.31,176,713606,204,-8.517,0.31,7.635,0,0,418430976,0,5,1,cloister
58.349,12.179,0.326,0.0,12.774,1.31,176,713606,204,-8.517,0.31,7.635,0,0,418430976,0,5,1,cloister
58.361,12.897,0.376,0.0,12.774,1.31,176,713606,204,-8.515,0.31,7.59,0,0,418430976,0,5,1,cloister
58.373,12.116,0.355,0.0,12.774,1.31,176,713606,204,-8.512,0.31,7.545,0,0,418430976,0,5,1,cloister
58.386,12.01,0.37,0.0,12.774,1.31,176,713606,204,-8.509,0.31,7.5,0,0,418430976,0,5,1,cloister
58.398,11.923,0.355,0.0,12.774,1.31,176,713606,204,-8.509,0.31,7.5,0,0,418430976,0,5,1,cloister
58.41,13.417,0.354,0.0,12.774,1.31,176,713606,204,-8.506,0.31,7.455,0,0,418430976,0,5,1,cloister
58.423,12.379,0.387,0.0,12.774,1.31,175,712007,203,-8.503,0.31,7.41,0,0,418430976,0,5,1,cloister
58.435,12.346,0.328,0.0,12.774,1.31,174,707672,202,-8.5,0.31,7.365,0,0,418430976,0,5,1,cloister
58.448,11.372,0.298,0.0,12.774,1.31,174,707672,202,-8.5,0.31,7.365,0,0,418430976,0,5,1,cloister
58.46,12.754,0.306,0.0,12.774,1.31,174,707672,202,-8.498,0.31,7.32,0,0,418430976,0,5,1,cloister
58.472,12.397,0.292,0.0,12.774,1.31,174,707672,202,-8.495,0.31,7.276,0,0,418430976,0,5,1,cloister
58.484,12.032,0.296,0.0,12.774,1.31,173,707392,201,-8.492,0.31,7.231,0,0,418430976,0,5,1,cloister
58.496,11.485,0.404,0.0,12.774,1.31,173,707392,201,-8.492,0.31,7.231,0,0,418430976,0,5,1,cloister
58.508,12.201,0.354,0.0,12.774,1.31,173,707392,201,-8.489,0.31,7.186,0,0,418430976,0,5,1,cloister
58.521,12.562,0.409,0.0,12.774,1.31,174,710728,202,-8.487,0.31,7.141,0,0,418430976,0,5,1,cloister
58.533,11.543,0.358,0.0,12.774,1.31,174,710728,202,-8.487,0.31,7.141,0,0,418430976,0,5,1,cloister
58.545,13.627,0.397,0.0,12.774,1.31,174,710728,202,-8.484,0.31,7.096,0,0,418430976,0,5,1,cloister
58.557,13.316,0.465,0.0,12.774,1.31,174,710728,202,-8.481,0.31,7.051,0,0,418430976,0,5,1,cloister
58.569,9.827,1.268,0.0,12.774,1.31,174,710728,202,-8.479,0.31,7.006,0,0,418430976,0,5,1,cloister
58.582,12.889,1.32,0.0,12.774,1.31,174,710728,202,-8.479,0.31,7.006,0,0,418430976,0,5,1,cloister
58.594,11.077,0.301,0.0,12.774,1.31,174,710728,202,-8.476,0.31,6.961,0,0,418430976,0,5,1,cloister
58.606,11.705,0.345,0.0,12.774,1.31,174,710728,202,-8.473,0.31,6.916,0,0,418430976,0,5,1,cloister
58.618,13.501,0.331,0.0,12.774,1.31,174,710728,202,-8.471,0.31,6.871,0,0,418430976,0,5,1,cloister
58.63,10.793,0.4,0.0,12.774,1.31,174,710728,202,-8.471,0.31,6.871,0,0,418430976,0,5,1,cloister
58.642,12.149,0.933,0.0,12.774,1.31,174,710728,202,-8.468,0.31,6.826,0,0,418430976,0,5,1,cloister
58.655,11.729,0.908,0.0,12.774,1.31,173,707944,201,-8.466,0.31,6.781,0,0,418430976,0,5,1,cloister
58.667,11.342,0.971,0.0,12.774,1.31,173,707944,201,-8.466,0.31,6.781,0,0,418430976,0,5,1,cloister
58.679,12.746,0.88,0.0,12.774,1.31,173,707944,201,-8.463,0.31,6.737,0,0,418430976,0,5,1,cloister
58.691,11.592,1.705,0.0,12.774,1.31,172,707896,200,-8.46,0.31,6.692,0,0,418430976,0,5,1,cloister
58.703,12.175,0.994,0.0,12.774,1.31,172,707896,200,-8.458,0.31,6.647,0,0,418430976,0,5,1,cloister
58.715,11.136,0.92,0.0,12.774,1.31,172,707896,200,-8.458,0.31,6.647,0,0,418430976,0,5,1,cloister
58.727,12.39,0.977,0.0,12.774,1.31,172,707896,200,-8.455,0.31,6.602,0,0,418430976,0,5,1,cloister
58.739,12.119,0.907,0.0,12.774,1.31,172,707896,200,-8.453,0.31,6.557,0,0,418430976,0,5,1,cloister
58.752,11.74,0.872,0.0,12.774,1.31,172,707896,200,-8.45,0.31,6.512,0,0,418430976,0,5,1,cloister
58.764,11.278,0.572,0.0,12.774,1.31,172,707896,200,-8.45,0.31,6.512,0,0,418430976,0,5,1,cloister
58.776,12.973,0.953,0.0,12.774,1.31,172,707896,200,-8.447,0.31,6.467,0,0,418430976,0,5,1,cloister
58.788,11.384,0.926,0.0,12.774,1.31,172,707896,200,-8.445,0.31,6.422,0,0,418430976,0,5,1,cloister
58.8,11.332,0.957,0.0,12.774,1.31,171,707872,199,-8.445,0.31,6.422,0,0,418430976,0,5,1,cloister
58.812,12.568,0.864,0.0,12.774,1.31,171,707872,199,-8.442,0.31,6.377,0,0,418430976,0,5,1,cloister
58.824,12.984,0.827,0.0,12.774,1.31,171,707872,199,-8.44,0.31,6.332,0,0,418430976,0,5,1,cloister
58.836,11.272,0.895,0.0,12.774,1.31,171,707872,199,-8.437,0.31,6.287,0,0,418430976,0,5,1,cloister
58.848,11.425,1.021,0.0,12.774,1.31,173,708004,201,-8.437,0.31,6.287,0,0,418430976,0,5,1,cloister
58.861,12.615,0.71,0.0,12.774,1.31,173,708004,201,-8.435,0.31,6.242,0,0,418430976,0,5,1,cloister
58.873,11.672,0.979,0.0,12.774,1.31,173,708004,201,-8.432,0.31,6.197,0,0,418430976,0,5,1,cloister
58.885,11.892,0.898,0.0,12.774,1.31,173,708004,201,-8.43,0.31,6.152,0,0,418430976,0,5,1,cloister
58.897,11.007,1.272,0.0,12.774,1.31,173,708004,201,-8.43,0.31,6.152,0,0,418430976,0,5,1,cloister
58.909,13.356,0.885,0.0,12.774,1.31,173,708004,201,-8.427,0.31,6.108,0,0,418430976,0,5,1,cloister
58.921,11.877,0.433,0.0,12.774,1.31,173,708004,201,-8.425,0.31,6.063,0,0,418430976,0,5,1,cloister
58.933,11.092,0.955,0.0,12.774,1.31,173,708004,201,-8.425,0.31,6.063,0,0,418430976,0,5,1,cloister
58.945,12.564,1.044,0.0,12.774,1.31,173,708004,201,-8.422,0.31,6.023,0,0,418430976,0,5,1,cloister
58.958,11.227,0.948,0.0,12.774,1.31,226,763031,254,-8.419,0.31,5.988,0,0,418430976,0,5,1,cloister
58.97,12.534,0.965,0.0,12.774,1.31,241,782636,269,-8.415,0.31,5.956,0,0,418430976,0,5,1,cloister
58.982,11.787,0.989,0.0,12.774,1.31,251,803496,279,-8.415,0.31,5.956,0,0,418430976,0,5,1,cloister
58.994,13.172,1.249,0.0,12.774,1.31,251,803496,279,-8.409,0.31,5.926,0,0,418430976,0,5,1,cloister
59.006,11.329,1.132,0.0,12.774,1.31,269,806318,297,-8.401,0.31,5.897,0,0,418430976,0,5,1,cloister
59.018,12.126,0.916,0.0,12.774,1.31,273,809130,301,-8.391,0.31,5.869,0,0,418430976,0,5,1,cloister
59.03,11.698,0.981,0.0,12.774,1.31,274,811464,302,-8.391,0.31,5.869,0,0,418430976,0,5,1,cloister
59.042,12.428,1.121,0.0,12.774,1.31,274,811464,302,-8.378,0.31,5.842,0,0,418430976,0,5,1,cloister
59.055,12.033,1.232,0.0,12.774,1.31,283,812786,311,-8.363,0.31,5.816,0,0,418430976,0,5,1,cloister
59.067,11.854,1.0,0.0,12.774,1.31,282,811370,310,-8.363,0.31,5.816,0,0,418430976,0,5,1,cloister
59.079,12.885,0.955,0.0,12.774,1.31,282,811370,310,-8.344,0.31,5.79,0,0,418430976,0,5,1,cloister
59.091,11.913,1.208,0.0,12.774,1.31,280,812242,308,-8.324,0.31,5.765,0,0,418430976,0,5,1,cloister
59.103,13.127,0.587,0.0,12.774,1.31,281,814334,309,-8.301,0.31,5.742,0,0,418430976,0,5,1,cloister
59.115,11.534,0.656,0.0,12.774,1.31,282,816426,310,-8.301,0.31,5.742,0,0,418430976,0,5,1,cloister
59.127,13.157,1.411,0.0,12.774,1.31,282,816426,310,-8.275,0.31,5.719,0,0,418430976,0,5,1,cloister
59.139,12.541,1.115,0.0,12.774,1.31,282,819116,310,-8.247,0.31,5.697,0,0,418430976,0,5,1,cloister
59.152,12.822,1.135,0.0,12.774,1.31,281,817024,309,-8.218,0.31,5.676,0,0,418430976,0,5,1,cloister
59.164,11.217,1.398,0.0,12.774,1.31,282,817222,310,-8.218,0.31,5.676,0,0,418430976,0,5,1,cloister
59.176,13.067,1.228,0.0,12.774,1.31,282,817222,310,-8.186,0.31,5.656,0,0,418430976,0,5,1,cloister
59.188,13.309,0.4,0.0,12.774,1.31,285,820630,313,-8.153,0.31,5.637,0,0,418430976,0,5,1,cloister
59.2,11.233,0.431,0.0,12.774,1.31,285,820630,313,-8.153,0.31,5.637,0,0,418430976,0,5,1,cloister
59.212,12.762,1.05,0.0,12.774,1.31,285,820630,313,-8.119,0.31,5.619,0,0,418430976,0,5,1,cloister
59.224,13.093,0.396,0.0,12.774,1.31,284,820606,312,-8.083,0.31,5.603,0,0,418430976,0,5,1,cloister
59.236,12.507,0.425,0.0,12.774,1.31,285,820608,313,-8.046,0.31,5.587,0,0,418430976,0,5,1,cloister
59.248,12.659,0.395,0.0,13.055,1.357,285,820608,313,-8.046,0.31,5.587,0,0,418430976,0,5,1,cloister
59.261,12.496,0.451,0.0,13.055,1.357,285,820608,313,-8.007,0.31,5.573,0,0,418430976,0,5,1,cloister
59.273,12.521,1.237,0.0,13.055,1.357,286,820610,314,-7.968,0.31,5.559,0,0,418430976,0,5,1,cloister
59.285,12.507,0.477,0.0,13.055,1.357,286,820610,314,-7.929,0.31,5.546,0,0,418430976,0,5,1,cloister
59.297,12.009,0.539,0.0,13.055,1.357,285,820608,313,-7.929,0.31,5.546,0,0,418430976,0,5,1,cloister
59.31,12.785,0.393,0.0,13.055,1.357,285,820608,313,-7.888,0.31,5.534,0,0,418430976,0,5,1,cloister
59.322,13.568,0.502,0.0,13.055,1.357,284,820606,312,-7.847,0.31,5.523,0,0,418430976,0,5,1,cloister
59.334,12.11,0.452,0.0,13.055,1.357,283,820582,311,-7.805,0.31,5.513,0,0,418430976,0,5,1,cloister
59.347,11.829,1.182,0.0,13.055,1.357,283,820582,311,-7.805,0.31,5.513,0,0,418430976,0,5,1,cloister
59.359,13.094,1.171,0.0,13.055,1.357,283,820582,311,-7.763,0.31,5.504,0,0,418430976,0,5,1,cloister
59.372,12.254,1.576,0.0,13.055,1.357,283,820578,311,-7.72,0.31,5.495,0,0,418430976,0,5,1,cloister
59.384,12.598,1.164,0.0,13.055,1.357,283,820578,311,-7.677,0.31,5.487,0,0,418430976,0,5,1,cloister
59.397,11.226,1.128,0.0,13.055,1.357,283,820578,311,-7.677,0.31,5.487,0,0,418430976,0,5,1,cloister
59.409,14.012,1.004,0.0,13.055,1.357,283,820578,311,-7.634,0.31,5.48,0,0,418430976,0,5,1,cloister
59.421,11.824,0.544,0.0,13.055,1.357,282,820576,310,-7.591,0.31,5.473,0,0,418430976,0,5,1,cloister
59.434,12.364,1.349,0.0,13.055,1.357,281,820574,309,-7.547,0.31,5.466,0,0,418430976,0,5,1,cloister
59.446,12.148,1.196,0.0,13.055,1.357,281,820562,309,-7.547,0.31,5.466,0,0,418430976,0,5,1,cloister
59.459,13.412,1.054,0.0,13.055,1.357,281,820562,309,-7.503,0.31,5.46,0,0,418430976,0,5,1,cloister
59.471,12.179,1.222,0.0,13.055,1.357,280,820538,308,-7.459,0.31,5.455,0,0,418430976,0,5,1,cloister
59.484,12.653,1.25,0.0,13.055,1.357,280,820538,308,-7.415,0.31,5.45,0,0,418430976,0,5,1,cloister
59.496,11.903,1.031,0.0,13.055,1.357,280,820538,308,-7.415,0.31,5.45,0,0,418430976,0,5,1,cloister
59.509,13.075,0.98,0.0,13.055,1.357,280,820538,308,-7.37,0.31,5.445,0,0,418430976,0,5,1,cloister
59.521,11.797,1.452,0.0,13.055,1.357,281,860978,309,-7.326,0.31,5.441,0,0,418430976,0,5,1,cloister
59.534,13.669,1.121,0.0,13.055,1.357,281,860978,309,-7.282,0.31,5.437,0,0,418430976,0,5,1,cloister
59.546,11.695,0.476,0.0,13.055,1.357,283,861002,311,-7.282,0.31,5.437,0,0,418430976,0,5,1,cloister
59.559,13.153,1.234,0.0,13.055,1.357,283,861002,311,-7.237,0.31,5.434,0,0,418430976,0,5,1,cloister
59.571,12.428,1.239,0.0,13.055,1.357,287,861206,315,-7.192,0.31,5.43,0,0,418430976,0,5,1,cloister
59.584,12.711,1.904,0.0,13.055,1.357,288,861294,316,-7.148,0.31,5.427,0,0,418430976,0,5,1,cloister
59.596,12.02,1.111,0.0,13.055,1.357,290,861318,318,-7.148,0.31,5.427,0,0,418430976,0,5,1,cloister
59.609,13.463,1.058,0.0,13.055,1.357,290,861318,318,-7.103,0.31,5.424,0,0,418430976,0,5,1,cloister
59.621,12.365,1.273,0.0,13.055,1.357,290,861318,318,-7.058,0.31,5.422,0,0,418430976,0,5,1,cloister
59.634,11.917,1.015,0.0,13.055,1.357,290,861318,318,-7.013,0.31,5.419,0,0,418430976,0,5,1,cloister
59.646,12.826,1.01,0.0,13.055,1.357,289,861316,317,-7.013,0.31,5.419,0,0,418430976,0,5,1,cloister
59.659,13.584,0.433,0.0,13.055,1.357,289,861316,317,-6.968,0.31,5.417,0,0,418430976,0,5,1,cloister
59.671,12.231,1.108,0.0,13.055,1.357,289,861316,317,-6.924,0.31,5.415,0,0,418430976,0,5,1,cloister
59.684,12.619,1.151,0.0,13.055,1.357,289,861316,317,-6.879,0.31,5.413,0,0,418430976,0,5,1,cloister
59.696,12.026,1.054,0.0,13.055,1.357,289,861316,317,-6.879,0.31,5.413,0,0,418430976,0,5,1,cloister
59.709,12.932,1.14,0.0,13.055,1.357,289,861316,317,-6.834,0.31,5.411,0,0,418430976,0,5,1,cloister
59.721,12.745,1.179,0.0,13.055,1.357,288,861314,316,-6.789,0.31,5.41,0,0,418430976,0,5,1,cloister
59.734,12.356,1.043,0.0,13.055,1.357,288,861314,316,-6.744,0.31,5.408,0,0,418430976,0,5,1,cloister
59.746,12.119,1.147,0.0,13.055,1.357,288,861314,316,-6.744,0.31,5.408,0,0,418430976,0,5,1,cloister
59.759,13.015,1.059,0.0,13.055,1.357,288,861314,316,-6.699,0.31,5.407,0,0,418430976,0,5,1,cloister
59.771,13.314,1.14,0.0,13.055,1.357,287,861312,315,-6.654,0.31,5.405,0,0,418430976,0,5,1,cloister
59.784,11.133,1.084,0.0,13.055,1.357,287,861312,315,-6.609,0.31,5.404,0,0,418430976,0,5,1,cloister
59.796,12.808,1.076,0.0,13.055,1.357,287,861312,315,-6.609,0.31,5.404,0,0,418430976,0,5,1,cloister
59.809,13.152,0.425,0.0,13.055,1.357,287,861312,315,-6.564,0.31,5.403,0,0,418430976,0,5,1,cloister
59.821,12.421,1.335,0.0,13.055,1.357,286,861310,314,-6.519,0.31,5.402,0,0,418430976,0,5,1,cloister
59.834,12.721,1.042,0.0,13.055,1.357,285,860410,313,-6.474,0.31,5.401,0,0,418430976,0,5,1,cloister
59.846,11.84,1.056,0.0,13.055,1.357,285,860410,313,-6.474,0.31,5.401,0,0,418430976,0,5,1,cloister
59.859,13.219,1.216,0.0,13.055,1.357,285,860410,313,-6.429,0.31,5.4,0,0,418430976,0,5,1,cloister
59.871,12.812,1.266,0.0,13.055,1.357,285,860410,313,-6.384,0.31,5.399,0,0,418430976,0,5,1,cloister
59.884,11.829,0.659,0.0,13.055,1.357,283,860006,311,-6.339,0.31,5.398,0,0,418430976,0,5,1,cloister
59.896,12.626,0.935,0.0,13.055,1.357,283,860006,311,-6.339,0.31,5.398,0,0,418430976,0,5,1,cloister
59.909,12.795,0.527,0.0,13.055,1.357,283,860006,311,-6.294,0.31,5.397,0,0,418430976,0,5,1,cloister
59.921,12.588,0.417,0.0,13.055,1.357,283,860006,311,-6.249,0.31,5.396,0,0,418430976,0,5,1,cloister
59.934,12.564,0.395,0.0,13.055,1.357,283,860006,311,-6.204,0.31,5.395,0,0,418430976,0,5,1,cloister
59.946,11.994,0.382,0.0,13.055,1.357,283,860006,311,-6.204,0.31,5.395,0,0,418430976,0,5,1,cloister
59.959,12.954,0.369,0.0,13.055,1.357,283,860006,311,-6.159,0.31,5.395,0,0,418430976,0,5,1,cloister
59.971,12.445,0.433,0.0,13.055,1.357,283,860006,311,-6.114,0.31,5.394,0,0,418430976,0,5,1,cloister
59.984,14.556,0.359,0.0,13.055,1.357,283,860006,311,-6.069,0.31,5.393,0,0,418430976,0,5,1,cloister
59.996,10.237,0.397,0.0,13.055,1.357,283,860006,311,-6.069,0.31,5.393,0,0,418430976,0,5,1,cloister
60.009,13.57,0.524,0.0,13.055,1.357,283,860006,311,-6.024,0.31,5.393,0,0,418430976,0,5,1,cloister
60.021,12.667,0.598,0.0,13.055,1.357,283,860006,311,-5.979,0.31,5.392,0,0,418430976,0,5,1,cloister
60.034,12.874,1.068,0.0,13.055,1.357,283,860006,311,-5.934,0.31,5.391,0,0,418430976,0,5,1,cloister
60.046,12.09,1.142,0.0,13.055,1.357,283,860006,311,-5.934,0.31,5.391,0,0,418430976,0,5,1,cloister
60.059,13.138,1.069,0.0,13.055,1.357,283,860006,311,-5.889,0.31,5.391,0,0,418430976,0,5,1,cloister
60.071,12.819,1.038,0.0,13.055,1.357,283,860006,311,-5.844,0.31,5.39,0,0,418430976,0,5,1,cloister
60.084,12.285,1.188,0.0,13.055,1.357,283,860006,311,-5.799,0.31,5.39,0,0,418430976,0,5,1,cloister
60.096,11.587,1.125,0.0,13.055,1.357,282,859918,310,-5.799,0.31,5.39,0,0,418430976,0,5,1,cloister
60.109,14.066,1.041,0.0,13.055,1.357,282,859918,310,-5.754,0.31,5.389,0,0,418430976,0,5,1,cloister
60.121,12.152,0.562,0.0,13.055,1.357,282,859918,310,-5.709,0.31,5.389,0,0,418430976,0,5,1,cloister
60.134,12.785,1.12,0.0,13.055,1.357,282,859918,310,-5.664,0.31,5.388,0,0,418430976,0,5,1,cloister
60.146,11.875,1.141,0.0,13.055,1.357,281,859906,309,-5.664,0.31,5.388,0,0,418430976,0,5,1,cloister
60.159,13.36,1.274,0.0,13.055,1.357,281,859906,309,-5.619,0.31,5.388,0,0,418430976,0,5,1,cloister
60.171,12.587,1.008,0.0,13.055,1.357,281,859906,309,-5.574,0.31,5.387,0,0,418430976,0,5,1,cloister
60.184,12.635,1.173,0.0,13.055,1.357,278,859858,306,-5.529,0.31,5.387,0,0,418430976,0,5,1,cloister
60.196,12.01,1.099,0.0,13.055,1.357,278,859858,306,-5.529,0.31,5.387,0,0,418430976,0,5,1,cloister
60.209,15.128,1.151,0.0,13.055,1.357,278,859858,306,-5.484,0.31,5.386,0,0,418430976,0,5,1,cloister
60.221,13.048,0.635,0.0,13.055,1.357,279,860002,307,-5.439,0.31,5.386,0,0,418430976,0,5,1,cloister
60.234,13.242,1.123,0.0,13.592,2.325,279,860002,307,-5.394,0.31,5.385,0,0,418430976,0,5,1,cloister
60.248,13.231,1.05,0.0,13.592,2.325,279,860002,307,-5.394,0.31,5.385,0,0,418430976,0,5,1,cloister
60.261,13.777,0.859,0.0,13.592,2.325,279,860002,307,-5.349,0.31,5.385,0,0,418430976,0,5,1,cloister
60.273,11.225,0.81,0.0,13.592,2.325,279,860002,307,-5.304,0.31,5.385,0,0,418430976,0,5,1,cloister
60.286,13.131,0.556,0.0,13.592,2.325,279,860002,307,-5.259,0.31,5.384,0,0,418430976,0,5,1,cloister
60.299,12.288,0.454,0.0,13.592,2.325,279,860002,307,-5.259,0.31,5.384,0,0,418430976,0,5,1,cloister
60.312,14.489,0.461,0.0,13.592,2.325,279,860002,307,-5.214,0.31,5.384,0,0,418430976,0,5,1,cloister
60.325,12.702,0.605,0.0,13.592,2.325,280,860092,308,-5.169,0.31,5.383,0,0,418430976,0,5,1,cloister
60.338,12.467,0.918,0.0,13.592,2.325,280,860092,308,-5.124,0.31,5.383,0,0,418430976,0,5,1,cloister
60.351,12.808,1.077,0.0,13.592,2.325,280,860092,308,-5.079,0.31,5.382,0,0,418430976,0,5,1,cloister
60.364,12.373,1.045,0.0,13.592,2.325,280,860092,308,-5.079,0.31,5.382,0,0,418430976,0,5,1,cloister
60.377,12.548,1.103,0.0,13.592,2.325,280,860092,308,-5.034,0.31,5.382,0,0,418430976,0,5,1,cloister
60.39,13.439,1.203,0.0,13.592,2.325,280,860092,308,-4.989,0.31,5.382,0,0,418430976,0,5,1,cloister
60.403,12.767,0.496,0.0,13.592,2.325,280,860092,308,-4.944,0.31,5.381,0,0,418430976,0,5,1,cloister
60.415,12.244,1.087,0.0,13.592,2.325,280,860092,308,-4.944,0.31,5.381,0,0,418430976,0,5,1,cloister
60.428,13.234,1.092,0.0,13.592,2.325,280,860092,308,-4.899,0.31,5.381,0,0,418430976,0,5,1,cloister
60.441,12.645,1.178,0.0,13.592,2.325,280,860092,308,-4.854,0.31,5.381,0,0,418430976,0,5,1,cloister
60.454,12.494,1.046,0.0,13.592,2.325,280,860092,308,-4.809,0.31,5.38,0,0,418430976,0,5,1,cloister
60.467,12.132,1.045,0.0,13.592,2.325,280,860092,308,-4.764,0.31,5.38,0,0,418430976,0,5,1,cloister
60.48,12.368,1.199,0.0,13.592,2.325,280,860092,308,-4.764,0.31,5.38,0,0,418430976,0,5,1,cloister
60.493,12.971,0.432,0.0,13.592,2.325,280,860092,308,-4.719,0.31,5.379,0,0,418430976,0,5,1,cloister
60.506,13.758,0.439,0.0,13.592,2.325,280,860092,308,-4.674,0.31,5.379,0,0,418430976,0,5,1,cloister
60.519,12.219,0.473,0.0,13.592,2.325,280,860092,308,-4.629,0.31,5.379,0,0,418430976,0,5,1,cloister
60.532,12.014,0.99,0.0,13.592,2.325,280,860092,308,-4.629,0.31,5.379,0,0,418430976,0,5,1,cloister
60.545,13.148,1.078,0.0,13.592,2.325,280,860092,308,-4.584,0.31,5.378,0,0,418430976,0,5,1,cloister
60.558,12.512,1.015,0.0,13.592,2.325,279,859812,307,-4.539,0.31,5.378,0,0,418430976,0,5,1,cloister
60.571,13.026,1.085,0.0,13.592,2.325,279,866160,307,-4.494,0.31,5.377,0,0,418430976,0,5,1,cloister
60.584,12.777,1.185,0.0,13.592,2.325,280,866736,308,-4.449,0.31,5.377,0,0,418430976,0,5,1,cloister
60.597,11.391,1.013,0.0,13.592,2.325,280,866736,308,-4.449,0.31,5.377,0,0,418430976,0,5,1,cloister
60.61,12.451,1.185,0.0,13.592,2.325,280,866736,308,-4.404,0.31,5.377,0,0,418430976,0,5,1,cloister
60.623,13.211,1.024,0.0,13.592,2.325,280,866736,308,-4.359,0.31,5.376,0,0,418430976,0,5,1,cloister
60.636,11.952,0.454,0.0,13.592,2.325,279,866352,307,-4.314,0.31,5.376,0,0,418430976,0,5,1,cloister
60.649,12.688,0.954,0.0,13.592,2.325,279,866352,307,-4.314,0.31,5.376,0,0,418430976,0,5,1,cloister
60.662,13.022,0.437,0.0,13.592,2.325,279,866352,307,-4.269,0.31,5.376,0,0,418430976,0,5,1,cloister
60.675,12.369,0.989,0.0,13.592,2.325,279,866352,307,-4.224,0.31,5.375,0,0,418430976,0,5,1,cloister
60.687,12.664,1.067,0.0,13.592,2.325,279,866352,307,-4.179,0.31,5.375,0,0,418430976,0,5,1,cloister
60.7,11.96,1.015,0.0,13.592,2.325,279,866352,307,-4.179,0.31,5.375,0,0,418430976,0,5,1,cloister
60.712,12.467,1.046,0.0,13.592,2.325,279,866352,307,-4.134,0.31,5.374,0,0,418430976,0,5,1,cloister
60.725,12.691,1.286,0.0,13.592,2.325,280,866468,308,-4.089,0.31,5.374,0,0,418430976,0,5,1,cloister
60.737,12.502,0.428,0.0,13.592,2.325,280,866468,308,-4.044,0.31,5.374,0,0,418430976,0,5,1,cloister
60.75,13.27,0.394,0.0,13.592,2.325,280,866468,308,-3.999,0.31,5.373,0,0,418430976,0,5,1,cloister
60.763,11.825,0.448,0.0,13.592,2.325,281,866470,309,-3.999,0.31,5.373,0,0,418430976,0,5,1,cloister
60.775,13.168,1.066,0.0,13.592,2.325,281,866470,309,-3.954,0.31,5.373,0,0,418430976,0,5,1,cloister
60.788,12.53,1.189,0.0,13.592,2.325,281,866470,309,-3.909,0.31,5.373,0,0,418430976,0,5,1,cloister
60.8,12.6,1.095,0.0,13.592,2.325,281,866470,309,-3.864,0.31,5.372,0,0,418430976,0,5,1,cloister
60.813,11.973,1.168,0.0,13.592,2.325,281,866470,309,-3.864,0.31,5.372,0,0,418430976,0,5,1,cloister
60.825,13.212,0.689,0.0,13.592,2.325,281,866470,309,-3.819,0.31,5.372,0,0,418430976,0,5,1,cloister
60.838,12.571,1.441,0.0,13.592,2.325,281,866470,309,-3.774,0.31,5.371,0,0,418430976,0,5,1,cloister
60.851,12.61,1.093,0.0,13.592,2.325,281,866470,309,-3.729,0.31,5.371,0,0,418430976,0,5,1,cloister
60.863,12.074,1.074,0.0,13.592,2.325,281,866470,309,-3.729,0.31,5.371,0,0,418430976,0,5,1,cloister
60.876,13.053,1.122,0.0,13.592,2.325,281,866470,309,-3.684,0.31,5.371,0,0,418430976,0,5,1,cloister
60.888,12.093,1.118,0.0,13.592,2.325,281,866470,309,-3.639,0.31,5.37,0,0,418430976,0,5,1,cloister
60.901,12.819,1.039,0.0,13.592,2.325,281,866470,309,-3.594,0.31,5.37,0,0,418430976,0,5,1,cloister
60.914,12.181,0.655,0.0,13.592,2.325,281,866470,309,-3.594,0.31,5.37,0,0,418430976,0,5,1,cloister
60.926,13.559,0.403,0.0,13.592,2.325,281,866470,309,-3.549,0.31,5.37,0,0,418430976,0,5,1,cloister
60.939,12.53,0.465,0.0,13.592,2.325,281,866470,309,-3.504,0.31,5.369,0,0,418430976,0,5,1,cloister
60.952,12.656,0.961,0.0,13.592,2.325,281,866470,309,-3.459,0.31,5.369,0,0,418430976,0,5,1,cloister
60.964,12.035,1.054,0.0,13.592,2.325,281,866470,309,-3.459,0.31,5.369,0,0,418430976,0,5,1,cloister
60.977,13.156,1.132,0.0,13.592,2.325,281,866470,309,-3.414,0.31,5.369,0,0,418430976,0,5,1,cloister
60.989,12.612,1.018,0.0,13.592,2.325,281,866470,309,-3.37,0.31,5.368,0,0,418430976,0,5,1,cloister
61.002,11.772,1.143,0.0,13.592,2.325,281,866470,309,-3.325,0.31,5.368,0,0,418430976,0,5,1,cloister
61.014,12.161,1.105,0.0,13.592,2.325,283,869140,311,-3.325,0.31,5.368,0,0,418430976,0,5,1,cloister
61.027,13.073,0.427,0.0,13.592,2.325,283,869140,311,-3.28,0.31,5.367,0,0,418430976,0,5,1,cloister
61.04,12.516,0.334,0.0,13.592,2.325,284,869152,312,-3.235,0.31,5.367,0,0,418430976,0,5,1,cloister
61.052,12.661,0.365,0.0,13.592,2.325,285,869672,313,-3.19,0.31,5.367,0,0,418430976,0,5,1,cloister
61.065,12.06,0.381,0.0,13.592,2.325,285,869672,313,-3.19,0.31,5.367,0,0,418430976,0,5,1,cloister
61.077,13.769,0.37,0.0,13.592,2.325,285,869672,313,-3.145,0.31,5.366,0,0,418430976,0,5,1,cloister
61.09,12.115,0.495,0.0,13.592,2.325,285,869672,313,-3.1,0.31,5.366,0,0,418430976,0,5,1,cloister
61.103,13.15,1.15,0.0,13.592,2.325,286,869674,314,-3.055,0.31,5.366,0,0,418430976,0,5,1,cloister
61.115,12.195,0.436,0.0,13.592,2.325,287,872670,315,-3.055,0.31,5.366,0,0,418430976,0,5,1,cloister
61.128,13.214,0.979,0.0,13.592,2.325,287,872670,315,-3.01,0.31,5.365,0,0,418430976,0,5,1,cloister
61.141,12.117,1.029,0.0,13.592,2.325,288,873158,316,-2.965,0.31,5.365,0,0,418430976,0,5,1,cloister
61.153,12.778,1.122,0.0,13.592,2.325,288,873158,316,-2.92,0.31,5.364,0,0,418430976,0,5,1,cloister
61.166,11.626,0.448,0.0,13.592,2.325,288,873158,316,-2.92,0.31,5.364,0,0,418430976,0,5,1,cloister
61.178,13.928,0.482,0.0,13.592,2.325,288,873158,316,-2.875,0.31,5.364,0,0,418430976,0,5,1,cloister
61.191,12.357,0.52,0.0,13.592,2.325,289,873160,317,-2.83,0.31,5.364,0,0,418430976,0,5,1,cloister
61.204,12.642,1.113,0.0,13.592,2.325,289,873160,317,-2.785,0.31,5.363,0,0,418430976,0,5,1,cloister
61.216,11.534,1.075,0.0,13.592,2.325,289,873160,317,-2.785,0.31,5.363,0,0,418430976,0,5,1,cloister
61.229,13.456,1.063,0.0,13.592,2.325,289,873160,317,-2.74,0.31,5.363,0,0,418430976,0,5,1,cloister
61.241,12.366,1.097,0.0,13.073,1.981,289,873160,317,-2.695,0.31,5.363,0,0,418430976,0,5,1,cloister
61.254,12.553,1.041,0.0,13.073,1.981,289,873160,317,-2.65,0.31,5.362,0,0,418430976,0,5,1,cloister
61.266,12.195,1.042,0.0,13.073,1.981,289,873160,317,-2.65,0.31,5.362,0,0,418430976,0,5,1,cloister
61.279,13.272,1.108,0.0,13.073,1.981,289,873160,317,-2.605,0.31,5.362,0,0,418430976,0,5,1,cloister
61.292,12.717,0.96,0.0,13.073,1.981,289,873160,317,-2.56,0.31,5.362,0,0,418430976,0,5,1,cloister
61.305,12.889,0.976,0.0,13.073,1.981,289,873160,317,-2.515,0.31,5.361,0,0,418430976,0,5,1,cloister
61.318,12.679,0.46,0.0,13.073,1.981,289,873160,317,-2.47,0.31,5.361,0,0,418430976,0,5,1,cloister
61.33,12.23,0.447,0.0,13.073,1.981,289,873160,317,-2.47,0.31,5.361,0,0,418430976,0,5,1,cloister
61.343,14.155,0.368,0.0,13.073,1.981,289,873160,317,-2.425,0.31,5.36,0,0,418430976,0,5,1,cloister
61.356,12.711,0.44,0.0,13.073,1.981,290,873162,318,-2.38,0.31,5.36,0,0,418430976,0,5,1,cloister
61.369,13.023,1.202,0.0,13.073,1.981,290,873162,318,-2.335,0.31,5.36,0,0,418430976,0,5,1,cloister
61.382,11.767,1.003,0.0,13.073,1.981,290,873162,318,-2.335,0.31,5.36,0,0,418430976,0,5,1,cloister
61.395,14.236,1.126,0.0,13.073,1.981,290,873162,318,-2.29,0.31,5.359,0,0,418430976,0,5,1,cloister
61.408,12.512,0.819,0.0,13.073,1.981,290,873162,318,-2.245,0.31,5.359,0,0,418430976,0,5,1,cloister
61.42,12.605,0.984,0.0,13.073,1.981,290,873162,318,-2.2,0.31,5.359,0,0,418430976,0,5,1,cloister
61.433,11.459,1.076,0.0,13.073,1.981,291,873164,319,-2.2,0.31,5.359,0,0,418430976,0,5,1,cloister
61.445,14.114,1.095,0.0,13.073,1.981,291,873164,319,-2.155,0.31,5.358,0,0,418430976,0,5,1,cloister
61.458,12.154,0.452,0.0,13.073,1.981,290,872644,318,-2.11,0.31,5.358,0,0,418430976,0,5,1,cloister
61.471,12.769,1.012,0.0,13.073,1.981,289,872124,317,-2.065,0.31,5.358,0,0,418430976,0,5,1,cloister
61.483,11.821,0.755,0.0,13.073,1.981,289,872124,317,-2.065,0.31,5.358,0,0,418430976,0,5,1,cloister
61.496,13.352,1.212,0.0,13.073,1.981,289,872124,317,-2.02,0.31,5.357,0,0,418430976,0,5,1,cloister
61.509,12.583,1.344,0.0,13.073,1.981,289,872124,317,-1.975,0.31,5.357,0,0,418430976,0,5,1,cloister
61.521,12.549,1.053,0.0,13.073,1.981,289,872124,317,-1.93,0.31,5.356,0,0,418430976,0,5,1,cloister
61.534,12.56,1.197,0.0,13.073,1.981,289,872124,317,-1.885,0.31,5.356,0,0,418430976,0,5,1,cloister
61.546,12.126,0.819,0.0,13.073,1.981,289,871628,317,-1.885,0.31,5.356,0,0,418430976,0,5,1,cloister
61.559,13.326,1.136,0.0,13.073,1.981,289,871628,317,-1.84,0.31,5.356,0,0,418430976,0,5,1,cloister
61.572,12.673,1.001,0.0,13.073,1.981,289,871628,317,-1.795,0.31,5.355,0,0,418430976,0,5,1,cloister
61.584,12.535,1.162,0.0,13.073,1.981,289,871628,317,-1.75,0.31,5.355,0,0,418430976,0,5,1,cloister
61.597,11.863,1.279,0.0,13.073,1.981,287,866312,315,-1.75,0.31,5.355,0,0,418430976,0,5,1,cloister
61.609,13.383,1.105,0.0,13.073,1.981,287,866312,315,-1.705,0.31,5.355,0,0,418430976,0,5,1,cloister
61.622,12.199,1.263,0.0,13.073,1.981,287,866312,315,-1.66,0.31,5.354,0,0,418430976,0,5,1,cloister
61.634,12.636,1.175,0.0,13.073,1.981,287,866312,315,-1.615,0.31,5.354,0,0,418430976,0,5,1,cloister
61.647,11.93,1.021,0.0,13.073,1.981,287,866312,315,-1.615,0.31,5.354,0,0,418430976,0,5,1,cloister
61.66,13.115,0.719,0.0,13.073,1.981,287,866312,315,-1.57,0.31,5.353,0,0,418430976,0,5,1,cloister
61.672,12.745,1.16,0.0,13.073,1.981,287,866312,315,-1.525,0.31,5.353,0,0,418430976,0,5,1,cloister
61.685,12.886,1.071,0.0,13.073,1.981,287,866312,315,-1.48,0.31,5.353,0,0,418430976,0,5,1,cloister
61.697,11.552,1.223,0.0,13.073,1.981,286,863654,314,-1.48,0.31,5.353,0,0,418430976,0,5,1,cloister
61.71,12.968,0.979,0.0,13.073,1.981,286,863654,314,-1.435,0.31,5.352,0,0,418430976,0,5,1,cloister
61.722,12.702,1.117,0.0,13.073,1.981,286,858054,314,-1.39,0.31,5.352,0,0,418430976,0,5,1,cloister
61.735,12.319,1.178,0.0,13.073,1.981,286,858054,314,-1.345,0.31,5.352,0,0,418430976,0,5,1,cloister
61.747,12.046,1.415,0.0,13.073,1.981,286,858054,314,-1.345,0.31,5.352,0,0,418430976,0,5,1,cloister
61.76,13.435,0.997,0.0,13.073,1.981,286,858054,314,-1.3,0.31,5.351,0,0,418430976,0,5,1,cloister
61.772,12.053,1.309,0.0,13.073,1.981,285,857534,313,-1.255,0.31,5.351,0,0,418430976,0,5,1,cloister
61.785,12.53,1.31,0.0,13.073,1.981,286,859626,314,-1.21,0.31,5.351,0,0,418430976,0,5,1,cloister
61.797,12.214,1.046,0.0,13.073,1.981,286,859626,314,-1.21,0.31,5.351,0,0,418430976,0,5,1,cloister
61.81,12.852,0.432,0.0,13.073,1.981,286,859626,314,-1.165,0.31,5.35,0,0,418430976,0,5,1,cloister
61.822,12.007,0.506,0.0,13.073,1.981,285,859624,313,-1.12,0.31,5.35,0,0,418430976,0,5,1,cloister
61.835,12.33,2.331,0.0,13.073,1.981,285,859624,313,-1.075,0.31,5.349,0,0,418430976,0,5,1,cloister
61.847,11.977,0.392,0.0,13.073,1.981,285,859614,313,-1.075,0.31,5.349,0,0,418430976,0,5,1,cloister
61.86,12.906,0.376,0.0,13.073,1.981,285,859614,313,-1.03,0.31,5.349,0,0,418430976,0,5,1,cloister
61.872,13.466,0.359,0.0,13.073,1.981,282,858450,310,-0.985,0.31,5.349,0,0,418430976,0,5,1,cloister
61.885,12.2,0.509,0.0,13.073,1.981,280,858426,308,-0.94,0.31,5.348,0,0,418430976,0,5,1,cloister
61.897,13.383,1.222,0.0,13.073,1.981,280,858426,308,-0.94,0.31,5.348,0,0,418430976,0,5,1,cloister
61.91,11.3,0.875,0.0,13.073,1.981,280,858426,308,-0.895,0.31,5.348,0,0,418430976,0,5,1,cloister
61.922,12.763,1.172,0.0,13.073,1.981,280,858426,308,-0.85,0.31,5.348,0,0,418430976,0,5,1,cloister
61.935,12.514,1.038,0.0,13.073,1.981,280,858426,308,-0.805,0.31,5.347,0,0,418430976,0,5,1,cloister
61.947,11.877,1.136,0.0,13.073,1.981,280,855226,308,-0.805,0.31,5.347,0,0,418430976,0,5,1,cloister
61.96,12.434,1.11,0.0,13.073,1.981,280,855226,308,-0.76,0.31,5.347,0,0,418430976,0,5,1,cloister
61.972,12.56,1.059,0.0,13.073,1.981,278,851868,306,-0.715,0.31,5.347,0,0,418430976,0,5,1,cloister
61.985,12.372,0.446,0.0,13.073,1.981,276,850493,304,-0.67,0.31,5.346,0,0,418430976,0,5,1,cloister
61.997,12.672,0.382,0.0,13.073,1.981,275,850481,303,-0.67,0.31,5.346,0,0,418430976,0,5,1,cloister
62.01,13.248,0.393,0.0,13.073,1.981,275,850481,303,-0.625,0.31,5.346,0,0,418430976,0,5,1,cloister
62.022,11.742,0.956,0.0,13.073,1.981,271,849589,299,-0.58,0.31,5.345,0,0,418430976,0,5,1,cloister
62.035,13.379,1.108,0.0,13.073,1.981,270,848790,298,-0.535,0.31,5.345,0,0,418430976,0,5,1,cloister
62.047,11.938,0.45,0.0,13.073,1.981,270,848790,298,-0.535,0.31,5.345,0,0,418430976,0,5,1,cloister
62.06,13.52,1.323,0.0,13.073,1.981,270,848790,298,-0.49,0.31,5.345,0,0,418430976,0,5,1,cloister
62.073,12.198,1.202,0.0,13.073,1.981,268,848558,296,-0.445,0.31,5.344,0,0,418430976,0,5,1,cloister
62.085,12.851,1.214,0.0,13.073,1.981,267,847161,295,-0.4,0.31,5.344,0,0,418430976,0,5,1,cloister
62.098,11.77,0.623,0.0,13.073,1.981,267,847161,295,-0.4,0.31,5.344,0,0,418430976,0,5,1,cloister
62.11,13.806,0.473,0.0,13.073,1.981,267,847161,295,-0.355,0.31,5.344,0,0,418430976,0,5,1,cloister
62.123,11.4,1.074,0.0,13.073,1.981,268,847197,296,-0.31,0.31,5.343,0,0,418430976,0,5,1,cloister
62.136,12.921,0.824,0.0,13.073,1.981,268,847197,296,-0.265,0.31,5.343,0,0,418430976,0,5,1,cloister
62.148,11.63,0.375,0.0,13.073,1.981,267,847107,295,-0.265,0.31,5.343,0,0,418430976,0,5,1,cloister
62.161,13.016,0.951,0.0,13.073,1.981,267,847107,295,-0.22,0.31,5.343,0,0,418430976,0,5,1,cloister
62.173,14.165,0.341,0.0,13.073,1.981,267,847107,295,-0.175,0.31,5.342,0,0,418430976,0,5,1,cloister
62.186,10.58,0.38,0.0,13.073,1.981,266,845130,294,-0.13,0.31,5.342,0,0,418430976,0,5,1,cloister
62.198,12.171,1.081,0.0,13.073,1.981,264,839132,292,-0.13,0.31,5.342,0,0,418430976,0,5,1,cloister
62.211,12.778,0.358,0.0,13.073,1.981,264,839132,292,-0.085,0.31,5.341,0,0,418430976,0,5,1,cloister
62.223,12.812,0.385,0.0,13.073,1.981,262,836324,290,-0.04,0.31,5.341,0,0,418430976,0,5,1,cloister
62.236,12.908,0.283,0.0,13.073,1.981,260,835728,288,0.005,0.31,5.341,0,0,418430976,0,5,1,cloister
62.248,11.771,0.44,0.0,13.091,1.365,259,835716,287,0.005,0.31,5.341,0,0,418430976,0,5,1,cloister
62.261,12.96,1.222,0.0,13.091,1.365,259,835716,287,0.05,0.31,5.34,0,0,418430976,0,5,1,cloister
62.273,12.529,0.939,0.0,13.091,1.365,259,835716,287,0.095,0.31,5.34,0,0,418430976,0,5,1,cloister
62.286,12.371,1.134,0.0,13.091,1.365,257,834804,285,0.14,0.31,5.34,0,0,418430976,0,5,1,cloister
62.298,11.313,1.142,0.0,13.091,1.365,257,834804,285,0.14,0.31,5.34,0,0,418430976,0,5,1,cloister
62.311,12.964,0.946,0.0,13.091,1.365,257,834804,285,0.185,0.31,5.339,0,0,418430976,0,5,1,cloister
62.323,12.603,0.637,0.0,13.091,1.365,256,829605,284,0.23,0.31,5.339,0,0,418430976,0,5,1,cloister
62.336,13.029,0.37,0.0,13.091,1.365,256,829605,284,0.275,0.31,5.338,0,0,418430976,0,5,1,cloister
62.348,12.529,0.471,0.0,13.091,1.365,256,828288,284,0.275,0.31,5.338,0,0,418430976,0,5,1,cloister
62.361,13.509,1.059,0.0,13.091,1.365,256,828288,284,0.32,0.31,5.338,0,0,418430976,0,5,1,cloister
62.374,12.884,1.119,0.0,13.091,1.365,256,828288,284,0.365,0.31,5.338,0,0,418430976,0,5,1,cloister
62.386,11.884,0.942,0.0,13.091,1.365,257,828290,285,0.41,0.31,5.337,0,0,418430976,0,5,1,cloister
62.399,13.052,1.06,0.0,13.091,1.365,256,828200,284,0.41,0.31,5.337,0,0,418430976,0,5,1,cloister
62.412,13.363,0.452,0.0,13.091,1.365,256,828200,284,0.455,0.31,5.337,0,0,418430976,0,5,1,cloister
62.425,12.567,1.06,0.0,13.091,1.365,256,828200,284,0.5,0.31,5.337,0,0,418430976,0,5,1,cloister
62.438,13.18,1.311,0.0,13.091,1.365,256,828200,284,0.545,0.31,5.336,0,0,418430976,0,5,1,cloister
62.451,12.81,0.532,0.0,13.091,1.365,255,827300,283,0.59,0.31,5.336,0,0,418430976,0,5,1,cloister
62.463,11.602,1.007,0.0,13.091,1.365,255,827300,283,0.59,0.31,5.336,0,0,418430976,0,5,1,cloister
62.476,13.332,1.247,0.0,13.091,1.365,255,827300,283,0.635,0.31,5.336,0,0,418430976,0,5,1,cloister
62.488,11.946,0.956,0.0,13.091,1.365,253,826484,281,0.68,0.31,5.335,0,0,418430976,0,5,1,cloister
62.501,12.249,1.069,0.0,13.091,1.365,252,826482,280,0.725,0.31,5.335,0,0,418430976,0,5,1,cloister
62.513,11.827,0.407,0.0,13.091,1.365,251,820604,279,0.725,0.31,5.335,0,0,418430976,0,5,1,cloister
62.526,12.694,0.441,0.0,13.091,1.365,251,820604,279,0.77,0.31,5.334,0,0,418430976,0,5,1,cloister
62.538,12.486,0.358,0.0,13.091,1.365,251,820604,279,0.815,0.31,5.334,0,0,418430976,0,5,1,cloister
62.551,12.375,0.331,0.0,13.091,1.365,251,820604,279,0.86,0.31,5.334,0,0,418430976,0,5,1,cloister
62.563,12.108,0.38,0.0,13.091,1.365,251,820604,279,0.86,0.31,5.334,0,0,418430976,0,5,1,cloister
62.576,12.857,0.337,0.0,13.091,1.365,251,820604,279,0.905,0.31,5.333,0,0,418430976,0,5,1,cloister
62.588,12.223,0.383,0.0,13.091,1.365,251,820604,279,0.95,0.31,5.333,0,0,418430976,0,5,1,cloister
62.601,13.144,0.504,0.0,13.091,1.365,250,820580,278,0.995,0.31,5.333,0,0,418430976,0,5,1,cloister
62.613,12.28,0.403,0.0,13.091,1.365,251,820616,279,0.995,0.31,5.333,0,0,418430976,0,5,1,cloister
62.626,12.901,1.057,0.0,13.091,1.365,251,820616,279,1.04,0.31,5.332,0,0,418430976,0,5,1,cloister
62.638,11.693,1.233,0.0,13.091,1.365,251,820616,279,1.085,0.31,5.332,0,0,418430976,0,5,1,cloister
62.651,13.109,1.08,0.0,13.091,1.365,249,820328,277,1.13,0.31,5.332,0,0,418430976,0,5,1,cloister
62.663,11.671,0.421,0.0,13.091,1.365,250,820364,278,1.13,0.31,5.332,0,0,418430976,0,5,1,cloister
62.676,13.322,1.07,0.0,13.091,1.365,250,820364,278,1.175,0.31,5.331,0,0,418430976,0,5,1,cloister
62.688,11.935,1.072,0.0,13.091,1.365,250,820364,278,1.22,0.31,5.331,0,0,418430976,0,5,1,cloister
62.701,12.657,1.397,0.0,13.091,1.365,250,820364,278,1.265,0.31,5.33,0,0,418430976,0,5,1,cloister
62.713,11.884,0.997,0.0,13.091,1.365,249,818967,277,1.265,0.31,5.33,0,0,418430976,0,5,1,cloister
62.726,12.626,0.575,0.0,13.091,1.365,249,818967,277,1.31,0.31,5.33,0,0,418430976,0,5,1,cloister
62.738,11.786,1.328,0.0,13.091,1.365,249,818967,277,1.355,0.31,5.33,0,0,418430976,0,5,1,cloister
62.751,12.22,1.026,0.0,13.091,1.365,249,818967,277,1.4,0.31,5.329,0,0,418430976,0,5,1,cloister
62.763,12.026,0.364,0.0,13.091,1.365,249,818967,277,1.4,0.31,5.329,0,0,418430976,0,5,1,cloister
62.776,13.373,0.356,0.0,13.091,1.365,249,818967,277,1.445,0.31,5.329,0,0,418430976,0,5,1,cloister
62.788,12.303,0.501,0.0,13.091,1.365,249,818967,277,1.49,0.31,5.329,0,0,418430976,0,5,1,cloister
62.801,12.043,1.239,0.0,13.091,1.365,248,818943,276,1.535,0.31,5.328,0,0,418430976,0,5,1,cloister
62.813,12.051,1.344,0.0,13.091,1.365,247,818043,275,1.535,0.31,5.328,0,0,418430976,0,5,1,cloister
62.826,13.557,0.486,0.0,13.091,1.365,247,818043,275,1.58,0.31,5.328,0,0,418430976,0,5,1,cloister
62.838,12.403,0.492,0.0,13.091,1.365,247,817939,275,1.625,0.31,5.327,0,0,418430976,0,5,1,cloister
62.851,12.923,1.04,0.0,13.091,1.365,247,817939,275,1.67,0.31,5.327,0,0,418430976,0,5,1,cloister
62.863,11.633,1.005,0.0,13.091,1.365,246,812740,274,1.67,0.31,5.327,0,0,418430976,0,5,1,cloister
62.876,12.912,0.596,0.0,13.091,1.365,246,812740,274,1.715,0.31,5.327,0,0,418430976,0,5,1,cloister
62.888,12.348,1.043,0.0,13.091,1.365,246,812740,274,1.76,0.31,5.326,0,0,418430976,0,5,1,cloister
62.901,12.167,0.973,0.0,13.091,1.365,246,812740,274,1.805,0.31,5.326,0,0,418430976,0,5,1,cloister
62.913,11.948,0.589,0.0,13.091,1.365,246,812740,274,1.805,0.31,5.326,0,0,418430976,0,5,1,cloister
62.926,12.894,1.002,0.0,13.091,1.365,246,812740,274,1.85,0.31,5.326,0,0,418430976,0,5,1,cloister
62.938,12.392,1.116,0.0,13.091,1.365,246,812740,274,1.895,0.31,5.325,0,0,418430976,0,5,1,cloister
62.951,12.507,1.165,0.0,13.091,1.365,246,812740,274,1.94,0.31,5.325,0,0,418430976,0,5,1,cloister
62.963,10.943,0.996,0.0,13.091,1.365,246,812740,274,1.94,0.31,5.325,0,0,418430976,0,5,1,cloister
62.976,12.89,1.474,0.0,13.091,1.365,246,812740,274,1.985,0.31,5.325,0,0,418430976,0,5,1,cloister
62.988,12.489,0.426,0.0,13.091,1.365,246,812740,274,2.03,0.31,5.324,0,0,418430976,0,5,1,cloister
63.001,12.484,0.377,0.0,13.091,1.365,246,812740,274,2.075,0.31,5.324,0,0,418430976,0,5,1,cloister
63.013,12.223,0.426,0.0,13.091,1.365,246,812740,274,2.075,0.31,5.324,0,0,418430976,0,5,1,cloister
63.026,12.788,0.937,0.0,13.091,1.365,246,812740,274,2.12,0.31,5.323,0,0,418430976,0,5,1,cloister
63.038,12.321,0.934,0.0,13.091,1.365,246,812740,274,2.165,0.31,5.323,0,0,418430976,0,5,1,cloister
63.051,12.228,1.032,0.0,13.091,1.365,246,812740,274,2.21,0.31,5.323,0,0,418430976,0,5,1,cloister
63.063,11.479,0.966,0.0,13.091,1.365,246,812740,274,2.21,0.31,5.323,0,0,418430976,0,5,1,cloister
63.076,13.333,1.012,0.0,13.091,1.365,246,812740,274,2.255,0.31,5.322,0,0,418430976,0,5,1,cloister
63.088,12.284,0.604,0.0,13.091,1.365,246,812740,274,2.3,0.31,5.322,0,0,418430976,0,5,1,cloister
63.101,12.398,1.01,0.0,13.091,1.365,245,812716,273,2.345,0.31,5.322,0,0,418430976,0,5,1,cloister
63.113,11.721,1.214,0.0,13.091,1.365,245,812716,273,2.345,0.31,5.322,0,0,418430976,0,5,1,cloister
63.126,12.947,1.057,0.0,13.091,1.365,245,812716,273,2.39,0.31,5.321,0,0,418430976,0,5,1,cloister
63.138,12.289,0.944,0.0,13.091,1.365,244,812572,272,2.435,0.31,5.321,0,0,418430976,0,5,1,cloister
63.151,12.461,0.959,0.0,13.091,1.365,244,812572,272,2.48,0.31,5.321,0,0,418430976,0,5,1,cloister
63.163,11.897,1.074,0.0,13.091,1.365,244,812572,272,2.48,0.31,5.321,0,0,418430976,0,5,1,cloister
63.176,12.81,1.067,0.0,13.091,1.365,244,812572,272,2.525,0.31,5.32,0,0,418430976,0,5,1,cloister
63.188,11.986,0.893,0.0,13.091,1.365,244,812572,272,2.57,0.31,5.32,0,0,418430976,0,5,1,cloister
63.201,12.721,0.932,0.0,13.091,1.365,244,812572,272,2.615,0.31,5.319,0,0,418430976,0,5,1,cloister
63.213,11.909,0.449,0.0,13.091,1.365,244,812572,272,2.615,0.31,5.319,0,0,418430976,0,5,1,cloister
63.226,13.364,0.911,0.0,13.091,1.365,244,812572,272,2.66,0.31,5.319,0,0,418430976,0,5,1,cloister
63.238,12.383,1.044,0.0,13.091,1.365,244,812572,272,2.705,0.31,5.319,0,0,418430976,0,5,1,cloister
63.251,11.161,1.036,0.0,12.813,1.021,243,812492,271,2.75,0.31,5.318,0,0,418430976,0,5,1,cloister
63.263,12.297,0.919,0.0,12.813,1.021,243,812492,271,2.75,0.31,5.318,0,0,418430976,0,5,1,cloister
63.276,13.085,0.523,0.0,12.813,1.021,243,812492,271,2.795,0.31,5.318,0,0,418430976,0,5,1,cloister
63.288,12.107,1.759,0.0,12.813,1.021,242,812456,270,2.84,0.31,5.318,0,0,418430976,0,5,1,cloister
63.3,11.994,0.482,0.0,12.813,1.021,241,812444,269,2.885,0.31,5.317,0,0,418430976,0,5,1,cloister
63.313,11.711,1.107,0.0,12.813,1.021,241,812444,269,2.885,0.31,5.317,0,0,418430976,0,5,1,cloister
63.325,13.11,1.058,0.0,12.813,1.021,241,812444,269,2.93,0.31,5.317,0,0,418430976,0,5,1,cloister
63.337,11.784,1.145,0.0,12.813,1.021,241,812444,269,2.975,0.31,5.316,0,0,418430976,0,5,1,cloister
63.349,11.329,1.046,0.0,12.813,1.021,241,812444,269,2.975,0.31,5.316,0,0,418430976,0,5,1,cloister
63.362,12.692,0.398,0.0,12.813,1.021,241,812444,269,3.02,0.31,5.316,0,0,418430976,0,5,1,cloister
63.374,12.147,0.387,0.0,12.813,1.021,241,812444,269,3.065,0.31,5.316,0,0,418430976,0,5,1,cloister
63.386,12.611,0.367,0.0,12.813,1.021,241,812444,269,3.11,0.31,5.315,0,0,418430976,0,5,1,cloister
63.398,11.822,0.369,0.0,12.813,1.021,241,812444,269,3.11,0.31,5.315,0,0,418430976,0,5,1,cloister
63.41,13.464,0.87,0.0,12.813,1.021,241,812444,269,3.155,0.31,5.315,0,0,418430976,0,5,1,cloister
63.422,11.944,1.125,0.0,12.813,1.021,241,812444,269,3.2,0.31,5.315,0,0,418430976,0,5,1,cloister
63.434,13.026,1.229,0.0,12.813,1.021,241,812444,269,3.245,0.31,5.314,0,0,418430976,0,5,1,cloister
63.446,12.432,0.349,0.0,12.813,1.021,240,812432,268,3.245,0.31,5.314,0,0,418430976,0,5,1,cloister
63.459,13.614,0.483,0.0,12.813,1.021,240,812432,268,3.29,0.31,5.314,0,0,418430976,0,5,1,cloister
63.471,12.969,0.487,0.0,12.813,1.021,240,812432,268,3.335,0.31,5.314,0,0,418430976,0,5,1,cloister
63.483,12.175,0.995,0.0,12.813,1.021,240,812432,268,3.335,0.31,5.314,0,0,418430976,0,5,1,cloister
63.495,12.658,1.16,0.0,12.813,1.021,240,812432,268,3.38,0.31,5.313,0,0,418430976,0,5,1,cloister
63.507,12.533,1.226,0.0,12.813,1.021,240,812432,268,3.425,0.31,5.313,0,0,418430976,0,5,1,cloister
63.519,12.089,0.436,0.0,12.813,1.021,240,812432,268,3.47,0.31,5.312,0,0,418430976,0,5,1,cloister
63.531,11.883,1.076,0.0,12.813,1.021,239,812312,267,3.47,0.31,5.312,0,0,418430976,0,5,1,cloister
63.543,13.045,1.058,0.0,12.813,1.021,239,812312,267,3.515,0.31,5.312,0,0,418430976,0,5,1,cloister
63.555,12.362,1.015,0.0,12.813,1.021,239,812312,267,3.56,0.31,5.312,0,0,418430976,0,5,1,cloister
63.568,12.352,0.981,0.0,12.813,1.021,239,812312,267,3.605,0.31,5.311,0,0,418430976,0,5,1,cloister
63.58,11.705,0.774,0.0,12.813,1.021,239,812312,267,3.605,0.31,5.311,0,0,418430976,0,5,1,cloister
63.592,12.958,0.925,0.0,12.813,1.021,239,812312,267,3.65,0.31,5.311,0,0,418430976,0,5,1,cloister
63.604,12.183,0.928,0.0,12.813,1.021,239,812312,267,3.695,0.31,5.311,0,0,418430976,0,5,1,cloister
63.616,11.628,1.064,0.0,12.813,1.021,239,812312,267,3.695,0.31,5.311,0,0,418430976,0,5,1,cloister
63.628,13.188,1.524,0.0,12.813,1.021,239,812312,267,3.74,0.31,5.31,0,0,418430976,0,5,1,cloister
63.64,12.364,1.105,0.0,12.813,1.021,239,812312,267,3.785,0.31,5.31,0,0,418430976,0,5,1,cloister
63.652,11.813,0.999,0.0,12.813,1.021,238,812310,266,3.83,0.31,5.31,0,0,418430976,0,5,1,cloister
63.665,12.386,0.982,0.0,12.813,1.021,238,812310,266,3.83,0.31,5.31,0,0,418430976,0,5,1,cloister
63.677,13.437,0.48,0.0,12.813,1.021,238,812310,266,3.875,0.31,5.309,0,0,418430976,0,5,1,cloister
63.69,12.626,1.041,0.0,12.813,1.021,238,812310,266,3.92,0.31,5.309,0,0,418430976,0,5,1,cloister
63.702,12.435,1.145,0.0,12.813,1.021,238,812310,266,3.965,0.31,5.308,0,0,418430976,0,5,1,cloister
63.715,11.746,1.072,0.0,12.813,1.021,238,812310,266,3.965,0.31,5.308,0,0,418430976,0,5,1,cloister
63.727,12.866,1.069,0.0,12.813,1.021,238,812310,266,4.01,0.31,5.308,0,0,418430976,0,5,1,cloister
63.74,12.474,0.938,0.0,12.813,1.021,238,812310,266,4.055,0.31,5.308,0,0,418430976,0,5,1,cloister
63.752,12.299,0.953,0.0,12.813,1.021,238,812310,266,4.1,0.31,5.307,0,0,418430976,0,5,1,cloister
63.764,11.799,0.979,0.0,12.813,1.021,238,812310,266,4.1,0.31,5.307,0,0,418430976,0,5,1,cloister
63.777,12.996,1.09,0.0,12.813,1.021,238,812310,266,4.145,0.31,5.307,0,0,418430976,0,5,1,cloister
63.789,12.113,0.943,0.0,12.813,1.021,238,812310,266,4.19,0.31,5.307,0,0,418430976,0,5,1,cloister
63.801,12.113,1.022,0.0,12.813,1.021,238,812310,266,4.235,0.31,5.306,0,0,418430976,0,5,1,cloister
63.814,11.875,0.986,0.0,12.813,1.021,238,812310,266,4.235,0.31,5.306,0,0,418430976,0,5,1,cloister
63.826,12.799,0.96,0.0,12.813,1.021,238,812310,266,4.28,0.31,5.306,0,0,418430976,0,5,1,cloister
63.838,12.137,0.995,0.0,12.813,1.021,238,812310,266,4.325,0.31,5.305,0,0,418430976,0,5,1,cloister
63.85,11.734,0.989,0.0,12.813,1.021,238,812310,266,4.37,0.31,5.305,0,0,418430976,0,5,1,cloister
63.862,12.156,0.936,0.0,12.813,1.021,237,812298,265,4.37,0.31,5.305,0,0,418430976,0,5,1,cloister
63.875,12.791,0.438,0.0,12.813,1.021,237,812298,265,4.415,0.31,5.305,0,0,418430976,0,5,1,cloister
63.887,12.287,0.934,0.0,12.813,1.021,237,812298,265,4.46,0.31,5.304,0,0,418430976,0,5,1,cloister
63.899,10.955,1.326,0.0,12.813,1.021,236,812296,264,4.46,0.31,5.304,0,0,418430976,0,5,1,cloister
63.911,13.451,1.071,0.0,12.813,1.021,236,812296,264,4.505,0.31,5.304,0,0,418430976,0,5,1,cloister
63.923,11.286,0.489,0.0,12.813,1.021,235,812284,263,4.55,0.31,5.304,0,0,418430976,0,5,1,cloister
63.935,12.755,1.065,0.0,12.813,1.021,233,812104,261,4.595,0.31,5.303,0,0,418430976,0,5,1,cloister
63.947,11.578,0.392,0.0,12.813,1.021,233,812104,261,4.595,0.31,5.303,0,0,418430976,0,5,1,cloister
63.96,12.832,1.036,0.0,12.813,1.021,233,812104,261,4.64,0.31,5.303,0,0,418430976,0,5,1,cloister
63.972,11.953,0.939,0.0,12.813,1.021,234,812106,262,4.685,0.31,5.302,0,0,418430976,0,5,1,cloister
63.984,12.294,0.986,0.0,12.813,1.021,232,812092,260,4.73,0.31,5.302,0,0,418430976,0,5,1,cloister
63.996,11.47,0.988,0.0,12.813,1.021,231,812080,259,4.73,0.31,5.302,0,0,418430976,0,5,1,cloister
64.008,13.332,0.945,0.0,12.813,1.021,231,812080,259,4.775,0.31,5.301,0,0,418430976,0,5,1,cloister
64.02,10.94,0.901,0.0,12.813,1.021,231,812080,259,4.82,0.31,5.301,0,0,418430976,0,5,1,cloister
64.032,11.766,1.036,0.0,12.813,1.021,231,812080,259,4.82,0.31,5.301,0,0,418430976,0,5,1,cloister
64.045,13.249,0.39,0.0,12.813,1.021,231,812080,259,4.865,0.31,5.3,0,0,418430976,0,5,1,cloister
64.057,12.142,0.393,0.0,12.813,1.021,231,812080,259,4.91,0.31,5.299,0,0,418430976,0,5,1,cloister
64.069,12.154,0.875,0.0,12.813,1.021,231,812080,259,4.955,0.31,5.298,0,0,418430976,0,5,1,cloister
64.081,11.688,0.934,0.0,12.813,1.021,231,812080,259,4.955,0.31,5.298,0,0,418430976,0,5,1,cloister
64.093,12.735,0.971,0.0,12.813,1.021,231,812080,259,5.0,0.31,5.298,0,0,418430976,0,5,1,cloister
64.106,12.187,0.909,0.0,12.813,1.021,231,812080,259,5.045,0.31,5.297,0,0,418430976,0,5,1,cloister
64.118,12.272,1.037,0.0,12.813,1.021,231,812080,259,5.09,0.31,5.296,0,0,418430976,0,5,1,cloister
64.13,11.122,0.977,0.0,12.813,1.021,231,812080,259,5.09,0.31,5.296,0,0,418430976,0,5,1,cloister
64.142,13.186,0.917,0.0,12.813,1.021,231,812080,259,5.135,0.31,5.295,0,0,418430976,0,5,1,cloister
64.154,12.118,1.073,0.0,12.813,1.021,231,812080,259,5.18,0.31,5.294,0,0,418430976,0,5,1,cloister
64.167,11.721,1.057,0.0,12.813,1.021,231,812080,259,5.18,0.31,5.294,0,0,418430976,0,5,1,cloister
64.179,12.679,0.969,0.0,12.813,1.021,231,812080,259,5.225,0.31,5.293,0,0,418430976,0,5,1,cloister
64.191,12.796,0.933,0.0,12.813,1.021,231,812080,259,5.27,0.31,5.293,0,0,418430976,0,5,1,cloister
64.203,11.878,1.244,0.0,12.813,1.021,231,812080,259,5.315,0.31,5.292,0,0,418430976,0,5,1,cloister
64.216,11.804,1.005,0.0,12.813,1.021,231,812080,259,5.315,0.31,5.292,0,0,418430976,0,5,1,cloister
64.228,12.739,0.995,0.0,12.813,1.021,231,812080,259,5.36,0.31,5.291,0,0,418430976,0,5,1,cloister
64.24,12.413,1.06,0.0,12.583,1.145,232,812104,260,5.405,0.31,5.29,0,0,418430976,0,5,1,cloister
64.253,12.324,1.056,0.0,12.583,1.145,232,812104,260,5.45,0.31,5.289,0,0,418430976,0,5,1,cloister
64.265,11.952,0.931,0.0,12.583,1.145,231,812080,259,5.45,0.31,5.289,0,0,418430976,0,5,1,cloister
64.277,12.698,1.019,0.0,12.583,1.145,231,812080,259,5.495,0.31,5.288,0,0,418430976,0,5,1,cloister
64.29,12.163,0.939,0.0,12.583,1.145,230,808624,258,5.54,0.31,5.286,0,0,418430976,0,5,1,cloister
64.302,12.305,0.979,0.0,12.583,1.145,230,808624,258,5.585,0.31,5.285,0,0,418430976,0,5,1,cloister
64.314,11.761,0.958,0.0,12.583,1.145,230,808624,258,5.585,0.31,5.285,0,0,418430976,0,5,1,cloister
64.326,13.153,0.944,0.0,12.583,1.145,230,808624,258,5.63,0.31,5.284,0,0,418430976,0,5,1,cloister
64.339,11.947,0.976,0.0,12.583,1.145,230,808624,258,5.675,0.31,5.283,0,0,418430976,0,5,1,cloister
64.351,11.616,1.004,0.0,12.583,1.145,230,808624,258,5.72,0.31,5.282,0,0,418430976,0,5,1,cloister
64.363,11.804,1.158,0.0,12.583,1.145,230,808624,258,5.72,0.31,5.282,0,0,418430976,0,5,1,cloister
64.375,12.759,0.35,0.0,12.583,1.145,230,808624,258,5.765,0.31,5.281,0,0,418430976,0,5,1,cloister
64.387,12.823,0.403,0.0,12.583,1.145,230,808624,258,5.81,0.31,5.28,0,0,418430976,0,5,1,cloister
64.4,10.998,0.385,0.0,12.583,1.145,229,808448,257,5.81,0.31,5.28,0,0,418430976,0,5,1,cloister
64.412,13.562,1.009,0.0,12.583,1.145,229,808448,257,5.855,0.31,5.279,0,0,418430976,0,5,1,cloister
64.424,11.586,0.44,0.0,12.583,1.145,229,808448,257,5.9,0.31,5.278,0,0,418430976,0,5,1,cloister
64.436,12.283,1.165,0.0,12.583,1.145,229,808448,257,5.945,0.31,5.277,0,0,418430976,0,5,1,cloister
64.448,11.631,1.358,0.0,12.583,1.145,229,808448,257,5.945,0.31,5.277,0,0,418430976,0,5,1,cloister
64.46,12.659,1.009,0.0,12.583,1.145,229,808448,257,5.99,0.31,5.275,0,0,418430976,0,5,1,cloister
64.472,12.213,0.935,0.0,12.583,1.145,229,808448,257,6.035,0.31,5.274,0,0,418430976,0,5,1,cloister
64.485,12.434,0.946,0.0,12.583,1.145,229,808448,257,6.08,0.31,5.273,0,0,418430976,0,5,1,cloister
64.497,11.142,0.546,0.0,12.583,1.145,229,808448,257,6.08,0.31,5.273,0,0,418430976,0,5,1,cloister
64.509,12.833,0.94,0.0,12.583,1.145,229,808448,257,6.125,0.31,5.272,0,0,418430976,0,5,1,cloister
64.521,12.255,0.994,0.0,12.583,1.145,229,808448,257,6.17,0.31,5.271,0,0,418430976,0,5,1,cloister
64.533,11.268,0.793,0.0,12.583,1.145,229,808448,257,6.17,0.31,5.271,0,0,418430976,0,5,1,cloister
64.545,12.922,1.201,0.0,12.583,1.145,229,808448,257,6.215,0.31,5.27,0,0,418430976,0,5,1,cloister
64.557,11.705,0.871,0.0,12.583,1.145,229,808448,257,6.26,0.31,5.268,0,0,418430976,0,5,1,cloister
64.569,12.234,0.994,0.0,12.583,1.145,229,808448,257,6.305,0.31,5.267,0,0,418430976,0,5,1,cloister
64.582,11.532,0.927,0.0,12.583,1.145,229,808448,257,6.305,0.31,5.267,0,0,418430976,0,5,1,cloister
64.594,12.793,1.05,0.0,12.583,1.145,229,808448,257,6.35,0.31,5.266,0,0,418430976,0,5,1,cloister
64.606,11.929,1.496,0.0,12.583,1.145,229,808448,257,6.395,0.31,5.265,0,0,418430976,0,5,1,cloister
64.618,12.142,1.009,0.0,12.583,1.145,229,808448,257,6.44,0.31,5.264,0,0,418430976,0,5,1,cloister
64.63,11.73,1.046,0.0,12.583,1.145,229,808448,257,6.44,0.31,5.264,0,0,418430976,0,5,1,cloister
64.642,12.452,0.497,0.0,12.583,1.145,229,808448,257,6.485,0.31,5.263,0,0,418430976,0,5,1,cloister
64.654,12.087,1.178,0.0,12.583,1.145,229,808448,257,6.53,0.31,5.261,0,0,418430976,0,5,1,cloister
64.666,11.497,0.429,0.0,12.583,1.145,229,808448,257,6.53,0.31,5.261,0,0,418430976,0,5,1,cloister
64.679,12.778,0.516,0.0,12.583,1.145,229,808448,257,6.575,0.31,5.26,0,0,418430976,0,5,1,cloister
64.691,12.001,0.881,0.0,12.583,1.145,229,808448,257,6.62,0.31,5.259,0,0,418430976,0,5,1,cloister
64.703,11.968,1.059,0.0,12.583,1.145,228,808446,256,6.665,0.31,5.258,0,0,418430976,0,5,1,cloister
64.715,11.62,1.162,0.0,12.583,1.145,228,808446,256,6.665,0.31,5.258,0,0,418430976,0,5,1,cloister
64.727,12.967,1.024,0.0,12.583,1.145,228,808446,256,6.71,0.31,5.257,0,0,418430976,0,5,1,cloister
64.739,11.432,1.238,0.0,12.583,1.145,228,808446,256,6.755,0.31,5.255,0,0,418430976,0,5,1,cloister
64.751,12.117,1.156,0.0,12.583,1.145,228,808446,256,6.8,0.31,5.254,0,0,418430976,0,5,1,cloister
64.763,11.767,0.471,0.0,12.583,1.145,228,808446,256,6.8,0.31,5.254,0,0,418430976,0,5,1,cloister
64.776,13.859,0.361,0.0,12.583,1.145,228,808446,256,6.845,0.31,5.253,0,0,418430976,0,5,1,cloister
64.788,11.709,0.478,0.0,12.583,1.145,228,808446,256,6.89,0.31,5.252,0,0,418430976,0,5,1,cloister
64.8,11.75,1.712,0.0,12.583,1.145,228,808446,256,6.89,0.31,5.252,0,0,418430976,0,5,1,cloister
64.812,12.315,1.347,0.0,12.583,1.145,228,808446,256,6.935,0.31,5.251,0,0,418430976,0,5,1,cloister
64.824,12.175,1.067,0.0,12.583,1.145,228,808446,256,6.98,0.31,5.249,0,0,418430976,0,5,1,cloister
64.836,12.663,0.911,0.0,12.583,1.145,228,808446,256,7.025,0.31,5.248,0,0,418430976,0,5,1,cloister
64.848,11.391,0.951,0.0,12.583,1.145,228,808446,256,7.025,0.31,5.248,0,0,418430976,0,5,1,cloister
64.861,12.837,0.977,0.0,12.583,1.145,228,808446,256,7.07,0.31,5.247,0,0,418430976,0,5,1,cloister
64.873,12.172,1.008,0.0,12.583,1.145,228,808446,256,7.115,0.31,5.246,0,0,418430976,0,5,1,cloister
64.885,12.4,1.181,0.0,12.583,1.145,228,808446,256,7.159,0.31,5.245,0,0,418430976,0,5,1,cloister
64.898,11.695,0.983,0.0,12.583,1.145,228,808446,256,7.159,0.31,5.245,0,0,418430976,0,5,1,cloister
64.91,13.017,0.983,0.0,12.583,1.145,228,808446,256,7.204,0.31,5.243,0,0,418430976,0,5,1,cloister
64.922,12.003,0.896,0.0,12.583,1.145,228,808446,256,7.249,0.31,5.242,0,0,418430976,0,5,1,cloister
64.934,12.008,1.06,0.0,12.583,1.145,228,808446,256,7.294,0.31,5.241,0,0,418430976,0,5,1,cloister
64.946,11.593,1.22,0.0,12.583,1.145,228,808446,256,7.294,0.31,5.241,0,0,418430976,0,5,1,cloister
64.958,12.556,0.941,0.0,12.583,1.145,228,808446,256,7.339,0.31,5.24,0,0,418430976,0,5,1,cloister
64.971,12.156,1.002,0.0,12.583,1.145,228,808446,256,7.384,0.31,5.239,0,0,418430976,0,5,1,cloister
64.983,11.669,0.996,0.0,12.583,1.145,228,808446,256,7.384,0.31,5.239,0,0,418430976,0,5,1,cloister
64.995,12.889,0.939,0.0,12.583,1.145,228,808446,256,7.429,0.31,5.237,0,0,418430976,0,5,1,cloister
65.007,11.749,1.016,0.0,12.583,1.145,228,808446,256,7.474,0.31,5.236,0,0,418430976,0,5,1,cloister
65.019,12.092,1.019,0.0,12.583,1.145,228,808446,256,7.519,0.31,5.235,0,0,418430976,0,5,1,cloister
65.031,11.59,0.936,0.0,12.583,1.145,228,808446,256,7.519,0.31,5.235,0,0,418430976,0,5,1,cloister
65.043,12.614,1.034,0.0,12.583,1.145,228,808446,256,7.564,0.31,5.234,0,0,418430976,0,5,1,cloister
65.055,11.701,0.956,0.0,12.583,1.145,228,808446,256,7.609,0.31,5.233,0,0,418430976,0,5,1,cloister
65.068,12.749,1.364,0.0,12.583,1.145,229,810538,257,7.654,0.31,5.231,0,0,418430976,0,5,1,cloister
65.08,11.652,0.477,0.0,12.583,1.145,229,810538,257,7.654,0.31,5.231,0,0,418430976,0,5,1,cloister
65.092,12.872,0.967,0.0,12.583,1.145,229,810538,257,7.699,0.31,5.23,0,0,418430976,0,5,1,cloister
65.104,12.081,0.936,0.0,12.583,1.145,229,810538,257,7.744,0.31,5.229,0,0,418430976,0,5,1,cloister
65.116,11.729,0.968,0.0,12.583,1.145,229,810538,257,7.744,0.31,5.229,0,0,418430976,0,5,1,cloister
65.129,12.692,0.961,0.0,12.583,1.145,229,810538,257,7.789,0.31,5.228,0,0,418430976,0,5,1,cloister
65.141,12.088,0.952,0.0,12.583,1.145,229,810538,257,7.834,0.31,5.227,0,0,418430976,0,5,1,cloister
65.153,12.135,1.247,0.0,12.583,1.145,229,810538,257,7.879,0.31,5.225,0,0,418430976,0,5,1,cloister
65.165,11.109,0.977,0.0,12.583,1.145,229,810538,257,7.879,0.31,5.225,0,0,418430976,0,5,1,cloister
65.177,13.612,1.011,0.0,12.583,1.145,229,810538,257,7.924,0.31,5.224,0,0,418430976,0,5,1,cloister
65.189,11.452,0.492,0.0,12.583,1.145,229,810538,257,7.969,0.31,5.223,0,0,418430976,0,5,1,cloister
65.201,11.449,1.155,0.0,12.583,1.145,229,810538,257,8.014,0.31,5.222,0,0,418430976,0,5,1,cloister
65.213,12.252,0.927,0.0,12.583,1.145,229,810538,257,8.014,0.31,5.222,0,0,418430976,0,5,1,cloister
65.225,12.86,0.914,0.0,12.583,1.145,229,810538,257,8.059,0.31,5.22,0,0,418430976,0,5,1,cloister
65.238,12.082,0.655,0.0,12.583,1.145,229,810538,257,8.104,0.31,5.219,0,0,418430976,0,5,1,cloister
65.25,11.589,1.092,0.0,12.195,1.186,229,810538,257,8.104,0.31,5.219,0,0,418430976,0,5,1,cloister
65.262,12.849,1.078,0.0,12.195,1.186,229,810538,257,8.149,0.31,5.218,0,0,418430976,0,5,1,cloister
65.274,12.267,0.999,0.0,12.195,1.186,229,810538,257,8.194,0.31,5.217,0,0,418430976,0,5,1,cloister
65.287,12.336,0.977,0.0,12.195,1.186,229,810538,257,8.239,0.31,5.216,0,0,418430976,0,5,1,cloister
65.299,12.129,0.676,0.0,12.195,1.186,229,810538,257,8.239,0.31,5.216,0,0,418430976,0,5,1,cloister
65.312,12.991,0.484,0.0,12.195,1.186,229,810538,257,8.284,0.31,5.214,0,0,418430976,0,5,1,cloister
65.324,11.86,1.174,0.0,12.195,1.186,229,810538,257,8.329,0.31,5.213,0,0,418430976,0,5,1,cloister
65.336,12.675,0.96,0.0,12.195,1.186,228,810536,256,8.374,0.31,5.212,0,0,418430976,0,5,1,cloister
65.348,11.567,0.459,0.0,12.195,1.186,228,810536,256,8.374,0.31,5.212,0,0,418430976,0,5,1,cloister
65.361,12.137,1.073,0.0,12.195,1.186,228,810536,256,8.419,0.31,5.211,0,0,418430976,0,5,1,cloister
65.373,11.963,0.867,0.0,12.195,1.186,228,810536,256,8.464,0.31,5.21,0,0,418430976,0,5,1,cloister
65.385,12.27,0.401,0.0,12.195,1.186,228,810536,256,8.509,0.31,5.208,0,0,418430976,0,5,1,cloister
65.397,12.017,0.399,0.0,12.195,1.186,228,810536,256,8.509,0.31,5.208,0,0,418430976,0,5,1,cloister
65.409,13.285,0.378,0.0,12.195,1.186,228,810536,256,8.554,0.31,5.207,0,0,418430976,0,5,1,cloister
65.422,11.986,0.457,0.0,12.195,1.186,228,810536,256,8.599,0.31,5.206,0,0,418430976,0,5,1,cloister
65.434,11.963,0.991,0.0,12.195,1.186,228,810536,256,8.644,0.31,5.205,0,0,418430976,0,5,1,cloister
65.446,11.564,1.043,0.0,12.195,1.186,228,810536,256,8.644,0.31,5.205,0,0,418430976,0,5,1,cloister
65.458,12.612,1.019,0.0,12.195,1.186,228,810536,256,8.689,0.31,5.204,0,0,418430976,0,5,1,cloister
65.47,12.248,0.892,0.0,12.195,1.186,229,814766,257,8.734,0.31,5.202,0,0,418430976,0,5,1,cloister
65.482,11.153,0.995,0.0,12.195,1.186,228,814742,256,8.734,0.31,5.202,0,0,418430976,0,5,1,cloister
65.494,13.382,1.024,0.0,12.195,1.186,228,814742,256,8.779,0.31,5.201,0,0,418430976,0,5,1,cloister
65.507,12.847,1.064,0.0,12.195,1.186,228,814742,256,8.824,0.31,5.2,0,0,418430976,0,5,1,cloister
65.519,12.359,1.019,0.0,12.195,1.186,227,814740,255,8.869,0.31,5.199,0,0,418430976,0,5,1,cloister
65.532,11.615,0.83,0.0,12.195,1.186,227,814740,255,8.869,0.31,5.199,0,0,418430976,0,5,1,cloister
65.544,12.456,0.978,0.0,12.195,1.186,227,814740,255,8.914,0.31,5.198,0,0,418430976,0,5,1,cloister
65.556,12.159,0.927,0.0,12.195,1.186,227,814740,255,8.959,0.31,5.196,0,0,418430976,0,5,1,cloister
65.568,12.368,1.049,0.0,12.195,1.186,227,814740,255,9.004,0.31,5.195,0,0,418430976,0,5,1,cloister
65.58,11.569,0.946,0.0,12.195,1.186,227,814740,255,9.004,0.31,5.195,0,0,418430976,0,5,1,cloister
65.593,12.948,0.954,0.0,12.195,1.186,227,814740,255,9.049,0.31,5.194,0,0,418430976,0,5,1,cloister
65.605,12.477,1.044,0.0,12.195,1.186,227,814740,255,9.094,0.31,5.193,0,0,418430976,0,5,1,cloister
65.617,11.791,0.906,0.0,12.195,1.186,227,814740,255,9.139,0.31,5.192,0,0,418430976,0,5,1,cloister
65.629,11.525,1.016,0.0,12.195,1.186,227,814740,255,9.139,0.31,5.192,0,0,418430976,0,5,1,cloister
65.641,12.53,0.439,0.0,12.195,1.186,227,814740,255,9.184,0.31,5.19,0,0,418430976,0,5,1,cloister
65.654,12.212,1.01,0.0,12.195,1.186,227,814740,255,9.229,0.31,5.189,0,0,418430976,0,5,1,cloister
65.666,11.509,0.94,0.0,12.195,1.186,227,814740,255,9.229,0.31,5.189,0,0,418430976,0,5,1,cloister
65.678,12.587,0.955,0.0,12.195,1.186,227,814740,255,9.274,0.31,5.188,0,0,418430976,0,5,1,cloister
65.69,12.061,0.888,0.0,12.195,1.186,227,814740,255,9.319,0.31,5.187,0,0,418430976,0,5,1,cloister
65.702,12.187,0.951,0.0,12.195,1.186,227,814740,255,9.364,0.31,5.185,0,0,418430976,0,5,1,cloister
65.714,11.531,0.976,0.0,12.195,1.186,227,814740,255,9.364,0.31,5.185,0,0,418430976,0,5,1,cloister
65.726,12.758,0.949,0.0,12.195,1.186,227,814740,255,9.409,0.31,5.184,0,0,418430976,0,5,1,cloister
65.738,11.362,0.889,0.0,12.195,1.186,227,814740,255,9.454,0.31,5.183,0,0,418430976,0,5,1,cloister
65.751,12.447,1.046,0.0,12.195,1.186,227,814740,255,9.499,0.31,5.182,0,0,418430976,0,5,1,cloister
65.763,11.325,0.394,0.0,12.195,1.186,227,814740,255,9.499,0.31,5.182,0,0,418430976,0,5,1,cloister
65.775,13.535,0.388,0.0,12.195,1.186,227,814740,255,9.544,0.31,5.181,0,0,418430976,0,5,1,cloister
65.787,12.139,0.482,0.0,12.195,1.186,227,814740,255,9.589,0.31,5.179,0,0,418430976,0,5,1,cloister
65.799,11.599,0.991,0.0,12.195,1.186,227,814740,255,9.589,0.31,5.179,0,0,418430976,0,5,1,cloister
65.811,12.872,0.953,0.0,12.195,1.186,227,814740,255,9.634,0.31,5.178,0,0,418430976,0,5,1,cloister
65.823,12.115,0.892,0.0,12.195,1.186,227,814740,255,9.679,0.31,5.177,0,0,418430976,0,5,1,cloister
65.835,12.151,1.016,0.0,12.195,1.186,227,814740,255,9.724,0.31,5.176,0,0,418430976,0,5,1,cloister
65.848,11.191,0.949,0.0,12.195,1.186,227,814740,255,9.724,0.31,5.176,0,0,418430976,0,5,1,cloister
65.86,13.369,0.952,0.0,12.195,1.186,227,814740,255,9.769,0.31,5.175,0,0,418430976,0,5,1,cloister
65.872,12.176,1.007,0.0,12.195,1.186,227,814740,255,9.814,0.31,5.173,0,0,418430976,0,5,1,cloister
65.884,12.181,0.954,0.0,12.195,1.186,227,814740,255,9.859,0.31,5.172,0,0,418430976,0,5,1,cloister
65.897,11.281,0.973,0.0,12.195,1.186,227,814740,255,9.859,0.31,5.172,0,0,418430976,0,5,1,cloister
65.909,13.514,0.929,0.0,12.195,1.186,227,814740,255,9.904,0.31,5.171,0,0,418430976,0,5,1,cloister
65.921,11.331,0.517,0.0,12.195,1.186,227,814740,255,9.948,0.31,5.17,0,0,418430976,0,5,1,cloister
65.933,12.987,1.075,0.0,12.195,1.186,228,814820,256,9.993,0.31,5.169,0,0,418430976,0,5,1,cloister
65.946,11.148,0.56,0.0,12.195,1.186,228,814820,256,9.993,0.31,5.169,0,0,418430976,0,5,1,cloister
65.958,13.441,0.893,0.0,12.195,1.186,228,814820,256,10.038,0.31,5.167,0,0,418430976,0,5,1,cloister
65.97,12.274,1.015,0.0,12.195,1.186,228,814820,256,10.083,0.31,5.166,0,0,418430976,0,5,1,cloister
65.983,11.725,0.968,0.0,12.195,1.186,227,814818,255,10.083,0.31,5.166,0,0,418430976,0,5,1,cloister
65.995,12.72,1.139,0.0,12.195,1.186,227,814818,255,10.128,0.31,5.165,0,0,418430976,0,5,1,cloister
66.007,12.254,0.92,0.0,12.195,1.186,227,814818,255,10.173,0.31,5.164,0,0,418430976,0,5,1,cloister
66.019,12.333,0.994,0.0,12.195,1.186,227,816282,255,10.218,0.31,5.163,0,0,418430976,0,5,1,cloister
66.032,11.775,1.115,0.0,12.195,1.186,227,816282,255,10.218,0.31,5.163,0,0,418430976,0,5,1,cloister
66.044,12.609,0.937,0.0,12.195,1.186,227,816282,255,10.263,0.31,5.161,0,0,418430976,0,5,1,cloister
66.056,12.558,0.875,0.0,12.195,1.186,227,816282,255,10.308,0.31,5.16,0,0,418430976,0,5,1,cloister
66.068,11.802,0.953,0.0,12.195,1.186,227,816282,255,10.353,0.31,5.159,0,0,418430976,0,5,1,cloister
66.08,11.662,1.241,0.0,12.195,1.186,227,816282,255,10.353,0.31,5.159,0,0,418430976,0,5,1,cloister
66.092,12.746,0.987,0.0,12.195,1.186,227,816282,255,10.398,0.31,5.158,0,0,418430976,0,5,1,cloister
66.105,12.066,0.906,0.0,12.195,1.186,226,816280,254,10.443,0.31,5.157,0,0,418430976,0,5,1,cloister
66.117,12.421,0.915,0.0,12.195,1.186,226,816280,254,10.488,0.31,5.155,0,0,418430976,0,5,1,cloister
66.129,11.536,0.944,0.0,12.195,1.186,226,816280,254,10.488,0.31,5.155,0,0,418430976,0,5,1,cloister
66.141,12.93,1.073,0.0,12.195,1.186,226,816280,254,10.533,0.31,5.154,0,0,418430976,0,5,1,cloister
66.153,11.906,1.276,0.0,12.195,1.186,226,816280,254,10.578,0.31,5.153,0,0,418430976,0,5,1,cloister
66.166,11.695,1.024,0.0,12.195,1.186,226,816280,254,10.578,0.31,5.153,0,0,418430976,0,5,1,cloister
66.178,12.474,1.067,0.0,12.195,1.186,226,816280,254,10.623,0.31,5.152,0,0,418430976,0,5,1,cloister
66.19,12.392,1.008,0.0,12.195,1.186,226,816280,254,10.668,0.31,5.15,0,0,418430976,0,5,1,cloister
66.202,12.051,0.482,0.0,12.195,1.186,226,816280,254,10.713,0.31,5.149,0,0,418430976,0,5,1,cloister
66.214,11.677,1.164,0.0,12.195,1.186,225,816260,253,10.713,0.31,5.149,0,0,418430976,0,5,1,cloister
66.226,13.088,0.958,0.0,12.195,1.186,225,816260,253,10.758,0.31,5.148,0,0,418430976,0,5,1,cloister
66.238,11.098,1.013,0.0,12.195,1.186,225,816260,253,10.803,0.31,5.147,0,0,418430976,0,5,1,cloister
66.251,13.101,1.269,0.0,12.502,1.106,225,816260,253,10.848,0.31,5.146,0,0,418430976,0,5,1,cloister
66.263,11.531,0.401,0.0,12.502,1.106,225,816260,253,10.848,0.31,5.146,0,0,418430976,0,5,1,cloister
66.275,12.77,1.09,0.0,12.502,1.106,225,816260,253,10.893,0.31,5.144,0,0,418430976,0,5,1,cloister
66.288,12.438,0.88,0.0,12.502,1.106,225,816260,253,10.938,0.31,5.143,0,0,418430976,0,5,1,cloister
66.3,11.485,0.933,0.0,12.502,1.106,225,816260,253,10.938,0.31,5.143,0,0,418430976,0,5,1,cloister
66.312,12.588,0.988,0.0,12.502,1.106,225,816260,253,10.983,0.31,5.142,0,0,418430976,0,5,1,cloister
66.324,12.734,0.908,0.0,12.502,1.106,225,816260,253,11.028,0.31,5.141,0,0,418430976,0,5,1,cloister
66.337,12.351,0.407,0.0,12.502,1.106,225,816260,253,11.073,0.31,5.14,0,0,418430976,0,5,1,cloister
66.349,11.51,1.15,0.0,12.502,1.106,225,816260,253,11.073,0.31,5.14,0,0,418430976,0,5,1,cloister
66.361,12.886,1.185,0.0,12.502,1.106,225,816260,253,11.118,0.31,5.138,0,0,418430976,0,5,1,cloister
66.374,12.63,0.936,0.0,12.502,1.106,225,816260,253,11.163,0.31,5.137,0,0,418430976,0,5,1,cloister
66.386,11.524,1.014,0.0,12.502,1.106,225,816260,253,11.208,0.31,5.136,0,0,418430976,0,5,1,cloister
66.398,11.688,1.123,0.0,12.502,1.106,225,816260,253,11.208,0.31,5.136,0,0,418430976,0,5,1,cloister
66.41,12.624,0.367,0.0,12.502,1.106,225,816260,253,11.253,0.31,5.135,0,0,418430976,0,5,1,cloister
66.423,12.442,0.348,0.0,12.502,1.106,225,816260,253,11.298,0.31,5.134,0,0,418430976,0,5,1,cloister
66.435,12.342,0.41,0.0,12.502,1.106,226,816262,254,11.343,0.31,5.132,0,0,418430976,0,5,1,cloister
66.448,12.627,0.311,0.0,12.502,1.106,226,816262,254,11.343,0.31,5.132,0,0,418430976,0,5,1,cloister
66.46,12.903,0.347,0.0,12.502,1.106,226,816262,254,11.388,0.31,5.131,0,0,418430976,0,5,1,cloister
66.472,12.201,0.913,0.0,12.502,1.106,226,816262,254,11.433,0.31,5.13,0,0,418430976,0,5,1,cloister
66.485,13.371,1.083,0.0,12.502,1.106,226,816262,254,11.478,0.31,5.129,0,0,418430976,0,5,1,cloister
66.497,10.099,1.08,0.0,12.502,1.106,226,816262,254,11.478,0.31,5.129,0,0,418430976,0,5,1,cloister
66.509,12.607,1.008,0.0,12.502,1.106,226,816262,254,11.523,0.31,5.128,0,0,418430976,0,5,1,cloister
66.521,13.418,0.272,0.0,12.502,1.106,226,816262,254,11.568,0.31,5.126,0,0,418430976,0,5,1,cloister
66.534,11.827,0.473,0.0,12.502,1.106,227,816264,255,11.613,0.31,5.125,0,0,418430976,0,5,1,cloister
66.546,11.74,1.177,0.0,12.502,1.106,227,816264,255,11.613,0.31,5.125,0,0,418430976,0,5,1,cloister
66.558,13.141,1.025,0.0,12.502,1.106,227,816264,255,11.658,0.31,5.124,0,0,418430976,0,5,1,cloister
66.571,12.682,0.977,0.0,12.502,1.106,227,816264,255,11.703,0.31,5.123,0,0,418430976,0,5,1,cloister
66.583,13.116,0.91,0.0,12.502,1.106,227,816264,255,11.748,0.31,5.122,0,0,418430976,0,5,1,cloister
66.596,11.844,1.043,0.0,12.502,1.106,227,816264,255,11.748,0.31,5.122,0,0,418430976,0,5,1,cloister
66.608,13.234,1.199,0.0,12.502,1.106,227,816264,255,11.793,0.31,5.12,0,0,418430976,0,5,1,cloister
66.621,12.645,1.024,0.0,12.502,1.106,227,816264,255,11.838,0.31,5.119,0,0,418430976,0,5,1,cloister
66.633,12.2,1.014,0.0,12.502,1.106,227,816264,255,11.883,0.31,5.118,0,0,418430976,0,5,1,cloister
66.646,11.254,1.095,0.0,12.502,1.106,227,816264,255,11.883,0.31,5.118,0,0,418430976,0,5,1,cloister
66.658,14.157,0.986,0.0,12.502,1.106,227,816264,255,11.928,0.31,5.117,0,0,418430976,0,5,1,cloister
66.671,11.408,0.645,0.0,12.502,1.106,227,816264,255,11.973,0.31,5.115,0,0,418430976,0,5,1,cloister
66.683,13.171,1.096,0.0,12.502,1.106,227,816264,255,12.018,0.31,5.114,0,0,418430976,0,5,1,cloister
66.696,12.657,0.951,0.0,12.502,1.106,227,816264,255,12.018,0.31,5.114,0,0,418430976,0,5,1,cloister
66.708,11.844,1.111,0.0,12.502,1.106,227,816264,255,12.063,0.31,5.113,0,0,418430976,0,5,1,cloister
66.721,12.122,1.039,0.0,12.502,1.106,227,816264,255,12.108,0.31,5.112,0,0,418430976,0,5,1,cloister
66.733,11.838,0.95,0.0,12.502,1.106,227,816264,255,12.108,0.31,5.112,0,0,418430976,0,5,1,cloister
66.746,13.21,1.133,0.0,12.502,1.106,227,816264,255,12.153,0.31,5.111,0,0,418430976,0,5,1,cloister
66.758,12.407,0.991,0.0,12.502,1.106,227,816264,255,12.198,0.31,5.109,0,0,418430976,0,5,1,cloister
66.77,12.012,1.162,0.0,12.502,1.106,227,816264,255,12.243,0.31,5.108,0,0,418430976,0,5,1,cloister
66.782,11.596,1.157,0.0,12.502,1.106,227,816264,255,12.243,0.31,5.108,0,0,418430976,0,5,1,cloister
66.795,12.991,1.178,0.0,12.502,1.106,227,816264,255,12.288,0.31,5.107,0,0,418430976,0,5,1,cloister
66.807,12.514,0.985,0.0,12.502,1.106,227,816264,255,12.333,0.31,5.106,0,0,418430976,0,5,1,cloister
66.819,11.863,1.006,0.0,12.502,1.106,227,816264,255,12.378,0.31,5.105,0,0,418430976,0,5,1,cloister
66.832,11.711,1.011,0.0,12.502,1.106,227,816264,255,12.378,0.31,5.105,0,0,418430976,0,5,1,cloister
66.844,13.127,0.909,0.0,12.502,1.106,227,816264,255,12.423,0.31,5.103,0,0,418430976,0,5,1,cloister
66.856,12.551,0.986,0.0,12.502,1.106,227,816264,255,12.468,0.31,5.102,0,0,418430976,0,5,1,cloister
66.868,11.898,1.08,0.0,12.502,1.106,227,816264,255,12.513,0.31,5.101,0,0,418430976,0,5,1,cloister
66.881,11.785,0.961,0.0,12.502,1.106,227,816264,255,12.513,0.31,5.101,0,0,418430976,0,5,1,cloister
66.893,12.874,1.055,0.0,12.502,1.106,227,816264,255,12.558,0.31,5.1,0,0,418430976,0,5,1,cloister
66.905,11.701,0.954,0.0,12.502,1.106,227,816264,255,12.603,0.31,5.099,0,0,418430976,0,5,1,cloister
66.918,12.471,0.913,0.0,12.502,1.106,227,816264,255,12.648,0.31,5.097,0,0,418430976,0,5,1,cloister
66.93,11.938,0.565,0.0,12.502,1.106,227,816264,255,12.648,0.31,5.097,0,0,418430976,0,5,1,cloister
66.943,12.647,0.362,0.0,12.502,1.106,227,816264,255,12.693,0.31,5.096,0,0,418430976,0,5,1,cloister
66.955,12.669,0.355,0.0,12.502,1.106,227,816264,255,12.737,0.31,5.095,0,0,418430976,0,5,1,cloister
66.967,12.343,0.3,0.0,12.502,1.106,227,816264,255,12.782,0.31,5.094,0,0,418430976,0,5,1,cloister
66.98,11.871,0.332,0.0,12.502,1.106,227,816264,255,12.782,0.31,5.094,0,0,418430976,0,5,1,cloister
66.992,12.68,0.325,0.0,12.502,1.106,227,816264,255,12.827,0.31,5.093,0,0,418430976,0,5,1,cloister
67.005,13.282,0.488,0.0,12.502,1.106,227,816264,255,12.872,0.31,5.091,0,0,418430976,0,5,1,cloister
67.017,12.311,0.398,0.0,12.502,1.106,227,816264,255,12.917,0.31,5.09,0,0,418430976,0,5,1,cloister
67.029,11.683,0.651,0.0,12.502,1.106,227,816264,255,12.917,0.31,5.09,0,0,418430976,0,5,1,cloister
67.042,13.643,0.851,0.0,12.502,1.106,227,816264,255,12.962,0.31,5.089,0,0,418430976,0,5,1,cloister
67.054,11.527,0.997,0.0,12.502,1.106,227,816264,255,13.007,0.31,5.088,0,0,418430976,0,5,1,cloister
67.066,11.768,0.873,0.0,12.502,1.106,227,816264,255,13.007,0.31,5.088,0,0,418430976,0,5,1,cloister
67.078,13.01,1.008,0.0,12.502,1.106,227,816264,255,13.052,0.31,5.086,0,0,418430976,0,5,1,cloister
67.091,12.049,0.935,0.0,12.502,1.106,228,840920,256,13.097,0.31,5.085,0,0,418430976,0,5,1,cloister
67.103,12.279,1.048,0.0,12.502,1.106,228,840920,256,13.142,0.31,5.084,0,0,418430976,0,5,1,cloister
67.115,11.89,1.01,0.0,12.502,1.106,228,840920,256,13.142,0.31,5.084,0,0,418430976,0,5,1,cloister
67.128,12.829,1.035,0.0,12.502,1.106,228,840920,256,13.187,0.31,5.083,0,0,418430976,0,5,1,cloister
67.14,12.064,1.108,0.0,12.502,1.106,227,840918,255,13.232,0.31,5.082,0,0,418430976,0,5,1,cloister
67.152,12.54,1.042,0.0,12.502,1.106,227,840918,255,13.277,0.31,5.08,0,0,418430976,0,5,1,cloister
67.164,11.504,1.048,0.0,12.502,1.106,227,840918,255,13.277,0.31,5.08,0,0,418430976,0,5,1,cloister
67.177,13.387,1.026,0.0,12.502,1.106,227,840918,255,13.322,0.31,5.079,0,0,418430976,0,5,1,cloister
67.189,11.967,1.117,0.0,12.502,1.106,227,840918,255,13.367,0.31,5.078,0,0,418430976,0,5,1,cloister
67.201,11.93,0.597,0.0,12.502,1.106,227,840918,255,13.412,0.31,5.077,0,0,418430976,0,5,1,cloister
67.214,11.875,1.24,0.0,12.502,1.106,227,840918,255,13.412,0.31,5.077,0,0,418430976,0,5,1,cloister
67.226,12.972,1.037,0.0,12.502,1.106,227,840918,255,13.457,0.31,5.076,0,0,418430976,0,5,1,cloister
67.238,12.066,0.975,0.0,12.502,1.106,227,840918,255,13.502,0.31,5.074,0,0,418430976,0,5,1,cloister
67.25,12.499,1.013,0.0,12.655,1.339,227,840918,255,13.547,0.31,5.073,0,0,418430976,0,5,1,cloister
67.263,11.668,0.91,0.0,12.655,1.339,227,840918,255,13.547,0.31,5.073,0,0,418430976,0,5,1,cloister
67.275,12.526,1.094,0.0,12.655,1.339,227,840918,255,13.592,0.31,5.072,0,0,418430976,0,5,1,cloister
67.287,12.738,0.924,0.0,12.655,1.339,228,841094,256,13.637,0.31,5.071,0,0,418430976,0,5,1,cloister
67.3,11.778,0.48,0.0,12.655,1.339,228,841094,256,13.637,0.31,5.071,0,0,418430976,0,5,1,cloister
67.312,12.684,1.022,0.0,12.655,1.339,228,841094,256,13.682,0.31,5.07,0,0,418430976,0,5,1,cloister
67.324,12.363,1.181,0.0,12.655,1.339,229,841166,257,13.727,0.31,5.068,0,0,418430976,0,5,1,cloister
67.337,12.207,0.934,0.0,12.655,1.339,229,841166,257,13.772,0.31,5.067,0,0,418430976,0,5,1,cloister
67.349,11.816,1.165,0.0,12.655,1.339,228,838474,256,13.772,0.31,5.067,0,0,418430976,0,5,1,cloister
67.361,13.013,1.092,0.0,12.655,1.339,228,838474,256,13.817,0.31,5.066,0,0,418430976,0,5,1,cloister
67.373,11.979,0.963,0.0,12.655,1.339,228,838474,256,13.862,0.31,5.065,0,0,418430976,0,5,1,cloister
67.386,12.709,0.933,0.0,12.655,1.339,228,838474,256,13.907,0.31,5.064,0,0,418430976,0,5,1,cloister
67.398,11.541,0.885,0.0,12.655,1.339,228,838474,256,13.907,0.31,5.064,0,0,418430976,0,5,1,cloister
67.41,12.763,0.725,0.0,12.655,1.339,228,838474,256,13.952,0.31,5.062,0,0,418430976,0,5,1,cloister
67.423,11.696,0.88,0.0,12.655,1.339,227,838472,255,13.997,0.31,5.061,0,0,418430976,0,5,1,cloister
67.435,12.426,0.37,0.0,12.655,1.339,227,838472,255,14.042,0.31,5.06,0,0,418430976,0,5,1,cloister
67.447,12.602,0.315,0.0,12.655,1.339,226,838296,254,14.042,0.31,5.06,0,0,418430976,0,5,1,cloister
67.46,13.152,0.451,0.0,12.655,1.339,226,838296,254,14.087,0.31,5.059,0,0,418430976,0,5,1,cloister
67.472,12.252,1.197,0.0,12.655,1.339,226,838296,254,14.132,0.31,5.058,0,0,418430976,0,5,1,cloister
67.485,13.058,1.22,0.0,12.655,1.339,226,838296,254,14.177,0.31,5.056,0,0,418430976,0,5,1,cloister
67.497,12.467,0.576,0.0,12.655,1.339,226,838296,254,14.177,0.31,5.056,0,0,418430976,0,5,1,cloister
67.51,11.827,0.957,0.0,12.655,1.339,226,838296,254,14.222,0.31,5.055,0,0,418430976,0,5,1,cloister
67.522,12.219,0.773,0.0,12.655,1.339,224,836180,252,14.267,0.31,5.054,0,0,418430976,0,5,1,cloister
67.534,12.314,0.99,0.0,12.655,1.339,223,833488,251,14.312,0.31,5.053,0,0,418430976,0,5,1,cloister
67.547,11.74,1.088,0.0,12.655,1.339,223,833488,251,14.312,0.31,5.053,0,0,418430976,0,5,1,cloister
67.559,13.086,1.026,0.0,12.655,1.339,223,833488,251,14.357,0.31,5.051,0,0,418430976,0,5,1,cloister
67.571,12.023,1.072,0.0,12.655,1.339,221,833406,249,14.402,0.31,5.05,0,0,418430976,0,5,1,cloister
67.584,12.467,1.018,0.0,12.655,1.339,221,833406,249,14.447,0.31,5.049,0,0,418430976,0,5,1,cloister
67.596,11.535,1.046,0.0,12.655,1.339,221,833406,249,14.447,0.31,5.049,0,0,418430976,0,5,1,cloister
67.608,12.965,1.32,0.0,12.655,1.339,221,833406,249,14.492,0.31,5.048,0,0,418430976,0,5,1,cloister
67.621,12.446,0.865,0.0,12.655,1.339,223,835184,251,14.537,0.31,5.047,0,0,418430976,0,5,1,cloister
67.633,12.973,0.557,0.0,12.655,1.339,223,835184,251,14.582,0.31,5.045,0,0,418430976,0,5,1,cloister
67.646,12.672,0.942,0.0,12.655,1.339,223,835184,251,14.582,0.31,5.045,0,0,418430976,0,5,1,cloister
67.658,13.361,0.95,0.0,12.655,1.339,223,835184,251,14.627,0.31,5.044,0,0,418430976,0,5,1,cloister
67.671,12.456,0.89,0.0,12.655,1.339,223,835184,251,14.672,0.31,5.043,0,0,418430976,0,5,1,cloister
67.683,12.688,0.987,0.0,12.655,1.339,223,835184,251,14.717,0.31,5.042,0,0,418430976,0,5,1,cloister
67.696,11.607,1.148,0.0,12.655,1.339,223,835184,251,14.717,0.31,5.042,0,0,418430976,0,5,1,cloister
67.708,13.376,1.089,0.0,12.655,1.339,223,835184,251,14.762,0.31,5.041,0,0,418430976,0,5,1,cloister
67.721,13.011,0.895,0.0,12.655,1.339,223,835184,251,14.807,0.31,5.039,0,0,418430976,0,5,1,cloister
67.733,12.157,0.409,0.0,12.655,1.339,223,835184,251,14.852,0.31,5.038,0,0,418430976,0,5,1,cloister
67.746,11.937,1.034,0.0,12.655,1.339,223,835184,251,14.852,0.31,5.038,0,0,418430976,0,5,1,cloister
67.758,12.919,0.97,0.0,12.655,1.339,223,835184,251,14.897,0.31,5.037,0,0,418430976,0,5,1,cloister
67.771,12.269,0.976,0.0,12.655,1.339,223,835184,251,14.942,0.31,5.036,0,0,418430976,0,5,1,cloister
67.783,12.2,1.034,0.0,12.655,1.339,223,835184,251,14.987,0.31,5.035,0,0,418430976,0,5,1,cloister
67.796,11.091,0.953,0.0,12.655,1.339,222,832492,250,14.987,0.31,5.035,0,0,418430976,0,5,1,cloister
67.808,13.904,1.104,0.0,12.655,1.339,222,832492,250,15.032,0.31,5.033,0,0,418430976,0,5,1,cloister
67.821,12.124,0.437,0.0,12.655,1.339,222,832492,250,15.077,0.31,5.032,0,0,418430976,0,5,1,cloister
67.833,10.973,0.941,0.0,12.655,1.339,222,832492,250,15.077,0.31,5.032,0,0,418430976,0,5,1,cloister
67.846,12.869,1.213,0.0,12.655,1.339,222,832492,250,15.122,0.31,5.031,0,0,418430976,0,5,1,cloister
67.858,12.144,0.411,0.0,12.655,1.339,222,832492,250,15.167,0.31,5.03,0,0,418430976,0,5,1,cloister
67.87,12.468,0.35,0.0,12.655,1.339,222,832492,250,15.212,0.31,5.029,0,0,418430976,0,5,1,cloister
67.883,12.719,0.414,0.0,12.655,1.339,223,832516,251,15.212,0.31,5.029,0,0,418430976,0,5,1,cloister
67.895,12.491,0.406,0.0,12.655,1.339,223,832516,251,15.257,0.31,5.027,0,0,418430976,0,5,1,cloister
67.907,11.858,1.223,0.0,12.655,1.339,223,832516,251,15.302,0.31,5.026,0,0,418430976,0,5,1,cloister
67.92,13.017,0.984,0.0,12.655,1.339,223,832516,251,15.347,0.31,5.025,0,0,418430976,0,5,1,cloister
67.932,11.599,0.598,0.0,12.655,1.339,223,832516,251,15.347,0.31,5.025,0,0,418430976,0,5,1,cloister
67.944,13.196,0.96,0.0,12.655,1.339,223,832516,251,15.392,0.31,5.024,0,0,418430976,0,5,1,cloister
67.957,11.478,0.988,0.0,12.655,1.339,223,832516,251,15.437,0.31,5.022,0,0,418430976,0,5,1,cloister
67.969,13.131,1.216,0.0,12.655,1.339,223,832516,251,15.482,0.31,5.021,0,0,418430976,0,5,1,cloister
67.982,11.876,0.421,0.0,12.655,1.339,223,832516,251,15.482,0.31,5.021,0,0,418430976,0,5,1,cloister
67.994,13.334,0.81,0.0,12.655,1.339,223,832516,251,15.526,0.31,5.02,0,0,418430976,0,5,1,cloister
68.006,11.865,0.903,0.0,12.655,1.339,223,832516,251,15.571,0.31,5.019,0,0,418430976,0,5,1,cloister
68.019,12.744,1.145,0.0,12.655,1.339,223,832516,251,15.616,0.31,5.018,0,0,418430976,0,5,1,cloister
68.031,11.642,0.68,0.0,12.655,1.339,222,832396,250,15.616,0.31,5.018,0,0,418430976,0,5,1,cloister
68.044,12.922,1.159,0.0,12.655,1.339,222,832396,250,15.661,0.31,5.016,0,0,418430976,0,5,1,cloister
68.056,12.174,0.873,0.0,12.655,1.339,223,832572,251,15.706,0.31,5.015,0,0,418430976,0,5,1,cloister
68.068,12.515,0.954,0.0,12.655,1.339,223,832572,251,15.751,0.31,5.014,0,0,418430976,0,5,1,cloister
68.081,11.637,1.084,0.0,12.655,1.339,223,832572,251,15.751,0.31,5.014,0,0,418430976,0,5,1,cloister
68.093,13.039,1.022,0.0,12.655,1.339,223,832572,251,15.796,0.31,5.013,0,0,418430976,0,5,1,cloister
68.105,12.295,0.891,0.0,12.655,1.339,223,832572,251,15.841,0.31,5.012,0,0,418430976,0,5,1,cloister
68.118,13.039,1.154,0.0,12.655,1.339,223,832572,251,15.886,0.31,5.01,0,0,418430976,0,5,1,cloister
68.13,11.712,0.996,0.0,12.655,1.339,223,832572,251,15.886,0.31,5.01,0,0,418430976,0,5,1,cloister
68.143,12.815,0.956,0.0,12.655,1.339,223,832572,251,15.931,0.31,5.009,0,0,418430976,0,5,1,cloister
68.155,12.508,0.958,0.0,12.655,1.339,223,829928,251,15.976,0.31,5.008,0,0,418430976,0,5,1,cloister
68.168,12.595,0.85,0.0,12.655,1.339,222,829888,250,16.021,0.31,5.007,0,0,418430976,0,5,1,cloister
68.18,11.671,1.003,0.0,12.655,1.339,221,829712,249,16.021,0.31,5.007,0,0,418430976,0,5,1,cloister
68.193,13.133,1.147,0.0,12.655,1.339,221,829712,249,16.066,0.31,5.006,0,0,418430976,0,5,1,cloister
68.205,12.256,1.004,0.0,12.655,1.339,221,829712,249,16.111,0.31,5.004,0,0,418430976,0,5,1,cloister
68.217,12.518,0.972,0.0,12.655,1.339,221,829712,249,16.156,0.31,5.003,0,0,418430976,0,5,1,cloister
68.23,11.382,1.061,0.0,12.655,1.339,221,829712,249,16.156,0.31,5.003,0,0,418430976,0,5,1,cloister
68.242,13.02,1.014,0.0,12.66,1.301,221,829712,249,16.201,0.31,5.002,0,0,418430976,0,5,1,cloister
68.254,12.241,0.861,0.0,12.66,1.301,221,829712,249,16.246,0.31,5.001,0,0,418430976,0,5,1,cloister
68.267,11.751,0.95,0.0,12.66,1.301,221,829712,249,16.246,0.31,5.001,0,0,418430976,0,5,1,cloister
68.279,13.045,1.037,0.0,12.66,1.301,221,829712,249,16.291,0.31,5.0,0,0,418430976,0,5,1,cloister
68.291,12.274,0.882,0.0,12.66,1.301,221,829712,249,16.336,0.31,4.998,0,0,418430976,0,5,1,cloister
68.304,12.716,1.064,0.0,12.66,1.301,221,829712,249,16.381,0.31,4.997,0,0,418430976,0,5,1,cloister
68.316,11.348,0.938,0.0,12.66,1.301,221,829712,249,16.381,0.31,4.997,0,0,418430976,0,5,1,cloister
68.328,13.121,1.01,0.0,12.66,1.301,221,829712,249,16.426,0.31,4.996,0,0,418430976,0,5,1,cloister
68.341,12.205,1.054,0.0,12.66,1.301,221,829712,249,16.471,0.31,4.995,0,0,418430976,0,5,1,cloister
68.353,12.599,0.475,0.0,12.66,1.301,221,829712,249,16.516,0.31,4.994,0,0,418430976,0,5,1,cloister
68.365,11.108,0.824,0.0,12.66,1.301,221,829712,249,16.516,0.31,4.994,0,0,418430976,0,5,1,cloister
68.378,12.76,1.075,0.0,12.66,1.301,221,829712,249,16.561,0.31,4.992,0,0,418430976,0,5,1,cloister
68.39,12.531,0.42,0.0,12.66,1.301,221,829712,249,16.606,0.31,4.991,0,0,418430976,0,5,1,cloister
68.403,13.368,0.361,0.0,12.66,1.301,222,829724,250,16.651,0.31,4.99,0,0,418430976,0,5,1,cloister
68.415,11.545,0.407,0.0,12.66,1.301,222,829724,250,16.651,0.31,4.99,0,0,418430976,0,5,1,cloister
68.427,12.245,1.254,0.0,12.66,1.301,222,829724,250,16.696,0.31,4.989,0,0,418430976,0,5,1,cloister
68.44,12.477,0.9,0.0,12.66,1.301,222,829724,250,16.741,0.31,4.987,0,0,418430976,0,5,1,cloister
68.452,12.368,0.408,0.0,12.66,1.301,222,829724,250,16.786,0.31,4.986,0,0,418430976,0,5,1,cloister
68.465,11.894,0.334,0.0,12.66,1.301,222,829724,250,16.786,0.31,4.986,0,0,418430976,0,5,1,cloister
68.477,13.58,0.329,0.0,12.66,1.301,222,829724,250,16.831,0.31,4.985,0,0,418430976,0,5,1,cloister
68.489,12.603,0.237,0.0,12.66,1.301,221,829604,249,16.876,0.31,4.984,0,0,418430976,0,5,1,cloister
68.502,11.342,0.391,0.0,12.66,1.301,221,829604,249,16.921,0.31,4.983,0,0,418430976,0,5,1,cloister
68.514,11.662,1.088,0.0,12.66,1.301,221,829604,249,16.921,0.31,4.983,0,0,418430976,0,5,1,cloister
68.526,13.289,0.332,0.0,12.66,1.301,221,829604,249,16.966,0.31,4.981,0,0,418430976,0,5,1,cloister
68.539,13.741,0.406,0.0,12.66,1.301,221,829604,249,17.011,0.31,4.98,0,0,418430976,0,5,1,cloister
68.551,11.866,0.459,0.0,12.66,1.301,221,829604,249,17.056,0.31,4.979,0,0,418430976,0,5,1,cloister
68.564,11.536,1.102,0.0,12.66,1.301,221,829604,249,17.056,0.31,4.979,0,0,418430976,0,5,1,cloister
68.576,13.104,1.257,0.0,12.66,1.301,221,829604,249,17.101,0.31,4.978,0,0,418430976,0,5,1,cloister
68.589,12.213,1.061,0.0,12.66,1.301,220,826820,248,17.146,0.31,4.977,0,0,418430976,0,5,1,cloister
68.601,12.435,0.96,0.0,12.66,1.301,220,826820,248,17.191,0.31,4.975,0,0,418430976,0,5,1,cloister
68.613,11.846,1.044,0.0,12.66,1.301,220,826820,248,17.191,0.31,4.975,0,0,418430976,0,5,1,cloister
68.626,12.894,1.011,0.0,12.66,1.301,220,826820,248,17.236,0.31,4.974,0,0,418430976,0,5,1,cloister
68.638,12.429,0.98,0.0,12.66,1.301,220,826820,248,17.281,0.31,4.973,0,0,418430976,0,5,1,cloister
68.651,12.669,1.08,0.0,12.66,1.301,220,826820,248,17.326,0.31,4.972,0,0,418430976,0,5,1,cloister
68.663,11.839,0.989,0.0,12.66,1.301,220,826820,248,17.326,0.31,4.972,0,0,418430976,0,5,1,cloister
68.676,13.429,1.1,0.0,12.66,1.301,220,826820,248,17.371,0.31,4.971,0,0,418430976,0,5,1,cloister
68.688,12.654,0.945,0.0,12.66,1.301,220,826820,248,17.416,0.31,4.969,0,0,418430976,0,5,1,cloister
68.701,14.123,0.954,0.0,12.66,1.301,220,826820,248,17.461,0.31,4.968,0,0,418430976,0,5,1,cloister
68.713,10.876,0.749,0.0,12.66,1.301,220,826820,248,17.461,0.31,4.968,0,0,418430976,0,5,1,cloister
68.726,13.622,0.895,0.0,12.66,1.301,220,826820,248,17.506,0.31,4.967,0,0,418430976,0,5,1,cloister
68.738,13.405,0.42,0.0,12.66,1.301,220,826820,248,17.551,0.31,4.966,0,0,418430976,0,5,1,cloister
68.751,12.999,0.459,0.0,12.66,1.301,220,826820,248,17.596,0.31,4.965,0,0,418430976,0,5,1,cloister
68.763,11.717,0.838,0.0,12.66,1.301,220,826820,248,17.596,0.31,4.965,0,0,418430976,0,5,1,cloister
68.776,13.633,0.869,0.0,12.66,1.301,220,826820,248,17.641,0.31,4.963,0,0,418430976,0,5,1,cloister
68.788,12.664,1.028,0.0,12.66,1.301,220,826820,248,17.686,0.31,4.962,0,0,418430976,0,5,1,cloister
68.801,12.615,0.967,0.0,12.66,1.301,219,826740,247,17.731,0.31,4.961,0,0,418430976,0,5,1,cloister
68.813,12.058,0.893,0.0,12.66,1.301,219,826740,247,17.731,0.31,4.961,0,0,418430976,0,5,1,cloister
68.826,12.898,1.025,0.0,12.66,1.301,219,826740,247,17.776,0.31,4.96,0,0,418430976,0,5,1,cloister
68.838,12.446,1.174,0.0,12.66,1.301,218,826720,246,17.821,0.31,4.959,0,0,418430976,0,5,1,cloister
68.851,12.84,1.0,0.0,12.66,1.301,218,826720,246,17.866,0.31,4.957,0,0,418430976,0,5,1,cloister
68.863,11.743,1.085,0.0,12.66,1.301,217,826684,245,17.866,0.31,4.957,0,0,418430976,0,5,1,cloister
68.876,13.246,0.99,0.0,12.66,1.301,217,826684,245,17.911,0.31,4.956,0,0,418430976,0,5,1,cloister
68.888,12.682,0.882,0.0,12.66,1.301,217,826684,245,17.956,0.31,4.955,0,0,418430976,0,5,1,cloister
68.901,11.591,1.024,0.0,12.66,1.301,217,826684,245,18.001,0.31,4.954,0,0,418430976,0,5,1,cloister
68.913,12.073,1.847,0.0,12.66,1.301,217,826684,245,18.001,0.31,4.954,0,0,418430976,0,5,1,cloister
68.926,13.705,0.353,0.0,12.66,1.301,217,826684,245,18.046,0.31,4.952,0,0,418430976,0,5,1,cloister
68.938,12.485,0.399,0.0,12.66,1.301,217,826684,245,18.091,0.31,4.951,0,0,418430976,0,5,1,cloister
68.951,12.589,1.21,0.0,12.66,1.301,217,826684,245,18.136,0.31,4.95,0,0,418430976,0,5,1,cloister
68.963,11.901,1.045,0.0,12.66,1.301,217,826684,245,18.136,0.31,4.95,0,0,418430976,0,5,1,cloister
68.976,13.65,0.553,0.0,12.66,1.301,217,826684,245,18.18,0.31,4.949,0,0,418430976,0,5,1,cloister
68.988,12.702,0.973,0.0,12.66,1.301,217,826684,245,18.225,0.31,4.948,0,0,418430976,0,5,1,cloister
69.001,12.67,1.026,0.0,12.66,1.301,217,826684,245,18.27,0.31,4.946,0,0,418430976,0,5,1,cloister
69.013,12.287,1.0,0.0,12.66,1.301,217,826684,245,18.27,0.31,4.946,0,0,418430976,0,5,1,cloister
69.026,13.199,0.918,0.0,12.66,1.301,217,826684,245,18.315,0.31,4.945,0,0,418430976,0,5,1,cloister
69.038,12.315,1.416,0.0,12.66,1.301,217,826684,245,18.36,0.31,4.944,0,0,418430976,0,5,1,cloister
69.051,12.917,1.606,0.0,12.66,1.301,217,826684,245,18.405,0.31,4.943,0,0,418430976,0,5,1,cloister
69.063,11.855,0.974,0.0,12.66,1.301,217,826684,245,18.405,0.31,4.943,0,0,418430976,0,5,1,cloister
69.076,13.197,1.137,0.0,12.66,1.301,217,826684,245,18.45,0.31,4.942,0,0,418430976,0,5,1,cloister
69.088,12.429,0.845,0.0,12.66,1.301,217,826684,245,18.495,0.31,4.94,0,0,418430976,0,5,1,cloister
69.101,12.592,1.016,0.0,12.66,1.301,217,830878,245,18.54,0.31,4.939,0,0,418430976,0,5,1,cloister
69.113,11.813,0.915,0.0,12.66,1.301,217,830878,245,18.54,0.31,4.939,0,0,418430976,0,5,1,cloister
69.126,13.382,1.171,0.0,12.66,1.301,217,830878,245,18.585,0.31,4.938,0,0,418430976,0,5,1,cloister
69.138,12.56,0.815,0.0,12.66,1.301,216,830758,244,18.63,0.31,4.937,0,0,418430976,0,5,1,cloister
69.151,12.751,1.034,0.0,12.66,1.301,216,830758,244,18.675,0.31,4.936,0,0,418430976,0,5,1,cloister
69.163,12.111,0.865,0.0,12.66,1.301,216,830758,244,18.675,0.31,4.936,0,0,418430976,0,5,1,cloister
69.176,13.3,0.967,0.0,12.66,1.301,216,830758,244,18.72,0.31,4.934,0,0,418430976,0,5,1,cloister
69.188,11.608,0.888,0.0,12.66,1.301,215,830756,243,18.765,0.31,4.933,0,0,418430976,0,5,1,cloister
69.201,13.413,0.895,0.0,12.66,1.301,215,830756,243,18.81,0.31,4.932,0,0,418430976,0,5,1,cloister
69.213,12.039,0.709,0.0,12.66,1.301,215,830756,243,18.81,0.31,4.932,0,0,418430976,0,5,1,cloister
69.226,13.134,0.935,0.0,12.66,1.301,215,830756,243,18.855,0.31,4.931,0,0,418430976,0,5,1,cloister
69.238,12.337,0.929,0.0,13.27,1.14,215,830756,243,18.9,0.31,4.93,0,0,418430976,0,5,1,cloister
69.251,12.567,0.982,0.0,13.27,1.14,215,830756,243,18.945,0.31,4.928,0,0,418430976,0,5,1,cloister
69.263,12.063,0.982,0.0,13.27,1.14,215,830756,243,18.945,0.31,4.928,0,0,418430976,0,5,1,cloister
69.276,12.419,1.059,0.0,13.27,1.14,215,830756,243,18.99,0.31,4.927,0,0,418430976,0,5,1,cloister
69.288,12.569,2.328,0.0,13.27,1.14,215,830756,243,19.035,0.31,4.926,0,0,418430976,0,5,1,cloister
69.301,13.203,0.405,0.0,13.27,1.14,215,830756,243,19.08,0.31,4.925,0,0,418430976,0,5,1,cloister
69.313,12.075,0.377,0.0,13.27,1.14,215,830756,243,19.08,0.31,4.925,0,0,418430976,0,5,1,cloister
69.326,13.198,0.862,0.0,13.27,1.14,215,830756,243,19.125,0.31,4.923,0,0,418430976,0,5,1,cloister
69.338,12.362,1.063,0.0,13.27,1.14,215,830756,243,19.17,0.31,4.922,0,0,418430976,0,5,1,cloister
69.351,12.289,1.034,0.0,13.27,1.14,215,830756,243,19.215,0.31,4.921,0,0,418430976,0,5,1,cloister
69.363,11.928,0.942,0.0,13.27,1.14,214,830754,242,19.215,0.31,4.921,0,0,418430976,0,5,1,cloister
69.376,13.121,0.88,0.0,13.27,1.14,214,830754,242,19.26,0.31,4.92,0,0,418430976,0,5,1,cloister
69.388,12.441,0.861,0.0,13.27,1.14,213,830752,241,19.305,0.31,4.919,0,0,418430976,0,5,1,cloister
69.401,12.838,2.164,0.0,13.27,1.14,209,830432,237,19.35,0.31,4.917,0,0,418430976,0,5,1,cloister
69.413,11.409,1.008,0.0,13.27,1.14,209,830432,237,19.35,0.31,4.917,0,0,418430976,0,5,1,cloister
69.426,12.748,0.771,0.0,13.27,1.14,209,830432,237,19.395,0.31,4.916,0,0,418430976,0,5,1,cloister
69.438,12.511,0.855,0.0,13.27,1.14,209,830432,237,19.44,0.31,4.915,0,0,418430976,0,5,1,cloister
69.451,12.516,0.379,0.0,13.27,1.14,207,830272,235,19.485,0.31,4.914,0,0,418430976,0,5,1,cloister
69.463,12.071,0.36,0.0,13.27,1.14,207,830272,235,19.485,0.31,4.914,0,0,418430976,0,5,1,cloister
69.476,13.072,0.49,0.0,13.27,1.14,207,830272,235,19.53,0.31,4.913,0,0,418430976,0,5,1,cloister
69.488,13.083,0.421,0.0,13.27,1.14,206,830260,234,19.575,0.31,4.911,0,0,418430976,0,5,1,cloister
69.501,12.659,0.413,0.0,13.27,1.14,207,830406,235,19.62,0.31,4.91,0,0,418430976,0,5,1,cloister
69.513,11.95,0.983,0.0,13.27,1.14,208,830486,236,19.62,0.31,4.91,0,0,418430976,0,5,1,cloister
69.526,13.345,0.9,0.0,13.27,1.14,208,830486,236,19.665,0.31,4.909,0,0,418430976,0,5,1,cloister
69.538,12.551,0.95,0.0,13.27,1.14,208,830508,236,19.71,0.31,4.908,0,0,418430976,0,5,1,cloister
69.551,12.202,0.959,0.0,13.27,1.14,208,830508,236,19.755,0.31,4.906,0,0,418430976,0,5,1,cloister
69.563,12.117,1.113,0.0,13.27,1.14,208,830508,236,19.755,0.31,4.906,0,0,418430976,0,5,1,cloister
69.576,13.498,0.954,0.0,13.27,1.14,208,830508,236,19.8,0.31,4.905,0,0,418430976,0,5,1,cloister
69.588,12.053,0.909,0.0,13.27,1.14,207,828440,235,19.845,0.31,4.904,0,0,418430976,0,5,1,cloister
69.601,12.744,0.959,0.0,13.27,1.14,207,828440,235,19.89,0.31,4.902,0,0,418430976,0,5,1,cloister
69.613,11.946,0.88,0.0,13.27,1.14,207,828440,235,19.89,0.31,4.902,0,0,418430976,0,5,1,cloister
69.626,13.602,1.056,0.0,13.27,1.14,207,828440,235,19.935,0.31,4.901,0,0,418430976,0,5,1,cloister
69.638,12.293,0.948,0.0,13.27,1.14,207,828440,235,19.98,0.31,4.899,0,0,418430976,0,5,1,cloister
69.651,12.367,1.14,0.0,13.27,1.14,207,828440,235,20.025,0.31,4.898,0,0,418430976,0,5,1,cloister
69.663,11.97,1.092,0.0,13.27,1.14,207,828440,235,20.025,0.31,4.898,0,0,418430976,0,5,1,cloister
69.676,13.081,0.98,0.0,13.27,1.14,207,828440,235,20.07,0.31,4.896,0,0,418430976,0,5,1,cloister
69.688,12.705,0.87,0.0,13.27,1.14,207,828440,235,20.115,0.31,4.895,0,0,418430976,0,5,1,cloister
69.701,12.423,1.339,0.0,13.27,1.14,206,828360,234,20.16,0.31,4.893,0,0,418430976,0,5,1,cloister
69.713,12.29,0.978,0.0,13.27,1.14,206,828360,234,20.16,0.31,4.893,0,0,418430976,0,5,1,cloister
69.726,13.263,0.863,0.0,13.27,1.14,206,828360,234,20.205,0.31,4.892,0,0,418430976,0,5,1,cloister
69.738,12.286,1.163,0.0,13.27,1.14,206,828360,234,20.25,0.31,4.89,0,0,418430976,0,5,1,cloister
69.752,13.391,1.33,0.0,13.27,1.14,205,828324,233,20.295,0.31,4.889,0,0,418430976,0,5,1,cloister
69.764,10.597,1.179,0.0,13.27,1.14,205,828324,233,20.295,0.31,4.889,0,0,418430976,0,5,1,cloister
69.777,13.74,0.994,0.0,13.27,1.14,205,828324,233,20.34,0.31,4.887,0,0,418430976,0,5,1,cloister
69.789,12.313,0.421,0.0,13.27,1.14,205,828324,233,20.385,0.31,4.885,0,0,418430976,0,5,1,cloister
69.802,12.769,1.071,0.0,13.27,1.14,205,828324,233,20.429,0.31,4.884,0,0,418430976,0,5,1,cloister
69.814,11.944,0.855,0.0,13.27,1.14,205,828324,233,20.429,0.31,4.884,0,0,418430976,0,5,1,cloister
69.827,13.328,0.9,0.0,13.27,1.14,205,828324,233,20.474,0.31,4.882,0,0,418430976,0,5,1,cloister
69.839,12.322,1.019,0.0,13.27,1.14,204,828322,232,20.519,0.31,4.88,0,0,418430976,0,5,1,cloister
69.853,14.206,1.294,0.0,13.27,1.14,204,828322,232,20.564,0.31,4.879,0,0,418430976,0,5,1,cloister
69.865,10.853,0.44,0.0,13.27,1.14,204,828322,232,20.564,0.31,4.879,0,0,418430976,0,5,1,cloister
69.878,13.015,0.891,0.0,13.27,1.14,204,828322,232,20.609,0.31,4.877,0,0,418430976,0,5,1,cloister
69.89,12.959,1.269,0.0,13.27,1.14,204,828322,232,20.654,0.31,4.875,0,0,418430976,0,5,1,cloister
69.903,11.659,1.263,0.0,13.27,1.14,204,828322,232,20.699,0.31,4.874,0,0,418430976,0,5,1,cloister
69.915,12.504,1.032,0.0,13.27,1.14,202,828202,230,20.699,0.31,4.874,0,0,418430976,0,5,1,cloister
69.928,13.758,0.42,0.0,13.27,1.14,202,828202,230,20.744,0.31,4.872,0,0,418430976,0,5,1,cloister
69.94,11.954,0.954,0.0,13.27,1.14,200,828002,228,20.789,0.31,4.87,0,0,418430976,0,5,1,cloister
69.953,12.73,1.162,0.0,13.27,1.14,199,827966,227,20.834,0.31,4.868,0,0,418430976,0,5,1,cloister
69.965,11.893,0.886,0.0,13.27,1.14,200,827968,228,20.834,0.31,4.868,0,0,418430976,0,5,1,cloister
69.978,13.362,1.154,0.0,13.27,1.14,200,827968,228,20.879,0.31,4.867,0,0,418430976,0,5,1,cloister
69.99,12.337,0.933,0.0,13.27,1.14,200,827968,228,20.924,0.31,4.865,0,0,418430976,0,5,1,cloister
70.003,12.825,0.99,0.0,13.27,1.14,200,827968,228,20.969,0.31,4.863,0,0,418430976,0,5,1,cloister
70.015,12.072,0.863,0.0,13.27,1.14,200,827968,228,20.969,0.31,4.863,0,0,418430976,0,5,1,cloister
70.028,13.005,1.006,0.0,13.27,1.14,200,827968,228,21.014,0.31,4.862,0,0,418430976,0,5,1,cloister
70.04,12.655,1.137,0.0,13.27,1.14,200,827968,228,21.059,0.31,4.86,0,0,418430976,0,5,1,cloister
70.053,12.546,1.01,0.0,13.27,1.14,200,827968,228,21.104,0.31,4.858,0,0,418430976,0,5,1,cloister
70.066,12.039,1.177,0.0,13.27,1.14,199,827848,227,21.104,0.31,4.858,0,0,418430976,0,5,1,cloister
70.078,13.544,1.035,0.0,13.27,1.14,199,827848,227,21.149,0.31,4.856,0,0,418430976,0,5,1,cloister
70.091,12.224,0.64,0.0,13.27,1.14,199,827848,227,21.194,0.31,4.855,0,0,418430976,0,5,1,cloister
70.104,12.871,0.883,0.0,13.27,1.14,199,827848,227,21.239,0.31,4.853,0,0,418430976,0,5,1,cloister
70.117,12.295,1.291,0.0,13.27,1.14,199,827848,227,21.239,0.31,4.853,0,0,418430976,0,5,1,cloister
70.13,13.432,0.872,0.0,13.27,1.14,199,827848,227,21.284,0.31,4.851,0,0,418430976,0,5,1,cloister
70.143,13.016,0.909,0.0,13.27,1.14,199,827848,227,21.329,0.31,4.849,0,0,418430976,0,5,1,cloister
70.155,12.83,0.852,0.0,13.27,1.14,198,827728,226,21.374,0.31,4.848,0,0,418430976,0,5,1,cloister
70.168,13.435,0.967,0.0,13.27,1.14,198,827728,226,21.419,0.31,4.846,0,0,418430976,0,5,1,cloister
70.181,11.872,0.852,0.0,13.27,1.14,198,827728,226,21.419,0.31,4.846,0,0,418430976,0,5,1,cloister
70.194,13.482,1.157,0.0,13.27,1.14,198,827728,226,21.464,0.31,4.844,0,0,418430976,0,5,1,cloister
70.207,12.938,0.855,0.0,13.27,1.14,198,827728,226,21.509,0.31,4.842,0,0,418430976,0,5,1,cloister
70.22,12.465,0.978,0.0,13.27,1.14,198,827728,226,21.554,0.31,4.84,0,0,418430976,0,5,1,cloister
70.233,12.283,1.167,0.0,12.892,1.176,198,827728,226,21.554,0.31,4.84,0,0,418430976,0,5,1,cloister
70.246,13.852,0.982,0.0,12.892,1.176,198,827728,226,21.599,0.31,4.839,0,0,418430976,0,5,1,cloister
70.259,12.245,0.947,0.0,12.892,1.176,198,827728,226,21.644,0.31,4.837,0,0,418430976,0,5,1,cloister
70.272,12.815,1.135,0.0,12.892,1.176,198,827728,226,21.689,0.31,4.835,0,0,418430976,0,5,1,cloister
70.285,12.956,1.081,0.0,12.892,1.176,198,827728,226,21.734,0.31,4.833,0,0,418430976,0,5,1,cloister
70.298,12.431,0.964,0.0,12.892,1.176,197,827708,225,21.734,0.31,4.833,0,0,418430976,0,5,1,cloister
70.311,13.0,0.957,0.0,12.892,1.176,197,827708,225,21.778,0.31,4.832,0,0,418430976,0,5,1,cloister
70.324,13.184,0.821,0.0,12.892,1.176,197,827708,225,21.823,0.31,4.83,0,0,418430976,0,5,1,cloister
70.337,13.137,0.385,0.0,12.892,1.176,196,827660,224,21.868,0.31,4.828,0,0,418430976,0,5,1,cloister
70.35,12.801,0.46,0.0,12.892,1.176,196,827660,224,21.868,0.31,4.828,0,0,418430976,0,5,1,cloister
70.363,13.805,0.463,0.0,12.892,1.176,196,827660,224,21.913,0.31,4.826,0,0,418430976,0,5,1,cloister
70.376,12.653,0.964,0.0,12.892,1.176,196,827660,224,21.958,0.31,4.824,0,0,418430976,0,5,1,cloister
70.389,12.949,1.101,0.0,12.892,1.176,196,827660,224,22.003,0.31,4.823,0,0,418430976,0,5,1,cloister
70.402,12.638,0.943,0.0,12.892,1.176,196,827660,224,22.048,0.31,4.821,0,0,418430976,0,5,1,cloister
70.415,12.271,0.886,0.0,12.892,1.176,196,827660,224,22.048,0.31,4.821,0,0,418430976,0,5,1,cloister
70.428,13.361,0.866,0.0,12.892,1.176,196,827660,224,22.093,0.31,4.819,0,0,418430976,0,5,1,cloister
70.441,12.997,0.837,0.0,12.892,1.176,195,827636,223,22.138,0.31,4.817,0,0,418430976,0,5,1,cloister
70.454,12.256,0.433,0.0,12.892,1.176,195,827636,223,22.183,0.31,4.816,0,0,418430976,0,5,1,cloister
70.467,12.368,0.81,0.0,12.892,1.176,194,827600,222,22.183,0.31,4.816,0,0,418430976,0,5,1,cloister
70.479,13.203,0.356,0.0,12.892,1.176,194,827600,222,22.228,0.31,4.814,0,0,418430976,0,5,1,cloister
70.492,12.857,0.392,0.0,12.892,1.176,194,827600,222,22.273,0.31,4.812,0,0,418430976,0,5,1,cloister
70.505,13.486,0.324,0.0,12.892,1.176,194,827600,222,22.318,0.31,4.81,0,0,418430976,0,5,1,cloister
70.518,12.612,0.401,0.0,12.892,1.176,194,827600,222,22.363,0.31,4.808,0,0,418430976,0,5,1,cloister
70.531,12.325,0.852,0.0,12.892,1.176,195,852256,223,22.363,0.31,4.808,0,0,418430976,0,5,1,cloister
70.544,13.398,0.831,0.0,12.892,1.176,195,852256,223,22.408,0.31,4.807,0,0,418430976,0,5,1,cloister
70.557,12.868,1.02,0.0,12.892,1.176,195,852256,223,22.453,0.31,4.805,0,0,418430976,0,5,1,cloister
70.57,12.784,0.813,0.0,12.892,1.176,194,850164,222,22.498,0.31,4.803,0,0,418430976,0,5,1,cloister
70.583,12.0,0.908,0.0,12.892,1.176,194,850164,222,22.498,0.31,4.803,0,0,418430976,0,5,1,cloister
70.596,13.529,0.872,0.0,12.892,1.176,194,850164,222,22.543,0.31,4.801,0,0,418430976,0,5,1,cloister
70.609,12.775,0.903,0.0,12.892,1.176,194,850164,222,22.588,0.31,4.799,0,0,418430976,0,5,1,cloister
70.622,12.683,0.973,0.0,12.892,1.176,195,850166,223,22.633,0.31,4.798,0,0,418430976,0,5,1,cloister
70.635,12.807,0.877,0.0,12.892,1.176,195,850166,223,22.678,0.31,4.796,0,0,418430976,0,5,1,cloister
70.648,12.259,0.867,0.0,12.892,1.176,195,850166,223,22.678,0.31,4.796,0,0,418430976,0,5,1,cloister
70.661,13.182,0.948,0.0,12.892,1.176,195,850166,223,22.723,0.31,4.794,0,0,418430976,0,5,1,cloister
70.674,12.879,0.876,0.0,12.892,1.176,196,850238,224,22.768,0.31,4.792,0,0,418430976,0,5,1,cloister
70.687,12.797,0.881,0.0,12.892,1.176,196,850238,224,22.813,0.31,4.791,0,0,418430976,0,5,1,cloister
70.7,12.222,0.946,0.0,12.892,1.176,196,850238,224,22.813,0.31,4.791,0,0,418430976,0,5,1,cloister
70.713,13.22,0.903,0.0,12.892,1.176,196,850238,224,22.858,0.31,4.789,0,0,418430976,0,5,1,cloister
70.726,12.662,0.855,0.0,12.892,1.176,196,850238,224,22.903,0.31,4.787,0,0,418430976,0,5,1,cloister
70.739,13.095,0.855,0.0,12.892,1.176,195,850190,223,22.948,0.31,4.785,0,0,418430976,0,5,1,cloister
70.752,12.626,0.923,0.0,12.892,1.176,195,850190,223,22.993,0.31,4.783,0,0,418430976,0,5,1,cloister
70.765,12.209,0.928,0.0,12.892,1.176,195,850190,223,22.993,0.31,4.783,0,0,418430976,0,5,1,cloister
70.778,13.415,0.858,0.0,12.892,1.176,195,850190,223,23.037,0.31,4.782,0,0,418430976,0,5,1,cloister
70.791,13.382,0.882,0.0,12.892,1.176,195,850190,223,23.082,0.31,4.78,0,0,418430976,0,5,1,cloister
70.804,13.285,0.874,0.0,12.892,1.176,195,850190,223,23.127,0.31,4.778,0,0,418430976,0,5,1,cloister
70.817,12.667,0.865,0.0,12.892,1.176,195,850190,223,23.127,0.31,4.778,0,0,418430976,0,5,1,cloister
70.829,13.961,0.844,0.0,12.892,1.176,195,850190,223,23.172,0.31,4.776,0,0,418430976,0,5,1,cloister
70.842,11.613,0.881,0.0,12.892,1.176,195,850190,223,23.217,0.31,4.774,0,0,418430976,0,5,1,cloister
70.855,13.527,1.044,0.0,12.892,1.176,195,850190,223,23.262,0.31,4.773,0,0,418430976,0,5,1,cloister
70.868,12.785,0.405,0.0,12.892,1.176,195,850190,223,23.307,0.31,4.771,0,0,418430976,0,5,1,cloister
70.881,12.663,0.34,0.0,12.892,1.176,194,850154,222,23.307,0.31,4.771,0,0,418430976,0,5,1,cloister
70.894,14.292,0.465,0.0,12.892,1.176,194,850154,222,23.352,0.31,4.769,0,0,418430976,0,5,1,cloister
70.907,12.466,0.471,0.0,12.892,1.176,194,850154,222,23.397,0.31,4.767,0,0,418430976,0,5,1,cloister
70.92,12.383,1.585,0.0,12.892,1.176,194,850154,222,23.442,0.31,4.765,0,0,418430976,0,5,1,cloister
70.933,12.582,0.855,0.0,12.892,1.176,194,850154,222,23.442,0.31,4.765,0,0,418430976,0,5,1,cloister
70.946,13.178,0.429,0.0,12.892,1.176,194,850154,222,23.487,0.31,4.764,0,0,418430976,0,5,1,cloister
70.959,12.091,0.858,0.0,12.892,1.176,194,850154,222,23.532,0.31,4.762,0,0,418430976,0,5,1,cloister
70.972,12.473,0.952,0.0,12.892,1.176,195,850156,223,23.577,0.31,4.76,0,0,418430976,0,5,1,cloister
70.985,12.743,0.388,0.0,12.892,1.176,195,850156,223,23.622,0.31,4.758,0,0,418430976,0,5,1,cloister
70.998,12.121,0.332,0.0,12.892,1.176,196,850158,224,23.622,0.31,4.758,0,0,418430976,0,5,1,cloister
71.011,13.936,0.352,0.0,12.892,1.176,196,850158,224,23.667,0.31,4.757,0,0,418430976,0,5,1,cloister
71.024,12.609,0.434,0.0,12.892,1.176,196,850158,224,23.712,0.31,4.755,0,0,418430976,0,5,1,cloister
71.037,12.67,0.875,0.0,12.892,1.176,196,850158,224,23.757,0.31,4.753,0,0,418430976,0,5,1,cloister
71.05,12.102,0.918,0.0,12.892,1.176,196,850158,224,23.757,0.31,4.753,0,0,418430976,0,5,1,cloister
71.062,13.098,0.986,0.0,12.892,1.176,196,850158,224,23.802,0.31,4.751,0,0,418430976,0,5,1,cloister
71.075,12.547,0.93,0.0,12.892,1.176,195,850118,223,23.847,0.31,4.749,0,0,418430976,0,5,1,cloister
71.088,12.785,0.904,0.0,12.892,1.176,195,850118,223,23.892,0.31,4.748,0,0,418430976,0,5,1,cloister
71.1,12.33,0.877,0.0,12.892,1.176,195,850118,223,23.937,0.31,4.746,0,0,418430976,0,5,1,cloister
71.113,12.248,0.963,0.0,12.892,1.176,194,848026,222,23.937,0.31,4.746,0,0,418430976,0,5,1,cloister
71.125,12.011,0.848,0.0,12.892,1.176,194,848026,222,23.982,0.31,4.744,0,0,418430976,0,5,1,cloister
71.138,12.715,1.256,0.0,12.892,1.176,194,848026,222,24.027,0.31,4.742,0,0,418430976,0,5,1,cloister
71.15,12.714,0.394,0.0,12.892,1.176,194,848026,222,24.072,0.31,4.74,0,0,418430976,0,5,1,cloister
71.163,12.23,0.33,0.0,12.892,1.176,193,847906,221,24.072,0.31,4.74,0,0,418430976,0,5,1,cloister
71.175,13.516,0.404,0.0,12.892,1.176,193,847906,221,24.117,0.31,4.739,0,0,418430976,0,5,1,cloister
71.188,12.523,0.419,0.0,12.892,1.176,193,847906,221,24.162,0.31,4.737,0,0,418430976,0,5,1,cloister
71.2,12.376,1.045,0.0,12.892,1.176,193,847906,221,24.207,0.31,4.735,0,0,418430976,0,5,1,cloister
71.213,12.385,0.922,0.0,12.892,1.176,192,847858,220,24.207,0.31,4.735,0,0,418430976,0,5,1,cloister
71.226,12.758,0.861,0.0,12.892,1.176,192,847858,220,24.251,0.31,4.733,0,0,418430976,0,5,1,cloister
71.238,12.503,1.37,0.0,12.892,1.176,192,847858,220,24.296,0.31,4.731,0,0,418430976,0,5,1,cloister
71.251,12.53,0.901,0.0,13.136,1.169,192,847858,220,24.341,0.31,4.73,0,0,418430976,0,5,1,cloister
71.263,12.284,0.844,0.0,13.136,1.169,192,847858,220,24.341,0.31,4.73,0,0,418430976,0,5,1,cloister
71.276,12.991,1.026,0.0,13.136,1.169,192,847858,220,24.386,0.31,4.728,0,0,418430976,0,5,1,cloister
71.288,12.517,0.854,0.0,13.136,1.169,193,847860,221,24.431,0.31,4.726,0,0,418430976,0,5,1,cloister
71.301,12.537,0.903,0.0,13.136,1.169,194,847862,222,24.476,0.31,4.724,0,0,418430976,0,5,1,cloister
71.313,12.063,0.869,0.0,13.136,1.169,195,848838,223,24.476,0.31,4.724,0,0,418430976,0,5,1,cloister
71.326,13.366,0.925,0.0,13.136,1.169,195,848838,223,24.521,0.31,4.723,0,0,418430976,0,5,1,cloister
71.339,12.718,0.873,0.0,13.136,1.169,197,853610,225,24.566,0.31,4.721,0,0,418430976,0,5,1,cloister
71.351,12.264,0.963,0.0,13.136,1.169,197,853610,225,24.611,0.31,4.719,0,0,418430976,0,5,1,cloister
71.364,11.834,1.035,0.0,13.136,1.169,197,853610,225,24.611,0.31,4.719,0,0,418430976,0,5,1,cloister
71.376,13.2,0.918,0.0,13.136,1.169,197,853610,225,24.656,0.31,4.717,0,0,418430976,0,5,1,cloister
71.389,12.437,0.851,0.0,13.136,1.169,197,853610,225,24.701,0.31,4.715,0,0,418430976,0,5,1,cloister
71.401,11.841,0.937,0.0,13.136,1.169,196,853574,224,24.746,0.31,4.714,0,0,418430976,0,5,1,cloister
71.414,12.792,1.036,0.0,13.136,1.169,195,853558,223,24.746,0.31,4.714,0,0,418430976,0,5,1,cloister
71.427,13.696,0.685,0.0,13.136,1.169,195,853558,223,24.791,0.31,4.712,0,0,418430976,0,5,1,cloister
71.439,11.389,1.322,0.0,13.136,1.169,195,853558,223,24.836,0.31,4.71,0,0,418430976,0,5,1,cloister
71.452,12.571,0.931,0.0,13.136,1.169,195,853558,223,24.881,0.31,4.708,0,0,418430976,0,5,1,cloister
71.464,12.215,0.32,0.0,13.136,1.169,195,853558,223,24.881,0.31,4.708,0,0,418430976,0,5,1,cloister
71.477,13.84,0.311,0.0,13.136,1.169,195,853558,223,24.926,0.31,4.706,0,0,418430976,0,5,1,cloister
71.49,12.988,0.407,0.0,13.136,1.169,196,853606,224,24.971,0.31,4.705,0,0,418430976,0,5,1,cloister
71.503,11.864,0.949,0.0,13.136,1.169,197,853608,225,25.016,0.31,4.703,0,0,418430976,0,5,1,cloister
71.515,12.063,2.549,0.0,13.136,1.169,198,853632,226,25.016,0.31,4.703,0,0,418430976,0,5,1,cloister
71.528,13.029,0.4,0.0,13.136,1.169,198,853632,226,25.061,0.31,4.701,0,0,418430976,0,5,1,cloister
71.54,12.794,0.337,0.0,13.136,1.169,198,853632,226,25.106,0.31,4.699,0,0,418430976,0,5,1,cloister
71.553,13.375,0.272,0.0,13.136,1.169,198,853632,226,25.151,0.31,4.697,0,0,418430976,0,5,1,cloister
71.566,12.138,0.39,0.0,13.136,1.169,198,853632,226,25.151,0.31,4.697,0,0,418430976,0,5,1,cloister
71.579,13.286,0.833,0.0,13.136,1.169,198,853632,226,25.196,0.31,4.696,0,0,418430976,0,5,1,cloister
71.591,12.582,0.838,0.0,13.136,1.169,197,853596,225,25.241,0.31,4.694,0,0,418430976,0,5,1,cloister
71.604,12.515,0.869,0.0,13.136,1.169,197,853596,225,25.286,0.31,4.692,0,0,418430976,0,5,1,cloister
71.617,12.143,0.895,0.0,13.136,1.169,197,853596,225,25.286,0.31,4.692,0,0,418430976,0,5,1,cloister
71.629,13.257,0.818,0.0,13.136,1.169,197,853596,225,25.331,0.31,4.69,0,0,418430976,0,5,1,cloister
71.642,12.855,0.867,0.0,13.136,1.169,198,853598,226,25.376,0.31,4.689,0,0,418430976,0,5,1,cloister
71.655,12.501,0.831,0.0,13.136,1.169,197,853586,225,25.421,0.31,4.687,0,0,418430976,0,5,1,cloister
71.667,12.673,0.971,0.0,13.136,1.169,197,853586,225,25.466,0.31,4.685,0,0,418430976,0,5,1,cloister
71.68,12.195,0.903,0.0,13.136,1.169,197,853586,225,25.466,0.31,4.685,0,0,418430976,0,5,1,cloister
71.693,13.225,0.869,0.0,13.136,1.169,197,853586,225,25.51,0.31,4.683,0,0,418430976,0,5,1,cloister
71.705,12.665,0.858,0.0,13.136,1.169,197,853586,225,25.555,0.31,4.681,0,0,418430976,0,5,1,cloister
71.718,12.594,0.942,0.0,13.136,1.169,196,851518,224,25.6,0.31,4.68,0,0,418430976,0,5,1,cloister
71.731,12.034,0.883,0.0,13.136,1.169,197,851530,225,25.6,0.31,4.68,0,0,418430976,0,5,1,cloister
71.743,13.59,0.847,0.0,13.136,1.169,197,851530,225,25.645,0.31,4.678,0,0,418430976,0,5,1,cloister
71.756,12.492,0.854,0.0,13.136,1.169,197,851530,225,25.69,0.31,4.676,0,0,418430976,0,5,1,cloister
71.769,12.7,1.168,0.0,13.136,1.169,196,851518,224,25.735,0.31,4.674,0,0,418430976,0,5,1,cloister
71.781,12.135,0.97,0.0,13.136,1.169,196,851518,224,25.735,0.31,4.674,0,0,418430976,0,5,1,cloister
71.794,13.213,0.478,0.0,13.136,1.169,196,851518,224,25.78,0.31,4.672,0,0,418430976,0,5,1,cloister
71.807,13.689,1.012,0.0,13.136,1.169,196,851518,224,25.825,0.31,4.671,0,0,418430976,0,5,1,cloister
71.819,11.434,1.038,0.0,13.136,1.169,193,851482,221,25.87,0.31,4.669,0,0,418430976,0,5,1,cloister
71.832,11.956,0.799,0.0,13.136,1.169,193,851482,221,25.87,0.31,4.669,0,0,418430976,0,5,1,cloister
71.845,13.701,1.072,0.0,13.136,1.169,193,851482,221,25.915,0.31,4.667,0,0,418430976,0,5,1,cloister
71.857,12.816,0.913,0.0,13.136,1.169,193,851482,221,25.96,0.31,4.665,0,0,418430976,0,5,1,cloister
71.87,12.919,1.274,0.0,13.136,1.169,192,851434,220,26.005,0.31,4.663,0,0,418430976,0,5,1,cloister
71.883,11.893,0.875,0.0,13.136,1.169,192,851434,220,26.005,0.31,4.663,0,0,418430976,0,5,1,cloister
71.896,13.274,1.548,0.0,13.136,1.169,192,851434,220,26.05,0.31,4.662,0,0,418430976,0,5,1,cloister
71.909,13.722,0.584,0.0,13.136,1.169,192,851434,220,26.095,0.31,4.66,0,0,418430976,0,5,1,cloister
71.922,12.014,0.429,0.0,13.136,1.169,192,851434,220,26.14,0.31,4.658,0,0,418430976,0,5,1,cloister
71.935,13.993,0.674,0.0,13.136,1.169,192,851434,220,26.185,0.31,4.656,0,0,418430976,0,5,1,cloister
71.948,11.992,0.297,0.0,13.136,1.169,192,851434,220,26.185,0.31,4.656,0,0,418430976,0,5,1,cloister
71.961,13.524,0.997,0.0,13.136,1.169,192,851434,220,26.23,0.31,4.655,0,0,418430976,0,5,1,cloister
71.973,12.428,0.863,0.0,13.136,1.169,192,851434,220,26.275,0.31,4.653,0,0,418430976,0,5,1,cloister
71.986,12.682,1.012,0.0,13.136,1.169,192,851434,220,26.32,0.31,4.651,0,0,418430976,0,5,1,cloister
71.998,11.447,0.824,0.0,13.136,1.169,192,851434,220,26.32,0.31,4.651,0,0,418430976,0,5,1,cloister
72.011,13.033,0.984,0.0,13.136,1.169,192,851434,220,26.365,0.31,4.649,0,0,418430976,0,5,1,cloister
72.024,12.583,0.424,0.0,13.136,1.169,192,851434,220,26.41,0.31,4.647,0,0,418430976,0,5,1,cloister
72.036,12.438,0.371,0.0,13.136,1.169,191,849342,219,26.455,0.31,4.646,0,0,418430976,0,5,1,cloister
72.049,12.44,0.432,0.0,13.136,1.169,190,847274,218,26.455,0.31,4.646,0,0,418430976,0,5,1,cloister
72.062,13.101,0.311,0.0,13.136,1.169,190,847274,218,26.5,0.31,4.644,0,0,418430976,0,5,1,cloister
72.074,12.76,0.456,0.0,13.136,1.169,190,847274,218,26.545,0.31,4.642,0,0,418430976,0,5,1,cloister
72.087,12.109,0.353,0.0,13.136,1.169,190,847274,218,26.59,0.31,4.64,0,0,418430976,0,5,1,cloister
72.099,12.843,0.355,0.0,13.136,1.169,189,847226,217,26.59,0.31,4.64,0,0,418430976,0,5,1,cloister
72.112,12.656,0.328,0.0,13.136,1.169,189,847226,217,26.635,0.31,4.638,0,0,418430976,0,5,1,cloister
72.124,11.393,1.289,0.0,13.136,1.169,188,847210,216,26.68,0.31,4.637,0,0,418430976,0,5,1,cloister
72.137,13.252,1.008,0.0,13.136,1.169,188,847210,216,26.725,0.31,4.635,0,0,418430976,0,5,1,cloister
72.149,11.46,0.469,0.0,13.136,1.169,187,847194,215,26.725,0.31,4.635,0,0,418430976,0,5,1,cloister
72.162,12.964,1.042,0.0,13.136,1.169,187,847194,215,26.769,0.31,4.633,0,0,418430976,0,5,1,cloister
72.174,12.322,0.888,0.0,13.136,1.169,187,847194,215,26.814,0.31,4.631,0,0,418430976,0,5,1,cloister
72.187,11.315,1.089,0.0,13.136,1.169,187,847194,215,26.859,0.31,4.629,0,0,418430976,0,5,1,cloister
72.199,11.705,1.91,0.0,13.136,1.169,187,847194,215,26.859,0.31,4.629,0,0,418430976,0,5,1,cloister
72.212,12.685,0.385,0.0,13.136,1.169,187,847194,215,26.904,0.31,4.628,0,0,418430976,0,5,1,cloister
72.224,12.087,0.307,0.0,13.136,1.169,187,847194,215,26.949,0.31,4.626,0,0,418430976,0,5,1,cloister
72.237,14.521,0.28,0.0,13.136,1.169,187,847194,215,26.994,0.31,4.624,0,0,418430976,0,5,1,cloister
72.249,10.186,0.308,0.0,12.935,1.263,187,847194,215,26.994,0.31,4.624,0,0,418430976,0,5,1,cloister
72.262,13.596,0.833,0.0,12.935,1.263,187,847194,215,27.039,0.31,4.622,0,0,418430976,0,5,1,cloister
72.274,11.554,0.889,0.0,12.935,1.263,187,847194,215,27.084,0.31,4.621,0,0,418430976,0,5,1,cloister
72.287,11.377,1.235,0.0,12.935,1.263,187,847194,215,27.129,0.31,4.619,0,0,418430976,0,5,1,cloister
72.299,11.96,1.591,0.0,12.935,1.263,187,847194,215,27.129,0.31,4.619,0,0,418430976,0,5,1,cloister
72.312,12.565,0.318,0.0,12.935,1.263,187,847194,215,27.172,0.31,4.616,0,0,418430976,0,5,1,cloister
72.324,12.051,0.324,0.0,12.935,1.263,202,854586,230,27.213,0.31,4.613,0,0,418430976,0,5,1,cloister
72.337,13.078,0.295,0.0,12.935,1.263,210,858832,238,27.253,0.31,4.609,0,0,418430976,0,5,1,cloister
72.349,11.43,0.347,0.0,12.935,1.263,216,859016,244,27.253,0.31,4.609,0,0,418430976,0,5,1,cloister
72.362,12.52,1.032,0.0,12.935,1.263,216,859016,244,27.291,0.31,4.603,0,0,418430976,0,5,1,cloister
72.374,12.118,0.981,0.0,12.935,1.263,237,870529,265,27.329,0.31,4.595,0,0,418430976,0,5,1,cloister
72.387,12.222,0.876,0.0,12.935,1.263,238,868763,266,27.367,0.31,4.586,0,0,418430976,0,5,1,cloister
72.399,10.834,0.933,0.0,12.935,1.263,237,868715,265,27.367,0.31,4.586,0,0,418430976,0,5,1,cloister
72.412,13.468,0.996,0.0,12.935,1.263,237,868715,265,27.403,0.31,4.574,0,0,418430976,0,5,1,cloister
72.424,11.956,0.423,0.0,12.935,1.263,240,870989,268,27.44,0.31,4.561,0,0,418430976,0,5,1,cloister
72.436,12.3,1.06,0.0,12.935,1.263,243,873281,271,27.475,0.31,4.546,0,0,418430976,0,5,1,cloister
72.448,10.918,1.062,0.0,12.935,1.263,244,873305,272,27.475,0.31,4.546,0,0,418430976,0,5,1,cloister
72.46,12.91,1.189,0.0,12.935,1.263,244,873305,272,27.51,0.31,4.529,0,0,418430976,0,5,1,cloister
72.473,11.707,0.878,0.0,12.935,1.263,248,873391,276,27.545,0.31,4.511,0,0,418430976,0,5,1,cloister
72.485,13.089,0.977,0.0,12.935,1.263,248,873391,276,27.578,0.31,4.49,0,0,418430976,0,5,1,cloister
72.497,10.587,0.458,0.0,12.935,1.263,248,873391,276,27.578,0.31,4.49,0,0,418430976,0,5,1,cloister
72.509,12.547,1.137,0.0,12.935,1.263,248,873391,276,27.611,0.31,4.468,0,0,418430976,0,5,1,cloister
72.521,12.389,0.391,0.0,12.935,1.263,246,840205,274,27.644,0.31,4.445,0,0,418430976,0,5,1,cloister
72.533,11.78,0.574,0.0,12.935,1.263,245,840203,273,27.675,0.31,4.419,0,0,418430976,0,5,1,cloister
72.546,11.852,0.369,0.0,12.935,1.263,246,841467,274,27.675,0.31,4.419,0,0,418430976,0,5,1,cloister
72.558,13.65,0.358,0.0,12.935,1.263,246,841467,274,27.706,0.31,4.393,0,0,418430976,0,5,1,cloister
72.57,11.668,0.466,0.0,12.935,1.263,247,841557,275,27.736,0.31,4.365,0,0,418430976,0,5,1,cloister
72.582,11.568,1.206,0.0,12.935,1.263,250,842271,278,27.736,0.31,4.365,0,0,418430976,0,5,1,cloister
72.594,13.147,1.054,0.0,12.935,1.263,250,842271,278,27.765,0.31,4.336,0,0,418430976,0,5,1,cloister
72.606,11.792,1.231,0.0,12.935,1.263,251,847619,279,27.794,0.31,4.305,0,0,418430976,0,5,1,cloister
72.618,12.17,1.017,0.0,12.935,1.263,252,846073,280,27.821,0.31,4.274,0,0,418430976,0,5,1,cloister
72.63,11.604,0.939,0.0,12.935,1.263,252,846073,280,27.821,0.31,4.274,0,0,418430976,0,5,1,cloister
72.643,12.825,0.614,0.0,12.935,1.263,252,846073,280,27.847,0.31,4.241,0,0,418430976,0,5,1,cloister
72.655,11.92,1.144,0.0,12.935,1.263,251,875997,279,27.873,0.31,4.208,0,0,418430976,0,5,1,cloister
72.667,12.688,1.071,0.0,12.935,1.263,251,875997,279,27.898,0.31,4.173,0,0,418430976,0,5,1,cloister
72.679,11.009,1.104,0.0,12.935,1.263,250,843933,278,27.898,0.31,4.173,0,0,418430976,0,5,1,cloister
72.691,12.804,1.334,0.0,12.935,1.263,250,843933,278,27.922,0.31,4.138,0,0,418430976,0,5,1,cloister
72.703,11.899,0.896,0.0,12.935,1.263,250,875995,278,27.945,0.31,4.102,0,0,418430976,0,5,1,cloister
72.715,11.566,1.062,0.0,12.935,1.263,249,876688,277,27.945,0.31,4.102,0,0,418430976,0,5,1,cloister
72.727,12.507,1.022,0.0,12.935,1.263,249,876688,277,27.967,0.31,4.065,0,0,418430976,0,5,1,cloister
72.739,12.061,0.993,0.0,12.935,1.263,252,877062,280,27.988,0.31,4.028,0,0,418430976,0,5,1,cloister
72.751,12.13,0.936,0.0,12.935,1.263,254,877420,282,28.008,0.31,3.99,0,0,418430976,0,5,1,cloister
72.763,11.465,1.113,0.0,12.935,1.263,254,877466,282,28.008,0.31,3.99,0,0,418430976,0,5,1,cloister
72.776,12.951,1.245,0.0,12.935,1.263,254,877466,282,28.027,0.31,3.951,0,0,418430976,0,5,1,cloister
72.788,11.625,1.306,0.0,12.935,1.263,254,877630,282,28.045,0.31,3.912,0,0,418430976,0,5,1,cloister
72.799,11.181,0.512,0.0,12.935,1.263,254,877718,282,28.045,0.31,3.912,0,0,418430976,0,5,1,cloister
72.811,12.696,1.08,0.0,12.935,1.263,254,877718,282,28.062,0.31,3.872,0,0,418430976,0,5,1,cloister
72.823,12.015,0.925,0.0,12.935,1.263,252,877626,280,28.079,0.31,3.832,0,0,418430976,0,5,1,cloister
72.835,11.645,1.087,0.0,12.935,1.263,252,878162,280,28.094,0.31,3.792,0,0,418430976,0,5,1,cloister
72.847,11.418,1.039,0.0,12.935,1.263,252,878276,280,28.094,0.31,3.792,0,0,418430976,0,5,1,cloister
72.859,12.57,0.964,0.0,12.935,1.263,252,878276,280,28.109,0.31,3.751,0,0,418430976,0,5,1,cloister
72.871,11.501,1.059,0.0,12.935,1.263,251,878156,279,28.122,0.31,3.71,0,0,418430976,0,5,1,cloister
72.883,11.549,1.181,0.0,12.935,1.263,249,878152,277,28.122,0.31,3.71,0,0,418430976,0,5,1,cloister
72.895,12.554,0.96,0.0,12.935,1.263,249,878152,277,28.135,0.31,3.669,0,0,418430976,0,5,1,cloister
72.906,11.2,1.228,0.0,12.935,1.263,249,878086,277,28.146,0.31,3.627,0,0,418430976,0,5,1,cloister
72.918,12.002,1.04,0.0,12.935,1.263,248,877702,276,28.157,0.31,3.585,0,0,418430976,0,5,1,cloister
72.93,11.919,0.929,0.0,12.935,1.263,247,845483,275,28.157,0.31,3.585,0,0,418430976,0,5,1,cloister
72.942,13.878,0.44,0.0,12.935,1.263,247,845483,275,28.167,0.31,3.542,0,0,418430976,0,5,1,cloister
72.954,12.204,0.696,0.0,12.935,1.263,245,845997,273,28.176,0.31,3.499,0,0,418430976,0,5,1,cloister
72.966,12.221,1.219,0.0,12.935,1.263,243,845975,271,28.176,0.31,3.499,0,0,418430976,0,5,1,cloister
72.978,11.138,1.045,0.0,12.935,1.263,243,845975,271,28.184,0.31,3.456,0,0,418430976,0,5,1,cloister
72.99,12.125,1.258,0.0,12.935,1.263,238,840877,266,28.191,0.31,3.413,0,0,418430976,0,5,1,cloister
73.002,12.235,0.414,0.0,12.935,1.263,238,851519,266,28.198,0.31,3.369,0,0,418430976,0,5,1,cloister
73.013,12.603,0.336,0.0,12.935,1.263,235,849329,263,28.198,0.31,3.369,0,0,418430976,0,5,1,cloister
73.025,12.44,0.408,0.0,12.935,1.263,235,849329,263,28.203,0.31,3.326,0,0,418430976,0,5,1,cloister
73.037,12.36,1.149,0.0,12.935,1.263,234,849293,262,28.209,0.31,3.282,0,0,418430976,0,5,1,cloister
73.049,10.547,1.199,0.0,12.935,1.263,230,849239,258,28.209,0.31,3.282,0,0,418430976,0,5,1,cloister
73.061,12.688,0.891,0.0,12.935,1.263,230,849239,258,28.213,0.31,3.238,0,0,418430976,0,5,1,cloister
73.073,11.872,0.954,0.0,12.935,1.263,225,849043,253,28.217,0.31,3.193,0,0,418430976,0,5,1,cloister
73.085,11.705,0.577,0.0,12.935,1.263,225,851711,253,28.22,0.31,3.149,0,0,418430976,0,5,1,cloister
73.097,11.157,1.114,0.0,12.935,1.263,224,851709,252,28.22,0.31,3.149,0,0,418430976,0,5,1,cloister
73.109,12.826,0.646,0.0,12.935,1.263,224,851709,252,28.223,0.31,3.105,0,0,418430976,0,5,1,cloister
73.121,11.599,1.004,0.0,12.935,1.263,220,847733,248,28.226,0.31,3.06,0,0,418430976,0,5,1,cloister
73.133,11.203,0.943,0.0,12.935,1.263,219,847685,247,28.226,0.31,3.06,0,0,418430976,0,5,1,cloister
73.144,12.343,0.952,0.0,12.935,1.263,219,847685,247,28.227,0.296,3.016,0,0,418430976,0,5,1,cloister
73.156,11.773,1.176,0.0,12.935,1.263,216,841621,244,28.229,0.283,2.97,0,0,418430976,0,5,1,cloister
73.168,11.197,1.056,0.0,12.935,1.263,214,841617,242,28.229,0.264,2.926,0,0,418430976,0,5,1,cloister
73.18,12.055,0.938,0.0,12.935,1.263,213,841581,241,28.229,0.264,2.926,0,0,418430976,0,5,1,cloister
73.192,12.383,0.379,0.0,12.935,1.263,213,841581,241,28.23,0.235,2.883,0,0,418430976,0,5,1,cloister
73.204,11.665,1.179,0.0,12.935,1.263,211,841763,239,28.23,0.235,2.833,0,0,418430976,0,5,1,cloister
73.216,11.155,0.991,0.0,12.935,1.263,209,841759,237,28.23,0.235,2.833,0,0,418430976,0,5,1,cloister
73.228,12.614,0.968,0.0,12.935,1.263,209,841759,237,28.23,0.228,2.788,0,0,418430976,0,5,1,cloister
73.24,11.696,1.171,0.0,12.935,1.263,208,841757,236,28.23,0.221,2.777,0,0,418430976,0,5,1,cloister
73.252,11.731,1.099,0.0,12.427,1.258,208,841757,236,28.23,0.208,2.785,0,0,418430976,0,5,1,cloister
73.263,11.319,0.671,0.0,12.427,1.258,209,841805,237,28.23,0.208,2.785,0,0,418430976,0,5,1,cloister
73.275,13.128,1.228,0.0,12.427,1.258,209,841805,237,28.229,0.188,2.796,0,0,418430976,0,5,1,cloister
73.287,10.416,1.309,0.0,12.427,1.258,207,841701,235,28.229,0.16,2.809,0,0,418430976,0,5,1,cloister
73.299,11.363,1.173,0.0,12.427,1.258,206,841689,234,28.229,0.16,2.809,0,0,418430976,0,5,1,cloister
73.311,13.627,0.375,0.0,12.427,1.258,206,841689,234,28.228,0.146,2.807,0,0,418430976,0,5,1,cloister
73.323,10.963,0.55,0.0,12.427,1.258,205,839597,233,28.212,0.316,2.658,0,0,418430976,0,5,1,cloister
73.335,11.927,1.252,0.0,12.427,1.258,205,839597,233,28.211,0.325,2.655,0,0,418430976,0,5,1,cloister
73.347,11.083,0.967,0.0,12.427,1.258,205,839597,233,28.211,0.325,2.655,0,0,418430976,0,5,1,cloister
73.359,12.361,0.517,0.0,12.427,1.258,205,839597,233,28.21,0.333,2.643,0,0,418430976,0,5,1,cloister
73.371,11.519,1.339,0.0,12.427,1.258,203,839111,231,28.208,0.34,2.626,0,0,418430976,0,5,1,cloister
73.383,11.247,0.993,0.0,12.427,1.258,203,839111,231,28.208,0.34,2.626,0,0,418430976,0,5,1,cloister
73.394,12.232,1.033,0.0,12.427,1.258,203,839111,231,28.206,0.347,2.603,0,0,418430976,0,5,1,cloister
73.406,11.887,1.091,0.0,12.427,1.258,202,838991,230,28.204,0.354,2.576,0,0,418430976,0,5,1,cloister
73.418,11.369,1.008,0.0,12.427,1.258,201,838943,229,28.202,0.358,2.545,0,0,418430976,0,5,1,cloister
73.429,11.257,1.028,0.0,12.427,1.258,201,840041,229,28.202,0.358,2.545,0,0,418430976,0,5,1,cloister
73.441,23.313,0.921,0.0,12.427,1.258,201,840041,229,28.199,0.351,2.511,0,0,418430976,0,6,1,church
73.453,2.591,1.179,0.0,12.427,1.258,219,880416,294,28.196,0.359,2.475,0,0,420184064,0,6,1,church
73.465,11.956,0.567,0.0,12.427,1.258,219,880416,294,28.196,0.359,2.475,0,0,420184064,0,6,1,church
73.477,12.417,0.427,0.0,12.427,1.258,219,880416,294,28.192,0.36,2.438,0,0,420184064,0,6,1,church
73.489,11.875,0.453,0.0,12.427,1.258,218,878640,293,28.189,0.36,2.399,0,0,420184064,0,6,1,church
73.501,11.534,0.374,0.0,12.427,1.258,218,878640,293,28.185,0.36,2.359,0,0,420184064,0,6,1,church
73.512,11.159,0.37,0.0,12.427,1.258,217,878616,292,28.185,0.36,2.359,0,0,420184064,0,6,1,church
73.524,11.978,0.358,0.0,12.427,1.258,217,878616,292,28.182,0.36,2.319,0,0,420184064,0,6,1,church
73.536,11.699,0.383,0.0,12.427,1.258,216,878592,291,28.178,0.36,2.277,0,0,420184064,0,6,1,church
73.548,11.271,0.398,0.0,12.427,1.258,216,878592,291,28.178,0.36,2.277,0,0,420184064,0,6,1,church
73.56,11.853,0.621,0.0,12.427,1.258,216,878592,291,28.174,0.36,2.235,0,0,420184064,0,6,1,church
73.572,11.851,0.377,0.0,12.427,1.258,216,878592,291,28.17,0.36,2.193,0,0,420184064,0,6,1,church
73.584,12.074,0.331,0.0,12.427,1.258,216,878592,291,28.166,0.36,2.15,0,0,420184064,0,6,1,church
73.596,10.768,0.417,0.0,12.427,1.258,216,878592,291,28.166,0.36,2.15,0,0,420184064,0,6,1,church
73.608,13.142,0.344,0.0,12.427,1.258,216,878592,291,28.161,0.36,2.106,0,0,420184064,0,6,1,church
73.62,11.667,0.447,0.0,12.427,1.258,215,878208,290,28.157,0.36,2.063,0,0,420184064,0,6,1,church
73.632,10.873,1.193,0.0,12.427,1.258,215,878208,290,28.157,0.36,2.063,0,0,420184064,0,6,1,church
73.643,12.181,1.001,0.0,12.427,1.258,215,878208,290,28.153,0.36,2.019,0,0,420184064,0,6,1,church
73.655,12.0,0.965,0.0,12.427,1.258,214,878136,289,28.148,0.36,1.975,0,0,420184064,0,6,1,church
73.667,11.792,1.115,0.0,12.427,1.258,213,878124,288,28.144,0.36,1.931,0,0,420184064,0,6,1,church
73.679,10.986,1.055,0.0,12.427,1.258,214,878244,289,28.144,0.36,1.931,0,0,420184064,0,6,1,church
73.69,11.724,1.18,0.0,12.427,1.258,214,878244,289,28.139,0.36,1.887,0,0,420184064,0,6,1,church
73.702,12.278,0.917,0.0,12.427,1.258,211,878028,286,28.134,0.36,1.843,0,0,420184064,0,6,1,church
73.714,11.265,0.481,0.0,12.427,1.258,203,849265,278,28.134,0.36,1.843,0,0,420184064,0,6,1,church
73.725,12.378,0.977,0.0,12.427,1.258,203,849265,278,28.129,0.36,1.8,0,0,420184064,0,6,1,church
73.737,12.136,1.129,0.0,12.427,1.258,200,847057,275,28.123,0.36,1.756,0,0,420184064,0,6,1,church
73.749,10.382,1.048,0.0,12.427,1.258,198,844917,273,28.123,0.36,1.756,0,0,420184064,0,6,1,church
73.76,12.905,1.137,0.0,12.427,1.258,198,844917,273,28.116,0.36,1.713,0,0,420184064,0,6,1,church
73.772,11.965,0.9,0.0,12.427,1.258,194,838291,269,28.109,0.36,1.669,0,0,420184064,0,6,1,church
73.784,11.514,1.079,0.0,12.427,1.258,193,838211,268,28.1,0.36,1.626,0,0,420184064,0,6,1,church
73.795,11.329,0.995,0.0,12.427,1.258,190,836339,265,28.1,0.36,1.626,0,0,420184064,0,6,1,church
73.807,12.3,0.62,0.0,12.427,1.258,190,836339,265,28.092,0.36,1.583,0,0,420184064,0,6,1,church
73.819,11.695,0.973,0.0,12.427,1.258,191,815819,266,28.082,0.36,1.54,0,0,420184064,0,6,1,church
73.83,11.714,1.129,0.0,12.427,1.258,189,813019,264,28.082,0.36,1.54,0,0,420184064,0,6,1,church
73.842,12.359,0.973,0.0,12.427,1.258,189,813019,264,28.072,0.36,1.496,0,0,420184064,0,6,1,church
73.854,12.817,1.092,0.0,12.427,1.258,188,810327,263,28.062,0.36,1.453,0,0,420184064,0,6,1,church
73.865,10.277,1.178,0.0,12.427,1.258,186,806775,261,28.062,0.36,1.453,0,0,420184064,0,6,1,church
73.877,12.547,0.831,0.0,12.427,1.258,186,806775,261,28.05,0.36,1.41,0,0,420184064,0,6,1,church
73.889,11.828,0.853,0.0,12.427,1.258,184,806655,259,28.039,0.36,1.368,0,0,420184064,0,6,1,church
73.9,11.983,1.121,0.0,12.427,1.258,183,806375,258,28.026,0.36,1.325,0,0,420184064,0,6,1,church
73.912,11.119,0.924,0.0,12.427,1.258,183,806375,258,28.026,0.36,1.325,0,0,420184064,0,6,1,church
73.924,11.942,1.006,0.0,12.427,1.258,183,806375,258,28.013,0.36,1.282,0,0,420184064,0,6,1,church
73.935,12.555,1.02,0.0,12.427,1.258,183,806375,258,28.0,0.36,1.24,0,0,420184064,0,6,1,church
73.947,11.413,0.677,0.0,12.427,1.258,182,806359,257,28.0,0.36,1.24,0,0,420184064,0,6,1,church
73.959,12.738,0.999,0.0,12.427,1.258,182,806359,257,27.986,0.36,1.197,0,0,420184064,0,6,1,church
73.97,11.968,1.072,0.0,12.427,1.258,176,800481,251,27.972,0.36,1.155,0,0,420184064,0,6,1,church
73.982,11.57,0.936,0.0,12.427,1.258,175,800221,250,27.972,0.36,1.155,0,0,420184064,0,6,1,church
73.994,12.083,0.974,0.0,12.427,1.258,175,800221,250,27.958,0.36,1.112,0,0,420184064,0,6,1,church
74.005,13.589,1.109,0.0,12.427,1.258,175,800221,250,27.943,0.36,1.07,0,0,420184064,0,6,1,church
74.017,12.047,0.459,0.0,12.427,1.258,174,800105,249,27.928,0.36,1.028,0,0,420184064,0,6,1,church
74.029,11.768,1.402,0.0,12.427,1.258,174,800105,249,27.928,0.36,1.028,0,0,420184064,0,6,1,church
74.041,13.161,0.588,0.0,12.427,1.258,174,800105,249,27.912,0.36,0.986,0,0,420184064,0,6,1,church
74.052,11.478,0.981,0.0,12.427,1.258,173,799529,248,27.897,0.36,0.944,0,0,420184064,0,6,1,church
74.064,11.436,1.071,0.0,12.427,1.258,172,799449,247,27.897,0.36,0.944,0,0,420184064,0,6,1,church
74.076,12.141,0.994,0.0,12.427,1.258,172,799449,247,27.881,0.36,0.902,0,0,420184064,0,6,1,church
74.088,11.614,1.215,0.0,12.427,1.258,170,799305,245,27.864,0.36,0.86,0,0,420184064,0,6,1,church
74.099,11.262,1.081,0.0,12.427,1.258,170,799305,245,27.864,0.36,0.86,0,0,420184064,0,6,1,church
74.111,12.907,0.762,0.0,12.427,1.258,170,799305,245,27.848,0.36,0.818,0,0,420184064,0,6,1,church
74.123,11.219,1.269,0.0,12.427,1.258,169,799215,244,27.831,0.36,0.777,0,0,420184064,0,6,1,church
74.135,11.988,1.226,0.0,12.427,1.258,169,799215,244,27.814,0.36,0.735,0,0,420184064,0,6,1,church
74.147,11.362,1.109,0.0,12.427,1.258,167,774415,242,27.814,0.36,0.735,0,0,420184064,0,6,1,church
74.158,12.306,1.088,0.0,12.427,1.258,167,774415,242,27.798,0.36,0.693,0,0,420184064,0,6,1,church
74.17,11.913,0.923,0.0,12.427,1.258,166,770185,241,27.78,0.36,0.652,0,0,420184064,0,6,1,church
74.182,11.122,0.998,0.0,12.427,1.258,166,770185,241,27.78,0.36,0.652,0,0,420184064,0,6,1,church
74.194,12.47,0.944,0.0,12.427,1.258,166,770185,241,27.763,0.36,0.61,0,0,420184064,0,6,1,church
74.206,11.33,1.089,0.0,12.427,1.258,166,770185,241,27.746,0.36,0.569,0,0,420184064,0,6,1,church
74.217,11.799,1.173,0.0,12.427,1.258,166,770185,241,27.728,0.36,0.528,0,0,420184064,0,6,1,church
74.229,11.419,1.084,0.0,12.427,1.258,166,770185,241,27.728,0.36,0.528,0,0,420184064,0,6,1,church
74.241,12.307,0.654,0.0,12.685,12.329,166,770185,241,27.711,0.36,0.486,0,0,420184064,0,6,1,church
74.253,11.656,1.067,0.0,12.685,12.329,168,770281,243,27.693,0.36,0.445,0,0,420184064,0,6,1,church
74.265,11.541,1.001,0.0,12.685,12.329,168,770281,243,27.693,0.36,0.445,0,0,420184064,0,6,1,church
74.276,12.52,0.945,0.0,12.685,12.329,168,770281,243,27.675,0.36,0.404,0,0,420184064,0,6,1,church
74.288,11.721,0.995,0.0,12.685,12.329,168,770281,243,27.657,0.36,0.362,0,0,420184064,0,6,1,church
74.3,10.908,1.037,0.0,12.685,12.329,168,770281,243,27.657,0.36,0.362,0,0,420184064,0,6,1,church
74.312,12.125,0.964,0.0,12.685,12.329,168,770281,243,27.639,0.36,0.321,0,0,420184064,0,6,1,church
74.323,11.795,1.032,0.0,12.685,12.329,168,770281,243,27.621,0.36,0.28,0,0,420184064,0,6,1,church
74.335,11.655,1.079,0.0,12.685,12.329,168,770281,243,27.603,0.36,0.239,0,0,420184064,0,6,1,church
74.347,11.202,1.091,0.0,12.685,12.329,167,766419,242,27.603,0.36,0.239,0,0,420184064,0,6,1,church
74.358,11.887,0.907,0.0,12.685,12.329,167,766419,242,27.585,0.36,0.197,0,0,420184064,0,6,1,church
74.37,10.866,1.057,0.0,12.685,12.329,167,766419,242,27.567,0.36,0.156,0,0,420184064,0,6,1,church
74.382,11.425,0.957,0.0,12.685,12.329,167,766419,242,27.567,0.36,0.156,0,0,420184064,0,6,1,church
74.393,12.718,0.391,0.0,12.685,12.329,167,766419,242,27.549,0.36,0.115,0,0,420184064,0,6,1,church
74.405,11.22,0.465,0.0,12.685,12.329,164,766311,239,27.53,0.36,0.074,0,0,420184064,0,6,1,church
74.417,11.599,1.056,0.0,12.685,12.329,164,766311,239,27.53,0.36,0.074,0,0,420184064,0,6,1,church
74.428,12.274,0.959,0.0,12.685,12.329,164,766311,239,27.512,0.36,0.033,0,0,420184064,0,6,1,church
74.44,12.175,0.972,0.0,12.685,12.329,164,766311,239,27.494,0.36,-0.008,0,0,420184064,0,6,1,church
74.452,10.937,1.046,0.0,12.685,12.329,164,766311,239,27.475,0.36,-0.049,0,0,420184064,0,6,1,church
74.463,11.121,1.391,0.0,12.685,12.329,164,766311,239,27.475,0.36,-0.049,0,0,420184064,0,6,1,church
74.475,12.485,1.002,0.0,12.685,12.329,164,766311,239,27.457,0.36,-0.09,0,0,420184064,0,6,1,church
74.487,11.253,0.986,0.0,12.685,12.329,164,766311,239,27.439,0.36,-0.131,0,0,420184064,0,6,1,church
74.498,10.937,0.985,0.0,12.685,12.329,162,716999,237,27.439,0.36,-0.131,0,0,420184064,0,6,1,church
74.51,12.284,0.972,0.0,12.685,12.329,162,716999,237,27.42,0.36,-0.172,0,0,420184064,0,6,1,church
74.522,10.982,0.992,0.0,12.685,12.329,162,716999,237,27.402,0.36,-0.213,0,0,420184064,0,6,1,church
74.533,11.268,0.888,0.0,12.685,12.329,162,716999,237,27.402,0.36,-0.213,0,0,420184064,0,6,1,church
74.545,12.336,0.377,0.0,12.685,12.329,162,716999,237,27.383,0.36,-0.254,0,0,420184064,0,6,1,church
74.557,11.969,0.417,0.0,12.685,12.329,162,716999,237,27.365,0.36,-0.295,0,0,420184064,0,6,1,church
74.568,11.576,0.409,0.0,12.685,12.329,162,716999,237,27.346,0.36,-0.336,0,0,420184064,0,6,1,church
74.58,10.878,0.95,0.0,12.685,12.329,162,716999,237,27.346,0.36,-0.336,0,0,420184064,0,6,1,church
74.592,11.945,1.084,0.0,12.685,12.329,162,716999,237,27.327,0.36,-0.377,0,0,420184064,0,6,1,church
74.603,12.088,1.189,0.0,12.685,12.329,162,716999,237,27.309,0.36,-0.418,0,0,420184064,0,6,1,church
74.615,10.81,1.009,0.0,12.685,12.329,161,714335,236,27.309,0.36,-0.418,0,0,420184064,0,6,1,church
74.627,11.935,0.893,0.0,12.685,12.329,161,714335,236,27.29,0.36,-0.459,0,0,420184064,0,6,1,church
74.638,12.23,1.001,0.0,12.685,12.329,161,714335,236,27.272,0.36,-0.5,0,0,420184064,0,6,1,church
74.65,10.49,0.938,0.0,12.685,12.329,160,708812,235,27.272,0.36,-0.5,0,0,420184064,0,6,1,church
74.662,12.4,0.898,0.0,12.685,12.329,160,708812,235,27.253,0.36,-0.541,0,0,420184064,0,6,1,church
74.673,11.142,0.917,0.0,12.685,12.329,160,708812,235,27.234,0.36,-0.582,0,0,420184064,0,6,1,church
74.685,10.992,1.018,0.0,12.685,12.329,160,708812,235,27.216,0.36,-0.623,0,0,420184064,0,6,1,church
74.697,11.245,0.983,0.0,12.685,12.329,160,708812,235,27.216,0.36,-0.623,0,0,420184064,0,6,1,church
74.708,11.824,0.942,0.0,12.685,12.329,160,708812,235,27.197,0.36,-0.664,0,0,420184064,0,6,1,church
74.72,11.355,0.904,0.0,12.685,12.329,160,708812,235,27.178,0.36,-0.705,0,0,420184064,0,6,1,church
74.732,10.834,1.013,0.0,12.685,12.329,160,708812,235,27.178,0.36,-0.705,0,0,420184064,0,6,1,church
74.743,11.653,1.033,0.0,12.685,12.329,160,708812,235,27.16,0.36,-0.746,0,0,420184064,0,6,1,church
74.755,11.506,1.136,0.0,12.685,12.329,160,708812,235,27.141,0.36,-0.787,0,0,420184064,0,6,1,church
74.767,11.313,0.995,0.0,12.685,12.329,160,708812,235,27.141,0.36,-0.787,0,0,420184064,0,6,1,church
74.778,10.698,0.922,0.0,12.685,12.329,160,708812,235,27.122,0.36,-0.828,0,0,420184064,0,6,1,church
74.79,12.115,0.92,0.0,12.685,12.329,160,708812,235,27.104,0.36,-0.869,0,0,420184064,0,6,1,church
74.802,10.324,1.01,0.0,12.685,12.329,160,708812,235,27.085,0.36,-0.91,0,0,420184064,0,6,1,church
74.813,11.345,0.825,0.0,12.685,12.329,160,708812,235,27.085,0.36,-0.91,0,0,420184064,0,6,1,church
74.825,11.841,0.433,0.0,12.685,12.329,160,708812,235,27.066,0.36,-0.951,0,0,420184064,0,6,1,church
74.837,10.897,1.448,0.0,12.685,12.329,160,708812,235,27.048,0.36,-0.992,0,0,420184064,0,6,1,church
74.848,10.504,0.966,0.0,12.685,12.329,160,708812,235,27.048,0.36,-0.992,0,0,420184064,0,6,1,church
74.86,11.861,0.865,0.0,12.685,12.329,160,708812,235,27.029,0.36,-1.033,0,0,420184064,0,6,1,church
74.87,10.609,1.012,0.0,12.685,12.329,160,708812,235,27.01,0.36,-1.074,0,0,420184064,0,6,1,church
74.881,10.238,0.904,0.0,12.685,12.329,160,708812,235,27.01,0.36,-1.074,0,0,420184064,0,6,1,church
74.893,12.084,0.903,0.0,12.685,12.329,160,708812,235,26.992,0.36,-1.115,0,0,420184064,0,6,1,church
74.903,10.389,1.007,0.0,12.685,12.329,160,708812,235,26.98,0.38,-1.149,0,0,420184064,0,6,1,church
74.914,10.357,0.907,0.0,12.685,12.329,160,708812,235,26.98,0.38,-1.149,0,0,420184064,0,6,1,church
74.925,10.984,0.858,0.0,12.685,12.329,160,708812,235,26.968,0.405,-1.184,0,0,420184064,0,6,1,church
74.936,11.186,0.921,0.0,12.685,12.329,160,708812,235,26.954,0.425,-1.222,0,0,420184064,0,6,1,church
74.947,10.305,0.47,0.0,12.685,12.329,160,708812,235,26.954,0.425,-1.222,0,0,420184064,0,6,1,church
74.958,11.799,1.036,0.0,12.685,12.329,160,708812,235,26.966,0.426,-1.233,0,0,420184064,0,6,1,church
74.969,10.788,0.917,0.0,12.685,12.329,160,708812,235,26.972,0.429,-1.248,0,0,420184064,0,6,1,church
74.979,10.21,0.589,0.0,12.685,12.329,160,708812,235,26.972,0.429,-1.248,0,0,420184064,0,6,1,church
74.99,10.694,0.837,0.0,12.685,12.329,160,708812,235,26.975,0.435,-1.267,0,0,420184064,0,6,1,church
75.001,12.009,0.941,0.0,12.685,12.329,160,708812,235,26.987,0.435,-1.278,0,0,420184064,0,6,1,church
75.012,10.174,0.453,0.0,12.685,12.329,160,708812,235,26.987,0.435,-1.278,0,0,420184064,0,6,1,church
75.023,11.593,0.834,0.0,12.685,12.329,160,708812,235,26.997,0.435,-1.291,0,0,420184064,0,6,1,church
75.034,10.693,0.992,0.0,12.685,12.329,160,708812,235,27.008,0.436,-1.304,0,0,420184064,0,6,1,church
75.045,10.221,0.89,0.0,12.685,12.329,159,708802,234,27.008,0.436,-1.304,0,0,420184064,0,6,1,church
75.056,11.549,1.122,0.0,12.685,12.329,159,708802,234,27.014,0.439,-1.322,0,0,420184064,0,6,1,church
75.067,11.058,0.904,0.0,12.685,12.329,159,708802,234,27.024,0.44,-1.339,0,0,420184064,0,6,1,church
75.078,10.527,0.812,0.0,12.685,12.329,159,708802,234,27.024,0.44,-1.339,0,0,420184064,0,6,1,church
75.089,11.507,1.033,0.0,12.685,12.329,159,708802,234,27.034,0.44,-1.358,0,0,420184064,0,6,1,church
75.099,10.384,1.229,0.0,12.685,12.329,158,708786,233,27.034,0.44,-1.358,0,0,420184064,0,6,1,church
75.11,11.658,1.031,0.0,12.685,12.329,158,708786,233,27.038,0.431,-1.382,0,0,420184064,0,6,1,church
75.121,10.904,1.243,0.0,12.685,12.329,157,707726,232,27.049,0.438,-1.405,0,0,420184064,0,6,1,church
75.131,10.201,0.974,0.0,12.685,12.329,157,707726,232,27.049,0.438,-1.405,0,0,420184064,0,6,1,church
75.142,11.533,1.014,0.0,12.685,12.329,157,707726,232,27.057,0.439,-1.431,0,0,420184064,0,6,1,church
75.153,11.317,1.193,0.0,12.685,12.329,159,707822,234,27.059,0.439,-1.459,0,0,420184064,0,6,1,church
75.163,10.448,0.979,0.0,12.685,12.329,158,707806,233,27.059,0.439,-1.459,0,0,420184064,0,6,1,church
75.174,11.567,0.924,0.0,12.685,12.329,158,707806,233,27.07,0.441,-1.487,0,0,420184064,0,6,1,church
75.184,10.92,1.054,0.0,12.685,12.329,158,707806,233,27.078,0.441,-1.516,0,0,420184064,0,6,1,church
75.195,10.64,0.921,0.0,12.685,12.329,158,707806,233,27.078,0.441,-1.516,0,0,420184064,0,6,1,church
75.206,12.051,0.954,0.0,12.685,12.329,158,707806,233,27.081,0.441,-1.547,0,0,420184064,0,6,1,church
75.216,10.767,0.912,0.0,12.685,12.329,157,706684,232,27.081,0.441,-1.547,0,0,420184064,0,6,1,church
75.227,11.689,0.923,0.0,12.685,12.329,157,706684,232,27.092,0.444,-1.577,0,0,420184064,0,6,1,church
75.237,11.451,0.95,0.0,12.685,12.329,156,674620,231,27.105,0.437,-1.606,0,0,420184064,0,6,1,church
75.248,10.063,0.918,0.0,11.712,1.104,156,674620,231,27.105,0.437,-1.606,0,0,420184064,0,6,1,church
75.259,12.687,0.813,0.0,11.712,1.104,156,674620,231,27.114,0.438,-1.637,0,0,420184064,0,6,1,church
75.27,10.803,0.415,0.0,11.712,1.104,156,674620,231,27.117,0.438,-1.67,0,0,420184064,0,6,1,church
75.281,10.322,0.879,0.0,11.712,1.104,156,674620,231,27.117,0.438,-1.67,0,0,420184064,0,6,1,church
75.292,11.735,2.198,0.0,11.712,1.104,156,674620,231,27.126,0.44,-1.701,0,0,420184064,0,6,1,church
75.303,12.678,0.336,0.0,11.712,1.104,156,674620,231,27.13,0.441,-1.734,0,0,420184064,0,6,1,church
75.314,10.375,0.371,0.0,11.712,1.104,156,674620,231,27.13,0.441,-1.734,0,0,420184064,0,6,1,church
75.325,12.879,0.714,0.0,11.712,1.104,156,674620,231,27.131,0.442,-1.769,0,0,420184064,0,6,1,church
75.336,10.09,1.176,0.0,11.712,1.104,156,674620,231,27.128,0.431,-1.804,0,0,420184064,0,6,1,church
75.347,12.052,0.907,0.0,11.712,1.104,156,674620,231,27.128,0.431,-1.804,0,0,420184064,0,6,1,church
75.359,12.939,0.883,0.0,11.712,1.104,156,674620,231,27.125,0.427,-1.842,0,0,420184064,0,6,1,church
75.37,11.271,0.99,0.0,11.712,1.104,155,674360,230,27.119,0.435,-1.88,0,0,420184064,0,6,1,church
75.381,11.499,0.922,0.0,11.712,1.104,155,674360,230,27.119,0.435,-1.88,0,0,420184064,0,6,1,church
75.392,12.937,0.906,0.0,11.712,1.104,155,674360,230,27.108,0.436,-1.917,0,0,420184064,0,6,1,church
75.403,12.051,1.055,0.0,11.712,1.104,153,675760,228,27.094,0.436,-1.955,0,0,420184064,0,6,1,church
75.415,12.0,0.662,0.0,11.712,1.104,153,675760,228,27.094,0.436,-1.955,0,0,420184064,0,6,1,church
75.426,12.193,0.967,0.0,11.712,1.104,153,675760,228,27.084,0.438,-1.995,0,0,420184064,0,6,1,church
75.438,11.998,0.96,0.0,11.712,1.104,154,675770,229,27.071,0.438,-2.034,0,0,420184064,0,6,1,church
75.45,11.936,1.02,0.0,11.712,1.104,154,675770,229,27.061,0.439,-2.074,0,0,420184064,0,6,1,church
75.462,11.584,0.562,0.0,11.712,1.104,154,675770,229,27.061,0.439,-2.074,0,0,420184064,0,6,1,church
75.475,12.811,0.997,0.0,11.712,1.104,154,675770,229,27.048,0.439,-2.115,0,0,420184064,0,6,1,church
75.487,11.972,0.932,0.0,11.712,1.104,154,675770,229,27.035,0.441,-2.155,0,0,420184064,0,6,1,church
75.499,11.539,0.857,0.0,11.712,1.104,154,675770,229,27.035,0.441,-2.155,0,0,420184064,0,6,1,church
75.511,13.002,0.928,0.0,11.712,1.104,154,675770,229,27.019,0.429,-2.194,0,0,420184064,0,6,1,church
75.523,12.005,1.002,0.0,11.712,1.104,154,675770,229,27.005,0.421,-2.236,0,0,420184064,0,6,1,church
75.535,11.359,0.869,0.0,11.712,1.104,154,675770,229,26.989,0.41,-2.277,0,0,420184064,0,6,1,church
75.547,11.643,0.866,0.0,11.712,1.104,154,675770,229,26.989,0.41,-2.277,0,0,420184064,0,6,1,church
75.559,12.813,0.337,0.0,11.712,1.104,154,675770,229,26.973,0.4,-2.319,0,0,420184064,0,6,1,church
75.571,12.836,0.399,0.0,11.712,1.104,154,681098,229,26.957,0.389,-2.361,0,0,420184064,0,6,1,church
75.584,11.938,0.466,0.0,11.712,1.104,154,681098,229,26.941,0.374,-2.402,0,0,420184064,0,6,1,church
75.596,11.393,0.625,0.0,11.712,1.104,152,680486,227,26.941,0.374,-2.402,0,0,420184064,0,6,1,church
75.608,12.686,1.093,0.0,11.712,1.104,152,680486,227,26.925,0.356,-2.444,0,0,420184064,0,6,1,church
75.62,12.058,0.863,0.0,11.712,1.104,151,677702,226,26.908,0.351,-2.485,0,0,420184064,0,6,1,church
75.632,11.402,0.886,0.0,11.712,1.104,151,677702,226,26.908,0.351,-2.485,0,0,420184064,0,6,1,church
75.644,12.871,0.902,0.0,11.712,1.104,151,677702,226,26.887,0.359,-2.524,0,0,420184064,0,6,1,church
75.657,12.088,0.823,0.0,11.712,1.104,151,677702,226,26.865,0.36,-2.563,0,0,420184064,0,6,1,church
75.669,12.208,0.598,0.0,11.712,1.104,150,673472,225,26.842,0.36,-2.602,0,0,420184064,0,6,1,church
75.681,11.509,0.859,0.0,11.712,1.104,149,670136,224,26.842,0.36,-2.602,0,0,420184064,0,6,1,church
75.693,13.071,1.024,0.0,11.712,1.104,149,670136,224,26.82,0.36,-2.64,0,0,420184064,0,6,1,church
75.705,11.984,1.02,0.0,11.712,1.104,149,670136,224,26.797,0.36,-2.679,0,0,420184064,0,6,1,church
75.717,12.132,0.842,0.0,11.712,1.104,149,670136,224,26.774,0.36,-2.717,0,0,420184064,0,6,1,church
75.729,11.624,0.918,0.0,11.712,1.104,149,670136,224,26.774,0.36,-2.717,0,0,420184064,0,6,1,church
75.742,12.847,0.901,0.0,11.712,1.104,149,670136,224,26.751,0.36,-2.756,0,0,420184064,0,6,1,church
75.754,12.198,0.838,0.0,11.712,1.104,148,670134,223,26.728,0.36,-2.794,0,0,420184064,0,6,1,church
75.766,12.101,0.923,0.0,11.712,1.104,146,665942,221,26.728,0.36,-2.794,0,0,420184064,0,6,1,church
75.778,11.622,1.052,0.0,11.712,1.104,146,665942,221,26.705,0.36,-2.833,0,0,420184064,0,6,1,church
75.79,11.903,0.995,0.0,11.712,1.104,146,665942,221,26.681,0.36,-2.871,0,0,420184064,0,6,1,church
75.802,12.206,0.408,0.0,11.712,1.104,145,663250,220,26.658,0.36,-2.909,0,0,420184064,0,6,1,church
75.815,11.632,0.291,0.0,11.712,1.104,144,663062,219,26.658,0.36,-2.909,0,0,420184064,0,6,1,church
75.827,13.3,0.328,0.0,11.712,1.104,144,663062,219,26.634,0.36,-2.947,0,0,420184064,0,6,1,church
75.839,11.92,0.575,0.0,11.712,1.104,144,663062,219,26.611,0.36,-2.985,0,0,420184064,0,6,1,church
75.851,12.059,0.816,0.0,11.712,1.104,144,663062,219,26.587,0.36,-3.024,0,0,420184064,0,6,1,church
75.863,11.571,1.057,0.0,11.712,1.104,144,663062,219,26.587,0.36,-3.024,0,0,420184064,0,6,1,church
75.875,12.518,1.021,0.0,11.712,1.104,144,663062,219,26.563,0.36,-3.062,0,0,420184064,0,6,1,church
75.887,12.056,0.889,0.0,11.712,1.104,143,659058,218,26.539,0.36,-3.1,0,0,420184064,0,6,1,church
75.899,11.553,0.906,0.0,11.712,1.104,143,659058,218,26.539,0.36,-3.1,0,0,420184064,0,6,1,church
75.912,12.312,0.98,0.0,11.712,1.104,143,659058,218,26.515,0.36,-3.138,0,0,420184064,0,6,1,church
75.924,12.528,0.807,0.0,11.712,1.104,143,659058,218,26.491,0.36,-3.176,0,0,420184064,0,6,1,church
75.936,11.989,0.626,0.0,11.712,1.104,143,659058,218,26.467,0.36,-3.214,0,0,420184064,0,6,1,church
75.948,11.499,0.93,0.0,11.712,1.104,143,659058,218,26.467,0.36,-3.214,0,0,420184064,0,6,1,church
75.96,12.777,1.177,0.0,11.712,1.104,143,659058,218,26.443,0.36,-3.252,0,0,420184064,0,6,1,church
75.972,11.96,1.147,0.0,11.712,1.104,143,659058,218,26.418,0.36,-3.29,0,0,420184064,0,6,1,church
75.984,12.343,0.858,0.0,11.712,1.104,144,664581,219,26.394,0.36,-3.328,0,0,420184064,0,6,1,church
75.996,11.582,0.904,0.0,11.712,1.104,144,664581,219,26.394,0.36,-3.328,0,0,420184064,0,6,1,church
76.008,12.818,0.894,0.0,11.712,1.104,144,664581,219,26.37,0.36,-3.365,0,0,420184064,0,6,1,church
76.021,12.136,0.794,0.0,11.712,1.104,144,664581,219,26.346,0.36,-3.403,0,0,420184064,0,6,1,church
76.033,11.597,0.913,0.0,11.712,1.104,145,668443,220,26.346,0.36,-3.403,0,0,420184064,0,6,1,church
76.045,13.071,0.91,0.0,11.712,1.104,145,668443,220,26.321,0.36,-3.441,0,0,420184064,0,6,1,church
76.058,12.678,1.072,0.0,11.712,1.104,142,668309,217,26.297,0.36,-3.479,0,0,420184064,0,6,1,church
76.07,12.791,0.858,0.0,11.712,1.104,143,673637,218,26.273,0.36,-3.517,0,0,420184064,0,6,1,church
76.083,11.99,0.852,0.0,11.712,1.104,143,673637,218,26.273,0.36,-3.517,0,0,420184064,0,6,1,church
76.096,13.158,0.875,0.0,11.712,1.104,143,673637,218,26.248,0.36,-3.555,0,0,420184064,0,6,1,church
76.108,12.151,0.86,0.0,11.712,1.104,143,673637,218,26.224,0.36,-3.592,0,0,420184064,0,6,1,church
76.12,12.325,0.957,0.0,11.712,1.104,143,673637,218,26.199,0.36,-3.63,0,0,420184064,0,6,1,church
76.133,12.119,0.905,0.0,11.712,1.104,143,673637,218,26.199,0.36,-3.63,0,0,420184064,0,6,1,church
76.145,13.072,1.058,0.0,11.712,1.104,143,673637,218,26.175,0.36,-3.668,0,0,420184064,0,6,1,church
76.158,12.655,0.918,0.0,11.712,1.104,143,673637,218,26.15,0.36,-3.706,0,0,420184064,0,6,1,church
76.17,12.422,0.922,0.0,11.712,1.104,143,673637,218,26.126,0.36,-3.743,0,0,420184064,0,6,1,church
76.183,11.645,0.987,0.0,11.712,1.104,143,673637,218,26.126,0.36,-3.743,0,0,420184064,0,6,1,church
76.195,12.805,0.974,0.0,11.712,1.104,143,673637,218,26.101,0.36,-3.781,0,0,420184064,0,6,1,church
76.208,12.145,0.839,0.0,11.712,1.104,143,673637,218,26.077,0.36,-3.819,0,0,420184064,0,6,1,church
76.22,12.101,0.554,0.0,11.712,1.104,143,673637,218,26.052,0.36,-3.857,0,0,420184064,0,6,1,church
76.233,11.545,0.875,0.0,11.712,1.104,144,673649,219,26.052,0.36,-3.857,0,0,420184064,0,6,1,church
76.245,12.72,0.92,0.0,12.521,1.242,144,673649,219,26.028,0.36,-3.894,0,0,420184064,0,6,1,church
76.258,12.151,0.82,0.0,12.521,1.242,144,673649,219,26.003,0.36,-3.932,0,0,420184064,0,6,1,church
76.27,12.316,0.908,0.0,12.521,1.242,144,673649,219,25.979,0.36,-3.97,0,0,420184064,0,6,1,church
76.283,11.485,0.972,0.0,12.521,1.242,144,673649,219,25.979,0.36,-3.97,0,0,420184064,0,6,1,church
76.295,12.741,0.885,0.0,12.521,1.242,144,673649,219,25.954,0.36,-4.007,0,0,420184064,0,6,1,church
76.308,12.079,0.845,0.0,12.521,1.242,144,673649,219,25.929,0.36,-4.045,0,0,420184064,0,6,1,church
76.32,12.053,0.907,0.0,12.521,1.242,144,673649,219,25.905,0.36,-4.083,0,0,420184064,0,6,1,church
76.333,11.417,0.887,0.0,12.521,1.242,144,673649,219,25.905,0.36,-4.083,0,0,420184064,0,6,1,church
76.345,12.767,0.896,0.0,12.521,1.242,144,673649,219,25.88,0.36,-4.12,0,0,420184064,0,6,1,church
76.358,11.86,0.893,0.0,12.521,1.242,144,673649,219,25.856,0.36,-4.158,0,0,420184064,0,6,1,church
76.37,12.272,0.89,0.0,12.521,1.242,144,673649,219,25.831,0.36,-4.196,0,0,420184064,0,6,1,church
76.383,11.454,0.988,0.0,12.521,1.242,144,673649,219,25.831,0.36,-4.196,0,0,420184064,0,6,1,church
76.395,12.568,1.022,0.0,12.521,1.242,144,673649,219,25.806,0.36,-4.233,0,0,420184064,0,6,1,church
76.408,12.312,0.824,0.0,12.521,1.242,144,673649,219,25.782,0.36,-4.271,0,0,420184064,0,6,1,church
76.42,12.088,0.944,0.0,12.521,1.242,144,673649,219,25.757,0.36,-4.309,0,0,420184064,0,6,1,church
76.433,11.363,0.628,0.0,12.521,1.242,144,673649,219,25.757,0.36,-4.309,0,0,420184064,0,6,1,church
76.445,12.861,1.063,0.0,12.521,1.242,140,673547,168,25.732,0.36,-4.346,0,0,420184064,0,6,1,church
76.458,12.226,0.799,0.0,12.521,1.242,140,673547,168,25.708,0.36,-4.384,0,0,420184064,0,6,1,church
76.47,11.962,0.972,0.0,12.521,1.242,140,673547,168,25.683,0.36,-4.422,0,0,420184064,0,6,1,church
76.482,11.306,0.853,0.0,12.521,1.242,140,673547,168,25.683,0.36,-4.422,0,0,420184064,0,6,1,church
76.494,13.293,0.888,0.0,12.521,1.242,140,673547,168,25.658,0.36,-4.459,0,0,420184064,0,6,1,church
76.506,10.736,0.927,0.0,12.521,1.242,140,673547,168,25.634,0.36,-4.497,0,0,420184064,0,6,1,church
76.518,12.071,1.422,0.0,12.521,1.242,140,673547,168,25.609,0.36,-4.535,0,0,420184064,0,6,1,church
76.531,11.455,0.426,0.0,12.521,1.242,140,673547,168,25.609,0.36,-4.535,0,0,420184064,0,6,1,church
76.543,13.514,0.408,0.0,12.521,1.242,140,673547,168,25.584,0.36,-4.572,0,0,420184064,0,6,1,church
76.555,11.697,0.429,0.0,12.521,1.242,140,673547,168,25.56,0.36,-4.61,0,0,420184064,0,6,1,church
76.567,10.946,1.065,0.0,12.521,1.242,140,673547,168,25.56,0.36,-4.61,0,0,420184064,0,6,1,church
76.579,12.553,0.563,0.0,12.521,1.242,140,673547,168,25.535,0.36,-4.647,0,0,420184064,0,6,1,church
76.591,11.855,0.357,0.0,12.521,1.242,138,665087,166,25.51,0.36,-4.685,0,0,420184064,0,6,1,church
76.603,12.163,0.497,0.0,12.521,1.242,138,665087,166,25.486,0.36,-4.723,0,0,420184064,0,6,1,church
76.615,12.061,0.285,0.0,12.521,1.242,138,665087,166,25.486,0.36,-4.723,0,0,420184064,0,6,1,church
76.627,13.043,0.575,0.0,12.521,1.242,138,665087,166,25.461,0.36,-4.76,0,0,420184064,0,6,1,church
76.639,11.411,1.118,0.0,12.521,1.242,138,665087,166,25.436,0.36,-4.798,0,0,420184064,0,6,1,church
76.652,12.563,1.066,0.0,12.521,1.242,138,665087,166,25.411,0.36,-4.835,0,0,420184064,0,6,1,church
76.664,10.956,0.787,0.0,12.521,1.242,138,665087,166,25.411,0.36,-4.835,0,0,420184064,0,6,1,church
76.676,12.227,0.872,0.0,12.521,1.242,138,665087,166,25.387,0.36,-4.873,0,0,420184064,0,6,1,church
76.688,11.88,1.158,0.0,12.521,1.242,138,665087,166,25.362,0.36,-4.911,0,0,420184064,0,6,1,church
76.7,11.434,0.863,0.0,12.521,1.242,138,665087,166,25.362,0.36,-4.911,0,0,420184064,0,6,1,church
76.712,12.706,0.866,0.0,12.521,1.242,138,665087,166,25.337,0.36,-4.948,0,0,420184064,0,6,1,church
76.724,11.649,0.975,0.0,12.521,1.242,138,665087,166,25.313,0.36,-4.986,0,0,420184064,0,6,1,church
76.736,12.017,0.973,0.0,12.521,1.242,138,665087,166,25.288,0.36,-5.024,0,0,420184064,0,6,1,church
76.748,11.56,0.943,0.0,12.521,1.242,138,665087,166,25.288,0.36,-5.024,0,0,420184064,0,6,1,church
76.761,12.579,1.093,0.0,12.521,1.242,138,665087,166,25.263,0.36,-5.061,0,0,420184064,0,6,1,church
76.773,11.639,1.343,0.0,12.521,1.242,138,665087,166,25.238,0.36,-5.097,0,0,420184064,0,6,1,church
76.785,11.926,0.991,0.0,12.521,1.242,138,665087,166,25.213,0.36,-5.133,0,0,420184064,0,6,1,church
76.797,11.562,0.452,0.0,12.521,1.242,132,650107,160,25.213,0.36,-5.133,0,0,420184064,0,6,1,church
76.809,12.911,0.864,0.0,12.521,1.242,132,650107,160,25.188,0.36,-5.169,0,0,420184064,0,6,1,church
76.821,11.793,0.923,0.0,12.521,1.242,138,592440,166,25.162,0.36,-5.204,0,0,420184064,0,6,1,church
76.833,11.983,1.038,0.0,12.521,1.242,134,588768,162,25.162,0.36,-5.204,0,0,420184064,0,6,1,church
76.845,12.975,1.078,0.0,12.521,1.242,134,588768,162,25.135,0.36,-5.239,0,0,420184064,0,6,1,church
76.858,12.317,0.937,0.0,12.521,1.242,132,588662,160,25.108,0.36,-5.273,0,0,420184064,0,6,1,church
76.87,12.542,0.886,0.0,12.521,1.242,131,588518,159,25.08,0.36,-5.307,0,0,420184064,0,6,1,church
76.882,11.509,0.899,0.0,12.521,1.242,132,588520,160,25.08,0.36,-5.307,0,0,420184064,0,6,1,church
76.894,12.85,0.927,0.0,12.521,1.242,132,588520,160,25.051,0.36,-5.341,0,0,420184064,0,6,1,church
76.906,11.952,0.967,0.0,12.521,1.242,132,595868,160,25.022,0.36,-5.373,0,0,420184064,0,6,1,church
76.918,12.547,0.858,0.0,12.521,1.242,132,595868,160,24.992,0.36,-5.406,0,0,420184064,0,6,1,church
76.93,11.209,0.491,0.0,12.521,1.242,131,593084,159,24.992,0.36,-5.406,0,0,420184064,0,6,1,church
76.942,13.774,0.782,0.0,12.521,1.242,131,593084,159,24.961,0.36,-5.438,0,0,420184064,0,6,1,church
76.955,11.784,0.437,0.0,12.521,1.242,132,593086,160,24.93,0.36,-5.469,0,0,420184064,0,6,1,church
76.967,11.715,0.905,0.0,12.521,1.242,132,593086,160,24.93,0.36,-5.469,0,0,420184064,0,6,1,church
76.979,13.068,0.888,0.0,12.521,1.242,132,593086,160,24.899,0.36,-5.5,0,0,420184064,0,6,1,church
76.991,11.403,0.984,0.0,12.521,1.242,133,595870,161,24.867,0.36,-5.531,0,0,420184064,0,6,1,church
77.003,12.522,1.125,0.0,12.521,1.242,133,595870,161,24.834,0.36,-5.561,0,0,420184064,0,6,1,church
77.015,11.346,0.357,0.0,12.521,1.242,133,595870,161,24.834,0.36,-5.561,0,0,420184064,0,6,1,church
77.027,13.817,0.348,0.0,12.521,1.242,133,595870,161,24.801,0.36,-5.591,0,0,420184064,0,6,1,church
77.039,12.306,0.502,0.0,12.521,1.242,132,592008,160,24.768,0.36,-5.621,0,0,420184064,0,6,1,church
77.052,12.454,1.04,0.0,12.521,1.242,132,592140,160,24.734,0.36,-5.65,0,0,420184064,0,6,1,church
77.064,11.582,1.081,0.0,12.521,1.242,132,592140,160,24.734,0.36,-5.65,0,0,420184064,0,6,1,church
77.076,12.858,0.887,0.0,12.521,1.242,132,592140,160,24.7,0.36,-5.679,0,0,420184064,0,6,1,church
77.088,12.615,0.81,0.0,12.521,1.242,132,592140,160,24.666,0.36,-5.708,0,0,420184064,0,6,1,church
77.1,12.208,0.663,0.0,12.521,1.242,132,592140,160,24.632,0.36,-5.737,0,0,420184064,0,6,1,church
77.113,11.216,1.022,0.0,12.521,1.242,132,592140,160,24.632,0.36,-5.737,0,0,420184064,0,6,1,church
77.125,12.719,1.974,0.0,12.521,1.242,132,592140,160,24.597,0.36,-5.765,0,0,420184064,0,6,1,church
77.137,13.104,0.39,0.0,12.521,1.242,133,593200,161,24.562,0.36,-5.793,0,0,420184064,0,6,1,church
77.15,14.233,0.351,0.0,12.521,1.242,133,593200,161,24.527,0.36,-5.821,0,0,420184064,0,6,1,church
77.163,10.91,0.536,0.0,12.521,1.242,133,593200,161,24.527,0.36,-5.821,0,0,420184064,0,6,1,church
77.175,14.112,0.816,0.0,12.521,1.242,133,593200,161,24.491,0.36,-5.848,0,0,420184064,0,6,1,church
77.188,11.601,0.485,0.0,12.521,1.242,134,593290,162,24.456,0.36,-5.876,0,0,420184064,0,6,1,church
77.2,12.384,1.213,0.0,12.521,1.242,134,593290,162,24.42,0.36,-5.903,0,0,420184064,0,6,1,church
77.213,12.132,0.259,0.0,12.521,1.242,134,593290,162,24.42,0.36,-5.903,0,0,420184064,0,6,1,church
77.225,13.213,0.326,0.0,12.521,1.242,134,593290,162,24.384,0.36,-5.93,0,0,420184064,0,6,1,church
77.238,14.014,0.441,0.0,12.521,1.242,135,597294,163,24.348,0.36,-5.957,0,0,420184064,0,6,1,church
77.25,11.729,0.386,0.0,12.669,1.357,134,591966,162,24.312,0.36,-5.984,0,0,420184064,0,6,1,church
77.263,11.604,1.122,0.0,12.669,1.357,134,593118,162,24.312,0.36,-5.984,0,0,420184064,0,6,1,church
77.275,12.625,0.847,0.0,12.669,1.357,134,593118,162,24.276,0.36,-6.01,0,0,420184064,0,6,1,church
77.288,13.33,0.917,0.0,12.669,1.357,133,582069,161,24.24,0.36,-6.037,0,0,420184064,0,6,1,church
77.3,11.377,0.696,0.0,12.669,1.357,134,582257,162,24.204,0.36,-6.063,0,0,420184064,0,6,1,church
77.313,11.728,0.963,0.0,12.669,1.357,134,582257,162,24.204,0.36,-6.063,0,0,420184064,0,6,1,church
77.325,13.201,0.965,0.0,12.669,1.357,134,582257,162,24.167,0.36,-6.09,0,0,420184064,0,6,1,church
77.338,11.866,0.942,0.0,12.669,1.357,135,583409,163,24.131,0.36,-6.116,0,0,420184064,0,6,1,church
77.35,11.812,0.832,0.0,12.669,1.357,135,583409,163,24.131,0.36,-6.116,0,0,420184064,0,6,1,church
77.362,13.023,0.912,0.0,12.669,1.357,135,583409,163,24.094,0.36,-6.142,0,0,420184064,0,6,1,church
77.374,11.698,1.007,0.0,12.669,1.357,135,583409,163,24.057,0.36,-6.168,0,0,420184064,0,6,1,church
77.386,12.559,0.947,0.0,12.669,1.357,135,583409,163,24.021,0.36,-6.194,0,0,420184064,0,6,1,church
77.399,11.54,1.116,0.0,12.669,1.357,135,583409,163,24.021,0.36,-6.194,0,0,420184064,0,6,1,church
77.411,12.76,0.965,0.0,12.669,1.357,135,583409,163,23.984,0.36,-6.22,0,0,420184064,0,6,1,church
77.423,12.091,0.997,0.0,12.669,1.357,135,583409,163,23.947,0.36,-6.246,0,0,420184064,0,6,1,church
77.436,12.706,0.866,0.0,12.669,1.357,136,583525,164,23.91,0.36,-6.272,0,0,420184064,0,6,1,church
77.448,11.495,0.571,0.0,12.669,1.357,136,583525,164,23.91,0.36,-6.272,0,0,420184064,0,6,1,church
77.46,12.771,0.965,0.0,12.669,1.357,136,583525,164,23.874,0.36,-6.298,0,0,420184064,0,6,1,church
77.472,12.576,0.874,0.0,12.669,1.357,136,583525,164,23.837,0.36,-6.324,0,0,420184064,0,6,1,church
77.484,11.837,0.97,0.0,12.669,1.357,136,580753,164,23.8,0.36,-6.349,0,0,420184064,0,6,1,church
77.497,11.645,0.94,0.0,12.669,1.357,136,580753,164,23.8,0.36,-6.349,0,0,420184064,0,6,1,church
77.509,13.05,1.08,0.0,12.669,1.357,136,580753,164,23.763,0.36,-6.375,0,0,420184064,0,6,1,church
77.521,11.836,0.904,0.0,12.669,1.357,136,580755,164,23.726,0.36,-6.4,0,0,420184064,0,6,1,church
77.533,11.844,0.968,0.0,12.669,1.357,136,580755,164,23.726,0.36,-6.4,0,0,420184064,0,6,1,church
77.545,12.415,0.901,0.0,12.669,1.357,136,580755,164,23.689,0.36,-6.426,0,0,420184064,0,6,1,church
77.558,12.693,1.078,0.0,12.669,1.357,136,580755,164,23.652,0.36,-6.452,0,0,420184064,0,6,1,church
77.57,11.895,0.959,0.0,12.669,1.357,136,580755,164,23.615,0.36,-6.477,0,0,420184064,0,6,1,church
77.582,11.524,0.843,0.0,12.669,1.357,136,580755,164,23.615,0.36,-6.477,0,0,420184064,0,6,1,church
77.594,12.735,0.404,0.0,12.669,1.357,136,580755,164,23.578,0.36,-6.503,0,0,420184064,0,6,1,church
77.607,12.051,0.412,0.0,12.669,1.357,136,580755,164,23.54,0.36,-6.528,0,0,420184064,0,6,1,church
77.619,12.074,0.357,0.0,12.669,1.357,135,579695,163,23.503,0.36,-6.553,0,0,420184064,0,6,1,church
77.631,12.622,0.395,0.0,12.669,1.357,135,579695,163,23.503,0.36,-6.553,0,0,420184064,0,6,1,church
77.643,12.383,0.412,0.0,12.669,1.357,135,579695,163,23.466,0.36,-6.579,0,0,420184064,0,6,1,church
77.655,12.348,0.966,0.0,12.669,1.357,135,579695,163,23.429,0.36,-6.604,0,0,420184064,0,6,1,church
77.668,12.093,0.909,0.0,12.669,1.357,135,579695,163,23.392,0.36,-6.63,0,0,420184064,0,6,1,church
77.68,11.448,0.589,0.0,12.669,1.357,135,579695,163,23.392,0.36,-6.63,0,0,420184064,0,6,1,church
77.692,12.898,1.307,0.0,12.669,1.357,135,579695,163,23.355,0.36,-6.655,0,0,420184064,0,6,1,church
77.704,14.118,0.898,0.0,12.669,1.357,135,579695,163,23.318,0.36,-6.68,0,0,420184064,0,6,1,church
77.716,9.114,0.878,0.0,12.669,1.357,135,579695,163,23.318,0.36,-6.68,0,0,420184064,0,6,1,church
77.728,12.627,0.349,0.0,12.669,1.357,135,579695,163,23.28,0.36,-6.706,0,0,420184064,0,6,1,church
77.741,12.205,0.369,0.0,12.669,1.357,136,585011,164,23.243,0.36,-6.731,0,0,420184064,0,6,1,church
77.753,11.823,0.313,0.0,12.669,1.357,135,584823,163,23.206,0.36,-6.756,0,0,420184064,0,6,1,church
77.765,12.312,0.324,0.0,12.669,1.357,135,584823,163,23.206,0.36,-6.756,0,0,420184064,0,6,1,church
77.777,11.902,0.348,0.0,12.669,1.357,135,584823,163,23.169,0.36,-6.782,0,0,420184064,0,6,1,church
77.789,11.844,1.044,0.0,12.669,1.357,135,584823,163,23.132,0.36,-6.807,0,0,420184064,0,6,1,church
77.801,12.149,0.344,0.0,12.669,1.357,135,584823,163,23.094,0.36,-6.832,0,0,420184064,0,6,1,church
77.813,11.658,0.275,0.0,12.669,1.357,135,584823,163,23.094,0.36,-6.832,0,0,420184064,0,6,1,church
77.826,14.109,0.251,0.0,12.669,1.357,135,584823,163,23.057,0.36,-6.858,0,0,420184064,0,6,1,church
77.838,10.989,0.409,0.0,12.669,1.357,136,585863,164,23.02,0.36,-6.883,0,0,420184064,0,6,1,church
77.85,11.38,1.03,0.0,12.669,1.357,136,585863,164,23.02,0.36,-6.883,0,0,420184064,0,6,1,church
77.862,12.388,0.888,0.0,12.669,1.357,136,585863,164,22.983,0.36,-6.908,0,0,420184064,0,6,1,church
77.874,11.588,1.195,0.0,12.669,1.357,136,585863,164,22.945,0.36,-6.933,0,0,420184064,0,6,1,church
77.886,11.884,1.535,0.0,12.669,1.357,136,585863,164,22.908,0.36,-6.959,0,0,420184064,0,6,1,church
77.898,11.344,0.316,0.0,12.669,1.357,136,585863,164,22.908,0.36,-6.959,0,0,420184064,0,6,1,church
77.91,12.342,0.258,0.0,12.669,1.357,136,585863,164,22.871,0.36,-6.984,0,0,420184064,0,6,1,church
77.923,12.849,0.4,0.0,12.669,1.357,136,585863,164,22.834,0.36,-7.009,0,0,420184064,0,6,1,church
77.935,11.814,0.412,0.0,12.669,1.357,136,585863,164,22.796,0.36,-7.034,0,0,420184064,0,6,1,church
77.947,11.701,0.944,0.0,12.669,1.357,135,581859,163,22.796,0.36,-7.034,0,0,420184064,0,6,1,church
77.959,12.741,0.932,0.0,12.669,1.357,135,581859,163,22.759,0.36,-7.06,0,0,420184064,0,6,1,church
77.971,11.961,0.876,0.0,12.669,1.357,135,581859,163,22.722,0.36,-7.085,0,0,420184064,0,6,1,church
77.983,11.062,0.868,0.0,12.669,1.357,135,581859,163,22.722,0.36,-7.085,0,0,420184064,0,6,1,church
77.995,12.388,0.908,0.0,12.669,1.357,135,581859,163,22.685,0.36,-7.11,0,0,420184064,0,6,1,church
78.007,12.35,0.883,0.0,12.669,1.357,135,581859,163,22.647,0.36,-7.135,0,0,420184064,0,6,1,church
78.02,11.364,0.796,0.0,12.669,1.357,135,581859,163,22.61,0.36,-7.161,0,0,420184064,0,6,1,church
78.032,11.278,0.889,0.0,12.669,1.357,134,581857,162,22.61,0.36,-7.161,0,0,420184064,0,6,1,church
78.044,12.312,0.586,0.0,12.669,1.357,134,581857,162,22.573,0.36,-7.186,0,0,420184064,0,6,1,church
78.056,11.554,1.217,0.0,12.669,1.357,134,581857,162,22.536,0.36,-7.211,0,0,420184064,0,6,1,church
78.068,11.781,0.932,0.0,12.669,1.357,134,581857,162,22.498,0.36,-7.236,0,0,420184064,0,6,1,church
78.08,11.135,0.586,0.0,12.669,1.357,134,581857,162,22.498,0.36,-7.236,0,0,420184064,0,6,1,church
78.092,12.408,0.866,0.0,12.669,1.357,134,581857,162,22.461,0.36,-7.261,0,0,420184064,0,6,1,church
78.104,11.744,1.202,0.0,12.669,1.357,133,581855,161,22.424,0.36,-7.287,0,0,420184064,0,6,1,church
78.116,11.237,0.868,0.0,12.669,1.357,133,581855,161,22.424,0.36,-7.287,0,0,420184064,0,6,1,church
78.129,12.836,1.097,0.0,12.669,1.357,133,581855,161,22.387,0.36,-7.312,0,0,420184064,0,6,1,church
78.141,11.296,1.208,0.0,12.669,1.357,133,581855,161,22.349,0.36,-7.337,0,0,420184064,0,6,1,church
78.153,11.639,0.834,0.0,12.669,1.357,133,581855,161,22.312,0.36,-7.362,0,0,420184064,0,6,1,church
78.165,11.398,0.936,0.0,12.669,1.357,133,581855,161,22.312,0.36,-7.362,0,0,420184064,0,6,1,church
78.177,12.13,0.919,0.0,12.669,1.357,133,581855,161,22.275,0.36,-7.388,0,0,420184064,0,6,1,church
78.189,11.908,1.167,0.0,12.669,1.357,133,581855,161,22.237,0.36,-7.413,0,0,420184064,0,6,1,church
78.201,12.204,0.917,0.0,12.669,1.357,133,581855,161,22.2,0.36,-7.438,0,0,420184064,0,6,1,church
78.213,11.326,0.712,0.0,12.669,1.357,133,581855,161,22.2,0.36,-7.438,0,0,420184064,0,6,1,church
78.225,13.03,0.832,0.0,12.669,1.357,133,581855,161,22.163,0.36,-7.463,0,0,420184064,0,6,1,church
78.237,12.111,0.798,0.0,12.669,1.357,133,581855,161,22.126,0.36,-7.488,0,0,420184064,0,6,1,church
78.249,11.443,0.944,0.0,12.393,1.427,133,581855,161,22.126,0.36,-7.488,0,0,420184064,0,6,1,church
78.261,12.711,0.484,0.0,12.393,1.427,133,581855,161,22.088,0.36,-7.514,0,0,420184064,0,6,1,church
78.274,11.711,1.089,0.0,12.393,1.427,133,581855,161,22.051,0.36,-7.539,0,0,420184064,0,6,1,church
78.286,12.311,1.046,0.0,12.393,1.427,134,581865,162,22.014,0.36,-7.564,0,0,420184064,0,6,1,church
78.298,11.678,0.932,0.0,12.393,1.427,134,581865,162,22.014,0.36,-7.564,0,0,420184064,0,6,1,church
78.31,12.851,0.917,0.0,12.393,1.427,134,581865,162,21.976,0.36,-7.589,0,0,420184064,0,6,1,church
78.322,11.323,1.005,0.0,12.393,1.427,134,581865,162,21.939,0.36,-7.614,0,0,420184064,0,6,1,church
78.334,12.255,0.938,0.0,12.393,1.427,134,581865,162,21.902,0.36,-7.64,0,0,420184064,0,6,1,church
78.345,11.004,1.276,0.0,12.393,1.427,134,581865,162,21.902,0.36,-7.64,0,0,420184064,0,6,1,church
78.357,12.49,0.874,0.0,12.393,1.427,134,581865,162,21.865,0.36,-7.665,0,0,420184064,0,6,1,church
78.369,11.887,0.947,0.0,12.393,1.427,134,581865,162,21.827,0.36,-7.69,0,0,420184064,0,6,1,church
78.381,11.433,0.978,0.0,12.393,1.427,134,581865,162,21.827,0.36,-7.69,0,0,420184064,0,6,1,church
78.393,12.611,0.968,0.0,12.393,1.427,134,581865,162,21.79,0.36,-7.715,0,0,420184064,0,6,1,church
78.405,12.224,1.11,0.0,12.393,1.427,134,581865,162,21.753,0.36,-7.74,0,0,420184064,0,6,1,church
78.417,10.97,0.927,0.0,12.393,1.427,134,581865,162,21.715,0.36,-7.766,0,0,420184064,0,6,1,church
78.429,12.039,0.973,0.0,12.393,1.427,134,581865,162,21.715,0.36,-7.766,0,0,420184064,0,6,1,church
78.441,12.376,0.407,0.0,12.393,1.427,134,581865,162,21.678,0.36,-7.791,0,0,420184064,0,6,1,church
78.453,11.902,0.956,0.0,12.393,1.427,134,581865,162,21.641,0.36,-7.816,0,0,420184064,0,6,1,church
78.465,11.327,0.942,0.0,12.393,1.427,134,581865,162,21.641,0.36,-7.816,0,0,420184064,0,6,1,church
78.477,12.253,0.939,0.0,12.393,1.427,134,581865,162,21.604,0.36,-7.841,0,0,420184064,0,6,1,church
78.488,12.054,0.941,0.0,12.393,1.427,134,581865,162,21.566,0.36,-7.866,0,0,420184064,0,6,1,church
78.5,11.804,0.929,0.0,12.393,1.427,134,581865,162,21.529,0.36,-7.891,0,0,420184064,0,6,1,church
78.512,10.753,0.887,0.0,12.393,1.427,133,579173,161,21.529,0.36,-7.891,0,0,420184064,0,6,1,church
78.524,12.447,1.07,0.0,12.393,1.427,133,579173,161,21.492,0.36,-7.917,0,0,420184064,0,6,1,church
78.536,13.445,0.37,0.0,12.393,1.427,133,579173,161,21.454,0.36,-7.942,0,0,420184064,0,6,1,church
78.548,10.637,0.406,0.0,12.393,1.427,133,579173,161,21.454,0.36,-7.942,0,0,420184064,0,6,1,church
78.56,12.54,1.084,0.0,12.393,1.427,133,579173,161,21.417,0.36,-7.967,0,0,420184064,0,6,1,church
78.571,12.162,0.853,0.0,12.393,1.427,133,579173,161,21.38,0.36,-7.992,0,0,420184064,0,6,1,church
78.583,11.875,1.067,0.0,12.393,1.427,132,578133,160,21.343,0.36,-8.017,0,0,420184064,0,6,1,church
78.595,11.346,0.779,0.0,12.393,1.427,132,578133,160,21.343,0.36,-8.017,0,0,420184064,0,6,1,church
78.607,11.83,0.833,0.0,12.393,1.427,132,578133,160,21.305,0.36,-8.043,0,0,420184064,0,6,1,church
78.619,11.86,0.98,0.0,12.393,1.427,131,578121,159,21.268,0.36,-8.068,0,0,420184064,0,6,1,church
78.631,11.375,0.336,0.0,12.393,1.427,131,578121,159,21.268,0.36,-8.068,0,0,420184064,0,6,1,church
78.643,12.274,0.327,0.0,12.393,1.427,131,578121,159,21.231,0.36,-8.093,0,0,420184064,0,6,1,church
78.655,12.881,0.316,0.0,12.393,1.427,129,572793,157,21.193,0.36,-8.118,0,0,420184064,0,6,1,church
78.667,10.947,0.569,0.0,12.393,1.427,129,572793,157,21.156,0.36,-8.143,0,0,420184064,0,6,1,church
78.679,12.133,0.469,0.0,12.393,1.427,129,572793,157,21.156,0.36,-8.143,0,0,420184064,0,6,1,church
78.691,12.421,0.617,0.0,12.393,1.427,129,572793,157,21.119,0.36,-8.169,0,0,420184064,0,6,1,church
78.702,11.831,1.012,0.0,12.393,1.427,129,572793,157,21.082,0.36,-8.194,0,0,420184064,0,6,1,church
78.714,11.326,0.866,0.0,12.393,1.427,129,572793,157,21.082,0.36,-8.194,0,0,420184064,0,6,1,church
78.726,12.49,0.78,0.0,12.393,1.427,129,572793,157,21.044,0.36,-8.219,0,0,420184064,0,6,1,church
78.738,11.897,0.985,0.0,12.393,1.427,129,572793,157,21.007,0.36,-8.244,0,0,420184064,0,6,1,church
78.75,11.812,0.954,0.0,12.393,1.427,129,572793,157,20.97,0.36,-8.269,0,0,420184064,0,6,1,church
78.762,11.146,0.952,0.0,12.393,1.427,128,572343,156,20.97,0.36,-8.269,0,0,420184064,0,6,1,church
78.774,12.552,0.485,0.0,12.393,1.427,128,572343,156,20.932,0.36,-8.295,0,0,420184064,0,6,1,church
78.786,11.328,1.112,0.0,12.393,1.427,128,572343,156,20.895,0.36,-8.32,0,0,420184064,0,6,1,church
78.797,11.318,0.864,0.0,12.393,1.427,128,570287,156,20.895,0.36,-8.32,0,0,420184064,0,6,1,church
78.809,12.466,0.86,0.0,12.393,1.427,128,570287,156,20.858,0.36,-8.345,0,0,420184064,0,6,1,church
78.821,11.598,0.894,0.0,12.393,1.427,128,570287,156,20.821,0.36,-8.37,0,0,420184064,0,6,1,church
78.833,11.511,0.928,0.0,12.393,1.427,129,581344,157,20.821,0.36,-8.37,0,0,420184064,0,6,1,church
78.844,13.29,0.836,0.0,12.393,1.427,129,581344,157,20.783,0.36,-8.395,0,0,420184064,0,6,1,church
78.856,10.39,0.366,0.0,12.393,1.427,129,581344,157,20.746,0.36,-8.421,0,0,420184064,0,6,1,church
78.868,12.101,0.938,0.0,12.393,1.427,129,581344,157,20.709,0.36,-8.446,0,0,420184064,0,6,1,church
78.879,11.251,0.4,0.0,12.393,1.427,130,585206,158,20.709,0.36,-8.446,0,0,420184064,0,6,1,church
78.891,12.699,1.079,0.0,12.393,1.427,130,585206,158,20.671,0.36,-8.471,0,0,420184064,0,6,1,church
78.903,12.215,0.914,0.0,12.393,1.427,130,585206,158,20.634,0.36,-8.496,0,0,420184064,0,6,1,church
78.914,10.873,1.024,0.0,12.393,1.427,131,590534,159,20.634,0.36,-8.496,0,0,420184064,0,6,1,church
78.926,12.572,1.087,0.0,12.393,1.427,131,590534,159,20.597,0.36,-8.521,0,0,420184064,0,6,1,church
78.938,11.323,0.826,0.0,12.393,1.427,131,590534,159,20.56,0.36,-8.546,0,0,420184064,0,6,1,church
78.949,12.655,1.227,0.0,12.393,1.427,130,590518,158,20.56,0.36,-8.546,0,0,420184064,0,6,1,church
78.961,11.712,0.399,0.0,12.393,1.427,130,590518,158,20.522,0.36,-8.572,0,0,420184064,0,6,1,church
78.973,11.811,0.987,0.0,12.393,1.427,130,590518,158,20.485,0.36,-8.597,0,0,420184064,0,6,1,church
78.984,11.949,0.956,0.0,12.393,1.427,130,590518,158,20.448,0.36,-8.622,0,0,420184064,0,6,1,church
78.996,11.345,0.94,0.0,12.393,1.427,130,590518,158,20.448,0.36,-8.622,0,0,420184064,0,6,1,church
79.008,12.664,0.903,0.0,12.393,1.427,130,590518,158,20.41,0.36,-8.647,0,0,420184064,0,6,1,church
79.019,11.929,0.888,0.0,12.393,1.427,129,589366,157,20.373,0.36,-8.672,0,0,420184064,0,6,1,church
79.031,11.231,0.635,0.0,12.393,1.427,129,589366,157,20.373,0.36,-8.672,0,0,420184064,0,6,1,church
79.043,12.514,1.13,0.0,12.393,1.427,129,589366,157,20.336,0.36,-8.698,0,0,420184064,0,6,1,church
79.054,12.32,0.848,0.0,12.393,1.427,130,590063,158,20.299,0.36,-8.723,0,0,420184064,0,6,1,church
79.066,11.079,0.968,0.0,12.393,1.427,130,590063,158,20.299,0.36,-8.723,0,0,420184064,0,6,1,church
79.078,12.867,0.808,0.0,12.393,1.427,130,590063,158,20.261,0.36,-8.748,0,0,420184064,0,6,1,church
79.089,11.415,1.175,0.0,12.393,1.427,130,590063,158,20.224,0.36,-8.773,0,0,420184064,0,6,1,church
79.101,12.086,0.798,0.0,12.393,1.427,131,590413,159,20.187,0.36,-8.798,0,0,420184064,0,6,1,church
79.113,10.907,0.898,0.0,12.393,1.427,130,590365,158,20.187,0.36,-8.798,0,0,420184064,0,6,1,church
79.124,12.728,0.85,0.0,12.393,1.427,130,590365,158,20.149,0.36,-8.824,0,0,420184064,0,6,1,church
79.136,12.092,0.712,0.0,12.393,1.427,130,590365,158,20.112,0.36,-8.849,0,0,420184064,0,6,1,church
79.148,10.502,0.749,0.0,12.393,1.427,130,590365,158,20.112,0.36,-8.849,0,0,420184064,0,6,1,church
79.159,12.54,1.242,0.0,12.393,1.427,130,590365,158,20.075,0.36,-8.874,0,0,420184064,0,6,1,church
79.171,11.851,0.331,0.0,12.393,1.427,130,590365,158,20.038,0.36,-8.899,0,0,420184064,0,6,1,church
79.183,11.214,0.288,0.0,12.393,1.427,129,590249,157,20.038,0.36,-8.899,0,0,420184064,0,6,1,church
79.194,13.294,0.3,0.0,12.393,1.427,129,590249,157,20.0,0.36,-8.924,0,0,420184064,0,6,1,church
79.206,11.899,0.4,0.0,12.393,1.427,128,589899,156,19.963,0.36,-8.95,0,0,420184064,0,6,1,church
79.218,11.976,0.933,0.0,12.393,1.427,126,588852,154,19.926,0.36,-8.975,0,0,420184064,0,6,1,church
79.229,10.909,0.924,0.0,12.393,1.427,126,588179,154,19.926,0.36,-8.975,0,0,420184064,0,6,1,church
79.241,12.527,1.039,0.0,12.538,1.167,126,588179,154,19.888,0.36,-9.0,0,0,420184064,0,6,1,church
79.253,11.493,1.045,0.0,12.538,1.167,125,588089,153,19.851,0.36,-9.025,0,0,420184064,0,6,1,church
79.265,11.856,1.104,0.0,12.538,1.167,125,588089,153,19.851,0.36,-9.025,0,0,420184064,0,6,1,church
79.276,12.464,0.955,0.0,12.538,1.167,125,588089,153,19.814,0.36,-9.05,0,0,420184064,0,6,1,church
79.288,12.763,0.953,0.0,12.538,1.167,125,588089,153,19.776,0.36,-9.075,0,0,420184064,0,6,1,church
79.3,12.737,0.788,0.0,12.538,1.167,123,585091,151,19.739,0.36,-9.101,0,0,420184064,0,6,1,church
79.312,11.428,0.82,0.0,12.538,1.167,123,585091,151,19.739,0.36,-9.101,0,0,420184064,0,6,1,church
79.324,12.837,0.96,0.0,12.538,1.167,123,585091,151,19.702,0.36,-9.126,0,0,420184064,0,6,1,church
79.336,11.732,1.802,0.0,12.538,1.167,123,585091,151,19.665,0.36,-9.151,0,0,420184064,0,6,1,church
79.348,11.298,1.063,0.0,12.538,1.167,123,585091,151,19.665,0.36,-9.151,0,0,420184064,0,6,1,church
79.36,12.733,0.558,0.0,12.538,1.167,123,585091,151,19.627,0.36,-9.176,0,0,420184064,0,6,1,church
79.372,11.289,0.924,0.0,12.538,1.167,123,585091,151,19.59,0.36,-9.201,0,0,420184064,0,6,1,church
79.384,11.863,0.787,0.0,12.538,1.167,123,585091,151,19.553,0.36,-9.227,0,0,420184064,0,6,1,church
79.396,11.309,0.865,0.0,12.538,1.167,123,585091,151,19.553,0.36,-9.227,0,0,420184064,0,6,1,church
79.407,12.662,0.9,0.0,12.538,1.167,123,585091,151,19.515,0.36,-9.252,0,0,420184064,0,6,1,church
79.419,12.166,0.865,0.0,12.538,1.167,122,585067,150,19.478,0.36,-9.277,0,0,420184064,0,6,1,church
79.431,11.145,0.912,0.0,12.538,1.167,122,585067,150,19.478,0.36,-9.277,0,0,420184064,0,6,1,church
79.443,12.893,0.979,0.0,12.538,1.167,122,585067,150,19.441,0.36,-9.302,0,0,420184064,0,6,1,church
79.455,11.644,0.965,0.0,12.538,1.167,122,585067,150,19.404,0.36,-9.327,0,0,420184064,0,6,1,church
79.467,12.011,0.896,0.0,12.538,1.167,121,582999,149,19.366,0.36,-9.353,0,0,420184064,0,6,1,church
79.479,11.418,0.859,0.0,12.538,1.167,121,582999,149,19.366,0.36,-9.353,0,0,420184064,0,6,1,church
79.491,12.619,0.878,0.0,12.538,1.167,121,582999,149,19.329,0.36,-9.378,0,0,420184064,0,6,1,church
79.503,11.58,0.877,0.0,12.538,1.167,121,582999,149,19.292,0.36,-9.403,0,0,420184064,0,6,1,church
79.515,11.445,0.891,0.0,12.538,1.167,121,582999,149,19.292,0.36,-9.403,0,0,420184064,0,6,1,church
79.526,13.233,0.854,0.0,12.538,1.167,121,582999,149,19.255,0.36,-9.429,0,0,420184064,0,6,1,church
79.538,11.201,0.999,0.0,12.538,1.167,120,550935,148,19.218,0.36,-9.454,0,0,420184064,0,6,1,church
79.55,12.308,0.918,0.0,12.538,1.167,120,550935,148,19.181,0.36,-9.48,0,0,420184064,0,6,1,church
79.562,11.803,0.875,0.0,12.538,1.167,120,550935,148,19.181,0.36,-9.48,0,0,420184064,0,6,1,church
79.574,12.972,0.858,0.0,12.538,1.167,120,550935,148,19.144,0.36,-9.505,0,0,420184064,0,6,1,church
79.586,11.642,0.878,0.0,12.538,1.167,120,550935,148,19.107,0.36,-9.531,0,0,420184064,0,6,1,church
79.598,11.382,0.89,0.0,12.538,1.167,120,550935,148,19.107,0.36,-9.531,0,0,420184064,0,6,1,church
79.61,11.802,0.953,0.0,12.538,1.167,120,550935,148,19.07,0.36,-9.557,0,0,420184064,0,6,1,church
79.622,11.991,0.934,0.0,12.538,1.167,119,548243,147,19.033,0.36,-9.582,0,0,420184064,0,6,1,church
79.634,12.065,0.341,0.0,12.538,1.167,118,548099,146,18.996,0.36,-9.608,0,0,420184064,0,6,1,church
79.646,11.409,0.34,0.0,12.538,1.167,117,545315,145,18.996,0.36,-9.608,0,0,420184064,0,6,1,church
79.657,12.959,0.479,0.0,12.538,1.167,117,545315,145,18.96,0.36,-9.634,0,0,420184064,0,6,1,church
79.669,12.374,0.401,0.0,12.538,1.167,117,545315,145,18.923,0.36,-9.66,0,0,420184064,0,6,1,church
79.681,11.044,0.437,0.0,12.538,1.167,117,545315,145,18.923,0.36,-9.66,0,0,420184064,0,6,1,church
79.693,12.473,0.993,0.0,12.538,1.167,117,545315,145,18.886,0.36,-9.686,0,0,420184064,0,6,1,church
79.705,12.014,0.352,0.0,12.538,1.167,117,545315,145,18.85,0.36,-9.713,0,0,420184064,0,6,1,church
79.717,13.125,0.415,0.0,12.538,1.167,117,545315,145,18.813,0.36,-9.739,0,0,420184064,0,6,1,church
79.729,11.33,0.415,0.0,12.538,1.167,117,545315,145,18.813,0.36,-9.739,0,0,420184064,0,6,1,church
79.741,13.017,0.494,0.0,12.538,1.167,117,545315,145,18.777,0.36,-9.765,0,0,420184064,0,6,1,church
79.753,12.045,1.029,0.0,12.538,1.167,117,545315,145,18.74,0.36,-9.792,0,0,420184064,0,6,1,church
79.765,11.204,1.047,0.0,12.538,1.167,117,545315,145,18.74,0.36,-9.792,0,0,420184064,0,6,1,church
79.776,12.773,0.857,0.0,12.538,1.167,117,545315,145,18.704,0.36,-9.818,0,0,420184064,0,6,1,church
79.788,12.539,0.866,0.0,12.538,1.167,117,545315,145,18.667,0.36,-9.844,0,0,420184064,0,6,1,church
79.8,11.593,0.544,0.0,12.538,1.167,117,545315,145,18.631,0.36,-9.871,0,0,420184064,0,6,1,church
79.812,11.659,1.339,0.0,12.538,1.167,117,545315,145,18.631,0.36,-9.871,0,0,420184064,0,6,1,church
79.824,12.862,0.871,0.0,12.538,1.167,117,545315,145,18.594,0.36,-9.897,0,0,420184064,0,6,1,church
79.836,12.004,0.876,0.0,12.538,1.167,117,545315,145,18.558,0.36,-9.924,0,0,420184064,0,6,1,church
79.848,11.394,1.037,0.0,12.538,1.167,117,545315,145,18.558,0.36,-9.924,0,0,420184064,0,6,1,church
79.86,12.788,0.937,0.0,12.538,1.167,117,545315,145,18.522,0.36,-9.95,0,0,420184064,0,6,1,church
79.872,12.358,0.784,0.0,12.538,1.167,117,545315,145,18.485,0.36,-9.977,0,0,420184064,0,6,1,church
79.884,11.582,1.047,0.0,12.538,1.167,117,545315,145,18.449,0.36,-10.004,0,0,420184064,0,6,1,church
79.896,12.024,0.889,0.0,12.538,1.167,116,545299,144,18.449,0.36,-10.004,0,0,420184064,0,6,1,church
79.907,12.754,1.083,0.0,12.538,1.167,116,545299,144,18.413,0.36,-10.03,0,0,420184064,0,6,1,church
79.919,11.13,1.178,0.0,12.538,1.167,116,545299,144,18.377,0.36,-10.057,0,0,420184064,0,6,1,church
79.932,12.181,0.957,0.0,12.538,1.167,115,545209,143,18.377,0.36,-10.057,0,0,420184064,0,6,1,church
79.944,12.657,0.438,0.0,12.538,1.167,115,545209,143,18.34,0.36,-10.084,0,0,420184064,0,6,1,church
79.956,12.021,0.805,0.0,12.538,1.167,115,545209,143,18.304,0.36,-10.11,0,0,420184064,0,6,1,church
79.968,12.238,0.879,0.0,12.538,1.167,113,544901,141,18.268,0.36,-10.137,0,0,420184064,0,6,1,church
79.98,11.382,0.873,0.0,12.538,1.167,113,544901,141,18.268,0.36,-10.137,0,0,420184064,0,6,1,church
79.992,12.876,1.004,0.0,12.538,1.167,113,544901,141,18.232,0.36,-10.164,0,0,420184064,0,6,1,church
80.004,12.117,0.886,0.0,12.538,1.167,113,544901,141,18.196,0.36,-10.19,0,0,420184064,0,6,1,church
80.016,11.449,0.91,0.0,12.538,1.167,113,544901,141,18.196,0.36,-10.19,0,0,420184064,0,6,1,church
80.028,12.667,0.934,0.0,12.538,1.167,113,544901,141,18.159,0.36,-10.217,0,0,420184064,0,6,1,church
80.04,12.153,0.841,0.0,12.538,1.167,112,544899,140,18.123,0.36,-10.244,0,0,420184064,0,6,1,church
80.053,12.137,0.998,0.0,12.538,1.167,112,544899,140,18.087,0.36,-10.271,0,0,420184064,0,6,1,church
80.065,11.38,1.118,0.0,12.538,1.167,110,537241,138,18.087,0.36,-10.271,0,0,420184064,0,6,1,church
80.077,12.752,1.506,0.0,12.538,1.167,110,537241,138,18.051,0.36,-10.298,0,0,420184064,0,6,1,church
80.089,12.112,0.932,0.0,12.538,1.167,110,537241,138,18.015,0.36,-10.324,0,0,420184064,0,6,1,church
80.101,12.11,0.935,0.0,12.538,1.167,110,537241,138,17.979,0.36,-10.351,0,0,420184064,0,6,1,church
80.113,11.273,1.024,0.0,12.538,1.167,110,537241,138,17.979,0.36,-10.351,0,0,420184064,0,6,1,church
80.125,12.849,0.915,0.0,12.538,1.167,110,537241,138,17.943,0.36,-10.378,0,0,420184064,0,6,1,church
80.137,12.278,0.763,0.0,12.538,1.167,110,548833,138,17.906,0.36,-10.405,0,0,420184064,0,6,1,church
80.149,11.281,0.915,0.0,12.538,1.167,110,548833,138,17.906,0.36,-10.405,0,0,420184064,0,6,1,church
80.162,12.975,1.018,0.0,12.538,1.167,110,548833,138,17.87,0.36,-10.432,0,0,420184064,0,6,1,church
80.174,11.882,0.982,0.0,12.538,1.167,110,548833,138,17.834,0.36,-10.459,0,0,420184064,0,6,1,church
80.186,12.055,0.786,0.0,12.538,1.167,110,548833,138,17.798,0.36,-10.486,0,0,420184064,0,6,1,church
80.198,11.452,0.909,0.0,12.538,1.167,111,548835,139,17.798,0.36,-10.486,0,0,420184064,0,6,1,church
80.21,12.905,0.971,0.0,12.538,1.167,111,548835,139,17.762,0.36,-10.512,0,0,420184064,0,6,1,church
80.222,11.997,0.787,0.0,12.538,1.167,111,548835,139,17.726,0.36,-10.539,0,0,420184064,0,6,1,church
80.235,12.48,0.905,0.0,12.5,1.136,111,548835,139,17.69,0.36,-10.566,0,0,420184064,0,6,1,church
80.247,11.685,0.841,0.0,12.5,1.136,112,548837,140,17.69,0.36,-10.566,0,0,420184064,0,6,1,church
80.259,12.731,1.035,0.0,12.5,1.136,112,548837,140,17.654,0.36,-10.593,0,0,420184064,0,6,1,church
80.271,12.59,0.861,0.0,12.5,1.136,111,548661,139,17.618,0.36,-10.62,0,0,420184064,0,6,1,church
80.284,12.285,0.866,0.0,12.5,1.136,111,548661,139,17.582,0.36,-10.647,0,0,420184064,0,6,1,church
80.296,11.722,0.908,0.0,12.5,1.136,111,548661,139,17.582,0.36,-10.647,0,0,420184064,0,6,1,church
80.309,12.788,0.927,0.0,12.5,1.136,111,548661,139,17.546,0.36,-10.674,0,0,420184064,0,6,1,church
80.321,14.039,0.868,0.0,12.5,1.136,111,548661,139,17.509,0.36,-10.701,0,0,420184064,0,6,1,church
80.334,9.653,0.891,0.0,12.5,1.136,110,548337,138,17.473,0.36,-10.728,0,0,420184064,0,6,1,church
80.346,11.5,0.782,0.0,12.5,1.136,109,548049,137,17.473,0.36,-10.728,0,0,420184064,0,6,1,church
80.359,12.558,0.326,0.0,12.5,1.136,109,548049,137,17.437,0.36,-10.754,0,0,420184064,0,6,1,church
80.371,11.956,0.327,0.0,12.5,1.136,109,548049,137,17.401,0.36,-10.781,0,0,420184064,0,6,1,church
80.384,12.259,0.336,0.0,12.5,1.136,109,548049,137,17.365,0.36,-10.808,0,0,420184064,0,6,1,church
80.396,12.613,0.391,0.0,12.5,1.136,109,548049,137,17.365,0.36,-10.808,0,0,420184064,0,6,1,church
80.409,12.353,0.896,0.0,12.5,1.136,109,548049,137,17.329,0.36,-10.835,0,0,420184064,0,6,1,church
80.421,12.257,1.041,0.0,12.5,1.136,108,540323,136,17.293,0.36,-10.862,0,0,420184064,0,6,1,church
80.434,12.614,0.97,0.0,12.5,1.136,108,540323,136,17.257,0.36,-10.889,0,0,420184064,0,6,1,church
80.446,11.38,1.019,0.0,12.5,1.136,108,540323,136,17.257,0.36,-10.889,0,0,420184064,0,6,1,church
80.459,13.0,0.799,0.0,12.5,1.136,108,540323,136,17.221,0.36,-10.916,0,0,420184064,0,6,1,church
80.471,12.217,0.794,0.0,12.5,1.136,108,540323,136,17.185,0.36,-10.943,0,0,420184064,0,6,1,church
80.484,11.82,1.149,0.0,12.5,1.136,108,540323,136,17.149,0.36,-10.97,0,0,420184064,0,6,1,church
80.496,11.776,0.906,0.0,12.5,1.136,107,540311,135,17.149,0.36,-10.97,0,0,420184064,0,6,1,church
80.509,12.831,0.858,0.0,12.5,1.136,107,540311,135,17.113,0.36,-10.997,0,0,420184064,0,6,1,church
80.521,11.868,0.894,0.0,12.5,1.136,107,540311,135,17.077,0.36,-11.024,0,0,420184064,0,6,1,church
80.534,12.207,0.857,0.0,12.5,1.136,107,540311,135,17.041,0.36,-11.051,0,0,420184064,0,6,1,church
80.546,11.81,0.86,0.0,12.5,1.136,107,540311,135,17.041,0.36,-11.051,0,0,420184064,0,6,1,church
80.559,12.724,0.849,0.0,12.5,1.136,107,540311,135,17.005,0.36,-11.078,0,0,420184064,0,6,1,church
80.571,12.137,0.776,0.0,12.5,1.136,107,540311,135,16.969,0.36,-11.104,0,0,420184064,0,6,1,church
80.584,12.311,0.867,0.0,12.5,1.136,107,540311,135,16.933,0.36,-11.131,0,0,420184064,0,6,1,church
80.596,11.952,0.857,0.0,12.5,1.136,107,540311,135,16.933,0.36,-11.131,0,0,420184064,0,6,1,church
80.609,12.158,0.608,0.0,12.5,1.136,107,540311,135,16.897,0.36,-11.158,0,0,420184064,0,6,1,church
80.621,12.378,0.836,0.0,12.5,1.136,107,540311,135,16.861,0.36,-11.185,0,0,420184064,0,6,1,church
80.633,12.059,1.075,0.0,12.5,1.136,107,540311,135,16.824,0.36,-11.212,0,0,420184064,0,6,1,church
80.646,11.685,0.909,0.0,12.5,1.136,107,540311,135,16.824,0.36,-11.212,0,0,420184064,0,6,1,church
80.658,12.801,0.404,0.0,12.5,1.136,107,540311,135,16.788,0.36,-11.239,0,0,420184064,0,6,1,church
80.67,12.337,0.406,0.0,12.5,1.136,107,540311,135,16.752,0.36,-11.266,0,0,420184064,0,6,1,church
80.682,11.19,0.375,0.0,12.5,1.136,107,540311,135,16.752,0.36,-11.266,0,0,420184064,0,6,1,church
80.695,12.841,0.377,0.0,12.5,1.136,107,540311,135,16.716,0.36,-11.293,0,0,420184064,0,6,1,church
80.707,11.929,0.367,0.0,12.5,1.136,106,536975,134,16.68,0.36,-11.32,0,0,420184064,0,6,1,church
80.719,10.999,0.834,0.0,12.5,1.136,106,536975,134,16.644,0.36,-11.347,0,0,420184064,0,6,1,church
80.731,11.506,2.01,0.0,12.5,1.136,106,536975,134,16.644,0.36,-11.347,0,0,420184064,0,6,1,church
80.743,12.22,0.362,0.0,12.5,1.136,106,536975,134,16.608,0.36,-11.374,0,0,420184064,0,6,1,church
80.755,11.647,0.372,0.0,12.5,1.136,107,536977,135,16.572,0.36,-11.401,0,0,420184064,0,6,1,church
80.767,12.735,0.31,0.0,12.5,1.136,104,536483,132,16.536,0.36,-11.428,0,0,420184064,0,6,1,church
80.779,11.158,0.345,0.0,12.5,1.136,104,536483,132,16.536,0.36,-11.428,0,0,420184064,0,6,1,church
80.791,12.266,0.868,0.0,12.5,1.136,104,536483,132,16.5,0.36,-11.455,0,0,420184064,0,6,1,church
80.804,11.836,0.853,0.0,12.5,1.136,104,536483,132,16.464,0.36,-11.482,0,0,420184064,0,6,1,church
80.816,11.017,0.862,0.0,12.5,1.136,103,531155,131,16.464,0.36,-11.482,0,0,420184064,0,6,1,church
80.828,12.172,0.854,0.0,12.5,1.136,103,531155,131,16.428,0.36,-11.509,0,0,420184064,0,6,1,church
80.84,11.655,0.755,0.0,12.5,1.136,103,531155,131,16.392,0.36,-11.536,0,0,420184064,0,6,1,church
80.852,11.327,0.882,0.0,12.5,1.136,103,531155,131,16.356,0.36,-11.563,0,0,420184064,0,6,1,church
80.864,11.075,0.817,0.0,12.5,1.136,102,520106,130,16.356,0.36,-11.563,0,0,420184064,0,6,1,church
80.876,12.149,0.358,0.0,12.5,1.136,102,520106,130,16.32,0.36,-11.589,0,0,420184064,0,6,1,church
80.888,11.674,0.393,0.0,12.5,1.136,102,520106,130,16.284,0.36,-11.616,0,0,420184064,0,6,1,church
80.901,11.726,0.269,0.0,12.5,1.136,102,520106,130,16.248,0.36,-11.643,0,0,420184064,0,6,1,church
80.913,11.172,0.293,0.0,12.5,1.136,102,520106,130,16.248,0.36,-11.643,0,0,420184064,0,6,1,church
80.925,12.116,0.285,0.0,12.5,1.136,102,520106,130,16.212,0.36,-11.67,0,0,420184064,0,6,1,church
80.937,11.747,0.335,0.0,12.5,1.136,102,520106,130,16.176,0.36,-11.697,0,0,420184064,0,6,1,church
80.949,11.127,0.318,0.0,12.5,1.136,102,520106,130,16.176,0.36,-11.697,0,0,420184064,0,6,1,church
80.96,13.052,0.307,0.0,12.5,1.136,102,520106,130,16.14,0.36,-11.724,0,0,420184064,0,6,1,church
80.972,11.592,0.377,0.0,12.5,1.136,101,520104,129,16.104,0.36,-11.751,0,0,420184064,0,6,1,church
80.984,10.981,0.902,0.0,12.5,1.136,101,520104,129,16.068,0.36,-11.778,0,0,420184064,0,6,1,church
80.996,11.996,0.811,0.0,12.5,1.136,101,520104,129,16.068,0.36,-11.778,0,0,420184064,0,6,1,church
81.007,12.214,0.366,0.0,12.5,1.136,101,520104,129,16.032,0.36,-11.805,0,0,420184064,0,6,1,church
81.019,11.081,0.83,0.0,12.5,1.136,101,520104,129,15.996,0.36,-11.832,0,0,420184064,0,6,1,church
81.031,11.258,0.859,0.0,12.5,1.136,101,520104,129,15.996,0.36,-11.832,0,0,420184064,0,6,1,church
81.043,12.881,0.32,0.0,12.5,1.136,101,520104,129,15.96,0.36,-11.859,0,0,420184064,0,6,1,church
81.054,12.389,0.353,0.0,12.5,1.136,101,520104,129,15.923,0.36,-11.886,0,0,420184064,0,6,1,church
81.066,10.305,0.795,0.0,12.5,1.136,102,504808,203,15.923,0.36,-11.886,0,0,420184064,0,6,1,church
81.077,12.364,0.77,0.0,12.5,1.136,102,504808,203,15.887,0.36,-11.913,0,0,420184064,0,6,1,church
81.089,11.588,0.775,0.0,12.5,1.136,101,503656,202,15.851,0.36,-11.94,0,0,420184064,0,6,1,church
81.101,11.556,0.836,0.0,12.5,1.136,100,503654,201,15.815,0.36,-11.967,0,0,420184064,0,6,1,church
81.112,11.052,0.849,0.0,12.5,1.136,100,503654,201,15.815,0.36,-11.967,0,0,420184064,0,6,1,church
81.124,12.23,0.854,0.0,12.5,1.136,100,503654,201,15.779,0.36,-11.994,0,0,420184064,0,6,1,church
81.136,11.622,0.811,0.0,12.5,1.136,100,503654,201,15.743,0.36,-12.021,0,0,420184064,0,6,1,church
81.147,11.017,0.931,0.0,12.5,1.136,97,503614,198,15.743,0.36,-12.021,0,0,420184064,0,6,1,church
81.159,12.223,0.89,0.0,12.5,1.136,97,503614,198,15.709,0.36,-12.047,0,0,420184064,0,6,1,church
81.171,11.71,0.816,0.0,12.5,1.136,98,518934,199,15.676,0.36,-12.074,0,0,420184064,0,6,1,church
81.182,11.079,0.887,0.0,12.5,1.136,102,543269,203,15.676,0.36,-12.074,0,0,420184064,0,6,1,church
81.194,12.124,0.874,0.0,12.5,1.136,102,543269,203,15.644,0.36,-12.101,0,0,420184064,0,6,1,church
81.205,11.604,0.768,0.0,12.5,1.136,107,547373,208,15.613,0.36,-12.129,0,0,420184064,0,6,1,church
81.217,11.563,0.872,0.0,12.5,1.136,108,555099,209,15.584,0.36,-12.157,0,0,420184064,0,6,1,church
81.229,10.962,0.889,0.0,12.5,1.136,107,555263,208,15.584,0.36,-12.157,0,0,420184064,0,6,1,church
81.24,12.223,0.907,0.0,12.5,1.136,107,555263,208,15.556,0.36,-12.187,0,0,420184064,0,6,1,church
81.252,11.179,0.784,0.0,12.236,2.815,108,564943,209,15.529,0.36,-12.217,0,0,420184064,0,6,1,church
81.263,11.239,0.824,0.0,12.236,2.815,110,597115,211,15.529,0.36,-12.217,0,0,420184064,0,6,1,church
81.275,13.416,0.548,0.0,12.236,2.815,110,597115,211,15.503,0.36,-12.249,0,0,420184064,0,5,1,skull
81.286,9.911,0.828,0.0,12.236,2.815,114,649611,316,15.478,0.36,-12.281,0,0,420184064,0,5,1,skull
81.298,11.376,1.255,0.0,12.236,2.815,117,649787,319,15.478,0.36,-12.281,0,0,419872768,0,5,1,skull
81.31,12.478,0.343,0.0,12.236,2.815,117,649787,319,15.455,0.36,-12.315,0,0,419872768,0,5,1,skull
81.321,11.522,0.316,0.0,12.236,2.815,122,659459,324,15.433,0.36,-12.35,0,0,419872768,0,5,1,skull
81.333,12.639,0.247,0.0,12.236,2.815,124,675836,326,15.412,0.36,-12.385,0,0,419872768,0,5,1,skull
81.345,11.162,0.407,0.0,12.236,2.815,130,676074,332,15.412,0.36,-12.385,0,0,419872768,0,5,1,skull
81.357,12.52,0.905,0.0,12.236,2.815,130,676074,332,15.393,0.36,-12.422,0,0,419872768,0,5,1,skull
81.368,12.268,0.809,0.0,12.236,2.815,135,687270,337,15.374,0.36,-12.459,0,0,419872768,0,5,1,skull
81.38,11.747,0.901,0.0,12.236,2.815,138,689034,340,15.374,0.36,-12.459,0,0,419872768,0,5,1,skull
81.392,12.935,0.982,0.0,12.236,2.815,138,689034,340,15.357,0.36,-12.498,0,0,419872768,0,5,1,skull
81.403,12.143,0.99,0.0,12.236,2.815,140,721358,342,15.341,0.36,-12.537,0,0,419872768,0,5,1,skull
81.415,10.619,0.999,0.0,12.236,2.815,143,721566,345,15.341,0.36,-12.537,0,0,419872768,0,5,1,skull
81.427,12.818,0.931,0.0,12.236,2.815,143,721566,345,15.326,0.36,-12.576,0,0,419872768,0,5,1,skull
81.438,12.21,0.385,0.0,12.236,2.815,155,740351,357,15.313,0.36,-12.616,0,0,419872768,0,5,1,skull
81.45,12.879,0.346,0.0,12.236,2.815,161,754595,363,15.3,0.36,-12.657,0,0,419872768,0,5,1,skull
81.462,10.894,0.488,0.0,12.236,2.815,162,783844,364,15.3,0.36,-12.657,0,0,419872768,0,5,1,skull
81.473,12.111,2.032,0.0,12.236,2.815,162,783844,364,15.289,0.36,-12.698,0,0,419872768,0,5,1,skull
81.485,11.731,0.335,0.0,12.236,2.815,172,792220,374,15.278,0.36,-12.74,0,0,419872768,0,5,1,skull
81.497,11.968,0.345,0.0,12.236,2.815,178,795694,380,15.278,0.36,-12.74,0,0,419872768,0,5,1,skull
81.508,12.308,0.607,0.0,12.236,2.815,178,795694,380,15.269,0.36,-12.782,0,0,419872768,0,5,1,skull
81.52,11.627,1.032,0.0,12.236,2.815,190,813389,392,15.261,0.36,-12.824,0,0,419872768,0,5,1,skull
81.532,11.075,0.978,0.0,12.236,2.815,194,818777,396,15.261,0.36,-12.824,0,0,419872768,0,5,1,skull
81.543,12.281,1.0,0.0,12.236,2.815,194,818777,396,15.254,0.36,-12.867,0,0,419872768,0,5,1,skull
81.555,11.67,0.899,0.0,12.236,2.815,193,818313,395,15.248,0.36,-12.91,0,0,419872768,0,5,1,skull
81.567,11.537,1.034,0.0,12.236,2.815,194,818315,396,15.242,0.36,-12.953,0,0,419872768,0,5,1,skull
81.578,10.968,0.953,0.0,12.236,2.815,194,818315,396,15.242,0.36,-12.953,0,0,419872768,0,5,1,skull
81.59,12.497,0.994,0.0,12.236,2.815,194,818315,396,15.238,0.36,-12.996,0,0,419872768,0,5,1,skull
81.602,11.496,1.001,0.0,12.236,2.815,199,822705,401,15.235,0.36,-13.04,0,0,419872768,0,5,1,skull
81.613,11.136,0.996,0.0,12.236,2.815,200,821781,402,15.235,0.36,-13.04,0,0,419872768,0,5,1,skull
81.625,12.175,0.973,0.0,12.236,2.815,200,821781,402,15.232,0.36,-13.083,0,0,419872768,0,5,1,skull
81.637,11.804,0.902,0.0,12.236,2.815,200,821781,402,15.231,0.36,-13.127,0,0,419872768,0,5,1,skull
81.648,11.011,1.099,0.0,12.236,2.815,201,846437,403,15.231,0.36,-13.127,0,0,419872768,0,5,1,skull
81.66,11.846,0.987,0.0,12.236,2.815,201,846437,403,15.229,0.36,-13.171,0,0,419872768,0,5,1,skull
81.672,11.573,0.856,0.0,12.236,2.815,201,846437,403,15.229,0.36,-13.216,0,0,419872768,0,5,1,skull
81.683,11.91,0.38,0.0,12.236,2.815,201,846401,403,15.228,0.36,-13.26,0,0,419872768,0,5,1,skull
81.695,11.348,0.362,0.0,12.236,2.815,200,841085,402,15.228,0.36,-13.26,0,0,419872768,0,5,1,skull
81.707,13.062,0.336,0.0,12.236,2.815,200,841085,402,15.228,0.36,-13.305,0,0,419872768,0,5,1,skull
81.718,11.921,0.394,0.0,12.236,2.815,201,841365,403,15.229,0.36,-13.349,0,0,419872768,0,5,1,skull
81.73,11.204,1.043,0.0,12.236,2.815,201,841325,403,15.229,0.36,-13.349,0,0,419872768,0,5,1,skull
81.742,12.559,0.52,0.0,12.236,2.815,201,841325,403,15.229,0.36,-13.394,0,0,419872768,0,5,1,skull
81.753,11.716,1.05,0.0,12.236,2.815,202,841397,404,15.23,0.36,-13.438,0,0,419872768,0,5,1,skull
81.765,10.79,0.996,0.0,12.236,2.815,201,841385,403,15.23,0.36,-13.438,0,0,419872768,0,5,1,skull
81.777,12.642,1.019,0.0,12.236,2.815,201,841385,403,15.231,0.36,-13.483,0,0,419872768,0,5,1,skull
81.788,11.857,0.395,0.0,12.236,2.815,201,841385,403,15.232,0.36,-13.528,0,0,419872768,0,5,1,skull
81.8,12.863,0.37,0.0,12.236,2.815,201,841385,403,15.234,0.36,-13.573,0,0,419872768,0,5,1,skull
81.812,11.177,0.423,0.0,12.236,2.815,201,841385,403,15.234,0.36,-13.573,0,0,419872768,0,5,1,skull
81.824,12.328,1.002,0.0,12.236,2.815,201,841385,403,15.235,0.36,-13.618,0,0,419872768,0,5,1,skull
81.836,12.11,0.979,0.0,12.236,2.815,201,841385,403,15.237,0.36,-13.663,0,0,419872768,0,5,1,skull
81.848,11.064,1.022,0.0,12.236,2.815,200,841373,402,15.237,0.36,-13.663,0,0,419872768,0,5,1,skull
81.86,12.736,1.334,0.0,12.236,2.815,200,841373,402,15.238,0.36,-13.707,0,0,419872768,0,5,1,skull
81.872,12.251,0.903,0.0,12.236,2.815,200,841373,402,15.24,0.36,-13.752,0,0,419872768,0,5,1,skull
81.883,11.81,0.999,0.0,12.236,2.815,200,841373,402,15.242,0.36,-13.797,0,0,419872768,0,5,1,skull
81.895,10.986,1.044,0.0,12.236,2.815,200,841373,402,15.242,0.36,-13.797,0,0,419872768,0,5,1,skull
81.907,12.563,1.021,0.0,12.236,2.815,200,841373,402,15.244,0.36,-13.842,0,0,419872768,0,5,1,skull
81.919,11.965,1.106,0.0,12.236,2.815,200,841373,402,15.246,0.36,-13.887,0,0,419872768,0,5,1,skull
81.931,10.786,1.273,0.0,12.236,2.815,201,843465,403,15.246,0.36,-13.887,0,0,419872768,0,5,1,skull
81.943,13.063,0.909,0.0,12.236,2.815,201,843465,403,15.248,0.36,-13.932,0,0,419872768,0,5,1,skull
81.955,11.786,0.705,0.0,12.236,2.815,201,843465,403,15.25,0.36,-13.977,0,0,419872768,0,5,1,skull
81.967,10.937,0.52,0.0,12.236,2.815,201,843465,403,15.25,0.36,-13.977,0,0,419872768,0,5,1,skull
81.978,12.499,0.972,0.0,12.236,2.815,201,843465,403,15.252,0.349,-14.022,0,0,419872768,0,5,1,skull
81.99,11.797,0.883,0.0,12.236,2.815,201,843465,403,15.255,0.358,-14.066,0,0,419872768,0,5,1,skull
82.002,11.991,1.013,0.0,12.236,2.815,201,843465,403,15.257,0.35,-14.111,0,0,419872768,0,5,1,skull
82.014,10.733,1.074,0.0,12.236,2.815,201,843465,403,15.257,0.35,-14.111,0,0,419872768,0,5,1,skull
82.025,12.641,1.065,0.0,12.236,2.815,201,843465,403,15.259,0.343,-14.156,0,0,419872768,0,5,1,skull
82.037,11.982,1.153,0.0,12.236,2.815,202,843513,404,15.262,0.329,-14.202,0,0,419872768,0,5,1,skull
82.049,9.918,1.216,0.0,12.236,2.815,202,843513,404,15.262,0.329,-14.202,0,0,419872768,0,5,1,skull
82.061,13.71,0.902,0.0,12.236,2.815,202,843513,404,15.264,0.306,-14.247,0,0,419872768,0,5,1,skull
82.072,10.845,0.507,0.0,12.236,2.815,202,843513,404,15.266,0.281,-14.29,0,0,419872768,0,5,1,skull
82.084,12.394,1.128,0.0,12.236,2.815,202,843513,404,15.268,0.255,-14.333,0,0,419872768,0,5,1,skull
82.096,10.954,1.007,0.0,12.236,2.815,202,843513,404,15.268,0.255,-14.333,0,0,419872768,0,5,1,skull
82.108,12.328,1.013,0.0,12.236,2.815,202,843513,404,15.271,0.23,-14.376,0,0,419872768,0,5,1,skull
82.119,11.498,1.075,0.0,12.236,2.815,203,843537,405,15.273,0.204,-14.419,0,0,419872768,0,5,1,skull
82.131,10.417,0.983,0.0,12.236,2.815,203,843537,405,15.273,0.204,-14.419,0,0,419872768,0,5,1,skull
82.143,12.263,2.2,0.0,12.236,2.815,203,843537,405,15.275,0.179,-14.462,0,0,419872768,0,5,1,skull
82.154,11.821,0.375,0.0,12.236,2.815,203,843537,405,15.277,0.154,-14.505,0,0,419872768,0,5,1,skull
82.166,10.909,0.342,0.0,12.236,2.815,203,843537,405,15.277,0.154,-14.505,0,0,419872768,0,5,1,skull
82.178,13.582,0.479,0.0,12.236,2.815,203,843537,405,15.28,0.128,-14.548,0,0,419872768,0,5,1,skull
82.189,10.789,0.956,0.0,12.236,2.815,203,843537,405,15.282,0.103,-14.592,0,0,419872768,0,5,1,skull
82.201,11.691,0.947,0.0,12.236,2.815,203,843537,405,15.284,0.078,-14.635,0,0,419872768,0,5,1,skull
82.213,10.608,1.006,0.0,12.236,2.815,203,843537,405,15.284,0.078,-14.635,0,0,419872768,0,5,1,skull
82.224,12.207,0.975,0.0,12.236,2.815,203,843537,405,15.287,0.052,-14.678,0,0,419872768,0,5,1,skull
82.236,11.365,1.055,0.0,12.236,2.815,203,843537,405,15.289,0.027,-14.721,0,0,419872768,0,5,1,skull
82.248,10.747,0.986,0.0,12.248,1.901,204,845313,406,15.289,0.027,-14.721,0,0,419872768,0,5,1,skull
82.259,12.38,0.946,0.0,12.248,1.901,204,845313,406,15.291,0.001,-14.764,0,0,419872768,0,5,1,skull
82.271,10.992,0.862,0.0,12.248,1.901,201,900407,330,15.294,-0.024,-14.807,0,0,419872768,0,5,1,skull
82.283,9.661,0.894,0.0,12.248,1.901,201,900407,330,15.294,-0.024,-14.807,0,0,419872768,0,5,1,skull
82.294,11.091,1.338,0.0,12.248,1.901,201,900407,330,15.296,-0.049,-14.85,0,0,419872768,0,5,1,skull
82.306,10.816,0.349,0.0,12.248,1.901,201,900407,330,15.299,-0.075,-14.893,0,0,419872768,0,5,1,skull
82.318,10.684,0.336,0.0,12.248,1.901,201,900407,330,15.301,-0.1,-14.936,0,0,419872768,0,5,1,skull
82.329,10.646,0.341,0.0,12.248,1.901,201,900407,330,15.301,-0.1,-14.936,0,0,419872768,0,5,1,skull
82.341,10.874,0.415,0.0,12.248,1.901,201,900407,330,15.304,-0.125,-14.979,0,0,419872768,0,5,1,skull
82.351,10.094,1.398,0.0,12.248,1.901,201,900407,330,15.306,-0.151,-15.023,0,0,419872768,0,5,1,skull
82.362,9.69,0.819,0.0,12.248,1.901,201,900407,330,15.306,-0.151,-15.023,0,0,419872768,0,5,1,skull
82.373,12.298,0.376,0.0,12.248,1.901,201,900407,330,15.309,-0.176,-15.066,0,0,419872768,0,5,1,skull
82.383,8.278,0.963,0.0,12.248,1.901,201,900407,330,15.309,-0.176,-15.066,0,0,419872768,0,5,1,skull
82.392,12.152,1.028,0.0,12.248,1.901,201,900407,330,15.311,-0.202,-15.109,0,0,419872768,0,4,1,ossuary
82.401,7.035,0.395,0.0,12.248,1.901,170,770271,251,15.314,-0.227,-15.152,0,0,419872768,0,4,1,ossuary
82.412,10.345,0.728,0.0,12.248,1.901,170,770271,251,15.314,-0.227,-15.152,0,0,415580160,0,4,1,ossuary
82.42,9.0,0.538,0.0,12.248,1.901,170,770271,251,15.316,-0.252,-15.195,0,0,415580160,0,4,1,ossuary
82.43,9.642,0.984,0.0,12.248,1.901,170,770271,251,15.316,-0.252,-15.195,0,0,415580160,0,4,1,ossuary
82.44,11.339,0.395,0.0,12.248,1.901,170,770271,251,15.319,-0.278,-15.238,0,0,415580160,0,4,1,ossuary
82.45,8.463,0.454,0.0,12.248,1.901,170,770271,251,15.322,-0.303,-15.281,0,0,415580160,0,4,1,ossuary
82.46,9.893,1.029,0.0,12.248,1.901,170,770271,251,15.322,-0.303,-15.281,0,0,415580160,0,4,1,ossuary
82.469,9.382,0.407,0.0,12.248,1.901,170,770271,251,15.324,-0.328,-15.324,0,0,415580160,0,4,1,ossuary
82.479,9.95,1.05,0.0,12.248,1.901,170,770271,251,15.324,-0.328,-15.324,0,0,415580160,0,4,1,ossuary
82.489,10.489,0.459,0.0,12.248,1.901,170,770271,251,15.327,-0.354,-15.367,0,0,415580160,0,4,1,ossuary
82.499,9.872,1.057,0.0,12.248,1.901,170,770271,251,15.327,-0.354,-15.367,0,0,415580160,0,4,1,ossuary
82.509,10.874,0.831,0.0,12.248,1.901,170,770271,251,15.33,-0.379,-15.41,0,0,415580160,0,4,1,ossuary
82.518,10.174,0.977,0.0,12.248,1.901,169,708495,250,15.332,-0.405,-15.453,0,0,415580160,0,4,1,ossuary
82.528,8.772,0.881,0.0,12.248,1.901,167,706395,248,15.332,-0.405,-15.453,0,0,415580160,0,4,1,ossuary
82.538,10.742,0.96,0.0,12.248,1.901,167,706395,248,15.335,-0.43,-15.497,0,0,415580160,0,4,1,ossuary
82.547,8.555,0.89,0.0,12.248,1.901,165,704255,246,15.335,-0.43,-15.497,0,0,415580160,0,4,1,ossuary
82.557,10.697,0.751,0.0,12.248,1.901,165,704255,246,15.337,-0.455,-15.54,0,0,415580160,0,4,1,ossuary
82.567,9.688,0.811,0.0,12.248,1.901,164,703595,245,15.34,-0.481,-15.583,0,0,415580160,0,4,1,ossuary
82.577,9.267,0.804,0.0,12.248,1.901,163,703307,244,15.34,-0.481,-15.583,0,0,415580160,0,4,1,ossuary
82.586,10.179,0.78,0.0,12.248,1.901,163,703307,244,15.342,-0.506,-15.626,0,0,415580160,0,4,1,ossuary
82.596,9.377,0.997,0.0,12.248,1.901,162,703235,243,15.342,-0.506,-15.626,0,0,415580160,0,4,1,ossuary
82.606,10.543,0.806,0.0,12.248,1.901,162,703235,243,15.344,-0.531,-15.669,0,0,415580160,0,4,1,ossuary
82.615,9.173,1.118,0.0,12.248,1.901,160,702875,241,15.344,-0.531,-15.669,0,0,415580160,0,4,1,ossuary
82.625,10.512,0.48,0.0,12.248,1.901,160,702875,241,15.347,-0.557,-15.712,0,0,415580160,0,4,1,ossuary
82.635,9.743,0.939,0.0,12.248,1.901,159,678219,240,15.348,-0.582,-15.755,0,0,415580160,0,4,1,ossuary
82.645,9.36,0.862,0.0,12.248,1.901,159,678219,240,15.348,-0.582,-15.755,0,0,415580160,0,4,1,ossuary
82.654,10.062,0.894,0.0,12.248,1.901,159,678219,240,15.35,-0.607,-15.798,0,0,415580160,0,4,1,ossuary
82.664,9.668,0.931,0.0,12.248,1.901,158,674883,239,15.35,-0.607,-15.798,0,0,415580160,0,4,1,ossuary
82.674,10.669,0.481,0.0,12.248,1.901,158,674883,239,15.352,-0.633,-15.841,0,0,415580160,0,4,1,ossuary
82.684,9.079,0.96,0.0,12.248,1.901,158,674883,239,15.354,-0.658,-15.884,0,0,415580160,0,4,1,ossuary
82.693,9.107,0.356,0.0,12.248,1.901,156,666305,237,15.354,-0.658,-15.884,0,0,415580160,0,4,1,ossuary
82.703,10.328,0.382,0.0,12.248,1.901,156,666305,237,15.355,-0.684,-15.927,0,0,415580160,0,4,1,ossuary
82.713,9.806,0.228,0.0,12.248,1.901,156,666305,237,15.355,-0.684,-15.927,0,0,415580160,0,4,1,ossuary
82.722,10.424,0.409,0.0,12.248,1.901,156,666305,237,15.357,-0.709,-15.971,0,0,415580160,0,4,1,ossuary
82.732,8.908,0.944,0.0,12.248,1.901,156,666305,237,15.357,-0.709,-15.971,0,0,415580160,0,4,1,ossuary
82.742,10.415,0.892,0.0,12.248,1.901,156,666305,237,15.358,-0.734,-16.014,0,0,415580160,0,4,1,ossuary
82.752,9.866,0.882,0.0,12.248,1.901,156,666305,237,15.359,-0.76,-16.057,0,0,415580160,0,4,1,ossuary
82.761,8.888,0.533,0.0,12.248,1.901,156,666305,237,15.359,-0.76,-16.057,0,0,415580160,0,4,1,ossuary
82.771,10.481,0.83,0.0,12.248,1.901,156,666305,237,15.361,-0.785,-16.1,0,0,415580160,0,4,1,ossuary
82.781,8.988,0.936,0.0,12.248,1.901,155,666161,236,15.361,-0.785,-16.1,0,0,415580160,0,4,1,ossuary
82.79,10.3,0.832,0.0,12.248,1.901,155,666161,236,15.362,-0.811,-16.143,0,0,415580160,0,4,1,ossuary
82.8,9.83,0.977,0.0,12.248,1.901,154,666159,235,15.363,-0.836,-16.186,0,0,415580160,0,4,1,ossuary
82.81,8.916,0.851,0.0,12.248,1.901,154,666159,235,15.363,-0.836,-16.186,0,0,415580160,0,4,1,ossuary
82.82,9.793,0.853,0.0,12.248,1.901,154,666159,235,15.364,-0.861,-16.229,0,0,415580160,0,4,1,ossuary
82.829,9.552,0.876,0.0,12.248,1.901,154,666159,235,15.364,-0.861,-16.229,0,0,415580160,0,4,1,ossuary
82.839,9.747,0.612,0.0,12.248,1.901,154,666159,235,15.365,-0.887,-16.273,0,0,415580160,0,4,1,ossuary
82.849,9.416,1.116,0.0,12.248,1.901,154,666159,235,15.365,-0.887,-16.273,0,0,415580160,0,4,1,ossuary
82.859,10.169,0.471,0.0,12.248,1.901,154,666159,235,15.365,-0.912,-16.316,0,0,415580160,0,4,1,ossuary
82.868,9.762,0.912,0.0,12.248,1.901,153,663467,234,15.366,-0.938,-16.359,0,0,415580160,0,4,1,ossuary
82.878,9.038,0.796,0.0,12.248,1.901,154,663469,235,15.366,-0.938,-16.359,0,0,415580160,0,4,1,ossuary
82.888,10.356,0.829,0.0,12.248,1.901,154,663469,235,15.367,-0.963,-16.402,0,0,415580160,0,4,1,ossuary
82.897,8.972,0.872,0.0,12.248,1.901,154,663469,235,15.367,-0.963,-16.402,0,0,415580160,0,4,1,ossuary
82.907,10.519,0.752,0.0,12.248,1.901,154,663469,235,15.368,-0.988,-16.445,0,0,415580160,0,4,1,ossuary
82.917,9.6,0.889,0.0,12.248,1.901,154,663469,235,15.368,-1.014,-16.488,0,0,415580160,0,4,1,ossuary
82.927,8.846,0.913,0.0,12.248,1.901,154,663469,235,15.368,-1.014,-16.488,0,0,415580160,0,4,1,ossuary
82.936,10.463,0.549,0.0,12.248,1.901,154,663469,235,15.369,-1.039,-16.531,0,0,415580160,0,4,1,ossuary
82.946,8.449,1.381,0.0,12.248,1.901,154,663469,235,15.369,-1.039,-16.531,0,0,415580160,0,4,1,ossuary
82.956,11.354,0.402,0.0,12.248,1.901,154,663469,235,15.369,-1.065,-16.575,0,0,415580160,0,4,1,ossuary
82.965,8.458,0.613,0.0,12.248,1.901,152,658199,233,15.369,-1.065,-16.575,0,0,415580160,0,4,1,ossuary
82.975,11.409,0.883,0.0,12.248,1.901,152,658199,233,15.37,-1.09,-16.618,0,0,415580160,0,4,1,ossuary
82.985,9.117,0.488,0.0,12.248,1.901,152,658199,233,15.37,-1.115,-16.661,0,0,415580160,0,4,1,ossuary
82.995,8.987,0.902,0.0,12.248,1.901,152,658199,233,15.37,-1.115,-16.661,0,0,415580160,0,4,1,ossuary
83.004,10.721,0.429,0.0,12.248,1.901,152,658199,233,15.371,-1.141,-16.704,0,0,415580160,0,4,1,ossuary
83.014,8.14,0.867,0.0,12.248,1.901,152,658199,233,15.371,-1.141,-16.704,0,0,415580160,0,4,1,ossuary
83.024,10.87,0.706,0.0,12.248,1.901,152,658199,233,15.371,-1.166,-16.747,0,0,415580160,0,4,1,ossuary
83.034,9.565,0.572,0.0,12.248,1.901,151,658187,232,15.371,-1.192,-16.79,0,0,415580160,0,4,1,ossuary
83.043,8.93,0.563,0.0,12.248,1.901,149,652859,230,15.371,-1.192,-16.79,0,0,415580160,0,4,1,ossuary
83.053,10.433,1.007,0.0,12.248,1.901,149,652859,230,15.372,-1.217,-16.834,0,0,415580160,0,4,1,ossuary
83.063,8.374,0.916,0.0,12.248,1.901,149,652859,230,15.372,-1.217,-16.834,0,0,415580160,0,4,1,ossuary
83.072,10.983,0.625,0.0,12.248,1.901,149,652859,230,15.372,-1.243,-16.877,0,0,415580160,0,4,1,ossuary
83.082,8.706,0.487,0.0,12.248,1.901,148,650791,229,15.372,-1.243,-16.877,0,0,415580160,0,4,1,ossuary
83.092,10.577,0.815,0.0,12.248,1.901,148,650791,229,15.372,-1.258,-16.92,0,0,415580160,0,4,1,ossuary
83.102,9.573,0.945,0.0,12.248,1.901,148,650791,229,15.372,-1.291,-16.959,0,0,415580160,0,4,1,ossuary
83.111,8.68,0.856,0.0,12.248,1.901,148,650791,229,15.372,-1.291,-16.959,0,0,415580160,0,4,1,ossuary
83.121,10.733,0.826,0.0,12.248,1.901,148,650791,229,15.372,-1.316,-17.002,0,0,415580160,0,4,1,ossuary
83.131,8.805,0.945,0.0,12.248,1.901,148,650791,229,15.372,-1.316,-17.002,0,0,415580160,0,4,1,ossuary
83.14,10.372,0.759,0.0,12.248,1.901,148,650791,229,15.373,-1.342,-17.045,0,0,415580160,0,4,1,ossuary
83.15,9.5,0.967,0.0,12.248,1.901,148,650791,229,15.373,-1.367,-17.089,0,0,415580160,0,4,1,ossuary
83.16,9.081,0.801,0.0,12.248,1.901,148,650791,229,15.373,-1.367,-17.089,0,0,415580160,0,4,1,ossuary
83.17,10.328,0.868,0.0,12.248,1.901,148,650791,229,15.373,-1.393,-17.132,0,0,415580160,0,4,1,ossuary
83.179,8.862,0.932,0.0,12.248,1.901,148,650791,229,15.373,-1.393,-17.132,0,0,415580160,0,4,1,ossuary
83.189,10.404,0.459,0.0,12.248,1.901,148,650791,229,15.373,-1.418,-17.175,0,0,415580160,0,4,1,ossuary
83.199,8.787,0.919,0.0,12.248,1.901,148,650791,229,15.373,-1.418,-17.175,0,0,415580160,0,4,1,ossuary
83.209,10.176,0.495,0.0,12.248,1.901,148,650791,229,15.373,-1.443,-17.218,0,0,415580160,0,4,1,ossuary
83.218,8.611,0.881,0.0,12.248,1.901,148,650791,229,15.373,-1.469,-17.261,0,0,415580160,0,4,1,ossuary
83.228,9.65,0.724,0.0,12.248,1.901,148,650791,229,15.373,-1.469,-17.261,0,0,415580160,0,4,1,ossuary
83.237,9.492,0.611,0.0,12.248,1.901,148,650791,229,15.373,-1.494,-17.304,0,0,415580160,0,4,1,ossuary
83.247,9.923,0.993,0.0,11.211,2.433,148,650791,229,15.373,-1.494,-17.304,0,0,415580160,0,4,1,ossuary
83.257,9.157,0.684,0.0,11.211,2.433,148,650791,229,15.373,-1.52,-17.347,0,0,415580160,0,4,1,ossuary
83.266,9.833,1.056,0.0,11.211,2.433,148,650791,229,15.373,-1.52,-17.347,0,0,415580160,0,4,1,ossuary
83.276,10.535,0.439,0.0,11.211,2.433,148,650791,229,15.373,-1.545,-17.391,0,0,415580160,0,4,1,ossuary
83.285,8.768,0.928,0.0,11.211,2.433,148,650791,229,15.373,-1.571,-17.434,0,0,415580160,0,4,1,ossuary
83.295,9.047,0.979,0.0,11.211,2.433,148,650791,229,15.373,-1.571,-17.434,0,0,415580160,0,4,1,ossuary
83.304,10.978,0.451,0.0,11.211,2.433,148,650791,229,15.373,-1.596,-17.477,0,0,415580160,0,4,1,ossuary
83.314,8.65,0.456,0.0,11.211,2.433,148,650791,229,15.373,-1.596,-17.477,0,0,415580160,0,4,1,ossuary
83.323,10.351,0.751,0.0,11.211,2.433,148,650791,229,15.373,-1.621,-17.52,0,0,415580160,0,4,1,ossuary
83.333,8.553,0.882,0.0,11.211,2.433,148,650791,229,15.373,-1.621,-17.52,0,0,415580160,0,4,1,ossuary
83.342,10.373,0.772,0.0,11.211,2.433,148,650791,229,15.373,-1.647,-17.563,0,0,415580160,0,4,1,ossuary
83.352,9.311,0.951,0.0,11.211,2.433,148,650791,229,15.373,-1.672,-17.606,0,0,415580160,0,4,1,ossuary
83.361,8.981,0.809,0.0,11.211,2.433,148,650791,229,15.373,-1.672,-17.606,0,0,415580160,0,4,1,ossuary
83.371,10.323,0.78,0.0,11.211,2.433,148,650791,229,15.373,-1.698,-17.65,0,0,415580160,0,4,1,ossuary
83.38,8.668,0.964,0.0,11.211,2.433,148,650791,229,15.373,-1.698,-17.65,0,0,415580160,0,4,1,ossuary
83.39,10.291,0.785,0.0,11.211,2.433,148,650791,229,15.373,-1.723,-17.693,0,0,415580160,0,4,1,ossuary
83.399,8.32,0.875,0.0,11.211,2.433,148,650791,229,15.373,-1.723,-17.693,0,0,415580160,0,4,1,ossuary
83.409,9.908,0.786,0.0,11.211,2.433,148,650791,229,15.373,-1.748,-17.736,0,0,415580160,0,4,1,ossuary
83.418,9.527,0.349,0.0,11.211,2.433,148,650791,229,15.373,-1.774,-17.779,0,0,415580160,0,4,1,ossuary
83.428,9.564,0.339,0.0,11.211,2.433,147,649751,228,15.373,-1.774,-17.779,0,0,415580160,0,4,1,ossuary
83.438,10.322,0.366,0.0,11.211,2.433,147,649751,228,15.373,-1.799,-17.822,0,0,415580160,0,4,1,ossuary
83.447,8.867,0.993,0.0,11.211,2.433,147,649751,228,15.373,-1.799,-17.822,0,0,415580160,0,4,1,ossuary
83.457,10.065,0.874,0.0,11.211,2.433,147,649751,228,15.373,-1.825,-17.865,0,0,415580160,0,4,1,ossuary
83.466,8.588,0.961,0.0,11.211,2.433,147,649751,228,15.373,-1.825,-17.865,0,0,415580160,0,4,1,ossuary
83.476,10.202,0.864,0.0,11.211,2.433,147,649751,228,15.373,-1.85,-17.909,0,0,415580160,0,4,1,ossuary
83.485,9.464,0.876,0.0,11.211,2.433,147,649751,228,15.373,-1.875,-17.952,0,0,415580160,0,4,1,ossuary
83.495,9.213,0.89,0.0,11.211,2.433,147,649751,228,15.373,-1.875,-17.952,0,0,415580160,0,4,1,ossuary
83.504,10.849,0.794,0.0,11.211,2.433,147,649751,228,15.373,-1.901,-17.995,0,0,415580160,0,4,1,ossuary
83.514,9.052,1.018,0.0,11.211,2.433,146,649739,227,15.373,-1.901,-17.995,0,0,415580160,0,4,1,ossuary
83.523,10.515,0.858,0.0,11.211,2.433,146,649739,227,15.373,-1.926,-18.038,0,0,415580160,0,4,1,ossuary
83.533,8.616,1.029,0.0,11.211,2.433,144,644411,225,15.373,-1.926,-18.038,0,0,415580160,0,4,1,ossuary
83.542,10.111,0.861,0.0,11.211,2.433,144,644411,225,15.373,-1.952,-18.081,0,0,415580160,0,4,1,ossuary
83.552,9.429,0.932,0.0,11.211,2.433,144,644411,225,15.372,-1.977,-18.124,0,0,415580160,0,4,1,ossuary
83.561,9.083,0.862,0.0,11.211,2.433,144,644411,225,15.372,-1.977,-18.124,0,0,415580160,0,4,1,ossuary
83.571,10.221,0.932,0.0,11.211,2.433,144,644411,225,15.372,-2.003,-18.168,0,0,415580160,0,4,1,ossuary
83.58,9.242,0.991,0.0,11.211,2.433,144,644411,225,15.372,-2.003,-18.168,0,0,415580160,0,4,1,ossuary
83.59,10.341,0.754,0.0,11.211,2.433,144,644411,225,15.372,-2.028,-18.211,0,0,415580160,0,4,1,ossuary
83.599,8.661,0.859,0.0,11.211,2.433,144,644411,225,15.372,-2.028,-18.211,0,0,415580160,0,4,1,ossuary
83.609,10.104,0.845,0.0,11.211,2.433,144,644411,225,15.372,-2.053,-18.254,0,0,415580160,0,4,1,ossuary
83.618,9.301,1.05,0.0,11.211,2.433,143,643259,224,15.372,-2.079,-18.297,0,0,415580160,0,4,1,ossuary
83.628,8.425,1.067,0.0,11.211,2.433,144,643261,225,15.372,-2.079,-18.297,0,0,415580160,0,4,1,ossuary
83.638,10.279,0.415,0.0,11.211,2.433,144,643261,225,15.372,-2.104,-18.34,0,0,415580160,0,4,1,ossuary
83.647,8.698,0.934,0.0,11.211,2.433,144,643261,225,15.372,-2.104,-18.34,0,0,415580160,0,4,1,ossuary
83.657,9.91,0.847,0.0,11.211,2.433,144,643261,225,15.372,-2.13,-18.383,0,0,415580160,0,4,1,ossuary
83.666,8.528,0.65,0.0,11.211,2.433,144,643261,225,15.372,-2.13,-18.383,0,0,415580160,0,4,1,ossuary
83.676,9.634,0.852,0.0,11.211,2.433,144,643261,225,15.372,-2.155,-18.426,0,0,415580160,0,4,1,ossuary
83.685,9.224,0.893,0.0,11.211,2.433,144,643261,225,15.372,-2.18,-18.47,0,0,415580160,0,4,1,ossuary
83.694,8.341,0.415,0.0,11.211,2.433,143,640791,224,15.372,-2.18,-18.47,0,0,415580160,0,4,1,ossuary
83.703,9.372,0.862,0.0,11.211,2.433,143,640791,224,15.372,-2.206,-18.513,0,0,415580160,0,4,1,ossuary
83.711,7.75,0.906,0.0,11.211,2.433,143,640791,224,15.372,-2.206,-18.513,0,0,415580160,0,4,1,ossuary
83.72,9.134,0.377,0.0,11.211,2.433,143,640791,224,15.372,-2.231,-18.556,0,0,415580160,0,4,1,ossuary
83.729,8.48,0.334,0.0,11.211,2.433,142,640675,223,15.372,-2.231,-18.556,0,0,415580160,0,4,1,ossuary
83.738,9.338,0.363,0.0,11.211,2.433,142,640675,223,15.372,-2.257,-18.599,0,0,415580160,0,4,1,ossuary
83.747,8.643,0.284,0.0,11.211,2.433,142,640675,223,15.372,-2.257,-18.599,0,0,415580160,0,4,1,ossuary
83.755,9.385,0.389,0.0,11.211,2.433,142,640675,223,15.372,-2.282,-18.642,0,0,415580160,0,4,1,ossuary
83.764,7.789,0.874,0.0,11.211,2.433,142,640675,223,15.372,-2.282,-18.642,0,0,415580160,0,4,1,ossuary
83.772,9.346,0.805,0.0,11.211,2.433,142,640675,223,15.371,-2.307,-18.685,0,0,415580160,0,4,1,ossuary
83.781,7.874,0.886,0.0,11.211,2.433,142,640675,223,15.371,-2.307,-18.685,0,0,415580160,0,4,1,ossuary
83.789,9.248,0.947,0.0,11.211,2.433,142,640675,223,15.371,-2.333,-18.729,0,0,415580160,0,4,1,ossuary
83.797,7.959,0.837,0.0,11.211,2.433,142,640675,223,15.371,-2.333,-18.729,0,0,415580160,0,4,1,ossuary
83.806,8.986,0.857,0.0,11.211,2.433,142,640675,223,15.371,-2.358,-18.772,0,0,415580160,0,4,1,ossuary
83.814,7.64,1.018,0.0,11.211,2.433,142,640675,223,15.371,-2.358,-18.772,0,0,415580160,0,4,1,ossuary
83.822,8.952,0.892,0.0,11.211,2.433,142,640675,223,15.371,-2.384,-18.815,0,0,415580160,0,4,1,ossuary
83.831,7.725,1.154,0.0,11.211,2.433,142,640675,223,15.371,-2.384,-18.815,0,0,415580160,0,4,1,ossuary
83.839,8.286,0.823,0.0,11.211,2.433,142,640675,223,15.371,-2.409,-18.858,0,0,415580160,0,4,1,ossuary
83.847,7.644,0.81,0.0,11.211,2.433,142,640675,223,15.371,-2.409,-18.858,0,0,415580160,0,4,1,ossuary
83.856,9.526,0.808,0.0,11.211,2.433,142,640675,223,15.371,-2.435,-18.901,0,0,415580160,0,4,1,ossuary
83.864,6.92,0.472,0.0,11.211,2.433,142,640675,223,15.371,-2.435,-18.901,0,0,415580160,0,4,1,ossuary
83.872,9.19,0.976,0.0,11.211,2.433,142,640675,223,15.371,-2.46,-18.944,0,0,415580160,0,4,1,ossuary
83.88,7.319,0.415,0.0,11.211,2.433,142,640675,223,15.371,-2.46,-18.944,0,0,415580160,0,4,1,ossuary
83.888,8.706,0.939,0.0,11.211,2.433,142,640675,223,15.371,-2.485,-18.988,0,0,415580160,0,4,1,ossuary
83.896,6.897,0.816,0.0,11.211,2.433,141,640673,222,15.371,-2.485,-18.988,0,0,415580160,0,4,1,ossuary
83.905,9.583,0.923,0.0,11.211,2.433,141,640673,222,15.371,-2.511,-19.031,0,0,415580160,0,4,1,ossuary
83.913,7.168,0.401,0.0,11.211,2.433,141,640673,222,15.371,-2.511,-19.031,0,0,415580160,0,4,1,ossuary
83.92,8.261,0.967,0.0,11.211,2.433,141,640673,222,15.371,-2.536,-19.074,0,0,415580160,0,4,1,ossuary
83.928,7.075,0.837,0.0,11.211,2.433,141,640673,222,15.371,-2.536,-19.074,0,0,415580160,0,4,1,ossuary
83.936,9.483,0.756,0.0,11.211,2.433,141,640673,222,15.371,-2.562,-19.117,0,0,415580160,0,4,1,ossuary
83.944,6.249,0.416,0.0,11.211,2.433,141,640673,222,15.371,-2.562,-19.117,0,0,415580160,0,4,1,ossuary
83.953,9.752,0.736,0.0,11.211,2.433,141,640673,222,15.371,-2.587,-19.16,0,0,415580160,0,4,1,ossuary
83.96,6.701,0.375,0.0,11.211,2.433,140,630993,221,15.371,-2.587,-19.16,0,0,415580160,0,4,1,ossuary
83.969,9.502,0.511,0.0,11.211,2.433,140,630993,221,15.371,-2.612,-19.203,0,0,415580160,0,4,1,ossuary
83.977,7.132,0.43,0.0,11.211,2.433,142,631293,371,15.371,-2.612,-19.203,0,0,415580160,0,4,1,ossuary
83.985,8.151,0.82,0.0,11.211,2.433,142,631293,371,15.371,-2.638,-19.246,0,0,415580160,0,4,1,ossuary
83.993,7.145,0.463,0.0,11.211,2.433,142,631293,371,15.371,-2.638,-19.246,0,0,415580160,0,4,1,ossuary
84.001,9.491,0.731,0.0,11.211,2.433,142,631293,371,15.371,-2.663,-19.29,0,0,415580160,0,4,1,ossuary
84.009,7.187,0.376,0.0,11.211,2.433,142,631293,371,15.371,-2.663,-19.29,0,0,415580160,0,4,1,ossuary
84.016,7.43,0.799,0.0,11.211,2.433,142,631293,371,15.371,-2.663,-19.29,0,0,415580160,0,4,1,ossuary
84.024,9.301,0.778,0.0,11.211,2.433,142,631293,371,15.371,-2.689,-19.333,0,0,415580160,0,4,1,ossuary
84.031,6.646,0.383,0.0,11.211,2.433,141,631291,370,15.371,-2.689,-19.333,0,0,415580160,0,4,1,ossuary
84.039,9.389,0.741,0.0,11.211,2.433,141,631291,370,15.371,-2.714,-19.376,0,0,415580160,0,4,1,ossuary
84.047,6.944,0.395,0.0,11.211,2.433,141,631291,370,15.371,-2.714,-19.376,0,0,415580160,0,4,1,ossuary
84.054,7.916,0.91,0.0,11.211,2.433,141,631291,370,15.371,-2.739,-19.419,0,0,415580160,0,4,1,ossuary
84.062,6.959,0.904,0.0,11.211,2.433,143,631295,372,15.371,-2.739,-19.419,0,0,415580160,0,4,1,ossuary
84.069,8.31,0.398,0.0,11.211,2.433,143,631295,372,15.371,-2.765,-19.462,0,0,415580160,0,4,1,ossuary
84.077,8.025,0.423,0.0,11.211,2.433,143,631295,372,15.371,-2.765,-19.462,0,0,415580160,0,4,1,ossuary
84.084,8.257,0.378,0.0,11.211,2.433,143,631295,372,15.371,-2.79,-19.505,0,0,415580160,0,4,1,ossuary
84.092,7.008,0.838,0.0,11.211,2.433,145,645205,374,15.371,-2.79,-19.505,0,0,415580160,0,4,1,ossuary
84.1,7.299,0.795,0.0,11.211,2.433,145,645205,374,15.371,-2.79,-19.505,0,0,415580160,0,4,1,ossuary
84.107,8.957,0.815,0.0,11.211,2.433,145,645205,374,15.372,-2.791,-19.548,0,0,415580160,0,4,1,ossuary
84.115,6.846,0.379,0.0,11.211,2.433,151,651703,380,15.372,-2.791,-19.548,0,0,415580160,0,4,1,ossuary
84.122,8.307,0.857,0.0,11.211,2.433,151,651703,380,15.373,-2.79,-19.593,0,0,415580160,0,4,1,ossuary
84.13,6.503,1.029,0.0,11.211,2.433,155,677871,384,15.373,-2.79,-19.593,0,0,415580160,0,4,1,ossuary
84.137,9.117,0.322,0.0,11.211,2.433,155,677871,384,15.375,-2.79,-19.637,0,0,415580160,0,4,1,ossuary
84.145,6.83,0.362,0.0,11.211,2.433,157,680413,386,15.375,-2.79,-19.637,0,0,415580160,0,4,1,ossuary
84.153,7.466,0.407,0.0,11.211,2.433,157,680413,386,15.377,-2.79,-19.682,0,0,415580160,0,4,1,ossuary
84.16,7.166,0.948,0.0,11.211,2.433,161,684331,390,15.377,-2.79,-19.682,0,0,415580160,0,4,1,ossuary
84.168,9.356,0.341,0.0,11.211,2.433,161,684331,390,15.38,-2.79,-19.726,0,0,415580160,0,4,1,ossuary
84.175,6.201,0.388,0.0,11.211,2.433,164,686795,393,15.38,-2.79,-19.726,0,0,415580160,0,4,1,ossuary
84.183,6.992,0.933,0.0,11.211,2.433,164,686795,393,15.38,-2.79,-19.726,0,0,415580160,0,4,1,ossuary
84.191,8.847,0.777,0.0,11.211,2.433,164,686795,393,15.383,-2.79,-19.771,0,0,415580160,0,4,1,ossuary
84.198,6.701,0.4,0.0,11.211,2.433,167,686823,396,15.383,-2.79,-19.771,0,0,415580160,0,4,1,ossuary
84.206,8.048,0.385,0.0,11.211,2.433,167,686823,396,15.387,-2.79,-19.815,0,0,415580160,0,4,1,ossuary
84.213,7.666,0.884,0.0,11.211,2.433,168,689515,397,15.387,-2.79,-19.815,0,0,415580160,0,4,1,ossuary
84.221,10.961,0.884,0.0,11.211,2.433,168,689515,397,15.391,-2.79,-19.86,0,0,415580160,0,4,1,ossuary
84.228,6.367,0.778,0.0,11.211,2.433,170,693747,399,15.391,-2.79,-19.86,0,0,415580160,0,4,1,ossuary
84.236,9.114,0.82,0.0,11.211,2.433,170,693747,399,15.396,-2.79,-19.904,0,0,415580160,0,4,1,ossuary
84.244,6.024,0.542,0.0,10.224,1.176,172,697719,401,15.396,-2.79,-19.904,0,0,415580160,0,4,1,ossuary
84.251,7.492,0.396,0.0,10.224,1.176,172,697719,401,15.401,-2.79,-19.948,0,0,415580160,0,4,1,ossuary
84.259,7.895,0.37,0.0,10.224,1.176,172,697719,401,15.401,-2.79,-19.948,0,0,415580160,0,4,1,ossuary
84.266,7.265,0.298,0.0,10.224,1.176,172,697719,401,15.401,-2.79,-19.948,0,0,415580160,0,4,1,ossuary
84.274,8.482,1.035,0.0,10.224,1.176,172,697719,401,15.407,-2.79,-19.992,0,0,415580160,0,4,1,ossuary
84.281,6.031,1.73,0.0,10.224,1.176,172,697719,401,15.407,-2.79,-19.992,0,0,415580160,0,4,1,ossuary
84.289,7.902,0.557,0.0,10.224,1.176,172,697719,401,15.414,-2.79,-20.037,0,0,415580160,0,4,1,ossuary
84.297,6.716,0.406,0.0,10.224,1.176,178,703065,407,15.414,-2.79,-20.037,0,0,415580160,0,4,1,ossuary
84.304,8.686,0.383,0.0,10.224,1.176,178,703065,407,15.421,-2.79,-20.081,0,0,415580160,0,4,1,ossuary
84.312,6.135,0.386,0.0,10.224,1.176,179,703067,408,15.421,-2.79,-20.081,0,0,415580160,0,4,1,ossuary
84.319,7.993,1.009,0.0,10.224,1.176,179,703067,408,15.428,-2.79,-20.125,0,0,415580160,0,4,1,ossuary
84.327,7.232,0.372,0.0,10.224,1.176,179,703067,408,15.428,-2.79,-20.125,0,0,415580160,0,4,1,ossuary
84.334,8.229,0.824,0.0,10.224,1.176,179,703067,408,15.435,-2.79,-20.162,0,0,415580160,0,4,1,ossuary
84.342,6.126,0.887,0.0,10.224,1.176,210,820530,439,15.435,-2.79,-20.162,0,0,415580160,0,4,1,ossuary
84.35,7.53,0.887,0.0,10.224,1.176,210,820530,439,15.435,-2.79,-20.162,0,0,415580160,0,4,1,ossuary
84.357,7.013,0.514,0.0,10.224,1.176,210,820530,439,15.441,-2.79,-20.194,0,0,415580160,0,4,1,ossuary
84.365,5.537,1.017,0.0,10.224,1.176,214,776188,443,15.441,-2.79,-20.194,0,0,415580160,0,4,1,ossuary
84.372,7.469,0.778,0.0,10.224,1.176,214,776188,443,15.448,-2.79,-20.221,0,0,415580160,0,4,1,ossuary
84.38,5.723,0.337,0.0,10.224,1.176,224,855114,453,15.448,-2.79,-20.221,0,0,415580160,0,4,1,ossuary
84.386,8.148,0.425,0.0,10.224,1.176,224,855114,453,15.456,-2.79,-20.244,0,0,415580160,0,4,1,ossuary
84.393,5.191,0.417,0.0,10.224,1.176,231,884168,460,15.456,-2.79,-20.244,0,0,415580160,0,4,1,ossuary
84.4,9.047,0.788,0.0,10.224,1.176,231,884168,460,15.463,-2.79,-20.263,0,0,415580160,0,4,1,ossuary
84.408,6.095,0.375,0.0,10.224,1.176,234,889646,463,15.463,-2.79,-20.263,0,0,415580160,0,4,1,ossuary
84.415,6.777,0.469,0.0,10.224,1.176,234,889646,463,15.463,-2.79,-20.263,0,0,415580160,0,4,1,ossuary
84.422,8.18,0.847,0.0,10.224,1.176,234,889646,463,15.471,-2.79,-20.278,0,0,415580160,0,4,1,ossuary
84.429,6.968,0.397,0.0,10.224,1.176,231,889177,460,15.471,-2.79,-20.278,0,0,415580160,0,4,1,ossuary
84.437,8.531,0.48,0.0,10.224,1.176,231,889177,460,15.479,-2.79,-20.29,0,0,415580160,0,4,1,ossuary
84.444,7.065,1.042,0.0,10.224,1.176,209,793038,438,15.479,-2.79,-20.29,0,0,415580160,0,4,1,ossuary
84.452,8.586,0.874,0.0,10.224,1.176,209,793038,438,15.487,-2.79,-20.3,0,0,415580160,0,4,1,ossuary
84.459,7.484,1.021,0.0,10.224,1.176,189,737676,418,15.487,-2.79,-20.3,0,0,415580160,0,4,1,ossuary
84.467,10.11,0.796,0.0,10.224,1.176,189,737676,418,15.496,-2.79,-20.307,0,0,415580160,0,4,1,ossuary
84.474,6.902,0.502,0.0,10.224,1.176,179,710286,408,15.496,-2.79,-20.307,0,0,415580160,0,4,1,ossuary
84.481,9.887,0.864,0.0,10.224,1.176,179,710286,408,15.496,-2.79,-20.307,0,0,415580160,0,4,1,ossuary
84.489,8.123,0.494,0.0,10.224,1.176,179,710286,408,15.507,-2.79,-20.311,0,0,415580160,0,4,1,ossuary
84.496,9.042,0.701,0.0,10.224,1.176,160,662474,389,15.507,-2.79,-20.311,0,0,415580160,0,4,1,ossuary
84.504,10.176,0.371,0.0,10.224,1.176,160,662474,389,15.519,-2.79,-20.311,0,0,415580160,0,4,1,ossuary
84.512,8.321,0.986,0.0,10.224,1.176,150,652244,379,15.519,-2.79,-20.311,0,0,415580160,0,4,1,ossuary
84.519,10.733,0.883,0.0,10.224,1.176,150,652244,379,15.533,-2.79,-20.308,0,0,415580160,0,4,1,ossuary
84.527,9.09,0.467,0.0,10.224,1.176,143,575016,372,15.533,-2.79,-20.308,0,0,415580160,0,4,1,ossuary
84.537,10.91,0.94,0.0,10.224,1.176,143,575016,372,15.548,-2.79,-20.302,0,0,415580160,0,4,1,ossuary
84.548,10.076,1.09,0.0,10.224,1.176,142,599000,371,15.548,-2.79,-20.302,0,0,415580160,0,4,1,ossuary
84.559,11.608,0.924,0.0,10.224,1.176,142,599000,371,15.565,-2.79,-20.292,0,0,415580160,0,4,1,ossuary
84.57,11.186,0.433,0.0,10.224,1.176,148,607052,377,15.582,-2.79,-20.279,0,0,415580160,0,4,1,ossuary
84.581,9.484,1.297,0.0,10.224,1.176,149,608828,378,15.582,-2.79,-20.279,0,0,415580160,0,4,1,ossuary
84.591,12.062,0.967,0.0,10.224,1.176,149,608828,378,15.599,-2.79,-20.263,0,0,415580160,0,4,1,ossuary
84.602,10.741,0.623,0.0,10.224,1.176,156,612935,385,15.616,-2.79,-20.243,0,0,415580160,0,4,1,ossuary
84.613,9.201,0.699,0.0,10.224,1.176,160,618526,389,15.616,-2.79,-20.243,0,0,415580160,0,4,1,ossuary
84.623,11.147,0.906,0.0,10.224,1.176,160,618526,389,15.633,-2.79,-20.221,0,0,415580160,0,4,1,ossuary
84.634,10.744,0.448,0.0,10.224,1.176,165,622690,394,15.65,-2.79,-20.196,0,0,415580160,0,4,1,ossuary
84.644,9.799,0.913,0.0,10.224,1.176,165,622690,394,15.65,-2.79,-20.196,0,0,415580160,0,4,1,ossuary
84.655,11.308,0.906,0.0,10.224,1.176,165,622690,394,15.666,-2.79,-20.169,0,0,415580160,0,4,1,ossuary
84.665,9.582,0.993,0.0,10.224,1.176,165,622612,394,15.666,-2.79,-20.169,0,0,415580160,0,4,1,ossuary
84.676,11.25,0.998,0.0,10.224,1.176,165,622612,394,15.681,-2.79,-20.139,0,0,415580160,0,4,1,ossuary
84.687,10.082,1.031,0.0,10.224,1.176,165,622164,394,15.695,-2.79,-20.108,0,0,415580160,0,4,1,ossuary
84.697,9.344,0.956,0.0,10.224,1.176,167,619920,396,15.695,-2.79,-20.108,0,0,415580160,0,4,1,ossuary
84.708,11.067,0.956,0.0,10.224,1.176,167,619920,396,15.709,-2.79,-20.075,0,0,415580160,0,4,1,ossuary
84.718,10.301,0.398,0.0,10.224,1.176,167,618701,396,15.721,-2.79,-20.04,0,0,415580160,0,4,1,ossuary
84.729,9.82,0.453,0.0,10.224,1.176,167,618691,396,15.721,-2.79,-20.04,0,0,415580160,0,4,1,ossuary
84.74,10.746,0.552,0.0,10.224,1.176,167,618691,396,15.732,-2.79,-20.004,0,0,415580160,0,4,1,ossuary
84.75,10.641,0.406,0.0,10.224,1.176,175,621582,404,15.742,-2.79,-19.966,0,0,415580160,0,4,1,ossuary
84.761,9.763,0.526,0.0,10.224,1.176,175,621582,404,15.742,-2.79,-19.966,0,0,415580160,0,4,1,ossuary
84.771,11.01,0.969,0.0,10.224,1.176,175,621582,404,15.751,-2.79,-19.928,0,0,415580160,0,4,1,ossuary
84.782,9.366,1.231,0.0,10.224,1.176,165,595262,394,15.751,-2.79,-19.928,0,0,415580160,0,4,1,ossuary
84.793,11.416,0.495,0.0,10.224,1.176,165,595262,394,15.759,-2.79,-19.888,0,0,415580160,0,4,1,ossuary
84.803,9.787,1.054,0.0,10.224,1.176,159,576078,388,15.765,-2.79,-19.848,0,0,415580160,0,4,1,ossuary
84.814,10.301,1.085,0.0,10.224,1.176,153,576002,382,15.765,-2.79,-19.848,0,0,415580160,0,4,1,ossuary
84.824,11.271,1.18,0.0,10.224,1.176,153,576002,382,15.771,-2.79,-19.807,0,0,415580160,0,4,1,ossuary
84.835,10.278,1.102,0.0,10.224,1.176,149,531708,378,15.775,-2.79,-19.766,0,0,415580160,0,4,1,ossuary
84.846,9.669,0.985,0.0,10.224,1.176,148,507052,377,15.775,-2.79,-19.766,0,0,415580160,0,4,1,ossuary
84.856,11.025,0.955,0.0,10.224,1.176,148,507052,377,15.779,-2.79,-19.724,0,0,415580160,0,4,1,ossuary
84.867,10.402,0.951,0.0,10.224,1.176,146,506908,375,15.781,-2.79,-19.681,0,0,415580160,0,4,1,ossuary
84.878,9.194,0.946,0.0,10.224,1.176,146,506908,375,15.781,-2.79,-19.681,0,0,415580160,0,4,1,ossuary
84.888,11.084,0.51,0.0,10.224,1.176,146,506908,375,15.783,-2.79,-19.639,0,0,415580160,0,4,1,ossuary
84.899,9.369,1.032,0.0,10.224,1.176,147,507016,376,15.783,-2.79,-19.639,0,0,415580160,0,4,1,ossuary
84.909,11.2,0.928,0.0,10.224,1.176,147,507016,376,15.762,-2.79,-19.611,0,0,415580160,0,4,1,ossuary
84.92,9.433,1.046,0.0,10.224,1.176,145,506856,374,15.745,-2.79,-19.581,0,0,415580160,0,4,1,ossuary
84.931,9.415,1.504,0.0,10.224,1.176,143,457544,372,15.745,-2.79,-19.581,0,0,415580160,0,4,1,ossuary
84.941,10.751,0.406,0.0,10.224,1.176,143,457544,372,15.729,-2.79,-19.548,0,0,415580160,0,4,1,ossuary
84.951,11.061,0.395,0.0,10.224,1.176,142,454088,371,15.716,-2.79,-19.513,0,0,415580160,0,4,1,ossuary
84.962,9.47,0.758,0.0,10.224,1.176,134,453866,363,15.716,-2.79,-19.513,0,0,415580160,0,4,1,ossuary
84.972,11.157,1.104,0.0,10.224,1.176,134,453866,363,15.703,-2.767,-19.483,0,0,415580160,0,4,1,ossuary
84.983,8.964,1.149,0.0,10.224,1.176,133,453854,362,15.703,-2.767,-19.483,0,0,415580160,0,4,1,ossuary
84.993,11.841,0.82,0.0,10.224,1.176,133,453854,362,15.691,-2.748,-19.45,0,0,415580160,0,4,1,ossuary
85.004,9.591,0.38,0.0,10.224,1.176,131,453830,360,15.68,-2.728,-19.417,0,0,415580160,0,4,1,ossuary
85.014,9.536,0.972,0.0,10.224,1.176,131,453830,360,15.68,-2.728,-19.417,0,0,415580160,0,4,1,ossuary
85.024,10.48,0.876,0.0,10.224,1.176,131,453830,360,15.67,-2.708,-19.382,0,0,415580160,0,4,1,ossuary
85.035,9.82,0.96,0.0,10.224,1.176,130,445546,359,15.66,-2.687,-19.347,0,0,415580160,0,4,1,ossuary
85.045,10.428,0.358,0.0,10.224,1.176,130,445546,359,15.66,-2.687,-19.347,0,0,415580160,0,4,1,ossuary
85.056,10.679,0.397,0.0,10.224,1.176,130,445546,359,15.651,-2.666,-19.312,0,0,415580160,0,4,1,ossuary
85.066,9.732,1.275,0.0,10.224,1.176,130,445546,359,15.651,-2.666,-19.312,0,0,415580160,0,4,1,ossuary
85.076,10.888,0.968,0.0,10.224,1.176,130,445546,359,15.642,-2.645,-19.276,0,0,415580160,0,4,1,ossuary
85.087,10.226,1.116,0.0,10.224,1.176,130,445546,359,15.634,-2.624,-19.239,0,0,415580160,0,4,1,ossuary
85.097,9.101,1.159,0.0,10.224,1.176,129,445534,358,15.634,-2.624,-19.239,0,0,415580160,0,4,1,ossuary
85.108,12.0,0.829,0.0,10.224,1.176,129,445534,358,15.625,-2.602,-19.203,0,0,415580160,0,4,1,ossuary
85.118,9.521,0.465,0.0,10.224,1.176,129,445534,358,15.617,-2.58,-19.166,0,0,415580160,0,4,1,ossuary
85.129,9.656,0.98,0.0,10.224,1.176,129,445534,358,15.617,-2.58,-19.166,0,0,415580160,0,4,1,ossuary
85.139,10.649,0.869,0.0,10.224,1.176,129,445534,358,15.609,-2.558,-19.128,0,0,415580160,0,4,1,ossuary
85.149,9.646,0.895,0.0,10.224,1.176,129,445534,358,15.609,-2.558,-19.128,0,0,415580160,0,4,1,ossuary
85.16,10.852,0.893,0.0,10.224,1.176,129,445534,358,15.6,-2.536,-19.091,0,0,415580160,0,4,1,ossuary
85.17,10.311,0.962,0.0,10.224,1.176,129,445534,358,15.592,-2.514,-19.054,0,0,415580160,0,4,1,ossuary
85.181,9.187,0.918,0.0,10.224,1.176,127,445234,208,15.592,-2.514,-19.054,0,0,415580160,0,4,1,ossuary
85.191,11.387,0.68,0.0,10.224,1.176,127,445234,208,15.584,-2.492,-19.016,0,0,415580160,0,4,1,ossuary
85.201,9.766,0.485,0.0,10.224,1.176,127,445234,208,15.575,-2.47,-18.978,0,0,415580160,0,4,1,ossuary
85.212,10.168,0.912,0.0,10.224,1.176,127,445234,208,15.575,-2.47,-18.978,0,0,415580160,0,4,1,ossuary
85.222,10.892,0.965,0.0,10.224,1.176,127,445234,208,15.567,-2.448,-18.94,0,0,415580160,0,4,1,ossuary
85.233,9.699,1.104,0.0,10.224,1.176,127,445234,208,15.567,-2.448,-18.94,0,0,415580160,0,4,1,ossuary
85.243,11.05,0.928,0.0,10.774,1.171,127,445234,208,15.558,-2.425,-18.903,0,0,415580160,0,4,1,ossuary
85.254,10.199,1.089,0.0,10.774,1.171,127,445234,208,15.55,-2.403,-18.865,0,0,415580160,0,4,1,ossuary
85.264,9.481,0.941,0.0,10.774,1.171,127,445234,208,15.55,-2.403,-18.865,0,0,415580160,0,4,1,ossuary
85.274,10.703,0.454,0.0,10.774,1.171,127,445234,208,15.542,-2.381,-18.827,0,0,415580160,0,4,1,ossuary
85.285,9.548,0.91,0.0,10.774,1.171,127,445234,208,15.533,-2.358,-18.789,0,0,415580160,0,4,1,ossuary
85.295,10.095,1.056,0.0,10.774,1.171,127,445234,208,15.533,-2.358,-18.789,0,0,415580160,0,4,1,ossuary
85.306,12.683,0.267,0.0,10.774,1.171,127,445234,208,15.525,-2.336,-18.751,0,0,415580160,0,4,1,ossuary
85.316,8.956,0.488,0.0,10.774,1.171,126,444835,207,15.525,-2.336,-18.751,0,0,415580160,0,4,1,ossuary
85.326,10.836,0.961,0.0,10.774,1.171,126,444835,207,15.516,-2.314,-18.713,0,0,415580160,0,4,1,ossuary
85.337,10.347,0.961,0.0,10.774,1.171,126,444835,207,15.508,-2.291,-18.675,0,0,415580160,0,4,1,ossuary
85.347,9.711,0.973,0.0,10.774,1.171,125,442236,206,15.508,-2.291,-18.675,0,0,415580160,0,4,1,ossuary
85.358,10.635,1.077,0.0,10.774,1.171,125,442236,206,15.499,-2.269,-18.637,0,0,415580160,0,4,1,ossuary
85.368,10.633,0.902,0.0,10.774,1.171,125,442236,206,15.491,-2.247,-18.599,0,0,415580160,0,4,1,ossuary
85.379,9.661,0.978,0.0,10.774,1.171,125,442236,206,15.491,-2.247,-18.599,0,0,415580160,0,4,1,ossuary
85.389,10.796,0.856,0.0,10.774,1.171,121,442122,149,15.482,-2.224,-18.561,0,0,415580160,0,4,1,ossuary
85.399,9.766,0.885,0.0,10.774,1.171,121,442122,149,15.482,-2.224,-18.561,0,0,415580160,0,4,1,ossuary
85.41,10.955,0.875,0.0,10.774,1.171,121,442122,149,15.474,-2.202,-18.523,0,0,415580160,0,4,1,ossuary
85.42,10.089,1.035,0.0,10.774,1.171,121,442122,149,15.465,-2.18,-18.485,0,0,415580160,0,4,1,ossuary
85.431,9.749,0.852,0.0,10.774,1.171,121,442122,149,15.465,-2.18,-18.485,0,0,415580160,0,4,1,ossuary
85.441,11.018,0.608,0.0,10.774,1.171,121,442122,149,15.457,-2.157,-18.447,0,0,415580160,0,4,1,ossuary
85.451,10.016,0.985,0.0,10.774,1.171,121,442122,149,15.448,-2.135,-18.409,0,0,415580160,0,4,1,ossuary
85.462,9.659,0.948,0.0,10.774,1.171,120,441772,148,15.448,-2.135,-18.409,0,0,415580160,0,4,1,ossuary
85.472,10.979,0.907,0.0,10.774,1.171,120,441772,148,15.44,-2.112,-18.371,0,0,415580160,0,4,1,ossuary
85.483,9.222,1.033,0.0,10.774,1.171,120,441772,148,15.44,-2.112,-18.371,0,0,415580160,0,4,1,ossuary
85.493,11.51,0.777,0.0,10.774,1.171,120,441772,148,15.432,-2.09,-18.333,0,0,415580160,0,4,1,ossuary
85.504,10.611,0.502,0.0,10.774,1.171,119,441085,147,15.424,-2.068,-18.295,0,0,415580160,0,4,1,ossuary
85.514,10.095,0.943,0.0,10.774,1.171,119,441085,147,15.424,-2.068,-18.295,0,0,415580160,0,4,1,ossuary
85.524,11.75,0.933,0.0,10.774,1.171,119,441085,147,15.417,-2.045,-18.257,0,0,415580160,0,4,1,ossuary
85.535,10.387,0.941,0.0,10.774,1.171,121,441109,149,15.41,-2.023,-18.219,0,0,415580160,0,4,1,ossuary
85.545,9.928,0.954,0.0,10.774,1.171,121,441109,149,15.41,-2.023,-18.219,0,0,415580160,0,4,1,ossuary
85.556,10.875,0.572,0.0,10.774,1.171,121,441109,149,15.403,-2.0,-18.181,0,0,415580160,0,4,1,ossuary
85.566,10.138,0.943,0.0,10.774,1.171,126,441229,154,15.403,-2.0,-18.181,0,0,415580160,0,4,1,ossuary
85.576,11.122,0.936,0.0,10.774,1.171,126,441229,154,15.397,-1.978,-18.143,0,0,415580160,0,4,1,ossuary
85.587,10.208,0.98,0.0,10.774,1.171,129,453919,157,15.391,-1.956,-18.105,0,0,415580160,0,4,1,ossuary
85.597,9.872,0.94,0.0,10.774,1.171,130,457375,158,15.391,-1.956,-18.105,0,0,415580160,0,4,1,ossuary
85.608,11.133,0.962,0.0,10.774,1.171,130,457375,158,15.386,-1.933,-18.067,0,0,415580160,0,4,1,ossuary
85.618,10.411,1.073,0.0,10.774,1.171,129,454039,157,15.38,-1.911,-18.029,0,0,415580160,0,4,1,ossuary
85.629,9.906,0.882,0.0,10.774,1.171,129,454039,157,15.38,-1.911,-18.029,0,0,415580160,0,4,1,ossuary
85.639,10.883,0.943,0.0,10.774,1.171,129,454039,157,15.376,-1.888,-17.991,0,0,415580160,0,4,1,ossuary
85.649,10.134,1.111,0.0,10.774,1.171,131,454043,159,15.376,-1.888,-17.991,0,0,415580160,0,4,1,ossuary
85.66,11.131,0.496,0.0,10.774,1.171,131,454043,159,15.371,-1.866,-17.953,0,0,415580160,0,4,1,ossuary
85.67,10.447,0.993,0.0,10.774,1.171,131,454043,159,15.367,-1.843,-17.914,0,0,415580160,0,4,1,ossuary
85.681,10.209,0.909,0.0,10.774,1.171,131,454043,159,15.367,-1.843,-17.914,0,0,415580160,0,4,1,ossuary
85.691,10.924,0.925,0.0,10.774,1.171,131,454043,159,15.364,-1.821,-17.876,0,0,415580160,0,4,1,ossuary
85.701,10.654,0.958,0.0,10.774,1.171,131,454043,159,15.36,-1.798,-17.838,0,0,415580160,0,4,1,ossuary
85.712,9.912,0.937,0.0,10.774,1.171,131,454043,159,15.36,-1.798,-17.838,0,0,415580160,0,4,1,ossuary
85.722,11.186,0.917,0.0,10.774,1.171,131,454043,159,15.357,-1.776,-17.799,0,0,415580160,0,4,1,ossuary
85.733,9.414,0.974,0.0,10.774,1.171,130,445467,158,15.357,-1.776,-17.799,0,0,415580160,0,4,1,ossuary
85.743,11.065,1.048,0.0,10.774,1.171,130,445467,158,15.354,-1.753,-17.761,0,0,415580160,0,4,1,ossuary
85.754,11.223,0.421,0.0,10.774,1.171,131,445469,159,15.352,-1.731,-17.723,0,0,415580160,0,4,1,ossuary
85.764,9.928,0.471,0.0,10.774,1.171,131,445469,159,15.352,-1.731,-17.723,0,0,415580160,0,4,1,ossuary
85.774,10.161,0.43,0.0,10.774,1.171,131,445469,159,15.349,-1.708,-17.684,0,0,415580160,0,4,1,ossuary
85.785,10.632,0.971,0.0,10.774,1.171,131,445469,159,15.347,-1.685,-17.646,0,0,415580160,0,4,1,ossuary
85.795,10.308,0.328,0.0,10.774,1.171,131,445469,159,15.347,-1.685,-17.646,0,0,415580160,0,4,1,ossuary
85.806,11.195,0.399,0.0,10.774,1.171,131,445469,159,15.345,-1.663,-17.607,0,0,415580160,0,4,1,ossuary
85.816,10.244,0.882,0.0,10.774,1.171,132,494779,160,15.345,-1.663,-17.607,0,0,415580160,0,4,1,ossuary
85.826,10.316,0.942,0.0,10.774,1.171,132,494779,160,15.343,-1.64,-17.569,0,0,415580160,0,4,1,ossuary
85.837,9.981,0.967,0.0,10.774,1.171,132,494779,160,15.342,-1.617,-17.53,0,0,415580160,0,4,1,ossuary
85.847,10.686,0.334,0.0,10.774,1.171,132,494779,160,15.342,-1.617,-17.53,0,0,415580160,0,4,1,ossuary
85.858,11.807,2.334,0.0,10.774,1.171,132,494779,160,15.34,-1.595,-17.492,0,0,415580160,0,4,1,ossuary
85.868,11.352,0.98,0.0,10.774,1.171,132,494779,160,15.339,-1.572,-17.453,0,0,415580160,0,4,1,ossuary
85.879,9.336,0.983,0.0,10.774,1.171,132,494779,160,15.339,-1.572,-17.453,0,0,415580160,0,4,1,ossuary
85.889,10.967,0.843,0.0,10.774,1.171,132,494779,160,15.338,-1.549,-17.415,0,0,415580160,0,4,1,ossuary
85.899,10.054,1.029,0.0,10.774,1.171,132,494779,160,15.338,-1.549,-17.415,0,0,415580160,0,4,1,ossuary
85.91,11.148,0.904,0.0,10.774,1.171,132,494779,160,15.337,-1.527,-17.376,0,0,415580160,0,4,1,ossuary
85.92,10.58,1.031,0.0,10.774,1.171,132,494779,160,15.336,-1.504,-17.338,0,0,415580160,0,4,1,ossuary
85.931,9.867,1.052,0.0,10.774,1.171,131,494603,159,15.336,-1.504,-17.338,0,0,415580160,0,4,1,ossuary
85.941,10.699,0.478,0.0,10.774,1.171,131,494603,159,15.335,-1.481,-17.299,0,0,415580160,0,4,1,ossuary
85.951,11.506,0.907,0.0,10.774,1.171,131,494603,159,15.335,-1.459,-17.261,0,0,415580160,0,4,1,ossuary
85.962,9.544,0.519,0.0,10.774,1.171,131,494603,159,15.335,-1.459,-17.261,0,0,415580160,0,4,1,ossuary
85.972,10.984,1.009,0.0,10.774,1.171,131,494603,159,15.334,-1.436,-17.222,0,0,415580160,0,4,1,ossuary
85.983,10.06,1.056,0.0,10.774,1.171,131,494603,159,15.334,-1.436,-17.222,0,0,415580160,0,4,1,ossuary
85.993,11.201,1.061,0.0,10.774,1.171,131,494603,159,15.334,-1.413,-17.184,0,0,415580160,0,4,1,ossuary
86.004,10.117,1.245,0.0,10.774,1.171,131,494603,159,15.333,-1.391,-17.145,0,0,415580160,0,4,1,ossuary
86.014,10.359,1.467,0.0,10.774,1.171,131,494603,159,15.333,-1.391,-17.145,0,0,415580160,0,4,1,ossuary
86.024,11.417,0.501,0.0,10.774,1.171,131,494603,159,15.333,-1.368,-17.107,0,0,415580160,0,4,1,ossuary
86.035,10.055,0.892,0.0,10.774,1.171,130,494601,158,15.333,-1.345,-17.068,0,0,415580160,0,4,1,ossuary
86.045,10.475,1.553,0.0,10.774,1.171,131,494777,159,15.333,-1.345,-17.068,0,0,415580160,0,4,1,ossuary
86.056,11.447,0.307,0.0,10.774,1.171,131,494777,159,15.332,-1.322,-17.029,0,0,415580160,0,4,1,ossuary
86.066,10.019,0.94,0.0,10.774,1.171,130,494775,158,15.332,-1.322,-17.029,0,0,415580160,0,4,1,ossuary
86.077,10.625,1.228,0.0,10.774,1.171,130,494775,158,15.332,-1.3,-16.991,0,0,415580160,0,4,1,ossuary
86.087,10.992,1.175,0.0,10.774,1.171,130,494775,158,15.332,-1.277,-16.952,0,0,415580160,0,4,1,ossuary
86.098,10.193,0.344,0.0,10.774,1.171,130,494775,158,15.332,-1.277,-16.952,0,0,415580160,0,4,1,ossuary
86.109,11.893,0.392,0.0,10.774,1.171,130,494775,158,15.332,-1.254,-16.914,0,0,415580160,0,4,1,ossuary
86.119,10.575,0.518,0.0,10.774,1.171,130,494775,158,15.332,-1.232,-16.875,0,0,415580160,0,4,1,ossuary
86.13,10.138,1.006,0.0,10.774,1.171,130,494775,158,15.332,-1.232,-16.875,0,0,415580160,0,4,1,ossuary
86.14,11.351,0.716,0.0,10.774,1.171,130,494775,158,15.332,-1.209,-16.837,0,0,415580160,0,4,1,ossuary
86.151,10.753,0.836,0.0,10.774,1.171,130,494775,158,15.332,-1.186,-16.798,0,0,415580160,0,4,1,ossuary
86.162,10.148,1.061,0.0,10.774,1.171,130,494775,158,15.332,-1.186,-16.798,0,0,415580160,0,4,1,ossuary
86.172,11.539,1.044,0.0,10.774,1.171,130,494775,158,15.333,-1.163,-16.76,0,0,415580160,0,4,1,ossuary
86.183,9.841,0.959,0.0,10.774,1.171,130,494775,158,15.333,-1.163,-16.76,0,0,415580160,0,4,1,ossuary
86.194,11.463,1.003,0.0,10.774,1.171,130,494775,158,15.333,-1.141,-16.721,0,0,415580160,0,4,1,ossuary
86.204,11.742,0.61,0.0,10.774,1.171,130,494775,158,15.333,-1.118,-16.683,0,0,415580160,0,4,1,ossuary
86.215,10.342,0.438,0.0,10.774,1.171,130,494775,158,15.333,-1.118,-16.683,0,0,415580160,0,4,1,ossuary
86.225,11.627,0.886,0.0,10.774,1.171,130,494775,158,15.333,-1.096,-16.644,0,0,415580160,0,4,1,ossuary
86.236,11.268,0.95,0.0,11.491,0.919,130,494775,158,15.334,-1.073,-16.606,0,0,415580160,0,4,1,ossuary
86.247,10.7,0.985,0.0,11.491,0.919,128,445463,156,15.334,-1.073,-16.606,0,0,415580160,0,4,1,ossuary
86.257,11.864,0.905,0.0,11.491,0.919,128,445463,156,15.334,-1.05,-16.567,0,0,415580160,0,4,1,ossuary
86.268,10.71,0.831,0.0,11.491,0.919,128,445463,156,15.334,-1.027,-16.528,0,0,415580160,0,4,1,ossuary
86.278,11.059,0.902,0.0,11.491,0.919,128,445463,156,15.334,-1.027,-16.528,0,0,415580160,0,4,1,ossuary
86.289,11.926,0.363,0.0,11.491,0.919,128,445463,156,15.335,-1.005,-16.49,0,0,415580160,0,4,1,ossuary
86.3,12.549,0.36,0.0,11.491,0.919,128,445463,156,15.335,-0.982,-16.451,0,0,415580160,0,4,1,ossuary
86.313,11.758,0.369,0.0,11.491,0.919,126,445459,154,15.335,-0.982,-16.451,0,0,415580160,0,4,1,ossuary
86.324,11.893,0.863,0.0,11.491,0.919,126,445459,154,15.335,-0.959,-16.413,0,0,415580160,0,4,1,ossuary
86.336,11.645,1.059,0.0,11.491,0.919,126,445459,154,15.336,-0.937,-16.374,0,0,415580160,0,4,1,ossuary
86.348,11.081,0.68,0.0,11.491,0.919,126,445459,154,15.336,-0.937,-16.374,0,0,415580160,0,4,1,ossuary
86.359,12.227,1.088,0.0,11.491,0.919,126,445459,154,15.336,-0.914,-16.336,0,0,415580160,0,4,1,ossuary
86.371,11.794,0.928,0.0,11.491,0.919,126,445459,154,15.337,-0.891,-16.297,0,0,415580160,0,4,1,ossuary
86.383,11.239,0.921,0.0,11.491,0.919,126,445459,154,15.337,-0.891,-16.297,0,0,415580160,0,4,1,ossuary
86.395,12.429,0.976,0.0,11.491,0.919,126,445459,154,15.337,-0.869,-16.259,0,0,415580160,0,4,1,ossuary
86.407,11.811,0.997,0.0,11.491,0.919,126,445459,154,15.337,-0.846,-16.22,0,0,415580160,0,4,1,ossuary
86.418,11.775,0.943,0.0,11.491,0.919,126,445459,154,15.338,-0.823,-16.182,0,0,415580160,0,4,1,ossuary
86.43,11.276,0.934,0.0,11.491,0.919,126,445459,154,15.338,-0.823,-16.182,0,0,415580160,0,4,1,ossuary
86.442,12.301,0.938,0.0,11.491,0.919,126,445459,154,15.338,-0.801,-16.143,0,0,415580160,0,4,1,ossuary
86.454,11.853,0.84,0.0,11.491,0.919,126,445459,154,15.339,-0.778,-16.104,0,0,415580160,0,4,1,ossuary
86.466,11.231,1.342,0.0,11.491,0.919,126,445459,154,15.339,-0.778,-16.104,0,0,415580160,0,4,1,ossuary
86.477,12.238,1.042,0.0,11.491,0.919,126,445459,154,15.339,-0.755,-16.066,0,0,415580160,0,4,1,ossuary
86.489,11.858,0.858,0.0,11.491,0.919,126,445459,154,15.34,-0.732,-16.027,0,0,415580160,0,4,1,ossuary
86.501,11.611,0.954,0.0,11.491,0.919,126,445459,154,15.34,-0.71,-15.989,0,0,415580160,0,4,1,ossuary
86.513,11.929,0.939,0.0,11.491,0.919,126,445459,154,15.34,-0.71,-15.989,0,0,415580160,0,4,1,ossuary
86.525,12.543,1.027,0.0,11.491,0.919,126,445459,154,15.341,-0.687,-15.95,0,0,415580160,0,4,1,ossuary
86.537,12.171,0.903,0.0,11.491,0.919,126,445459,154,15.342,-0.664,-15.912,0,0,415580160,0,4,1,ossuary
86.549,11.026,0.461,0.0,11.491,0.919,126,445459,154,15.342,-0.664,-15.912,0,0,415580160,0,4,1,ossuary
86.561,13.183,0.864,0.0,11.491,0.919,126,445459,154,15.342,-0.642,-15.873,0,0,415580160,0,4,1,ossuary
86.573,11.678,0.459,0.0,11.491,0.919,127,445461,155,15.343,-0.619,-15.835,0,0,415580160,0,4,1,ossuary
86.585,11.621,0.929,0.0,11.491,0.919,127,445461,155,15.343,-0.596,-15.796,0,0,415580160,0,4,1,ossuary
86.597,11.11,0.938,0.0,11.491,0.919,127,445461,155,15.343,-0.596,-15.796,0,0,415580160,0,4,1,ossuary
86.609,12.365,0.935,0.0,11.491,0.919,127,445461,155,15.344,-0.574,-15.758,0,0,415580160,0,4,1,ossuary
86.621,11.962,0.86,0.0,11.491,0.919,127,445461,155,15.344,-0.551,-15.719,0,0,415580160,0,4,1,ossuary
86.633,11.558,0.953,0.0,11.491,0.919,127,445461,155,15.344,-0.551,-15.719,0,0,415580160,0,4,1,ossuary
86.645,12.89,0.879,0.0,11.491,0.919,127,445461,155,15.345,-0.528,-15.68,0,0,415580160,0,4,1,ossuary
86.657,12.737,0.848,0.0,11.491,0.919,127,445461,155,15.345,-0.506,-15.642,0,0,415580160,0,4,1,ossuary
86.669,11.447,1.12,0.0,11.491,0.919,127,445461,155,15.346,-0.483,-15.603,0,0,415580160,0,4,1,ossuary
86.681,11.092,0.96,0.0,11.491,0.919,127,445461,155,15.346,-0.483,-15.603,0,0,415580160,0,4,1,ossuary
86.693,13.024,0.922,0.0,11.491,0.919,127,445461,155,15.347,-0.46,-15.565,0,0,415580160,0,4,1,ossuary
86.705,11.754,1.142,0.0,11.491,0.919,130,445617,231,15.347,-0.437,-15.526,0,0,415580160,0,4,1,ossuary
86.716,11.461,0.932,0.0,11.491,0.919,130,445617,231,15.347,-0.437,-15.526,0,0,415580160,0,4,1,ossuary
86.728,12.494,1.013,0.0,11.491,0.919,130,445617,231,15.348,-0.415,-15.488,0,0,415580160,0,4,1,ossuary
86.741,11.913,1.145,0.0,11.491,0.919,130,445617,231,15.348,-0.392,-15.449,0,0,415580160,0,4,1,ossuary
86.752,11.417,0.955,0.0,11.491,0.919,130,445617,231,15.349,-0.369,-15.411,0,0,415580160,0,4,1,ossuary
86.764,10.914,0.407,0.0,11.491,0.919,130,445617,231,15.349,-0.369,-15.411,0,0,415580160,0,4,1,ossuary
86.776,12.181,0.384,0.0,11.491,0.919,130,445617,231,15.349,-0.347,-15.372,0,0,415580160,0,4,1,ossuary
86.788,12.564,0.355,0.0,11.491,0.919,130,445617,231,15.35,-0.324,-15.334,0,0,415580160,0,4,1,ossuary
86.8,10.903,0.394,0.0,11.491,0.919,127,432927,228,15.35,-0.324,-15.334,0,0,415580160,0,4,1,ossuary
86.812,12.509,0.872,0.0,11.491,0.919,127,432927,228,15.35,-0.301,-15.295,0,0,415580160,0,4,1,ossuary
86.824,11.808,0.88,0.0,11.491,0.919,127,432927,228,15.351,-0.279,-15.256,0,0,415580160,0,4,1,ossuary
86.836,11.383,0.604,0.0,11.491,0.919,125,432695,226,15.352,-0.256,-15.218,0,0,415580160,0,4,1,ossuary
86.848,10.905,1.028,0.0,11.491,0.919,125,432695,226,15.352,-0.256,-15.218,0,0,415580160,0,4,1,ossuary
86.86,12.873,0.913,0.0,11.491,0.919,125,432695,226,15.352,-0.233,-15.179,0,0,415580160,0,4,1,ossuary
86.871,11.505,0.464,0.0,11.491,0.919,125,432695,226,15.353,-0.21,-15.141,0,0,415580160,0,4,1,ossuary
86.883,11.058,1.045,0.0,11.491,0.919,123,432691,224,15.353,-0.21,-15.141,0,0,415580160,0,4,1,ossuary
86.895,63.767,1.228,0.0,11.491,0.919,123,432691,224,15.353,-0.188,-15.102,0,0,415580160,0,5,1,skull
86.95,3.07,1.101,0.0,11.491,0.919,169,501761,371,15.355,-0.12,-14.987,0,0,419872768,0,5,1,skull
86.968,12.7,0.415,0.0,11.491,0.919,169,501761,371,15.356,-0.074,-14.91,0,0,419872768,0,5,1,skull
86.989,11.244,0.395,0.0,11.491,0.919,169,501761,371,15.357,-0.052,-14.871,0,0,419872768,0,5,1,skull
87.0,11.729,0.341,0.0,11.491,0.919,169,501761,371,15.357,-0.029,-14.832,0,0,419872768,0,5,1,skull
87.012,11.463,0.266,0.0,11.491,0.919,169,501761,371,15.357,-0.029,-14.832,0,0,419872768,0,5,1,skull
87.024,12.302,0.358,0.0,11.491,0.919,169,501761,371,15.358,-0.006,-14.794,0,0,419872768,0,5,1,skull
87.036,11.76,0.384,0.0,11.491,0.919,169,501761,371,15.358,0.016,-14.755,0,0,419872768,0,5,1,skull
87.047,11.31,0.384,0.0,11.491,0.919,169,501761,371,15.358,0.016,-14.755,0,0,419872768,0,5,1,skull
87.059,12.319,0.376,0.0,11.491,0.919,169,501761,371,15.359,0.039,-14.717,0,0,419872768,0,5,1,skull
87.071,11.732,0.377,0.0,11.491,0.919,169,501761,371,15.359,0.062,-14.678,0,0,419872768,0,5,1,skull
87.082,11.512,0.346,0.0,11.491,0.919,169,501761,371,15.359,0.062,-14.678,0,0,419872768,0,5,1,skull
87.094,12.451,0.345,0.0,11.491,0.919,169,501761,371,15.36,0.085,-14.64,0,0,419872768,0,5,1,skull
87.106,11.618,0.361,0.0,11.491,0.919,169,501761,371,15.36,0.107,-14.601,0,0,419872768,0,5,1,skull
87.117,12.089,0.416,0.0,11.491,0.919,169,501761,371,15.361,0.13,-14.563,0,0,419872768,0,5,1,skull
87.129,11.456,0.264,0.0,11.491,0.919,169,501761,371,15.361,0.13,-14.563,0,0,419872768,0,5,1,skull
87.141,12.44,0.349,0.0,11.491,0.919,169,501761,371,15.361,0.153,-14.524,0,0,419872768,0,5,1,skull
87.152,11.734,0.394,0.0,11.491,0.919,169,501761,371,15.362,0.175,-14.486,0,0,419872768,0,5,1,skull
87.164,11.559,0.354,0.0,11.491,0.919,169,501761,371,15.362,0.175,-14.486,0,0,419872768,0,5,1,skull
87.176,12.413,0.378,0.0,11.491,0.919,169,501761,371,15.362,0.198,-14.447,0,0,419872768,0,5,1,skull
87.187,11.86,0.364,0.0,11.491,0.919,169,501761,371,15.363,0.221,-14.409,0,0,419872768,0,5,1,skull
87.199,11.385,0.4,0.0,11.491,0.919,169,501761,371,15.363,0.221,-14.409,0,0,419872768,0,5,1,skull
87.211,12.482,0.56,0.0,11.491,0.919,169,501761,371,15.363,0.243,-14.37,0,0,419872768,0,5,1,skull
87.222,11.839,0.371,0.0,11.491,0.919,169,501761,371,15.364,0.266,-14.331,0,0,419872768,0,5,1,skull
87.234,12.078,0.484,0.0,11.491,0.919,169,501761,371,15.364,0.289,-14.293,0,0,419872768,0,5,1,skull
87.246,12.146,0.34,0.0,12.175,52.768,169,501761,371,15.364,0.289,-14.293,0,0,419872768,0,5,1,skull
87.257,12.464,0.623,0.0,12.175,52.768,169,501761,371,15.365,0.311,-14.254,0,0,419872768,0,5,1,skull
87.269,12.12,1.209,0.0,12.175,52.768,169,501761,371,15.365,0.333,-14.214,0,0,419872768,0,5,1,skull
87.281,11.325,1.009,0.0,12.175,52.768,169,501761,371,15.365,0.333,-14.214,0,0,419872768,0,5,1,skull
87.292,12.706,1.122,0.0,12.175,52.768,169,501761,371,15.366,0.342,-14.172,0,0,419872768,0,5,1,skull
87.304,11.808,1.18,0.0,12.175,52.768,167,499681,369,15.366,0.355,-14.129,0,0,419872768,0,5,1,skull
87.316,11.52,1.014,0.0,12.175,52.768,165,495143,367,15.366,0.355,-14.129,0,0,419872768,0,5,1,skull
87.327,12.996,0.92,0.0,12.175,52.768,165,495143,367,15.367,0.351,-14.085,0,0,419872768,0,5,1,skull
87.339,11.894,1.085,0.0,12.175,52.768,165,495143,367,15.367,0.347,-14.04,0,0,419872768,0,5,1,skull
87.351,11.891,0.929,0.0,12.175,52.768,165,495143,367,15.367,0.358,-13.995,0,0,419872768,0,5,1,skull
87.362,10.819,1.046,0.0,12.175,52.768,165,495143,367,15.367,0.358,-13.995,0,0,419872768,0,5,1,skull
87.374,13.751,0.973,0.0,12.175,52.768,165,495143,367,15.368,0.36,-13.95,0,0,419872768,0,5,1,skull
87.386,11.32,0.584,0.0,12.175,52.768,162,484455,364,15.368,0.36,-13.905,0,0,419872768,0,5,1,skull
87.398,11.443,0.996,0.0,12.175,52.768,160,482335,362,15.368,0.36,-13.905,0,0,419872768,0,5,1,skull
87.41,12.965,0.933,0.0,12.175,52.768,160,482335,362,15.369,0.36,-13.86,0,0,419872768,0,5,1,skull
87.422,11.129,1.074,0.0,12.175,52.768,158,482311,360,15.369,0.36,-13.815,0,0,419872768,0,5,1,skull
87.434,12.828,1.231,0.0,12.175,52.768,158,482311,360,15.369,0.36,-13.77,0,0,419872768,0,5,1,skull
87.445,11.061,0.441,0.0,12.175,52.768,158,482311,360,15.369,0.36,-13.77,0,0,419872768,0,5,1,skull
87.457,12.917,0.924,0.0,12.175,52.768,158,482311,360,15.37,0.36,-13.725,0,0,419872768,0,5,1,skull
87.469,11.891,0.996,0.0,12.175,52.768,158,482311,360,15.37,0.36,-13.68,0,0,419872768,0,5,1,skull
87.481,11.295,0.522,0.0,12.175,52.768,158,482311,360,15.37,0.36,-13.68,0,0,419872768,0,5,1,skull
87.493,12.757,0.99,0.0,12.175,52.768,158,482311,360,15.37,0.36,-13.635,0,0,419872768,0,5,1,skull
87.505,12.153,1.03,0.0,12.175,52.768,156,482287,358,15.37,0.36,-13.59,0,0,419872768,0,5,1,skull
87.517,11.832,0.936,0.0,12.175,52.768,156,482287,358,15.37,0.36,-13.545,0,0,419872768,0,5,1,skull
87.529,11.378,1.095,0.0,12.175,52.768,156,482287,358,15.37,0.36,-13.545,0,0,419872768,0,5,1,skull
87.541,12.893,0.997,0.0,12.175,52.768,156,482287,358,15.371,0.36,-13.5,0,0,419872768,0,5,1,skull
87.553,11.769,1.072,0.0,12.175,52.768,157,484355,359,15.371,0.36,-13.455,0,0,419872768,0,5,1,skull
87.565,11.418,0.891,0.0,12.175,52.768,157,484355,359,15.371,0.36,-13.455,0,0,419872768,0,5,1,skull
87.576,12.962,0.955,0.0,12.175,52.768,157,484355,359,15.371,0.36,-13.41,0,0,419872768,0,5,1,skull
87.588,12.036,1.081,0.0,12.175,52.768,157,484355,359,15.371,0.36,-13.365,0,0,419872768,0,5,1,skull
87.6,12.011,0.958,0.0,12.175,52.768,155,483743,357,15.371,0.36,-13.32,0,0,419872768,0,5,1,skull
87.612,11.474,0.661,0.0,12.175,52.768,155,483743,357,15.371,0.36,-13.32,0,0,419872768,0,5,1,skull
87.624,13.127,1.154,0.0,12.175,52.768,155,483743,357,15.371,0.36,-13.275,0,0,419872768,0,5,1,skull
87.636,11.725,0.996,0.0,12.175,52.768,155,483863,357,15.372,0.36,-13.23,0,0,419872768,0,5,1,skull
87.648,11.298,0.895,0.0,12.175,52.768,155,483863,357,15.372,0.36,-13.23,0,0,419872768,0,5,1,skull
87.66,12.863,0.977,0.0,12.175,52.768,155,483863,357,15.372,0.36,-13.185,0,0,419872768,0,5,1,skull
87.672,11.639,1.25,0.0,12.175,52.768,155,483863,357,15.372,0.36,-13.14,0,0,419872768,0,5,1,skull
87.684,12.061,1.015,0.0,12.175,52.768,155,483863,357,15.372,0.36,-13.095,0,0,419872768,0,5,1,skull
87.695,11.452,0.984,0.0,12.175,52.768,155,483863,357,15.372,0.36,-13.095,0,0,419872768,0,5,1,skull
87.707,12.28,1.104,0.0,12.175,52.768,155,483863,357,15.372,0.36,-13.05,0,0,419872768,0,5,1,skull
87.719,13.009,2.655,0.0,12.175,52.768,153,483397,355,15.372,0.36,-13.005,0,0,419872768,0,5,1,skull
87.731,11.948,0.378,0.0,12.175,52.768,153,483397,355,15.372,0.36,-13.005,0,0,419872768,0,5,1,skull
87.743,12.629,0.388,0.0,12.175,52.768,153,483397,355,15.372,0.36,-12.96,0,0,419872768,0,5,1,skull
87.755,13.205,0.402,0.0,12.175,52.768,153,483397,355,15.372,0.36,-12.915,0,0,419872768,0,5,1,skull
87.767,11.045,0.438,0.0,12.175,52.768,153,483397,355,15.372,0.36,-12.87,0,0,419872768,0,5,1,skull
87.779,11.85,1.046,0.0,12.175,52.768,153,483397,355,15.372,0.36,-12.87,0,0,419872768,0,5,1,skull
87.791,13.016,0.487,0.0,12.175,52.768,153,483397,355,15.372,0.36,-12.825,0,0,419872768,0,5,1,skull
87.803,12.026,0.394,0.0,12.175,52.768,153,483397,355,15.372,0.36,-12.78,0,0,419872768,0,5,1,skull
87.815,11.734,0.399,0.0,12.175,52.768,152,473717,354,15.372,0.36,-12.78,0,0,419872768,0,5,1,skull
87.826,13.465,0.369,0.0,12.175,52.768,152,473717,354,15.372,0.36,-12.735,0,0,419872768,0,5,1,skull
87.838,11.502,0.392,0.0,12.175,52.768,152,473717,354,15.372,0.36,-12.69,0,0,419872768,0,5,1,skull
87.85,12.015,0.839,0.0,12.175,52.768,152,473717,354,15.372,0.36,-12.645,0,0,419872768,0,5,1,skull
87.862,10.743,1.043,0.0,12.175,52.768,152,473717,354,15.372,0.36,-12.645,0,0,419872768,0,5,1,skull
87.874,13.085,0.688,0.0,12.175,52.768,152,473717,354,15.372,0.36,-12.6,0,0,419872768,0,5,1,skull
87.886,11.947,1.141,0.0,12.175,52.768,149,473561,278,15.372,0.36,-12.555,0,0,419872768,0,5,1,skull
87.898,11.243,0.494,0.0,12.175,52.768,149,473561,278,15.372,0.36,-12.555,0,0,419872768,0,5,1,skull
87.91,12.323,0.952,0.0,12.175,52.768,149,473561,278,15.372,0.36,-12.51,0,0,419872768,0,5,1,skull
87.922,11.644,1.289,0.0,12.175,52.768,149,473561,278,15.372,0.36,-12.465,0,0,419872768,0,5,1,skull
87.934,11.737,0.963,0.0,12.175,52.768,149,473561,278,15.372,0.36,-12.422,0,0,419872768,0,5,1,skull
87.945,11.088,0.557,0.0,12.175,52.768,139,483215,268,15.372,0.36,-12.422,0,0,419872768,0,5,1,skull
87.957,13.659,0.46,0.0,12.175,52.768,139,483215,268,15.373,0.36,-12.381,0,0,419872768,0,5,1,skull
87.969,11.18,0.516,0.0,12.175,52.768,132,534886,261,15.376,0.36,-12.34,0,0,419872768,0,5,1,skull
87.981,12.299,0.878,0.0,12.175,52.768,137,605462,266,15.376,0.36,-12.34,0,0,419872768,0,5,1,skull
87.993,11.728,0.94,0.0,12.175,52.768,137,605462,266,15.379,0.36,-12.3,0,0,419872768,0,5,1,skull
88.005,11.727,1.037,0.0,12.175,52.768,145,609154,274,15.385,0.36,-12.261,0,0,419872768,0,5,1,skull
88.017,24.18,1.533,0.0,12.175,52.768,152,634036,281,15.392,0.36,-12.222,0,0,419872768,0,6,1,church
88.031,1.17,0.919,0.0,12.175,52.768,188,674352,263,15.392,0.36,-12.222,0,0,420184064,0,6,1,church
88.043,13.213,0.393,0.0,12.175,52.768,188,674352,263,15.4,0.36,-12.183,0,0,420184064,0,6,1,church
88.056,12.332,0.491,0.0,12.175,52.768,188,676358,263,15.411,0.36,-12.144,0,0,420184064,0,6,1,church
88.068,12.436,0.375,0.0,12.175,52.768,188,676358,263,15.423,0.36,-12.105,0,0,420184064,0,6,1,church
88.081,12.243,0.367,0.0,12.175,52.768,187,673666,262,15.423,0.36,-12.105,0,0,420184064,0,6,1,church
88.093,12.833,0.369,0.0,12.175,52.768,187,673666,262,15.437,0.36,-12.067,0,0,420184064,0,6,1,church
88.106,13.478,0.379,0.0,12.175,52.768,194,683458,269,15.452,0.36,-12.029,0,0,420184064,0,6,1,church
88.118,11.976,0.575,0.0,12.175,52.768,193,683456,268,15.469,0.36,-11.991,0,0,420184064,0,6,1,church
88.131,11.687,1.314,0.0,12.175,52.768,193,683456,268,15.469,0.36,-11.991,0,0,420184064,0,6,1,church
88.143,13.972,1.014,0.0,12.175,52.768,193,683456,268,15.487,0.36,-11.954,0,0,420184064,0,6,1,church
88.156,11.676,0.515,0.0,12.175,52.768,192,683448,267,15.507,0.36,-11.917,0,0,420184064,0,6,1,church
88.168,12.932,1.15,0.0,12.175,52.768,190,683366,265,15.527,0.36,-11.88,0,0,420184064,0,6,1,church
88.181,11.938,1.06,0.0,12.175,52.768,186,683090,261,15.527,0.36,-11.88,0,0,420184064,0,6,1,church
88.193,13.359,1.04,0.0,12.175,52.768,186,683090,261,15.549,0.36,-11.844,0,0,420184064,0,6,1,church
88.206,12.181,1.113,0.0,12.175,52.768,182,682786,257,15.572,0.36,-11.807,0,0,420184064,0,6,1,church
88.218,12.724,0.599,0.0,12.175,52.768,182,682786,257,15.596,0.36,-11.772,0,0,420184064,0,6,1,church
88.231,12.403,0.989,0.0,12.175,52.768,180,682746,255,15.596,0.36,-11.772,0,0,420184064,0,6,1,church
88.244,12.987,1.095,0.0,12.403,13.33,180,682746,255,15.621,0.36,-11.736,0,0,420184064,0,6,1,church
88.256,12.936,1.333,0.0,12.403,13.33,182,682728,257,15.647,0.36,-11.701,0,0,420184064,0,6,1,church
88.269,12.514,0.783,0.0,12.403,13.33,182,682728,257,15.674,0.36,-11.666,0,0,420184064,0,6,1,church
88.282,12.357,1.005,0.0,12.403,13.33,181,682692,256,15.674,0.36,-11.666,0,0,420184064,0,6,1,church
88.295,13.836,1.133,0.0,12.403,13.33,181,682692,256,15.701,0.36,-11.632,0,0,420184064,0,6,1,church
88.307,11.86,1.079,0.0,12.403,13.33,178,682686,253,15.729,0.36,-11.598,0,0,420184064,0,6,1,church
88.32,12.669,1.24,0.0,12.403,13.33,178,682686,253,15.757,0.36,-11.564,0,0,420184064,0,6,1,church
88.333,12.373,1.039,0.0,12.403,13.33,178,682686,253,15.757,0.36,-11.564,0,0,420184064,0,6,1,church
88.345,12.99,0.995,0.0,12.403,13.33,178,682686,253,15.786,0.36,-11.531,0,0,420184064,0,6,1,church
88.358,12.76,1.235,0.0,12.403,13.33,177,682868,252,15.816,0.36,-11.498,0,0,420184064,0,6,1,church
88.371,12.779,1.006,0.0,12.403,13.33,177,682868,252,15.846,0.36,-11.465,0,0,420184064,0,6,1,church
88.384,12.518,1.023,0.0,12.403,13.33,176,682844,251,15.876,0.36,-11.432,0,0,420184064,0,6,1,church
88.397,11.583,1.179,0.0,12.403,13.33,176,682844,251,15.876,0.36,-11.432,0,0,420184064,0,6,1,church
88.41,13.799,1.02,0.0,12.403,13.33,176,682844,251,15.907,0.36,-11.4,0,0,420184064,0,6,1,church
88.423,12.37,0.458,0.0,12.403,13.33,175,680152,250,15.938,0.36,-11.368,0,0,420184064,0,6,1,church
88.436,12.348,1.003,0.0,12.403,13.33,175,680152,250,15.969,0.36,-11.336,0,0,420184064,0,6,1,church
88.449,11.939,1.02,0.0,12.403,13.33,174,680150,249,15.969,0.36,-11.336,0,0,420184064,0,6,1,church
88.462,13.088,1.019,0.0,12.403,13.33,174,680150,249,16.0,0.36,-11.304,0,0,420184064,0,6,1,church
88.475,12.344,1.064,0.0,12.403,13.33,174,680150,249,16.032,0.36,-11.273,0,0,420184064,0,6,1,church
88.488,12.563,1.096,0.0,12.403,13.33,174,680150,249,16.064,0.36,-11.241,0,0,420184064,0,6,1,church
88.5,12.815,0.559,0.0,12.403,13.33,174,680150,249,16.096,0.36,-11.21,0,0,420184064,0,6,1,church
88.513,11.278,0.454,0.0,12.403,13.33,174,680150,249,16.096,0.36,-11.21,0,0,420184064,0,6,1,church
88.526,13.76,1.087,0.0,12.403,13.33,174,680150,249,16.129,0.36,-11.179,0,0,420184064,0,6,1,church
88.539,12.263,0.465,0.0,12.403,13.33,174,680150,249,16.161,0.36,-11.148,0,0,420184064,0,6,1,church
88.552,12.44,2.012,0.0,12.403,13.33,174,680150,249,16.194,0.36,-11.117,0,0,420184064,0,6,1,church
88.565,11.795,1.167,0.0,12.403,13.33,174,680150,249,16.194,0.36,-11.117,0,0,420184064,0,6,1,church
88.578,13.131,0.621,0.0,12.403,13.33,174,680150,249,16.227,0.36,-11.087,0,0,420184064,0,6,1,church
88.591,12.05,1.126,0.0,12.403,13.33,174,680150,249,16.26,0.36,-11.056,0,0,420184064,0,6,1,church
88.604,12.497,0.959,0.0,12.403,13.33,174,680150,249,16.293,0.36,-11.026,0,0,420184064,0,6,1,church
88.616,11.752,0.984,0.0,12.403,13.33,173,677458,248,16.293,0.36,-11.026,0,0,420184064,0,6,1,church
88.629,12.996,1.068,0.0,12.403,13.33,173,677458,248,16.326,0.36,-10.996,0,0,420184064,0,6,1,church
88.641,12.471,1.171,0.0,12.403,13.33,173,677458,248,16.359,0.36,-10.965,0,0,420184064,0,6,1,church
88.654,12.108,1.207,0.0,12.403,13.33,173,677458,248,16.393,0.36,-10.935,0,0,420184064,0,6,1,church
88.666,11.961,1.002,0.0,12.403,13.33,173,677458,248,16.393,0.36,-10.935,0,0,420184064,0,6,1,church
88.679,13.244,0.999,0.0,12.403,13.33,173,677458,248,16.426,0.36,-10.905,0,0,420184064,0,6,1,church
88.691,12.689,1.085,0.0,12.403,13.33,174,677842,249,16.46,0.36,-10.875,0,0,420184064,0,6,1,church
88.704,11.807,1.013,0.0,12.403,13.33,174,677842,249,16.493,0.36,-10.845,0,0,420184064,0,6,1,church
88.716,11.935,1.041,0.0,12.403,13.33,174,677842,249,16.493,0.36,-10.845,0,0,420184064,0,6,1,church
88.729,12.611,0.956,0.0,12.403,13.33,174,677842,249,16.527,0.36,-10.815,0,0,420184064,0,6,1,church
88.741,11.841,1.155,0.0,12.403,13.33,174,677842,249,16.561,0.36,-10.786,0,0,420184064,0,6,1,church
88.754,11.775,1.01,0.0,12.403,13.33,174,677842,249,16.594,0.36,-10.756,0,0,420184064,0,6,1,church
88.766,11.91,0.94,0.0,12.403,13.33,174,677842,249,16.594,0.36,-10.756,0,0,420184064,0,6,1,church
88.779,12.856,0.969,0.0,12.403,13.33,174,677842,249,16.628,0.36,-10.726,0,0,420184064,0,6,1,church
88.791,12.115,1.065,0.0,12.403,13.33,174,677842,249,16.662,0.36,-10.697,0,0,420184064,0,6,1,church
88.804,12.468,0.401,0.0,12.403,13.33,174,677842,249,16.696,0.36,-10.667,0,0,420184064,0,6,1,church
88.816,11.643,0.69,0.0,12.403,13.33,172,677178,247,16.696,0.36,-10.667,0,0,420184064,0,6,1,church
88.829,12.363,0.356,0.0,12.403,13.33,172,677178,247,16.73,0.36,-10.637,0,0,420184064,0,6,1,church
88.841,12.046,0.454,0.0,12.403,13.33,172,677178,247,16.764,0.36,-10.608,0,0,420184064,0,6,1,church
88.854,11.817,0.394,0.0,12.403,13.33,172,677178,247,16.798,0.36,-10.578,0,0,420184064,0,6,1,church
88.866,12.41,0.345,0.0,12.403,13.33,172,677178,247,16.798,0.36,-10.578,0,0,420184064,0,6,1,church
88.879,12.942,0.418,0.0,12.403,13.33,172,677178,247,16.832,0.36,-10.549,0,0,420184064,0,6,1,church
88.891,11.244,1.007,0.0,12.403,13.33,172,677178,247,16.866,0.36,-10.52,0,0,420184064,0,6,1,church
88.904,12.61,1.006,0.0,12.403,13.33,172,677178,247,16.9,0.36,-10.49,0,0,420184064,0,6,1,church
88.916,11.352,0.397,0.0,12.403,13.33,172,677178,247,16.9,0.36,-10.49,0,0,420184064,0,6,1,church
88.929,12.24,1.16,0.0,12.403,13.33,172,677178,247,16.934,0.36,-10.461,0,0,420184064,0,6,1,church
88.941,12.543,1.01,0.0,12.403,13.33,172,677178,247,16.968,0.36,-10.431,0,0,420184064,0,6,1,church
88.953,10.432,0.663,0.0,12.403,13.33,172,677178,247,17.002,0.36,-10.402,0,0,420184064,0,6,1,church
88.965,11.256,0.955,0.0,12.403,13.33,172,677178,247,17.002,0.36,-10.402,0,0,420184064,0,6,1,church
88.977,13.158,0.398,0.0,12.403,13.33,172,677178,247,17.036,0.36,-10.373,0,0,420184064,0,6,1,church
88.989,11.774,0.468,0.0,12.403,13.33,173,677180,248,17.07,0.36,-10.343,0,0,420184064,0,6,1,church
89.0,12.057,1.069,0.0,12.403,13.33,173,677180,248,17.104,0.36,-10.314,0,0,420184064,0,6,1,church
89.012,11.024,0.54,0.0,12.403,13.33,173,677180,248,17.104,0.36,-10.314,0,0,420184064,0,6,1,church
89.024,11.738,1.061,0.0,12.403,13.33,173,677180,248,17.139,0.36,-10.285,0,0,420184064,0,6,1,church
89.036,12.421,1.215,0.0,12.403,13.33,173,677180,248,17.173,0.36,-10.255,0,0,420184064,0,6,1,church
89.047,11.192,0.478,0.0,12.403,13.33,174,677182,249,17.173,0.36,-10.255,0,0,420184064,0,6,1,church
89.059,12.164,1.069,0.0,12.403,13.33,174,677182,249,17.207,0.36,-10.226,0,0,420184064,0,6,1,church
89.071,11.915,1.085,0.0,12.403,13.33,173,677102,248,17.241,0.36,-10.197,0,0,420184064,0,6,1,church
89.083,10.985,0.852,0.0,12.403,13.33,173,677102,248,17.241,0.36,-10.197,0,0,420184064,0,6,1,church
89.094,12.95,0.927,0.0,12.403,13.33,173,677102,248,17.275,0.36,-10.168,0,0,420184064,0,6,1,church
89.106,11.934,0.523,0.0,12.403,13.33,173,677102,248,17.31,0.36,-10.138,0,0,420184064,0,6,1,church
89.118,11.137,1.061,0.0,12.403,13.33,173,677102,248,17.344,0.36,-10.109,0,0,420184064,0,6,1,church
89.129,11.188,1.026,0.0,12.403,13.33,174,677138,249,17.344,0.36,-10.109,0,0,420184064,0,6,1,church
89.141,12.161,0.392,0.0,12.403,13.33,174,677138,249,17.378,0.36,-10.08,0,0,420184064,0,6,1,church
89.153,11.897,0.391,0.0,12.403,13.33,174,677138,249,17.41,0.388,-10.062,0,0,420184064,0,6,1,church
89.164,11.303,0.38,0.0,12.403,13.33,174,677138,249,17.41,0.388,-10.062,0,0,420184064,0,6,1,church
89.176,12.483,0.381,0.0,12.403,13.33,174,677138,249,17.443,0.408,-10.041,0,0,420184064,0,6,1,church
89.188,11.697,0.376,0.0,12.403,13.33,174,677138,249,17.478,0.425,-10.018,0,0,420184064,0,6,1,church
89.199,11.283,0.375,0.0,12.403,13.33,174,677138,249,17.478,0.425,-10.018,0,0,420184064,0,6,1,church
89.211,13.241,0.338,0.0,12.403,13.33,174,677138,249,17.505,0.426,-10.024,0,0,420184064,0,6,1,church
89.223,11.685,0.487,0.0,12.403,13.33,174,677138,249,17.533,0.43,-10.025,0,0,420184064,0,6,1,church
89.234,11.946,0.892,0.0,12.403,13.33,174,677138,249,17.562,0.433,-10.02,0,0,420184064,0,6,1,church
89.246,11.336,1.041,0.0,12.615,1.184,174,677138,249,17.562,0.433,-10.02,0,0,420184064,0,6,1,church
89.258,12.646,1.032,0.0,12.615,1.184,174,677138,249,17.593,0.435,-10.011,0,0,420184064,0,6,1,church
89.269,11.935,1.081,0.0,12.615,1.184,174,677138,249,17.624,0.437,-9.998,0,0,420184064,0,6,1,church
89.281,10.732,1.183,0.0,12.615,1.184,174,677138,249,17.624,0.437,-9.998,0,0,420184064,0,6,1,church
89.293,13.382,0.704,0.0,12.615,1.184,174,677138,249,17.657,0.437,-9.99,0,0,420184064,0,6,1,church
89.304,11.485,0.624,0.0,12.615,1.184,174,677138,249,17.691,0.437,-9.977,0,0,420184064,0,6,1,church
89.316,11.313,1.026,0.0,12.615,1.184,174,677138,249,17.691,0.437,-9.977,0,0,420184064,0,6,1,church
89.328,12.513,1.043,0.0,12.615,1.184,174,677138,249,17.727,0.438,-9.968,0,0,420184064,0,6,1,church
89.339,11.128,0.912,0.0,12.615,1.184,174,677138,249,17.762,0.438,-9.955,0,0,420184064,0,6,1,church
89.351,12.961,0.92,0.0,12.615,1.184,174,677138,249,17.799,0.44,-9.947,0,0,420184064,0,6,1,church
89.363,10.658,0.841,0.0,12.615,1.184,174,677138,249,17.799,0.44,-9.947,0,0,420184064,0,6,1,church
89.374,13.422,0.865,0.0,12.615,1.184,174,677138,249,17.836,0.44,-9.937,0,0,420184064,0,6,1,church
89.386,12.114,0.546,0.0,12.615,1.184,174,677138,249,17.872,0.44,-9.923,0,0,420184064,0,6,1,church
89.398,11.477,1.012,0.0,12.615,1.184,174,677138,249,17.872,0.44,-9.923,0,0,420184064,0,6,1,church
89.409,12.789,1.099,0.0,12.615,1.184,174,677138,249,17.91,0.441,-9.916,0,0,420184064,0,6,1,church
89.421,11.281,1.554,0.0,12.615,1.184,174,677138,249,17.947,0.442,-9.903,0,0,420184064,0,6,1,church
89.433,12.302,0.968,0.0,12.615,1.184,174,677138,249,17.947,0.442,-9.903,0,0,420184064,0,6,1,church
89.444,12.924,0.529,0.0,12.615,1.184,174,677138,249,17.984,0.431,-9.886,0,0,420184064,0,6,1,church
89.456,12.098,1.099,0.0,12.615,1.184,173,677136,248,18.021,0.425,-9.87,0,0,420184064,0,6,1,church
89.468,12.075,1.088,0.0,12.615,1.184,172,677112,247,18.059,0.427,-9.851,0,0,420184064,0,6,1,church
89.48,11.38,0.969,0.0,12.615,1.184,172,677112,247,18.059,0.427,-9.851,0,0,420184064,0,6,1,church
89.492,13.693,1.146,0.0,12.615,1.184,172,677112,247,18.094,0.413,-9.829,0,0,420184064,0,6,1,church
89.504,11.588,1.441,0.0,12.615,1.184,172,677112,247,18.131,0.407,-9.808,0,0,420184064,0,6,1,church
89.516,11.35,0.921,0.0,12.615,1.184,172,677112,247,18.131,0.407,-9.808,0,0,420184064,0,6,1,church
89.528,12.851,0.99,0.0,12.615,1.184,172,677112,247,18.168,0.401,-9.785,0,0,420184064,0,6,1,church
89.54,12.335,0.973,0.0,12.615,1.184,171,677110,246,18.205,0.395,-9.762,0,0,420184064,0,6,1,church
89.552,12.613,1.06,0.0,12.615,1.184,171,677110,246,18.243,0.389,-9.739,0,0,420184064,0,6,1,church
89.564,11.344,0.942,0.0,12.615,1.184,171,677110,246,18.243,0.389,-9.739,0,0,420184064,0,6,1,church
89.575,12.946,1.14,0.0,12.615,1.184,171,677110,246,18.279,0.381,-9.714,0,0,420184064,0,6,1,church
89.587,12.555,1.34,0.0,12.615,1.184,171,677110,246,18.317,0.374,-9.69,0,0,420184064,0,6,1,church
89.599,11.432,1.003,0.0,12.615,1.184,171,677110,246,18.317,0.374,-9.69,0,0,420184064,0,6,1,church
89.611,12.935,1.04,0.0,12.615,1.184,171,677110,246,18.354,0.366,-9.665,0,0,420184064,0,6,1,church
89.623,12.511,1.098,0.0,12.615,1.184,171,677110,246,18.391,0.35,-9.64,0,0,420184064,0,6,1,church
89.635,12.142,0.921,0.0,12.615,1.184,171,677110,246,18.427,0.36,-9.612,0,0,420184064,0,6,1,church
89.647,11.699,1.003,0.0,12.615,1.184,171,677110,246,18.427,0.36,-9.612,0,0,420184064,0,6,1,church
89.659,13.17,0.973,0.0,12.615,1.184,171,677110,246,18.46,0.36,-9.582,0,0,420184064,0,6,1,church
89.671,12.705,1.38,0.0,12.615,1.184,172,677112,247,18.493,0.36,-9.552,0,0,420184064,0,6,1,church
89.683,11.381,0.62,0.0,12.615,1.184,172,677112,247,18.493,0.36,-9.552,0,0,420184064,0,6,1,church
89.694,13.32,0.932,0.0,12.615,1.184,172,677112,247,18.525,0.36,-9.521,0,0,420184064,0,6,1,church
89.707,12.003,1.005,0.0,12.615,1.184,172,677112,247,18.558,0.36,-9.491,0,0,420184064,0,6,1,church
89.719,12.477,1.168,0.0,12.615,1.184,171,701764,246,18.59,0.36,-9.46,0,0,420184064,0,6,1,church
89.731,11.629,1.058,0.0,12.615,1.184,170,699988,245,18.59,0.36,-9.46,0,0,420184064,0,6,1,church
89.744,12.881,0.974,0.0,12.615,1.184,170,699988,245,18.623,0.36,-9.429,0,0,420184064,0,6,1,church
89.756,12.346,1.175,0.0,12.615,1.184,170,699988,245,18.655,0.36,-9.398,0,0,420184064,0,6,1,church
89.768,12.462,0.979,0.0,12.615,1.184,169,699940,244,18.687,0.36,-9.367,0,0,420184064,0,6,1,church
89.781,11.636,1.034,0.0,12.615,1.184,169,699940,244,18.687,0.36,-9.367,0,0,420184064,0,6,1,church
89.793,13.022,0.88,0.0,12.615,1.184,169,699940,244,18.72,0.36,-9.335,0,0,420184064,0,6,1,church
89.805,11.845,0.922,0.0,12.615,1.184,169,699940,244,18.752,0.36,-9.304,0,0,420184064,0,6,1,church
89.818,12.366,0.996,0.0,12.615,1.184,169,699940,244,18.784,0.36,-9.273,0,0,420184064,0,6,1,church
89.831,12.466,0.34,0.0,12.615,1.184,169,700006,244,18.784,0.36,-9.273,0,0,420184064,0,6,1,church
89.844,13.775,0.378,0.0,12.615,1.184,169,700006,244,18.816,0.36,-9.241,0,0,420184064,0,6,1,church
89.857,12.974,0.48,0.0,12.615,1.184,169,700006,244,18.848,0.36,-9.209,0,0,420184064,0,6,1,church
89.87,14.221,0.388,0.0,12.615,1.184,169,700006,244,18.88,0.36,-9.178,0,0,420184064,0,6,1,church
89.883,11.908,0.478,0.0,12.615,1.184,170,700086,245,18.88,0.36,-9.178,0,0,420184064,0,6,1,church
89.896,13.361,0.899,0.0,12.615,1.184,170,700086,245,18.912,0.36,-9.146,0,0,420184064,0,6,1,church
89.909,12.311,1.0,0.0,12.615,1.184,171,700088,246,18.943,0.36,-9.114,0,0,420184064,0,6,1,church
89.922,12.751,1.058,0.0,12.615,1.184,173,704060,248,18.975,0.36,-9.082,0,0,420184064,0,6,1,church
89.935,12.937,0.397,0.0,12.615,1.184,173,704060,248,19.007,0.36,-9.051,0,0,420184064,0,6,1,church
89.948,12.326,0.355,0.0,12.615,1.184,173,704060,248,19.007,0.36,-9.051,0,0,420184064,0,6,1,church
89.961,14.219,0.347,0.0,12.615,1.184,173,704060,248,19.039,0.36,-9.019,0,0,420184064,0,6,1,church
89.974,12.522,0.431,0.0,12.615,1.184,173,704060,248,19.07,0.36,-8.987,0,0,420184064,0,6,1,church
89.987,12.974,0.871,0.0,12.615,1.184,173,704060,248,19.102,0.36,-8.955,0,0,420184064,0,6,1,church
90.0,12.265,1.03,0.0,12.615,1.184,173,704060,248,19.102,0.36,-8.955,0,0,420184064,0,6,1,church
90.013,13.55,1.007,0.0,12.615,1.184,173,704060,248,19.134,0.36,-8.923,0,0,420184064,0,6,1,church
90.026,12.999,0.906,0.0,12.615,1.184,172,703952,247,19.165,0.36,-8.891,0,0,420184064,0,6,1,church
90.039,12.873,1.052,0.0,12.615,1.184,172,703952,247,19.197,0.36,-8.859,0,0,420184064,0,6,1,church
90.052,13.087,0.942,0.0,12.615,1.184,172,703952,247,19.228,0.36,-8.827,0,0,420184064,0,6,1,church
90.065,12.5,0.95,0.0,12.615,1.184,172,703952,247,19.228,0.36,-8.827,0,0,420184064,0,6,1,church
90.078,13.616,0.792,0.0,12.615,1.184,172,703952,247,19.26,0.36,-8.795,0,0,420184064,0,6,1,church
90.09,12.95,0.99,0.0,12.615,1.184,172,703952,247,19.291,0.36,-8.763,0,0,420184064,0,6,1,church
90.104,13.992,1.079,0.0,12.615,1.184,172,703952,247,19.323,0.36,-8.73,0,0,420184064,0,6,1,church
90.117,13.235,0.403,0.0,12.615,1.184,172,703952,247,19.354,0.36,-8.698,0,0,420184064,0,6,1,church
90.13,12.778,0.947,0.0,12.615,1.184,172,703952,247,19.354,0.36,-8.698,0,0,420184064,0,6,1,church
90.144,12.984,1.056,0.0,12.615,1.184,172,703952,247,19.386,0.36,-8.666,0,0,420184064,0,6,1,church
90.157,13.037,1.184,0.0,12.615,1.184,172,703908,247,19.417,0.36,-8.634,0,0,420184064,0,6,1,church
90.17,13.002,0.351,0.0,12.615,1.184,172,703908,247,19.449,0.36,-8.602,0,0,420184064,0,6,1,church
90.184,13.167,0.488,0.0,12.615,1.184,173,703980,248,19.48,0.36,-8.57,0,0,420184064,0,6,1,church
90.197,12.503,0.392,0.0,12.615,1.184,173,703980,248,19.48,0.36,-8.57,0,0,420184064,0,6,1,church
90.21,13.874,0.325,0.0,12.615,1.184,173,703980,248,19.512,0.36,-8.537,0,0,420184064,0,6,1,church
90.224,12.559,0.344,0.0,12.615,1.184,173,703980,248,19.543,0.36,-8.505,0,0,420184064,0,6,1,church
90.237,13.272,0.37,0.0,13.214,1.268,172,703860,247,19.574,0.36,-8.473,0,0,420184064,0,6,1,church
90.25,13.896,0.306,0.0,13.214,1.268,172,703860,247,19.606,0.36,-8.441,0,0,420184064,0,6,1,church
90.264,12.442,0.376,0.0,13.214,1.268,171,703788,246,19.606,0.36,-8.441,0,0,420184064,0,6,1,church
90.277,13.095,0.9,0.0,13.214,1.268,171,703788,246,19.637,0.36,-8.408,0,0,420184064,0,6,1,church
90.29,12.938,1.94,0.0,13.214,1.268,171,703788,246,19.669,0.36,-8.376,0,0,420184064,0,6,1,church
90.304,14.059,0.389,0.0,13.214,1.268,170,701696,245,19.7,0.36,-8.344,0,0,420184064,0,6,1,church
90.317,12.829,0.566,0.0,13.214,1.268,170,701696,245,19.731,0.36,-8.312,0,0,420184064,0,6,1,church
90.33,12.988,1.024,0.0,13.214,1.268,170,701696,245,19.731,0.36,-8.312,0,0,420184064,0,6,1,church
90.344,14.325,1.657,0.0,13.214,1.268,170,701696,245,19.763,0.36,-8.279,0,0,420184064,0,6,1,church
90.357,11.546,0.843,0.0,13.214,1.268,169,701660,244,19.794,0.36,-8.247,0,0,420184064,0,6,1,church
90.37,13.5,1.071,0.0,13.214,1.268,169,701660,244,19.825,0.36,-8.215,0,0,420184064,0,6,1,church
90.384,13.281,0.434,0.0,13.214,1.268,169,701660,244,19.857,0.36,-8.183,0,0,420184064,0,6,1,church
90.397,12.707,0.426,0.0,13.214,1.268,169,701660,244,19.857,0.36,-8.183,0,0,420184064,0,6,1,church
90.41,15.169,0.411,0.0,13.214,1.268,169,701660,244,19.888,0.36,-8.15,0,0,420184064,0,6,1,church
90.424,12.256,0.5,0.0,13.214,1.268,167,701370,242,19.919,0.36,-8.118,0,0,420184064,0,6,1,church
90.437,13.327,0.901,0.0,13.214,1.268,167,701370,242,19.951,0.36,-8.086,0,0,420184064,0,6,1,church
90.45,13.775,1.043,0.0,13.214,1.268,167,701370,242,19.982,0.36,-8.053,0,0,420184064,0,6,1,church
90.464,11.047,0.674,0.0,13.214,1.268,167,701370,242,19.982,0.36,-8.053,0,0,420184064,0,6,1,church
90.477,13.475,1.174,0.0,13.214,1.268,167,701370,242,20.013,0.36,-8.021,0,0,420184064,0,6,1,church
90.49,13.299,0.321,0.0,13.214,1.268,167,701370,242,20.045,0.36,-7.989,0,0,420184064,0,6,1,church
90.504,13.122,0.444,0.0,13.214,1.268,167,701370,242,20.076,0.36,-7.956,0,0,420184064,0,6,1,church
90.517,13.725,0.341,0.0,13.214,1.268,167,701370,242,20.107,0.36,-7.924,0,0,420184064,0,6,1,church
90.53,11.851,0.463,0.0,13.214,1.268,168,701490,243,20.107,0.36,-7.924,0,0,420184064,0,6,1,church
90.544,13.412,1.015,0.0,13.214,1.268,168,701490,243,20.139,0.36,-7.892,0,0,420184064,0,6,1,church
90.557,13.405,0.416,0.0,13.214,1.268,168,701490,243,20.17,0.36,-7.859,0,0,420184064,0,6,1,church
90.57,13.147,0.394,0.0,13.214,1.268,168,701490,243,20.201,0.36,-7.827,0,0,420184064,0,6,1,church
90.584,14.113,0.372,0.0,13.214,1.268,168,701490,243,20.233,0.36,-7.795,0,0,420184064,0,6,1,church
90.597,11.568,0.473,0.0,13.214,1.268,168,701490,243,20.233,0.36,-7.795,0,0,420184064,0,6,1,church
90.61,13.508,1.717,0.0,13.214,1.268,168,701490,243,20.264,0.36,-7.762,0,0,420184064,0,6,1,church
90.624,12.8,0.398,0.0,13.214,1.268,168,701490,243,20.295,0.36,-7.73,0,0,420184064,0,6,1,church
90.637,13.393,0.364,0.0,13.214,1.268,167,701488,242,20.326,0.36,-7.698,0,0,420184064,0,6,1,church
90.65,12.531,0.405,0.0,13.214,1.268,167,701488,242,20.326,0.36,-7.698,0,0,420184064,0,6,1,church
90.663,13.618,0.505,0.0,13.214,1.268,167,701488,242,20.358,0.36,-7.665,0,0,420184064,0,6,1,church
90.676,12.784,0.883,0.0,13.214,1.268,167,701488,242,20.389,0.36,-7.633,0,0,420184064,0,6,1,church
90.689,13.056,1.117,0.0,13.214,1.268,166,698704,241,20.42,0.36,-7.601,0,0,420184064,0,6,1,church
90.702,12.746,0.974,0.0,13.214,1.268,167,698740,242,20.452,0.36,-7.568,0,0,420184064,0,6,1,church
90.715,11.623,0.936,0.0,13.214,1.268,168,698780,243,20.452,0.36,-7.568,0,0,420184064,0,6,1,church
90.728,13.46,0.969,0.0,13.214,1.268,168,698780,243,20.483,0.36,-7.536,0,0,420184064,0,6,1,church
90.741,12.551,0.343,0.0,13.214,1.268,168,698780,243,20.514,0.36,-7.504,0,0,420184064,0,6,1,church
90.754,13.671,0.349,0.0,13.214,1.268,168,698780,243,20.545,0.36,-7.471,0,0,420184064,0,6,1,church
90.767,12.285,0.359,0.0,13.214,1.268,168,698780,243,20.545,0.36,-7.471,0,0,420184064,0,6,1,church
90.78,13.302,0.931,0.0,13.214,1.268,168,698780,243,20.577,0.36,-7.439,0,0,420184064,0,6,1,church
90.793,12.871,0.88,0.0,13.214,1.268,168,698780,243,20.608,0.36,-7.407,0,0,420184064,0,6,1,church
90.806,12.829,0.98,0.0,13.214,1.268,168,698792,243,20.639,0.36,-7.374,0,0,420184064,0,6,1,church
90.818,12.823,0.969,0.0,13.214,1.268,168,698792,243,20.67,0.36,-7.342,0,0,420184064,0,6,1,church
90.831,12.188,0.975,0.0,13.214,1.268,166,698180,241,20.67,0.36,-7.342,0,0,420184064,0,6,1,church
90.844,12.936,0.962,0.0,13.214,1.268,166,698180,241,20.702,0.36,-7.31,0,0,420184064,0,6,1,church
90.857,12.821,0.893,0.0,13.214,1.268,168,698792,243,20.733,0.36,-7.277,0,0,420184064,0,6,1,church
90.87,12.641,0.407,0.0,13.214,1.268,168,698792,243,20.765,0.36,-7.245,0,0,420184064,0,6,1,church
90.883,12.993,0.337,0.0,13.214,1.268,167,698752,242,20.765,0.36,-7.245,0,0,420184064,0,6,1,church
90.896,13.577,0.387,0.0,13.214,1.268,167,698752,242,20.796,0.36,-7.213,0,0,420184064,0,6,1,church
90.909,12.715,0.867,0.0,13.214,1.268,164,696550,239,20.828,0.36,-7.182,0,0,420184064,0,6,1,church
90.922,12.73,0.931,0.0,13.214,1.268,164,696550,239,20.86,0.36,-7.15,0,0,420184064,0,6,1,church
90.935,13.06,0.99,0.0,13.214,1.268,164,696550,239,20.892,0.36,-7.119,0,0,420184064,0,6,1,church
90.948,11.662,0.979,0.0,13.214,1.268,164,696550,239,20.892,0.36,-7.119,0,0,420184064,0,6,1,church
90.961,13.63,1.756,0.0,13.214,1.268,164,696550,239,20.925,0.36,-7.087,0,0,420184064,0,6,1,church
90.974,13.387,0.382,0.0,13.214,1.268,164,696550,239,20.957,0.36,-7.056,0,0,420184064,0,6,1,church
90.987,12.772,0.51,0.0,13.214,1.268,164,696550,239,20.989,0.36,-7.025,0,0,420184064,0,6,1,church
91.0,12.21,1.023,0.0,13.214,1.268,164,696550,239,20.989,0.36,-7.025,0,0,420184064,0,6,1,church
91.013,13.26,1.031,0.0,13.214,1.268,160,696448,188,21.022,0.36,-6.994,0,0,420184064,0,6,1,church
91.026,13.076,1.026,0.0,13.214,1.268,160,696448,188,21.055,0.36,-6.964,0,0,420184064,0,6,1,church
91.039,12.827,1.129,0.0,13.214,1.268,161,696496,189,21.088,0.36,-6.933,0,0,420184064,0,6,1,church
91.052,12.938,0.948,0.0,13.214,1.268,160,696494,188,21.121,0.36,-6.903,0,0,420184064,0,6,1,church
91.065,12.299,1.046,0.0,13.214,1.268,163,698662,191,21.121,0.36,-6.903,0,0,420184064,0,6,1,church
91.078,12.681,1.051,0.0,13.214,1.268,163,698662,191,21.154,0.36,-6.872,0,0,420184064,0,6,1,church
91.091,12.71,0.808,0.0,13.214,1.268,163,698662,191,21.187,0.36,-6.842,0,0,420184064,0,6,1,church
91.104,12.811,0.605,0.0,13.214,1.268,163,698662,191,21.221,0.36,-6.812,0,0,420184064,0,6,1,church
91.117,12.22,0.316,0.0,13.214,1.268,163,698662,191,21.221,0.36,-6.812,0,0,420184064,0,6,1,church
91.13,14.04,0.334,0.0,13.214,1.268,163,698662,191,21.254,0.36,-6.782,0,0,420184064,0,6,1,church
91.143,12.862,0.366,0.0,13.214,1.268,163,698662,191,21.288,0.36,-6.752,0,0,420184064,0,6,1,church
91.156,12.648,0.526,0.0,13.214,1.268,163,698662,191,21.321,0.36,-6.722,0,0,420184064,0,6,1,church
91.168,12.229,1.052,0.0,13.214,1.268,162,698486,190,21.355,0.36,-6.692,0,0,420184064,0,6,1,church
91.181,12.242,1.828,0.0,13.214,1.268,162,698486,190,21.355,0.36,-6.692,0,0,420184064,0,6,1,church
91.194,13.457,0.353,0.0,13.214,1.268,162,698486,190,21.389,0.36,-6.662,0,0,420184064,0,6,1,church
91.207,12.696,0.298,0.0,13.214,1.268,162,698486,190,21.423,0.36,-6.633,0,0,420184064,0,6,1,church
91.22,13.854,0.327,0.0,13.214,1.268,162,698486,190,21.456,0.36,-6.603,0,0,420184064,0,6,1,church
91.233,12.148,0.339,0.0,13.214,1.268,162,698486,190,21.456,0.36,-6.603,0,0,420184064,0,6,1,church
91.246,13.692,1.004,0.0,13.341,1.557,162,698486,190,21.49,0.36,-6.574,0,0,420184064,0,6,1,church
91.259,12.327,0.929,0.0,13.341,1.557,162,698486,190,21.524,0.36,-6.544,0,0,420184064,0,6,1,church
91.272,12.906,0.947,0.0,13.341,1.557,164,700264,192,21.558,0.36,-6.514,0,0,420184064,0,6,1,church
91.285,12.777,1.095,0.0,13.341,1.557,164,700264,192,21.592,0.36,-6.485,0,0,420184064,0,6,1,church
91.298,12.281,1.022,0.0,13.341,1.557,164,700264,192,21.592,0.36,-6.485,0,0,420184064,0,6,1,church
91.311,13.345,0.963,0.0,13.341,1.557,164,700264,192,21.626,0.36,-6.456,0,0,420184064,0,6,1,church
91.324,13.029,0.848,0.0,13.341,1.557,164,700264,192,21.66,0.36,-6.426,0,0,420184064,0,6,1,church
91.337,12.833,1.042,0.0,13.341,1.557,164,700264,192,21.695,0.36,-6.397,0,0,420184064,0,6,1,church
91.35,12.262,0.958,0.0,13.341,1.557,164,700264,192,21.695,0.36,-6.397,0,0,420184064,0,6,1,church
91.363,13.316,0.955,0.0,13.341,1.557,164,700264,192,21.729,0.36,-6.368,0,0,420184064,0,6,1,church
91.376,12.896,0.865,0.0,13.341,1.557,162,699652,190,21.763,0.36,-6.338,0,0,420184064,0,6,1,church
91.389,12.771,0.975,0.0,13.341,1.557,162,699652,190,21.797,0.36,-6.309,0,0,420184064,0,6,1,church
91.402,12.734,0.972,0.0,13.341,1.557,162,699652,190,21.831,0.36,-6.28,0,0,420184064,0,6,1,church
91.415,12.403,0.928,0.0,13.341,1.557,162,699652,190,21.831,0.36,-6.28,0,0,420184064,0,6,1,church
91.428,13.37,0.946,0.0,13.341,1.557,162,699652,190,21.865,0.36,-6.251,0,0,420184064,0,6,1,church
91.441,12.815,0.86,0.0,13.341,1.557,162,699652,190,21.9,0.36,-6.221,0,0,420184064,0,6,1,church
91.454,12.915,0.982,0.0,13.341,1.557,162,699652,190,21.934,0.36,-6.192,0,0,420184064,0,6,1,church
91.467,12.236,0.993,0.0,13.341,1.557,162,699652,190,21.934,0.36,-6.192,0,0,420184064,0,6,1,church
91.48,13.29,0.988,0.0,13.341,1.557,162,699652,190,21.968,0.36,-6.163,0,0,420184064,0,6,1,church
91.493,12.868,0.845,0.0,13.341,1.557,162,699652,190,22.002,0.36,-6.134,0,0,420184064,0,6,1,church
91.506,12.771,0.939,0.0,13.341,1.557,162,699652,190,22.037,0.36,-6.105,0,0,420184064,0,6,1,church
91.518,12.291,1.099,0.0,13.341,1.557,161,695422,189,22.071,0.36,-6.076,0,0,420184064,0,6,1,church
91.531,12.429,1.096,0.0,13.341,1.557,161,695422,189,22.071,0.36,-6.076,0,0,420184064,0,6,1,church
91.544,13.301,0.395,0.0,13.341,1.557,161,695422,189,22.105,0.36,-6.046,0,0,420184064,0,6,1,church
91.557,12.884,0.436,0.0,13.341,1.557,161,695422,189,22.14,0.36,-6.017,0,0,420184064,0,6,1,church
91.57,14.171,0.365,0.0,13.341,1.557,160,670766,188,22.174,0.36,-5.988,0,0,420184064,0,6,1,church
91.583,11.654,0.422,0.0,13.341,1.557,160,670766,188,22.174,0.36,-5.988,0,0,420184064,0,6,1,church
91.596,13.389,0.861,0.0,13.341,1.557,160,670766,188,22.208,0.36,-5.959,0,0,420184064,0,6,1,church
91.609,13.018,0.897,0.0,13.341,1.557,160,670766,188,22.243,0.36,-5.93,0,0,420184064,0,6,1,church
91.621,12.664,0.956,0.0,13.341,1.557,160,670766,188,22.277,0.36,-5.901,0,0,420184064,0,6,1,church
91.634,13.242,0.991,0.0,13.341,1.557,160,670766,188,22.311,0.36,-5.872,0,0,420184064,0,6,1,church
91.647,11.597,1.348,0.0,13.341,1.557,160,670766,188,22.311,0.36,-5.872,0,0,420184064,0,6,1,church
91.659,13.274,0.949,0.0,13.341,1.557,160,670766,188,22.346,0.36,-5.843,0,0,420184064,0,6,1,church
91.672,12.461,0.877,0.0,13.341,1.557,159,667770,187,22.38,0.36,-5.814,0,0,420184064,0,6,1,church
91.685,12.211,1.007,0.0,13.341,1.557,158,666794,186,22.414,0.36,-5.785,0,0,420184064,0,6,1,church
91.697,12.452,0.972,0.0,13.341,1.557,158,666794,186,22.414,0.36,-5.785,0,0,420184064,0,6,1,church
91.71,14.207,0.402,0.0,13.341,1.557,158,666794,186,22.449,0.36,-5.756,0,0,420184064,0,6,1,church
91.723,11.833,0.643,0.0,13.341,1.557,158,666794,186,22.483,0.36,-5.727,0,0,420184064,0,6,1,church
91.736,12.503,1.044,0.0,13.341,1.557,159,666806,187,22.518,0.36,-5.698,0,0,420184064,0,6,1,church
91.748,12.303,0.38,0.0,13.341,1.557,159,666806,187,22.518,0.36,-5.698,0,0,420184064,0,6,1,church
91.761,13.207,0.369,0.0,13.341,1.557,159,666806,187,22.552,0.36,-5.669,0,0,420184064,0,6,1,church
91.773,13.522,0.386,0.0,13.341,1.557,158,664738,186,22.586,0.36,-5.64,0,0,420184064,0,6,1,church
91.786,11.639,0.526,0.0,13.341,1.557,158,664738,186,22.621,0.36,-5.611,0,0,420184064,0,6,1,church
91.798,12.169,1.068,0.0,13.341,1.557,158,664738,186,22.621,0.36,-5.611,0,0,420184064,0,6,1,church
91.811,12.805,0.401,0.0,13.341,1.557,158,664738,186,22.655,0.36,-5.582,0,0,420184064,0,6,1,church
91.823,12.752,0.339,0.0,13.341,1.557,158,664738,186,22.69,0.36,-5.553,0,0,420184064,0,6,1,church
91.836,14.283,0.401,0.0,13.341,1.557,157,664728,185,22.724,0.36,-5.524,0,0,420184064,0,6,1,church
91.848,10.845,0.361,0.0,13.341,1.557,157,664728,185,22.724,0.36,-5.524,0,0,420184064,0,6,1,church
91.861,13.441,0.872,0.0,13.341,1.557,157,664728,185,22.758,0.36,-5.495,0,0,420184064,0,6,1,church
91.873,11.569,1.399,0.0,13.341,1.557,157,664728,185,22.793,0.36,-5.466,0,0,420184064,0,6,1,church
91.886,12.629,0.483,0.0,13.341,1.557,156,661392,184,22.827,0.36,-5.437,0,0,420184064,0,6,1,church
91.898,12.103,0.372,0.0,13.341,1.557,156,661392,184,22.827,0.36,-5.437,0,0,420184064,0,6,1,church
91.911,13.881,0.308,0.0,13.341,1.557,156,661392,184,22.862,0.36,-5.408,0,0,420184064,0,6,1,church
91.923,12.46,0.638,0.0,13.341,1.557,156,661392,184,22.896,0.36,-5.378,0,0,420184064,0,6,1,church
91.936,12.671,1.2,0.0,13.341,1.557,156,661392,184,22.93,0.36,-5.349,0,0,420184064,0,6,1,church
91.948,12.605,1.069,0.0,13.341,1.557,155,659324,183,22.93,0.36,-5.349,0,0,420184064,0,6,1,church
91.961,13.11,0.504,0.0,13.341,1.557,155,659324,183,22.965,0.36,-5.32,0,0,420184064,0,6,1,church
91.973,13.845,1.022,0.0,13.341,1.557,155,659324,183,22.999,0.36,-5.291,0,0,420184064,0,6,1,church
91.986,12.375,0.385,0.0,13.341,1.557,154,659312,182,23.034,0.36,-5.262,0,0,420184064,0,6,1,church
91.998,11.677,0.973,0.0,13.341,1.557,154,659312,182,23.034,0.36,-5.262,0,0,420184064,0,6,1,church
92.011,13.114,1.006,0.0,13.341,1.557,154,659312,182,23.068,0.36,-5.233,0,0,420184064,0,6,1,church
92.023,13.913,0.3,0.0,13.341,1.557,154,659312,182,23.102,0.36,-5.204,0,0,420184064,0,6,1,church
92.036,12.724,0.382,0.0,13.341,1.557,154,659312,182,23.137,0.36,-5.175,0,0,420184064,0,6,1,church
92.048,11.989,0.97,0.0,13.341,1.557,154,659312,182,23.137,0.36,-5.175,0,0,420184064,0,6,1,church
92.061,12.991,0.95,0.0,13.341,1.557,154,659312,182,23.171,0.36,-5.146,0,0,420184064,0,6,1,church
92.073,11.429,0.91,0.0,13.341,1.557,154,659312,182,23.206,0.36,-5.117,0,0,420184064,0,6,1,church
92.086,12.491,1.061,0.0,13.341,1.557,155,659336,183,23.24,0.36,-5.088,0,0,420184064,0,6,1,church
92.098,11.916,0.351,0.0,13.341,1.557,154,659296,182,23.24,0.36,-5.088,0,0,420184064,0,6,1,church
92.111,13.065,0.344,0.0,13.341,1.557,154,659296,182,23.274,0.36,-5.059,0,0,420184064,0,6,1,church
92.123,13.559,0.291,0.0,13.341,1.557,154,659296,182,23.309,0.36,-5.03,0,0,420184064,0,6,1,church
92.136,12.175,0.475,0.0,13.341,1.557,154,659296,182,23.343,0.36,-5.001,0,0,420184064,0,6,1,church
92.148,11.39,1.14,0.0,13.341,1.557,154,659296,182,23.343,0.36,-5.001,0,0,420184064,0,6,1,church
92.161,13.226,0.939,0.0,13.341,1.557,154,659296,182,23.378,0.36,-4.972,0,0,420184064,0,6,1,church
92.173,12.219,0.951,0.0,13.341,1.557,155,659298,183,23.412,0.36,-4.943,0,0,420184064,0,6,1,church
92.186,12.346,0.995,0.0,13.341,1.557,153,659222,181,23.446,0.36,-4.915,0,0,420184064,0,6,1,church
92.198,11.856,1.111,0.0,13.341,1.557,153,659222,181,23.446,0.36,-4.915,0,0,420184064,0,6,1,church
92.211,13.338,0.957,0.0,13.341,1.557,153,659222,181,23.481,0.36,-4.886,0,0,420184064,0,6,1,church
92.223,12.431,1.033,0.0,13.341,1.557,153,659222,181,23.515,0.36,-4.857,0,0,420184064,0,6,1,church
92.236,12.018,1.0,0.0,13.341,1.557,153,659222,181,23.55,0.36,-4.828,0,0,420184064,0,6,1,church
92.248,11.692,0.93,0.0,13.147,1.396,153,659222,181,23.55,0.36,-4.828,0,0,420184064,0,6,1,church
92.261,13.048,1.018,0.0,13.147,1.396,153,659222,181,23.584,0.36,-4.799,0,0,420184064,0,6,1,church
92.273,11.935,1.197,0.0,13.147,1.396,153,659222,181,23.619,0.36,-4.77,0,0,420184064,0,6,1,church
92.286,12.389,0.935,0.0,13.147,1.396,153,659222,181,23.653,0.36,-4.741,0,0,420184064,0,6,1,church
92.298,11.696,0.942,0.0,13.147,1.396,151,659062,179,23.653,0.36,-4.741,0,0,420184064,0,6,1,church
92.311,13.024,0.597,0.0,13.147,1.396,151,659062,179,23.687,0.36,-4.712,0,0,420184064,0,6,1,church
92.323,11.708,1.242,0.0,13.147,1.396,151,659062,179,23.722,0.36,-4.683,0,0,420184064,0,6,1,church
92.336,12.779,1.126,0.0,13.147,1.396,151,659062,179,23.756,0.36,-4.654,0,0,420184064,0,6,1,church
92.348,11.278,0.993,0.0,13.147,1.396,151,659062,179,23.756,0.36,-4.654,0,0,420184064,0,6,1,church
92.361,13.189,0.915,0.0,13.147,1.396,151,659062,179,23.791,0.36,-4.625,0,0,420184064,0,6,1,church
92.373,12.144,1.031,0.0,13.147,1.396,151,659062,179,23.825,0.36,-4.596,0,0,420184064,0,6,1,church
92.386,11.84,1.116,0.0,13.147,1.396,151,658944,179,23.859,0.36,-4.567,0,0,420184064,0,6,1,church
92.398,11.767,0.984,0.0,13.147,1.396,151,658944,179,23.859,0.36,-4.567,0,0,420184064,0,6,1,church
92.41,13.16,0.928,0.0,13.147,1.396,151,658944,179,23.894,0.36,-4.538,0,0,420184064,0,6,1,church
92.423,11.717,1.074,0.0,13.147,1.396,151,658944,179,23.928,0.36,-4.509,0,0,420184064,0,6,1,church
92.435,12.371,1.256,0.0,13.147,1.396,151,658944,179,23.963,0.36,-4.48,0,0,420184064,0,6,1,church
92.447,11.636,1.17,0.0,13.147,1.396,151,658944,179,23.963,0.36,-4.48,0,0,420184064,0,6,1,church
92.459,12.965,0.979,0.0,13.147,1.396,151,658944,179,23.997,0.36,-4.451,0,0,420184064,0,6,1,church
92.471,12.119,0.911,0.0,13.147,1.396,151,658944,179,24.032,0.36,-4.422,0,0,420184064,0,6,1,church
92.484,12.291,0.989,0.0,13.147,1.396,151,658944,179,24.066,0.36,-4.393,0,0,420184064,0,6,1,church
92.496,11.433,0.94,0.0,13.147,1.396,150,658942,178,24.066,0.36,-4.393,0,0,420184064,0,6,1,church
92.508,12.864,0.964,0.0,13.147,1.396,150,658942,178,24.1,0.36,-4.364,0,0,420184064,0,6,1,church
92.52,12.315,0.84,0.0,13.147,1.396,151,658944,179,24.135,0.36,-4.335,0,0,420184064,0,6,1,church
92.532,11.284,1.107,0.0,13.147,1.396,151,658944,179,24.135,0.36,-4.335,0,0,420184064,0,6,1,church
92.544,12.119,0.917,0.0,13.147,1.396,151,658944,179,24.169,0.36,-4.306,0,0,420184064,0,6,1,church
92.556,12.694,0.788,0.0,13.147,1.396,150,658920,178,24.204,0.36,-4.277,0,0,420184064,0,6,1,church
92.568,11.997,0.456,0.0,13.147,1.396,150,658920,178,24.238,0.36,-4.248,0,0,420184064,0,6,1,church
92.58,11.377,1.073,0.0,13.147,1.396,150,658920,178,24.238,0.36,-4.248,0,0,420184064,0,6,1,church
92.593,12.705,1.007,0.0,13.147,1.396,150,658920,178,24.272,0.36,-4.219,0,0,420184064,0,6,1,church
92.605,12.181,1.028,0.0,13.147,1.396,150,658920,178,24.307,0.36,-4.19,0,0,420184064,0,6,1,church
92.617,12.233,0.558,0.0,13.147,1.396,150,658920,178,24.341,0.36,-4.161,0,0,420184064,0,6,1,church
92.629,11.114,1.045,0.0,13.147,1.396,150,658920,178,24.341,0.36,-4.161,0,0,420184064,0,6,1,church
92.641,12.743,1.02,0.0,13.147,1.396,150,658920,178,24.376,0.36,-4.132,0,0,420184064,0,6,1,church
92.653,11.98,0.955,0.0,13.147,1.396,150,658920,178,24.41,0.36,-4.103,0,0,420184064,0,6,1,church
92.665,11.245,0.986,0.0,13.147,1.396,146,658786,174,24.41,0.36,-4.103,0,0,420184064,0,6,1,church
92.677,12.842,0.978,0.0,13.147,1.396,146,658786,174,24.445,0.36,-4.074,0,0,420184064,0,6,1,church
92.689,12.295,0.983,0.0,13.147,1.396,146,658786,174,24.479,0.36,-4.045,0,0,420184064,0,6,1,church
92.701,11.614,1.057,0.0,13.147,1.396,146,658786,174,24.513,0.36,-4.016,0,0,420184064,0,6,1,church
92.713,11.486,1.067,0.0,13.147,1.396,146,658786,174,24.513,0.36,-4.016,0,0,420184064,0,6,1,church
92.725,12.698,1.073,0.0,13.147,1.396,146,658786,174,24.548,0.36,-3.987,0,0,420184064,0,6,1,church
92.737,11.401,1.138,0.0,13.147,1.396,146,658786,174,24.582,0.36,-3.958,0,0,420184064,0,6,1,church
92.748,11.55,0.881,0.0,13.147,1.396,146,658786,174,24.582,0.36,-3.958,0,0,420184064,0,6,1,church
92.76,12.852,0.496,0.0,13.147,1.396,146,658786,174,24.617,0.36,-3.929,0,0,420184064,0,6,1,church
92.772,11.619,0.962,0.0,13.147,1.396,146,658786,174,24.651,0.36,-3.9,0,0,420184064,0,6,1,church
92.784,12.038,0.803,0.0,13.147,1.396,146,658786,174,24.685,0.36,-3.871,0,0,420184064,0,6,1,church
92.796,11.064,0.947,0.0,13.147,1.396,146,658786,174,24.685,0.36,-3.871,0,0,420184064,0,6,1,church
92.808,12.549,1.052,0.0,13.147,1.396,146,658786,174,24.72,0.36,-3.842,0,0,420184064,0,6,1,church
92.82,11.964,1.443,0.0,13.147,1.396,146,658786,174,24.754,0.36,-3.813,0,0,420184064,0,6,1,church
92.832,11.435,0.918,0.0,13.147,1.396,146,658786,174,24.754,0.36,-3.813,0,0,420184064,0,6,1,church
92.844,12.429,0.911,0.0,13.147,1.396,146,658786,174,24.789,0.36,-3.784,0,0,420184064,0,6,1,church
92.856,12.188,0.927,0.0,13.147,1.396,146,658786,174,24.823,0.36,-3.755,0,0,420184064,0,6,1,church
92.868,11.548,0.976,0.0,13.147,1.396,146,658786,174,24.858,0.36,-3.726,0,0,420184064,0,6,1,church
92.879,11.283,0.997,0.0,13.147,1.396,146,658786,174,24.858,0.36,-3.726,0,0,420184064,0,6,1,church
92.891,11.848,0.623,0.0,13.147,1.396,146,658786,174,24.892,0.36,-3.697,0,0,420184064,0,6,1,church
92.903,12.004,0.729,0.0,13.147,1.396,146,658786,174,24.926,0.36,-3.668,0,0,420184064,0,6,1,church
92.915,11.266,0.332,0.0,13.147,1.396,146,658786,174,24.926,0.36,-3.668,0,0,420184064,0,6,1,church
92.927,13.354,0.369,0.0,13.147,1.396,146,658786,174,24.961,0.36,-3.639,0,0,420184064,0,6,1,church
92.939,11.386,0.514,0.0,13.147,1.396,146,658786,174,24.995,0.36,-3.61,0,0,420184064,0,6,1,church
92.95,11.816,1.202,0.0,13.147,1.396,146,658786,174,25.03,0.36,-3.581,0,0,420184064,0,6,1,church
92.962,10.456,0.956,0.0,13.147,1.396,146,658786,174,25.03,0.36,-3.581,0,0,420184064,0,6,1,church
92.974,12.808,0.926,0.0,13.147,1.396,146,658786,174,25.064,0.36,-3.552,0,0,420184064,0,6,1,church
92.985,11.417,0.533,0.0,13.147,1.396,146,658786,174,25.098,0.36,-3.523,0,0,420184064,0,6,1,church
92.997,10.487,0.827,0.0,13.147,1.396,146,658786,174,25.098,0.36,-3.523,0,0,420184064,0,6,1,church
93.008,12.654,1.253,0.0,13.147,1.396,146,658786,174,25.133,0.36,-3.494,0,0,420184064,0,6,1,church
93.02,11.897,0.938,0.0,13.147,1.396,146,658786,174,25.167,0.36,-3.465,0,0,420184064,0,6,1,church
93.032,11.992,1.004,0.0,13.147,1.396,146,658786,174,25.167,0.36,-3.465,0,0,420184064,0,6,1,church
93.043,11.86,0.94,0.0,13.147,1.396,146,658786,174,25.202,0.36,-3.436,0,0,420184064,0,6,1,church
93.055,11.79,0.995,0.0,13.147,1.396,145,657010,173,25.236,0.36,-3.407,0,0,420184064,0,6,1,church
93.067,11.611,0.887,0.0,13.147,1.396,145,657010,173,25.271,0.36,-3.378,0,0,420184064,0,6,1,church
93.078,11.619,1.025,0.0,13.147,1.396,145,657010,173,25.271,0.36,-3.378,0,0,420184064,0,6,1,church
93.09,11.444,0.398,0.0,13.147,1.396,145,657010,173,25.305,0.36,-3.349,0,0,420184064,0,6,1,church
93.102,11.936,1.012,0.0,13.147,1.396,145,657010,173,25.339,0.36,-3.32,0,0,420184064,0,6,1,church
93.113,11.253,0.414,0.0,13.147,1.396,146,657012,174,25.339,0.36,-3.32,0,0,420184064,0,6,1,church
93.125,11.812,0.282,0.0,13.147,1.396,146,657012,174,25.374,0.36,-3.291,0,0,420184064,0,6,1,church
93.137,12.375,0.296,0.0,13.147,1.396,146,657012,174,25.408,0.36,-3.262,0,0,420184064,0,6,1,church
93.148,10.662,0.387,0.0,13.147,1.396,146,657012,174,25.408,0.36,-3.262,0,0,420184064,0,6,1,church
93.16,11.844,0.979,0.0,13.147,1.396,146,657012,174,25.443,0.36,-3.233,0,0,420184064,0,6,1,church
93.172,11.142,1.013,0.0,13.147,1.396,145,656964,173,25.477,0.36,-3.204,0,0,420184064,0,6,1,church
93.183,10.827,0.952,0.0,13.147,1.396,143,653412,171,25.477,0.36,-3.204,0,0,420184064,0,6,1,church
93.194,11.914,0.731,0.0,13.147,1.396,143,653412,171,25.511,0.36,-3.175,0,0,420184064,0,6,1,church
93.205,11.464,0.895,0.0,13.147,1.396,142,653410,170,25.546,0.36,-3.146,0,0,420184064,0,6,1,church
93.216,10.154,0.992,0.0,13.147,1.396,142,653410,170,25.546,0.36,-3.146,0,0,420184064,0,6,1,church
93.227,11.919,0.945,0.0,13.147,1.396,142,653410,170,25.58,0.36,-3.117,0,0,420184064,0,6,1,church
93.238,11.317,0.86,0.0,13.147,1.396,141,644834,169,25.615,0.36,-3.088,0,0,420184064,0,6,1,church
93.25,9.867,0.592,0.0,12.154,1.206,141,644834,169,25.615,0.36,-3.088,0,0,420184064,0,6,1,church
93.261,12.56,1.096,0.0,12.154,1.206,141,644834,169,25.649,0.36,-3.059,0,0,420184064,0,6,1,church
93.272,11.119,0.77,0.0,12.154,1.206,141,644834,169,25.684,0.36,-3.03,0,0,420184064,0,6,1,church
93.283,10.486,0.874,0.0,12.154,1.206,141,644834,169,25.684,0.36,-3.03,0,0,420184064,0,6,1,church
93.294,11.523,0.93,0.0,12.154,1.206,141,644834,169,25.718,0.36,-3.001,0,0,420184064,0,6,1,church
93.305,10.969,1.042,0.0,12.154,1.206,141,644834,169,25.752,0.36,-2.972,0,0,420184064,0,6,1,church
93.316,10.267,1.069,0.0,12.154,1.206,140,644786,168,25.752,0.36,-2.972,0,0,420184064,0,6,1,church
93.327,11.484,0.955,0.0,12.154,1.206,140,644786,168,25.787,0.36,-2.943,0,0,420184064,0,6,1,church
93.338,10.858,1.04,0.0,12.154,1.206,140,644786,168,25.821,0.36,-2.914,0,0,420184064,0,6,1,church
93.349,10.253,0.886,0.0,12.154,1.206,140,644786,168,25.821,0.36,-2.914,0,0,420184064,0,6,1,church
93.36,11.3,0.562,0.0,12.154,1.206,140,644786,168,25.856,0.36,-2.885,0,0,420184064,0,6,1,church
93.371,10.931,0.986,0.0,12.154,1.206,139,644770,167,25.89,0.36,-2.856,0,0,420184064,0,6,1,church
93.382,10.082,1.043,0.0,12.154,1.206,139,644770,167,25.89,0.36,-2.856,0,0,420184064,0,6,1,church
93.392,11.692,0.473,0.0,12.154,1.206,139,644770,167,25.924,0.36,-2.827,0,0,420184064,0,6,1,church
93.403,10.314,2.265,0.0,12.154,1.206,138,642678,166,25.959,0.36,-2.798,0,0,420184064,0,6,1,church
93.414,9.872,0.895,0.0,12.154,1.206,136,636686,164,25.959,0.36,-2.798,0,0,420184064,0,6,1,church
93.425,11.426,1.869,0.0,12.154,1.206,136,636686,164,25.993,0.36,-2.769,0,0,420184064,0,6,1,church
93.435,10.889,0.401,0.0,12.154,1.206,136,636686,164,26.028,0.36,-2.74,0,0,420184064,0,6,1,church
93.446,10.607,0.323,0.0,12.154,1.206,135,636670,163,26.028,0.36,-2.74,0,0,420184064,0,6,1,church
93.457,11.083,0.703,0.0,12.154,1.206,135,636670,163,26.062,0.36,-2.711,0,0,420184064,0,6,1,church
93.468,10.785,1.233,0.0,12.154,1.206,132,634670,160,26.097,0.36,-2.682,0,0,420184064,0,6,1,church
93.478,10.23,1.072,0.0,12.154,1.206,133,634672,161,26.097,0.36,-2.682,0,0,420184064,0,6,1,church
93.489,12.277,0.915,0.0,12.154,1.206,133,634672,161,26.129,0.383,-2.664,0,0,420184064,0,6,1,church
93.5,10.633,1.119,0.0,12.154,1.206,131,634624,159,26.162,0.404,-2.643,0,0,420184064,0,6,1,church
93.511,9.851,1.026,0.0,12.154,1.206,131,634624,159,26.162,0.404,-2.643,0,0,420184064,0,6,1,church
93.522,12.094,0.916,0.0,12.154,1.206,131,634624,159,26.197,0.422,-2.62,0,0,420184064,0,6,1,church
93.533,10.768,0.976,0.0,12.154,1.206,124,632786,152,26.23,0.43,-2.595,0,0,420184064,0,6,1,church
93.544,10.49,0.888,0.0,12.154,1.206,124,632786,152,26.23,0.43,-2.595,0,0,420184064,0,6,1,church
93.555,11.435,0.907,0.0,12.154,1.206,124,632786,152,26.257,0.437,-2.604,0,0,420184064,0,6,1,church
93.566,9.824,1.046,0.0,12.154,1.206,124,632786,152,26.257,0.437,-2.604,0,0,420184064,0,6,1,church
93.576,11.623,0.846,0.0,12.154,1.206,124,632786,152,26.286,0.44,-2.605,0,0,420184064,0,6,1,church
93.587,10.453,0.784,0.0,12.154,1.206,124,632786,152,26.317,0.44,-2.602,0,0,420184064,0,6,1,church
93.598,10.732,0.926,0.0,12.154,1.206,124,632786,152,26.317,0.44,-2.602,0,0,420184064,0,6,1,church
93.608,12.628,0.405,0.0,12.154,1.206,124,632786,152,26.348,0.43,-2.595,0,0,420184064,0,6,1,church
93.619,11.153,0.409,0.0,12.154,1.206,121,620096,149,26.381,0.437,-2.59,0,0,420184064,0,6,1,church
93.629,9.751,0.829,0.0,12.154,1.206,121,620096,149,26.381,0.437,-2.59,0,0,420184064,0,6,1,church
93.64,11.689,0.925,0.0,12.154,1.206,121,620096,149,26.415,0.438,-2.582,0,0,420184064,0,6,1,church
93.651,11.017,0.803,0.0,12.154,1.206,120,620094,148,26.448,0.438,-2.569,0,0,420184064,0,6,1,church
93.661,10.4,0.909,0.0,12.154,1.206,118,619998,146,26.448,0.438,-2.569,0,0,420184064,0,6,1,church
93.672,11.903,0.926,0.0,12.154,1.206,118,619998,146,26.484,0.439,-2.561,0,0,420184064,0,6,1,church
93.682,10.242,0.893,0.0,12.154,1.206,118,619998,146,26.484,0.439,-2.561,0,0,420184064,0,6,1,church
93.693,11.787,0.851,0.0,12.154,1.206,118,619998,146,26.518,0.439,-2.547,0,0,420184064,0,6,1,church
93.704,11.67,0.776,0.0,12.154,1.206,115,619782,143,26.555,0.441,-2.54,0,0,420184064,0,6,1,church
93.714,10.135,0.595,0.0,12.154,1.206,115,619782,143,26.555,0.441,-2.54,0,0,420184064,0,6,1,church
93.725,12.197,0.927,0.0,12.154,1.206,115,619782,143,26.592,0.441,-2.531,0,0,420184064,0,6,1,church
93.736,11.075,1.135,0.0,12.154,1.206,116,619784,144,26.628,0.441,-2.517,0,0,420184064,0,6,1,church
93.747,10.655,0.896,0.0,12.154,1.206,114,619568,142,26.628,0.441,-2.517,0,0,420184064,0,6,1,church
93.758,12.237,0.957,0.0,12.154,1.206,114,619568,142,26.665,0.443,-2.507,0,0,420184064,0,6,1,church
93.769,11.455,0.806,0.0,12.154,1.206,117,619672,145,26.701,0.433,-2.492,0,0,420184064,0,6,1,church
93.78,10.416,1.024,0.0,12.154,1.206,117,619672,145,26.701,0.433,-2.492,0,0,420184064,0,6,1,church
93.791,12.613,0.823,0.0,12.154,1.206,117,619672,145,26.738,0.429,-2.477,0,0,420184064,0,6,1,church
93.802,11.311,0.817,0.0,12.154,1.206,117,619672,145,26.774,0.423,-2.458,0,0,420184064,0,6,1,church
93.813,10.581,0.92,0.0,12.154,1.206,117,619672,145,26.774,0.423,-2.458,0,0,420184064,0,6,1,church
93.824,12.862,0.446,0.0,12.154,1.206,117,619672,145,26.811,0.417,-2.438,0,0,420184064,0,6,1,church
93.836,11.307,0.993,0.0,12.154,1.206,116,619670,144,26.847,0.412,-2.415,0,0,420184064,0,6,1,church
93.847,9.846,1.136,0.0,12.154,1.206,118,619886,146,26.847,0.412,-2.415,0,0,420184064,0,6,1,church
93.858,12.47,0.892,0.0,12.154,1.206,118,619886,146,26.882,0.408,-2.391,0,0,420184064,0,6,1,church
93.869,11.489,0.845,0.0,12.154,1.206,118,619886,146,26.917,0.404,-2.367,0,0,420184064,0,6,1,church
93.88,10.181,0.562,0.0,12.154,1.206,118,619886,146,26.917,0.404,-2.367,0,0,420184064,0,6,1,church
93.891,11.854,0.852,0.0,12.154,1.206,118,619886,146,26.951,0.4,-2.341,0,0,420184064,0,6,1,church
93.902,11.39,0.765,0.0,12.154,1.206,119,621978,147,26.985,0.407,-2.314,0,0,420184064,0,6,1,church
93.913,10.851,0.369,0.0,12.154,1.206,120,621994,148,26.985,0.407,-2.314,0,0,420184064,0,6,1,church
93.924,11.76,0.308,0.0,12.154,1.206,120,621994,148,27.016,0.407,-2.283,0,0,420184064,0,6,1,church
93.936,12.44,0.394,0.0,12.154,1.206,124,623210,152,27.046,0.409,-2.252,0,0,420184064,0,6,1,church
93.947,9.945,0.433,0.0,12.154,1.206,123,561434,151,27.046,0.409,-2.252,0,0,420184064,0,6,1,church
93.958,12.807,0.991,0.0,12.154,1.206,123,561434,151,27.076,0.397,-2.22,0,0,420184064,0,6,1,church
93.969,11.218,0.725,0.0,12.154,1.206,121,563366,149,27.108,0.385,-2.19,0,0,420184064,0,6,1,church
93.98,10.735,0.883,0.0,12.154,1.206,121,563366,149,27.108,0.385,-2.19,0,0,420184064,0,6,1,church
93.991,12.236,0.95,0.0,12.154,1.206,121,563366,149,27.14,0.366,-2.159,0,0,420184064,0,6,1,church
94.002,11.381,1.102,0.0,12.154,1.206,119,489518,147,27.172,0.356,-2.129,0,0,420184064,0,6,1,church
94.013,10.867,0.915,0.0,12.154,1.206,118,487048,146,27.172,0.356,-2.129,0,0,420184064,0,6,1,church
94.024,12.133,0.541,0.0,12.154,1.206,118,487048,146,27.199,0.359,-2.094,0,0,420184064,0,6,1,church
94.036,11.388,0.838,0.0,12.154,1.206,119,483788,147,27.226,0.36,-2.059,0,0,420184064,0,6,1,church
94.047,10.822,0.921,0.0,12.154,1.206,119,483788,147,27.226,0.36,-2.059,0,0,420184064,0,6,1,church
94.059,13.069,0.645,0.0,12.154,1.206,119,483788,147,27.253,0.36,-2.024,0,0,420184064,0,6,1,church
94.07,11.315,0.937,0.0,12.154,1.206,119,483788,147,27.279,0.36,-1.988,0,0,420184064,0,6,1,church
94.082,11.158,0.808,0.0,12.154,1.206,117,473644,145,27.279,0.36,-1.988,0,0,420184064,0,6,1,church
94.094,12.654,1.031,0.0,12.154,1.206,117,473644,145,27.305,0.36,-1.952,0,0,420184064,0,6,1,church
94.106,11.95,0.823,0.0,12.154,1.206,118,473646,146,27.329,0.36,-1.916,0,0,420184064,0,6,1,church
94.118,10.785,0.73,0.0,12.154,1.206,118,473646,146,27.353,0.36,-1.88,0,0,420184064,0,6,1,church
94.129,11.188,1.154,0.0,12.154,1.206,118,473646,146,27.353,0.36,-1.88,0,0,420184064,0,6,1,church
94.141,12.284,0.339,0.0,12.154,1.206,118,473646,146,27.377,0.36,-1.843,0,0,420184064,0,6,1,church
94.153,12.098,0.348,0.0,12.154,1.206,115,473692,143,27.399,0.36,-1.805,0,0,420184064,0,6,1,church
94.165,12.809,0.344,0.0,12.154,1.206,116,475784,144,27.399,0.36,-1.805,0,0,420184064,0,6,1,church
94.177,11.173,0.621,0.0,12.154,1.206,116,475784,144,27.42,0.36,-1.768,0,0,420184064,0,6,1,church
94.189,11.688,1.703,0.0,12.154,1.206,116,469276,144,27.441,0.36,-1.729,0,0,420184064,0,6,1,church
94.201,11.698,0.87,0.0,12.154,1.206,114,469272,142,27.461,0.36,-1.69,0,0,420184064,0,6,1,church
94.213,11.087,0.958,0.0,12.154,1.206,114,469272,142,27.461,0.36,-1.69,0,0,420184064,0,6,1,church
94.224,12.058,0.991,0.0,12.154,1.206,114,469272,142,27.48,0.36,-1.651,0,0,420184064,0,6,1,church
94.236,11.781,0.867,0.0,11.749,1.526,115,469308,143,27.498,0.36,-1.611,0,0,420184064,0,6,1,church
94.248,10.466,0.854,0.0,11.749,1.526,118,469508,146,27.498,0.36,-1.611,0,0,420184064,0,6,1,church
94.26,13.358,0.884,0.0,11.749,1.526,118,469508,146,27.516,0.36,-1.571,0,0,420184064,0,6,1,church
94.272,10.327,0.457,0.0,11.749,1.526,119,469548,147,27.533,0.36,-1.53,0,0,420184064,0,6,1,church
94.284,11.37,1.114,0.0,11.749,1.526,120,469584,148,27.549,0.36,-1.489,0,0,420184064,0,6,1,church
94.296,11.438,0.302,0.0,11.749,1.526,118,469580,146,27.549,0.36,-1.489,0,0,420184064,0,6,1,church
94.308,12.225,0.288,0.0,11.749,1.526,118,469580,146,27.565,0.36,-1.448,0,0,420184064,0,6,1,church
94.32,12.757,0.328,0.0,11.749,1.526,118,469580,146,27.58,0.36,-1.406,0,0,420184064,0,6,1,church
94.332,10.542,0.408,0.0,11.749,1.526,118,469580,146,27.58,0.36,-1.406,0,0,420184064,0,6,1,church
94.343,11.981,1.017,0.0,11.749,1.526,118,469580,146,27.594,0.36,-1.364,0,0,420184064,0,6,1,church
94.355,11.674,0.957,0.0,11.749,1.526,118,469580,146,27.608,0.36,-1.322,0,0,420184064,0,6,1,church
94.367,11.34,0.971,0.0,11.749,1.526,117,407804,145,27.621,0.36,-1.28,0,0,420184064,0,6,1,church
94.379,11.276,0.976,0.0,11.749,1.526,117,407804,145,27.621,0.36,-1.28,0,0,420184064,0,6,1,church
94.391,12.138,0.819,0.0,11.749,1.526,117,407804,145,27.634,0.36,-1.237,0,0,420184064,0,6,1,church
94.403,11.502,0.87,0.0,11.749,1.526,117,407804,145,27.646,0.36,-1.194,0,0,420184064,0,6,1,church
94.415,11.251,0.916,0.0,11.749,1.526,115,407588,143,27.646,0.36,-1.194,0,0,420184064,0,6,1,church
94.427,12.268,0.834,0.0,11.749,1.526,115,407588,143,27.658,0.36,-1.151,0,0,420184064,0,6,1,church
94.439,11.639,0.894,0.0,11.749,1.526,114,405118,142,27.67,0.36,-1.108,0,0,420184064,0,6,1,church
94.451,11.731,1.062,0.0,11.749,1.526,114,405118,142,27.681,0.36,-1.065,0,0,420184064,0,6,1,church
94.463,11.044,0.501,0.0,11.749,1.526,110,403894,138,27.681,0.36,-1.065,0,0,420184064,0,6,1,church
94.474,12.116,1.038,0.0,11.749,1.526,110,403894,138,27.691,0.36,-1.021,0,0,420184064,0,6,1,church
94.486,11.784,0.854,0.0,11.749,1.526,110,403894,138,27.702,0.36,-0.978,0,0,420184064,0,6,1,church
94.498,10.93,0.819,0.0,11.749,1.526,109,403838,137,27.702,0.36,-0.978,0,0,420184064,0,6,1,church
94.51,12.586,0.986,0.0,11.749,1.526,109,403838,137,27.712,0.36,-0.934,0,0,420184064,0,6,1,church
94.522,11.477,0.877,0.0,11.749,1.526,109,403838,137,27.722,0.36,-0.891,0,0,420184064,0,6,1,church
94.534,11.419,1.045,0.0,11.749,1.526,108,403374,136,27.731,0.36,-0.847,0,0,420184064,0,6,1,church
94.546,11.148,1.02,0.0,11.749,1.526,107,393694,135,27.731,0.36,-0.847,0,0,420184064,0,6,1,church
94.557,12.47,0.876,0.0,11.749,1.526,107,393694,135,27.74,0.36,-0.803,0,0,420184064,0,6,1,church
94.569,11.247,0.894,0.0,11.749,1.526,107,393694,135,27.749,0.36,-0.759,0,0,420184064,0,6,1,church
94.581,11.403,1.144,0.0,11.749,1.526,107,393694,135,27.749,0.36,-0.759,0,0,420184064,0,6,1,church
94.592,11.887,0.812,0.0,11.749,1.526,107,393694,135,27.758,0.36,-0.715,0,0,420184064,0,6,1,church
94.604,12.494,1.194,0.0,11.749,1.526,107,393694,135,27.767,0.36,-0.671,0,0,420184064,0,6,1,church
94.616,10.664,0.638,0.0,11.749,1.526,106,393692,134,27.767,0.36,-0.671,0,0,420184064,0,6,1,church
94.628,12.692,1.085,0.0,11.749,1.526,106,393692,134,27.775,0.36,-0.627,0,0,420184064,0,6,1,church
94.64,11.583,0.797,0.0,11.749,1.526,106,393692,134,27.783,0.36,-0.582,0,0,420184064,0,6,1,church
94.651,11.677,0.999,0.0,11.749,1.526,106,393692,134,27.791,0.36,-0.538,0,0,420184064,0,6,1,church
94.663,11.376,0.946,0.0,11.749,1.526,106,393692,134,27.791,0.36,-0.538,0,0,420184064,0,6,1,church
94.675,12.062,0.866,0.0,11.749,1.526,106,393692,134,27.799,0.36,-0.494,0,0,420184064,0,6,1,church
94.686,10.999,1.123,0.0,11.749,1.526,106,393692,134,27.807,0.36,-0.45,0,0,420184064,0,6,1,church
94.698,10.951,1.13,0.0,11.749,1.526,106,393692,134,27.807,0.36,-0.45,0,0,420184064,0,6,1,church
94.71,12.225,0.968,0.0,11.749,1.526,106,393692,134,27.814,0.36,-0.405,0,0,420184064,0,6,1,church
94.721,11.125,1.001,0.0,11.749,1.526,106,393692,134,27.822,0.36,-0.361,0,0,420184064,0,6,1,church
94.733,10.872,0.928,0.0,11.749,1.526,106,393692,134,27.822,0.36,-0.361,0,0,420184064,0,6,1,church
94.745,12.119,0.628,0.0,11.749,1.526,106,393692,134,27.829,0.36,-0.317,0,0,420184064,0,6,1,church
94.756,11.486,0.803,0.0,11.749,1.526,106,393692,134,27.836,0.36,-0.272,0,0,420184064,0,6,1,church
94.768,11.329,0.89,0.0,11.749,1.526,106,393692,134,27.843,0.36,-0.228,0,0,420184064,0,6,1,church
94.78,11.168,0.695,0.0,11.749,1.526,106,393692,134,27.843,0.36,-0.228,0,0,420184064,0,6,1,church
94.791,12.37,0.959,0.0,11.749,1.526,106,393692,134,27.85,0.36,-0.183,0,0,420184064,0,6,1,church
94.803,11.418,0.857,0.0,11.749,1.526,106,393692,134,27.857,0.36,-0.139,0,0,420184064,0,6,1,church
94.815,10.728,0.913,0.0,11.749,1.526,106,393692,134,27.857,0.36,-0.139,0,0,420184064,0,6,1,church
94.826,11.866,1.08,0.0,11.749,1.526,106,393692,134,27.864,0.36,-0.094,0,0,420184064,0,6,1,church
94.838,11.666,0.875,0.0,11.749,1.526,106,393692,134,27.87,0.36,-0.05,0,0,420184064,0,6,1,church
94.85,10.703,0.627,0.0,11.749,1.526,106,393692,134,27.87,0.36,-0.05,0,0,420184064,0,6,1,church
94.861,12.2,1.008,0.0,11.749,1.526,106,393692,134,27.877,0.36,-0.005,0,0,420184064,0,6,1,church
94.873,10.814,1.221,0.0,11.749,1.526,106,393692,134,27.884,0.36,0.039,0,0,420184064,0,6,1,church
94.885,11.909,1.055,0.0,11.749,1.526,106,393692,134,27.89,0.36,0.084,0,0,420184064,0,6,1,church
94.896,10.819,0.77,0.0,11.749,1.526,106,393692,134,27.89,0.36,0.084,0,0,420184064,0,6,1,church
94.908,12.418,0.661,0.0,11.749,1.526,106,393692,134,27.896,0.36,0.128,0,0,420184064,0,6,1,church
94.92,10.63,0.861,0.0,11.749,1.526,106,393692,134,27.903,0.36,0.173,0,0,420184064,0,6,1,church
94.931,10.719,1.001,0.0,11.749,1.526,106,393692,134,27.903,0.36,0.173,0,0,420184064,0,6,1,church
94.943,12.791,0.374,0.0,11.749,1.526,106,393692,134,27.909,0.36,0.217,0,0,420184064,0,6,1,church
94.955,11.312,0.43,0.0,11.749,1.526,106,393692,134,27.915,0.36,0.262,0,0,420184064,0,6,1,church
94.966,10.193,0.919,0.0,11.749,1.526,106,393692,134,27.915,0.36,0.262,0,0,420184064,0,6,1,church
94.978,12.803,0.893,0.0,11.749,1.526,106,393692,134,27.921,0.36,0.306,0,0,420184064,0,6,1,church
94.99,11.356,0.432,0.0,11.749,1.526,106,393692,134,27.927,0.36,0.351,0,0,420184064,0,6,1,church
95.001,10.937,1.025,0.0,11.749,1.526,106,393692,134,27.933,0.36,0.396,0,0,420184064,0,6,1,church
95.013,10.941,1.156,0.0,11.749,1.526,104,387020,132,27.933,0.36,0.396,0,0,420184064,0,6,1,church
95.025,11.956,1.054,0.0,11.749,1.526,104,387020,132,27.939,0.36,0.44,0,0,420184064,0,6,1,church
95.036,11.962,1.055,0.0,11.749,1.526,104,387020,132,27.945,0.36,0.485,0,0,420184064,0,6,1,church
95.048,10.352,0.997,0.0,11.749,1.526,104,387020,132,27.945,0.36,0.485,0,0,420184064,0,6,1,church
95.06,12.035,0.914,0.0,11.749,1.526,104,387020,132,27.951,0.36,0.529,0,0,420184064,0,6,1,church
95.071,11.523,0.921,0.0,11.749,1.526,104,387020,132,27.957,0.36,0.574,0,0,420184064,0,6,1,church
95.083,10.703,0.957,0.0,11.749,1.526,104,387020,132,27.957,0.36,0.574,0,0,420184064,0,6,1,church
95.094,11.84,0.949,0.0,11.749,1.526,104,387020,132,27.963,0.36,0.619,0,0,420184064,0,6,1,church
95.106,11.36,0.974,0.0,11.749,1.526,104,387020,132,27.969,0.36,0.663,0,0,420184064,0,6,1,church
95.117,11.684,0.842,0.0,11.749,1.526,104,387020,132,27.974,0.36,0.708,0,0,420184064,0,6,1,church
95.129,10.675,0.841,0.0,11.749,1.526,104,387020,132,27.974,0.36,0.708,0,0,420184064,0,6,1,church
95.14,12.065,0.926,0.0,11.749,1.526,104,387020,132,27.98,0.36,0.752,0,0,420184064,0,6,1,church
95.152,11.372,0.765,0.0,11.749,1.526,104,387020,132,27.986,0.36,0.797,0,0,420184064,0,6,1,church
95.163,11.504,1.016,0.0,11.749,1.526,104,387020,132,27.986,0.36,0.797,0,0,420184064,0,6,1,church
95.175,13.488,0.417,0.0,11.749,1.526,104,387020,132,27.991,0.36,0.842,0,0,420184064,0,6,1,church
95.187,11.659,0.537,0.0,11.749,1.526,104,387020,132,27.997,0.36,0.886,0,0,420184064,0,6,1,church
95.198,11.38,0.869,0.0,11.749,1.526,104,387020,132,27.997,0.36,0.886,0,0,420184064,0,6,1,church
95.21,12.39,0.897,0.0,11.749,1.526,104,387020,132,28.003,0.36,0.931,0,0,420184064,0,6,1,church
95.222,11.426,0.854,0.0,11.749,1.526,104,387020,132,28.008,0.36,0.976,0,0,420184064,0,6,1,church
95.233,11.594,0.944,0.0,11.749,1.526,102,386092,130,28.014,0.36,1.02,0,0,420184064,0,6,1,church
95.245,10.78,0.937,0.0,11.749,1.526,101,384024,129,28.014,0.36,1.02,0,0,420184064,0,6,1,church
95.257,12.036,1.059,0.0,12.249,1.144,101,384024,129,28.019,0.36,1.065,0,0,420184064,0,6,1,church
95.268,11.568,0.768,0.0,12.249,1.144,101,384024,129,28.025,0.36,1.11,0,0,420184064,0,6,1,church
95.28,10.885,0.847,0.0,12.249,1.144,101,384024,129,28.025,0.36,1.11,0,0,420184064,0,6,1,church
95.292,11.511,1.122,0.0,12.249,1.144,101,384024,129,28.03,0.36,1.154,0,0,420184064,0,6,1,church
95.303,10.95,2.004,0.0,12.249,1.144,101,384024,129,28.035,0.36,1.199,0,0,420184064,0,6,1,church
95.315,12.111,0.381,0.0,12.249,1.144,99,366872,127,28.035,0.36,1.199,0,0,420184064,0,6,1,church
95.326,11.998,0.383,0.0,12.249,1.144,99,366872,127,28.04,0.36,1.244,0,0,420184064,0,6,1,church
95.338,11.072,1.344,0.0,12.249,1.144,97,358602,125,28.045,0.36,1.288,0,0,420184064,0,6,1,church
95.349,10.965,0.885,0.0,12.249,1.144,94,234862,122,28.045,0.36,1.288,0,0,420184064,0,6,1,church
95.36,11.884,0.429,0.0,12.249,1.144,94,234862,122,28.049,0.36,1.333,0,0,420184064,0,6,1,church
95.371,11.465,0.828,0.0,12.249,1.144,94,234862,122,28.054,0.36,1.378,0,0,420184064,0,6,1,church
95.382,10.728,0.924,0.0,12.249,1.144,93,230858,121,28.054,0.36,1.378,0,0,420184064,0,6,1,church
95.393,12.419,0.853,0.0,12.249,1.144,93,230858,121,28.058,0.36,1.422,0,0,420184064,0,6,1,church
95.405,11.414,0.951,0.0,12.249,1.144,93,230858,121,28.061,0.36,1.467,0,0,420184064,0,6,1,church
95.416,10.826,0.601,0.0,12.249,1.144,93,230858,121,28.061,0.36,1.467,0,0,420184064,0,6,1,church
95.427,12.361,0.766,0.0,12.249,1.144,93,230858,121,28.065,0.36,1.512,0,0,420184064,0,6,1,church
95.438,11.791,0.973,0.0,12.249,1.144,93,230858,121,28.068,0.36,1.557,0,0,420184064,0,6,1,church
95.449,11.25,1.036,0.0,12.249,1.144,93,230858,121,28.068,0.36,1.557,0,0,420184064,0,6,1,church
95.46,12.083,0.522,0.0,12.249,1.144,93,230858,121,28.071,0.36,1.602,0,0,420184064,0,6,1,church
95.471,11.684,0.772,0.0,12.249,1.144,93,230858,121,28.074,0.36,1.646,0,0,420184064,0,6,1,church
95.482,10.865,0.979,0.0,12.249,1.144,93,230858,121,28.074,0.36,1.646,0,0,420184064,0,6,1,church
95.493,12.004,0.966,0.0,12.249,1.144,93,230858,121,28.077,0.36,1.691,0,0,420184064,0,6,1,church
95.505,11.574,0.8,0.0,12.249,1.144,93,230858,121,28.079,0.36,1.736,0,0,420184064,0,6,1,church
95.516,10.547,0.915,0.0,12.249,1.144,93,230858,121,28.079,0.36,1.736,0,0,420184064,0,6,1,church
95.527,12.653,0.909,0.0,12.249,1.144,93,230858,121,28.081,0.36,1.781,0,0,420184064,0,6,1,church
95.538,11.27,0.48,0.0,12.249,1.144,95,230898,123,28.083,0.36,1.826,0,0,420184064,0,6,1,church
95.549,11.058,0.967,0.0,12.249,1.144,96,230918,124,28.083,0.36,1.826,0,0,420184064,0,6,1,church
95.56,12.871,0.843,0.0,12.249,1.144,96,230918,124,28.085,0.36,1.871,0,0,420184064,0,6,1,church
95.572,10.442,0.89,0.0,12.249,1.144,96,230918,124,28.087,0.36,1.916,0,0,420184064,0,6,1,church
95.583,11.084,0.75,0.0,12.249,1.144,96,230918,124,28.087,0.36,1.916,0,0,420184064,0,6,1,church
95.595,12.199,0.863,0.0,12.249,1.144,96,230918,124,28.088,0.36,1.961,0,0,420184064,0,6,1,church
95.606,11.566,0.852,0.0,12.249,1.144,96,230918,124,28.09,0.36,2.006,0,0,420184064,0,6,1,church
95.618,11.116,1.038,0.0,12.249,1.144,97,230920,125,28.091,0.36,2.051,0,0,420184064,0,6,1,church
95.63,11.243,0.917,0.0,12.249,1.144,97,230920,125,28.091,0.36,2.051,0,0,420184064,0,6,1,church
95.641,12.996,0.333,0.0,12.249,1.144,97,230920,125,28.092,0.36,2.096,0,0,420184064,0,6,1,church
95.653,11.802,0.511,0.0,12.249,1.144,95,230808,123,28.093,0.36,2.141,0,0,420184064,0,6,1,church
95.665,11.111,0.893,0.0,12.249,1.144,95,230808,123,28.093,0.36,2.141,0,0,420184064,0,6,1,church
95.676,12.564,0.905,0.0,12.249,1.144,95,230808,123,28.094,0.36,2.186,0,0,420184064,0,6,1,church
95.688,11.286,0.877,0.0,12.249,1.144,95,230808,123,28.095,0.36,2.231,0,0,420184064,0,6,1,church
95.7,10.559,1.023,0.0,12.249,1.144,95,230808,123,28.095,0.36,2.231,0,0,420184064,0,6,1,church
95.711,12.948,0.993,0.0,12.249,1.144,95,230808,123,28.096,0.36,2.275,0,0,420184064,0,6,1,church
95.723,11.232,0.46,0.0,12.249,1.144,95,230808,123,28.097,0.36,2.32,0,0,420184064,0,6,1,church
95.735,11.963,0.799,0.0,12.249,1.144,95,230808,123,28.097,0.36,2.365,0,0,420184064,0,6,1,church
95.746,10.979,0.881,0.0,12.249,1.144,95,230808,123,28.097,0.36,2.365,0,0,420184064,0,6,1,church
95.758,12.312,0.931,0.0,12.249,1.144,95,230808,123,28.098,0.36,2.41,0,0,420184064,0,6,1,church
95.77,11.685,0.768,0.0,12.249,1.144,95,230808,123,28.098,0.36,2.455,0,0,420184064,0,6,1,church
95.781,11.091,0.937,0.0,12.249,1.144,95,230808,123,28.098,0.36,2.455,0,0,420184064,0,6,1,church
95.793,12.441,0.883,0.0,12.249,1.144,95,230808,123,28.099,0.36,2.5,0,0,420184064,0,6,1,church
95.805,12.595,0.748,0.0,12.249,1.144,95,230808,123,28.099,0.349,2.545,0,0,420184064,0,5,1,cloister
95.816,10.176,0.85,0.0,12.249,1.144,99,230928,183,28.099,0.349,2.545,0,0,420184064,0,5,1,cloister
95.828,13.378,0.772,0.0,12.249,1.144,99,230928,183,28.099,0.343,2.591,0,0,418430976,0,5,1,cloister
95.84,11.04,0.891,0.0,12.249,1.144,99,230928,183,28.099,0.327,2.636,0,0,418430976,0,5,1,cloister
95.851,11.865,0.802,0.0,12.249,1.144,99,230928,183,28.099,0.304,2.681,0,0,418430976,0,5,1,cloister
95.863,11.23,0.975,0.0,12.249,1.144,99,230928,183,28.099,0.304,2.681,0,0,418430976,0,5,1,cloister
95.875,12.385,0.875,0.0,12.249,1.144,99,230928,183,28.099,0.271,2.723,0,0,418430976,0,5,1,cloister
95.886,11.831,0.797,0.0,12.249,1.144,99,230928,183,28.099,0.271,2.774,0,0,418430976,0,5,1,cloister
95.898,11.275,0.89,0.0,12.249,1.144,99,230928,183,28.099,0.271,2.774,0,0,418430976,0,5,1,cloister
95.91,12.246,0.898,0.0,12.249,1.144,99,230928,183,28.099,0.265,2.819,0,0,418430976,0,5,1,cloister
95.921,11.474,1.001,0.0,12.249,1.144,99,230928,183,28.099,0.251,2.864,0,0,418430976,0,5,1,cloister
95.933,11.565,0.807,0.0,12.249,1.144,99,230928,183,28.099,0.251,2.864,0,0,418430976,0,5,1,cloister
95.945,12.305,0.363,0.0,12.249,1.144,99,230928,183,28.099,0.253,2.893,0,0,418430976,0,5,1,cloister
95.956,12.472,0.348,0.0,12.249,1.144,99,230928,183,28.099,0.276,2.932,0,0,418430976,0,5,1,cloister
95.968,11.881,0.464,0.0,12.249,1.144,99,230928,183,28.099,0.285,2.973,0,0,418430976,0,5,1,cloister
95.98,11.202,0.923,0.0,12.249,1.144,99,230928,183,28.099,0.285,2.973,0,0,418430976,0,5,1,cloister
95.991,12.493,0.906,0.0,12.249,1.144,99,230928,183,28.099,0.299,3.015,0,0,418430976,0,5,1,cloister
96.003,11.662,0.951,0.0,12.249,1.144,99,230928,183,28.099,0.308,3.059,0,0,418430976,0,5,1,cloister
96.015,11.055,0.908,0.0,12.249,1.144,99,230928,183,28.099,0.308,3.059,0,0,418430976,0,5,1,cloister
96.026,13.123,0.924,0.0,12.249,1.144,99,230928,183,28.099,0.3,3.104,0,0,418430976,0,5,1,cloister
96.038,11.475,0.883,0.0,12.249,1.144,99,230928,183,28.098,0.309,3.149,0,0,418430976,0,5,1,cloister
96.05,11.344,0.887,0.0,12.249,1.144,99,230928,183,28.098,0.309,3.149,0,0,418430976,0,5,1,cloister
96.061,12.658,0.983,0.0,12.249,1.144,99,230928,183,28.098,0.31,3.194,0,0,418430976,0,5,1,cloister
96.073,11.587,0.849,0.0,12.249,1.144,99,230928,183,28.098,0.31,3.239,0,0,418430976,0,5,1,cloister
96.085,12.014,0.842,0.0,12.249,1.144,99,230928,183,28.097,0.31,3.284,0,0,418430976,0,5,1,cloister
96.096,10.911,0.875,0.0,12.249,1.144,97,225988,181,28.097,0.31,3.284,0,0,418430976,0,5,1,cloister
96.108,12.392,0.852,0.0,12.249,1.144,97,225988,181,28.097,0.31,3.329,0,0,418430976,0,5,1,cloister
96.12,11.934,0.825,0.0,12.249,1.144,97,225988,181,28.096,0.31,3.374,0,0,418430976,0,5,1,cloister
96.131,11.188,0.891,0.0,12.249,1.144,96,225968,180,28.096,0.31,3.374,0,0,418430976,0,5,1,cloister
96.143,12.683,0.95,0.0,12.249,1.144,96,225968,180,28.096,0.31,3.419,0,0,418430976,0,5,1,cloister
96.155,11.673,0.975,0.0,12.249,1.144,96,225968,180,28.096,0.31,3.464,0,0,418430976,0,5,1,cloister
96.166,11.205,0.839,0.0,12.249,1.144,96,225968,180,28.096,0.31,3.464,0,0,418430976,0,5,1,cloister
96.178,12.513,0.942,0.0,12.249,1.144,96,225968,180,28.095,0.31,3.509,0,0,418430976,0,5,1,cloister
96.19,11.716,0.802,0.0,12.249,1.144,96,225968,180,28.095,0.31,3.554,0,0,418430976,0,5,1,cloister
96.201,11.954,0.915,0.0,12.249,1.144,96,225968,180,28.094,0.31,3.599,0,0,418430976,0,5,1,cloister
96.213,11.375,0.954,0.0,12.249,1.144,95,225952,179,28.094,0.31,3.599,0,0,418430976,0,5,1,cloister
96.225,12.387,0.867,0.0,12.249,1.144,95,225952,179,28.093,0.31,3.644,0,0,418430976,0,5,1,cloister
96.236,11.891,0.849,0.0,12.575,1.617,95,225952,179,28.093,0.31,3.689,0,0,418430976,0,5,1,cloister
96.248,11.357,0.966,0.0,12.575,1.617,95,225952,179,28.093,0.31,3.689,0,0,418430976,0,5,1,cloister
96.26,12.512,0.904,0.0,12.575,1.617,95,225952,179,28.092,0.31,3.734,0,0,418430976,0,5,1,cloister
96.271,10.987,0.846,0.0,12.575,1.617,95,225952,179,28.092,0.31,3.779,0,0,418430976,0,5,1,cloister
96.283,11.416,1.19,0.0,12.575,1.617,95,225952,179,28.092,0.31,3.779,0,0,418430976,0,5,1,cloister
96.295,12.44,0.372,0.0,12.575,1.617,95,225952,179,28.091,0.31,3.824,0,0,418430976,0,5,1,cloister
96.307,12.126,0.316,0.0,12.575,1.617,95,225952,179,28.09,0.31,3.869,0,0,418430976,0,5,1,cloister
96.319,12.18,0.313,0.0,12.575,1.617,95,225952,179,28.09,0.31,3.914,0,0,418430976,0,5,1,cloister
96.331,11.404,0.434,0.0,12.575,1.617,95,225952,179,28.09,0.31,3.914,0,0,418430976,0,5,1,cloister
96.343,12.528,1.031,0.0,12.575,1.617,95,225952,179,28.089,0.31,3.954,0,0,418430976,0,5,1,cloister
96.354,11.766,0.88,0.0,12.575,1.617,117,400236,201,28.087,0.31,3.989,0,0,418430976,0,5,1,cloister
96.366,10.992,0.995,0.0,12.575,1.617,124,465178,208,28.087,0.31,3.989,0,0,418430976,0,5,1,cloister
96.378,12.588,0.922,0.0,12.575,1.617,124,465178,208,28.083,0.31,4.022,0,0,418430976,0,5,1,cloister
96.39,11.918,0.807,0.0,12.575,1.617,133,488052,217,28.078,0.31,4.053,0,0,418430976,0,5,1,cloister
96.402,11.786,0.994,0.0,12.575,1.617,155,500316,239,28.071,0.31,4.083,0,0,418430976,0,5,1,cloister
96.414,11.246,0.976,0.0,12.575,1.617,152,535704,236,28.071,0.31,4.083,0,0,418430976,0,5,1,cloister
96.426,12.381,0.972,0.0,12.575,1.617,152,535704,236,28.062,0.31,4.112,0,0,418430976,0,5,1,cloister
96.438,11.654,0.861,0.0,12.575,1.617,147,288576,231,28.05,0.31,4.141,0,0,418430976,0,5,1,cloister
96.449,11.52,0.538,0.0,12.575,1.617,141,278692,225,28.05,0.31,4.141,0,0,418430976,0,5,1,cloister
96.461,12.563,0.627,0.0,12.575,1.617,141,278692,225,28.035,0.31,4.168,0,0,418430976,0,5,1,cloister
96.473,11.877,0.914,0.0,12.575,1.617,152,536620,236,28.018,0.31,4.195,0,0,418430976,0,5,1,cloister
96.485,11.974,0.968,0.0,12.575,1.617,158,543807,242,27.998,0.31,4.221,0,0,418430976,0,5,1,cloister
96.497,11.478,0.997,0.0,12.575,1.617,165,578195,249,27.998,0.31,4.221,0,0,418430976,0,5,1,cloister
96.509,12.549,0.758,0.0,12.575,1.617,165,578195,249,27.976,0.31,4.247,0,0,418430976,0,5,1,cloister
96.521,11.974,0.878,0.0,12.575,1.617,178,592199,262,27.951,0.31,4.271,0,0,418430976,0,5,1,cloister
96.533,11.319,1.014,0.0,12.575,1.617,180,592203,264,27.951,0.31,4.271,0,0,418430976,0,5,1,cloister
96.545,12.246,1.0,0.0,12.575,1.617,180,592203,264,27.924,0.31,4.295,0,0,418430976,0,5,1,cloister
96.557,11.376,0.96,0.0,12.575,1.617,187,594615,271,27.895,0.31,4.318,0,0,418430976,0,5,1,cloister
96.569,12.735,0.981,0.0,12.575,1.617,187,594615,271,27.865,0.31,4.339,0,0,418430976,0,5,1,cloister
96.58,11.214,0.452,0.0,12.575,1.617,187,594615,271,27.865,0.31,4.339,0,0,418430976,0,5,1,cloister
96.592,11.939,1.125,0.0,12.575,1.617,187,594615,271,27.833,0.31,4.36,0,0,418430976,0,5,1,cloister
96.604,12.862,0.895,0.0,12.575,1.617,187,594615,271,27.799,0.31,4.38,0,0,418430976,0,5,1,cloister
96.616,11.04,0.501,0.0,12.575,1.617,187,594615,271,27.799,0.31,4.38,0,0,418430976,0,5,1,cloister
96.628,12.591,1.099,0.0,12.575,1.617,187,594615,271,27.764,0.31,4.398,0,0,418430976,0,5,1,cloister
96.64,12.088,0.97,0.0,12.575,1.617,187,594615,271,27.727,0.31,4.416,0,0,418430976,0,5,1,cloister
96.652,11.655,1.043,0.0,12.575,1.617,187,594615,271,27.69,0.31,4.433,0,0,418430976,0,5,1,cloister
96.664,11.227,1.067,0.0,12.575,1.617,187,594615,271,27.69,0.31,4.433,0,0,418430976,0,5,1,cloister
96.676,12.524,1.051,0.0,12.575,1.617,187,594615,271,27.652,0.31,4.449,0,0,418430976,0,5,1,cloister
96.688,11.981,0.948,0.0,12.575,1.617,185,594539,269,27.612,0.31,4.464,0,0,418430976,0,5,1,cloister
96.7,11.165,1.042,0.0,12.575,1.617,185,594421,269,27.612,0.31,4.464,0,0,418430976,0,5,1,cloister
96.712,12.268,1.037,0.0,12.575,1.617,185,594421,269,27.572,0.31,4.478,0,0,418430976,0,5,1,cloister
96.724,11.962,0.962,0.0,12.575,1.617,185,594421,269,27.532,0.31,4.491,0,0,418430976,0,5,1,cloister
96.735,11.593,1.042,0.0,12.575,1.617,184,594161,268,27.491,0.31,4.503,0,0,418430976,0,5,1,cloister
96.747,11.031,1.051,0.0,12.575,1.617,184,594161,268,27.491,0.31,4.503,0,0,418430976,0,5,1,cloister
96.759,13.275,0.607,0.0,12.575,1.617,184,594161,268,27.449,0.31,4.515,0,0,418430976,0,5,1,cloister
96.771,11.456,0.496,0.0,12.575,1.617,181,594065,265,27.407,0.31,4.526,0,0,418430976,0,5,1,cloister
96.783,10.973,1.122,0.0,12.575,1.617,179,593825,263,27.407,0.31,4.526,0,0,418430976,0,5,1,cloister
96.795,13.175,0.947,0.0,12.575,1.617,179,593825,263,27.364,0.31,4.536,0,0,418430976,0,5,1,cloister
96.807,11.98,0.426,0.0,12.575,1.617,179,593825,263,27.322,0.31,4.546,0,0,418430976,0,5,1,cloister
96.819,11.661,1.248,0.0,12.575,1.617,178,593823,262,27.279,0.31,4.555,0,0,418430976,0,5,1,cloister
96.831,11.249,1.051,0.0,12.575,1.617,178,593823,262,27.279,0.31,4.555,0,0,418430976,0,5,1,cloister
96.843,12.569,0.991,0.0,12.575,1.617,178,593823,262,27.235,0.31,4.563,0,0,418430976,0,5,1,cloister
96.854,11.661,1.079,0.0,12.575,1.617,177,593803,261,27.192,0.31,4.572,0,0,418430976,0,5,1,cloister
96.866,11.321,1.198,0.0,12.575,1.617,177,593803,261,27.192,0.31,4.572,0,0,418430976,0,5,1,cloister
96.878,12.628,1.158,0.0,12.575,1.617,177,593803,261,27.148,0.31,4.579,0,0,418430976,0,5,1,cloister
96.89,11.82,0.911,0.0,12.575,1.617,177,593803,261,27.104,0.31,4.586,0,0,418430976,0,5,1,cloister
96.902,11.498,0.686,0.0,12.575,1.617,176,591019,260,27.06,0.31,4.593,0,0,418430976,0,5,1,cloister
96.914,11.622,1.084,0.0,12.575,1.617,176,591019,260,27.06,0.31,4.593,0,0,418430976,0,5,1,cloister
96.926,12.651,1.021,0.0,12.575,1.617,176,591019,260,27.016,0.31,4.6,0,0,418430976,0,5,1,cloister
96.938,11.154,1.032,0.0,12.575,1.617,176,591019,260,26.972,0.31,4.606,0,0,418430976,0,5,1,cloister
96.95,11.411,1.017,0.0,12.575,1.617,176,591019,260,26.972,0.31,4.606,0,0,418430976,0,5,1,cloister
96.962,12.686,0.409,0.0,12.575,1.617,176,591019,260,26.927,0.31,4.612,0,0,418430976,0,5,1,cloister
96.974,11.768,0.589,0.0,12.575,1.617,176,591019,260,26.883,0.31,4.617,0,0,418430976,0,5,1,cloister
96.985,11.604,0.379,0.0,12.575,1.617,176,591019,260,26.838,0.31,4.622,0,0,418430976,0,5,1,cloister
96.997,11.25,0.362,0.0,12.575,1.617,176,591019,260,26.838,0.31,4.622,0,0,418430976,0,5,1,cloister
97.009,12.965,0.313,0.0,12.575,1.617,176,591019,260,26.794,0.31,4.627,0,0,418430976,0,5,1,cloister
97.021,12.125,0.396,0.0,12.575,1.617,176,591019,260,26.749,0.31,4.632,0,0,418430976,0,5,1,cloister
97.033,11.142,1.068,0.0,12.575,1.617,175,590963,259,26.749,0.31,4.632,0,0,418430976,0,5,1,cloister
97.045,12.529,1.117,0.0,12.575,1.617,175,590963,259,26.705,0.31,4.637,0,0,418430976,0,5,1,cloister
97.057,12.24,1.025,0.0,12.575,1.617,175,590963,259,26.66,0.31,4.641,0,0,418430976,0,5,1,cloister
97.069,11.531,1.055,0.0,12.575,1.617,175,590963,259,26.615,0.31,4.645,0,0,418430976,0,5,1,cloister
97.081,11.88,1.154,0.0,12.575,1.617,175,590963,259,26.615,0.31,4.645,0,0,418430976,0,5,1,cloister
97.093,11.648,0.982,0.0,12.575,1.617,175,590963,259,26.571,0.31,4.649,0,0,418430976,0,5,1,cloister
97.104,12.112,0.995,0.0,12.575,1.617,174,590883,258,26.526,0.31,4.653,0,0,418430976,0,5,1,cloister
97.116,11.039,0.495,0.0,12.575,1.617,174,590883,258,26.526,0.31,4.653,0,0,418430976,0,5,1,cloister
97.128,12.319,0.98,0.0,12.575,1.617,174,590883,258,26.481,0.31,4.657,0,0,418430976,0,5,1,cloister
97.14,11.698,0.991,0.0,12.575,1.617,174,590883,258,26.436,0.31,4.661,0,0,418430976,0,5,1,cloister
97.152,12.569,1.164,0.0,12.575,1.617,174,590883,258,26.391,0.31,4.664,0,0,418430976,0,5,1,cloister
97.164,11.473,1.034,0.0,12.575,1.617,174,590883,258,26.391,0.31,4.664,0,0,418430976,0,5,1,cloister
97.176,12.787,1.289,0.0,12.575,1.617,174,590883,258,26.347,0.31,4.668,0,0,418430976,0,5,1,cloister
97.188,12.138,1.079,0.0,12.575,1.617,173,590847,257,26.302,0.31,4.671,0,0,418430976,0,5,1,cloister
97.2,11.449,1.059,0.0,12.575,1.617,173,590847,257,26.302,0.31,4.671,0,0,418430976,0,5,1,cloister
97.212,12.787,1.073,0.0,12.575,1.617,173,590847,257,26.257,0.31,4.674,0,0,418430976,0,5,1,cloister
97.224,12.763,1.062,0.0,12.575,1.617,172,590727,256,26.212,0.31,4.677,0,0,418430976,0,5,1,cloister
97.237,12.931,1.009,0.0,12.032,1.092,172,590727,256,26.167,0.31,4.68,0,0,418430976,0,5,1,cloister
97.25,12.372,0.999,0.0,12.032,1.092,172,590727,256,26.167,0.31,4.68,0,0,418430976,0,5,1,cloister
97.265,14.933,1.174,0.0,12.032,1.092,172,590727,256,26.122,0.31,4.683,0,0,418430976,0,5,1,cloister
97.277,9.875,1.279,0.0,12.032,1.092,172,590727,256,26.077,0.31,4.686,0,0,418430976,0,5,1,cloister
97.289,12.513,0.466,0.0,12.032,1.092,172,590727,256,26.032,0.31,4.689,0,0,418430976,0,5,1,cloister
97.3,12.976,0.384,0.0,12.032,1.092,172,590727,256,26.032,0.31,4.689,0,0,418430976,0,5,1,cloister
97.312,12.56,0.418,0.0,12.032,1.092,172,590727,256,25.988,0.31,4.692,0,0,418430976,0,5,1,cloister
97.325,12.657,1.377,0.0,12.032,1.092,172,590727,256,25.943,0.31,4.695,0,0,418430976,0,5,1,cloister
97.338,12.27,1.039,0.0,12.032,1.092,172,590727,256,25.898,0.31,4.698,0,0,418430976,0,5,1,cloister
97.35,11.315,1.049,0.0,12.032,1.092,172,590727,256,25.898,0.31,4.698,0,0,418430976,0,5,1,cloister
97.363,13.066,1.261,0.0,12.032,1.092,172,590727,256,25.853,0.31,4.7,0,0,418430976,0,5,1,cloister
97.375,12.143,0.89,0.0,12.032,1.092,172,590727,256,25.808,0.31,4.703,0,0,418430976,0,5,1,cloister
97.388,12.189,1.028,0.0,12.032,1.092,172,590727,256,25.763,0.31,4.706,0,0,418430976,0,5,1,cloister
97.4,11.586,1.052,0.0,12.032,1.092,172,590727,256,25.763,0.31,4.706,0,0,418430976,0,5,1,cloister
97.413,12.835,1.154,0.0,12.032,1.092,172,590727,256,25.718,0.31,4.708,0,0,418430976,0,5,1,cloister
97.425,11.405,1.37,0.0,12.032,1.092,172,590727,256,25.673,0.31,4.711,0,0,418430976,0,5,1,cloister
97.438,13.052,1.011,0.0,12.032,1.092,172,590727,256,25.628,0.31,4.713,0,0,418430976,0,5,1,cloister
97.45,11.133,0.421,0.0,12.032,1.092,172,590727,256,25.628,0.31,4.713,0,0,418430976,0,5,1,cloister
97.463,12.95,0.857,0.0,12.032,1.092,172,590727,256,25.583,0.31,4.716,0,0,418430976,0,5,1,cloister
97.475,12.216,0.967,0.0,12.032,1.092,172,590727,256,25.538,0.31,4.718,0,0,418430976,0,5,1,cloister
97.488,12.143,0.988,0.0,12.032,1.092,172,590727,256,25.493,0.31,4.721,0,0,418430976,0,5,1,cloister
97.5,11.992,0.875,0.0,12.032,1.092,172,590727,256,25.493,0.31,4.721,0,0,418430976,0,5,1,cloister
97.513,13.075,0.897,0.0,12.032,1.092,172,590727,256,25.449,0.31,4.723,0,0,418430976,0,5,1,cloister
97.525,12.042,0.96,0.0,12.032,1.092,172,590727,256,25.404,0.31,4.726,0,0,418430976,0,5,1,cloister
97.538,12.51,0.998,0.0,12.032,1.092,172,590727,256,25.359,0.31,4.728,0,0,418430976,0,5,1,cloister
97.55,11.668,0.862,0.0,12.032,1.092,172,590727,256,25.359,0.31,4.728,0,0,418430976,0,5,1,cloister
97.563,13.007,0.942,0.0,12.032,1.092,172,590727,256,25.314,0.31,4.731,0,0,418430976,0,5,1,cloister
97.575,12.293,0.837,0.0,12.032,1.092,172,590727,256,25.269,0.31,4.733,0,0,418430976,0,5,1,cloister
97.588,12.396,0.564,0.0,12.032,1.092,172,590727,256,25.224,0.31,4.736,0,0,418430976,0,5,1,cloister
97.6,11.703,0.921,0.0,12.032,1.092,172,590727,256,25.224,0.31,4.736,0,0,418430976,0,5,1,cloister
97.613,12.945,1.008,0.0,12.032,1.092,172,590727,256,25.179,0.31,4.738,0,0,418430976,0,5,1,cloister
97.625,12.254,0.954,0.0,12.032,1.092,172,590727,256,25.134,0.31,4.74,0,0,418430976,0,5,1,cloister
97.638,11.956,1.053,0.0,12.032,1.092,172,590727,256,25.089,0.31,4.743,0,0,418430976,0,5,1,cloister
97.65,11.965,0.945,0.0,12.032,1.092,171,588635,255,25.089,0.31,4.743,0,0,418430976,0,5,1,cloister
97.663,12.615,0.418,0.0,12.032,1.092,171,588635,255,25.044,0.31,4.745,0,0,418430976,0,5,1,cloister
97.675,12.341,0.396,0.0,12.032,1.092,171,588635,255,24.999,0.31,4.747,0,0,418430976,0,5,1,cloister
97.688,13.323,0.368,0.0,12.032,1.092,171,588635,255,24.954,0.31,4.75,0,0,418430976,0,5,1,cloister
97.7,10.793,0.527,0.0,12.032,1.092,171,588635,255,24.954,0.31,4.75,0,0,418430976,0,5,1,cloister
97.713,12.706,0.953,0.0,12.032,1.092,171,588635,255,24.909,0.31,4.752,0,0,418430976,0,5,1,cloister
97.725,12.325,0.933,0.0,12.032,1.092,171,588635,255,24.864,0.31,4.754,0,0,418430976,0,5,1,cloister
97.738,11.723,1.028,0.0,12.032,1.092,172,588659,256,24.819,0.31,4.757,0,0,418430976,0,5,1,cloister
97.75,12.11,1.124,0.0,12.032,1.092,172,588659,256,24.819,0.31,4.757,0,0,418430976,0,5,1,cloister
97.762,12.41,0.905,0.0,12.032,1.092,172,588659,256,24.774,0.31,4.759,0,0,418430976,0,5,1,cloister
97.774,12.461,0.96,0.0,12.032,1.092,172,588659,256,24.73,0.31,4.761,0,0,418430976,0,5,1,cloister
97.787,12.207,0.925,0.0,12.032,1.092,172,588659,256,24.685,0.31,4.764,0,0,418430976,0,5,1,cloister
97.799,11.581,1.013,0.0,12.032,1.092,171,588471,255,24.685,0.31,4.764,0,0,418430976,0,5,1,cloister
97.811,12.728,0.958,0.0,12.032,1.092,171,588471,255,24.64,0.31,4.766,0,0,418430976,0,5,1,cloister
97.823,12.315,0.891,0.0,12.032,1.092,171,588471,255,24.595,0.31,4.768,0,0,418430976,0,5,1,cloister
97.836,12.216,1.095,0.0,12.032,1.092,171,588471,255,24.55,0.31,4.771,0,0,418430976,0,5,1,cloister
97.848,11.894,1.134,0.0,12.032,1.092,171,588471,255,24.55,0.31,4.771,0,0,418430976,0,5,1,cloister
97.86,12.715,0.913,0.0,12.032,1.092,171,588471,255,24.505,0.31,4.773,0,0,418430976,0,5,1,cloister
97.872,12.413,1.078,0.0,12.032,1.092,171,588471,255,24.46,0.31,4.775,0,0,418430976,0,5,1,cloister
97.885,11.477,0.879,0.0,12.032,1.092,171,588471,255,24.415,0.31,4.777,0,0,418430976,0,5,1,cloister
97.897,11.957,0.96,0.0,12.032,1.092,171,588471,255,24.415,0.31,4.777,0,0,418430976,0,5,1,cloister
97.909,12.838,0.412,0.0,12.032,1.092,171,588471,255,24.37,0.31,4.78,0,0,418430976,0,5,1,cloister
97.921,12.236,0.337,0.0,12.032,1.092,171,588471,255,24.325,0.31,4.782,0,0,418430976,0,5,1,cloister
97.934,12.073,0.536,0.0,12.032,1.092,171,588471,255,24.28,0.31,4.784,0,0,418430976,0,5,1,cloister
97.946,11.879,0.322,0.0,12.032,1.092,172,588473,256,24.28,0.31,4.784,0,0,418430976,0,5,1,cloister
97.958,13.003,0.337,0.0,12.032,1.092,172,588473,256,24.235,0.31,4.787,0,0,418430976,0,5,1,cloister
97.971,12.065,0.501,0.0,12.032,1.092,172,588473,256,24.19,0.31,4.789,0,0,418430976,0,5,1,cloister
97.983,11.758,0.334,0.0,12.032,1.092,172,588473,256,24.19,0.31,4.789,0,0,418430976,0,5,1,cloister
97.995,12.808,0.346,0.0,12.032,1.092,172,588473,256,24.145,0.31,4.791,0,0,418430976,0,5,1,cloister
98.007,12.209,0.323,0.0,12.032,1.092,172,588473,256,24.1,0.31,4.793,0,0,418430976,0,5,1,cloister
98.02,12.261,0.323,0.0,12.032,1.092,172,588473,256,24.055,0.31,4.796,0,0,418430976,0,5,1,cloister
98.032,11.79,0.331,0.0,12.032,1.092,172,588473,256,24.055,0.31,4.796,0,0,418430976,0,5,1,cloister
98.044,13.569,0.331,0.0,12.032,1.092,172,588473,256,24.01,0.31,4.798,0,0,418430976,0,5,1,cloister
98.057,12.405,0.412,0.0,12.032,1.092,172,588473,256,23.966,0.31,4.8,0,0,418430976,0,5,1,cloister
98.069,12.548,1.048,0.0,12.032,1.092,172,588473,256,23.921,0.31,4.803,0,0,418430976,0,5,1,cloister
98.081,11.315,1.111,0.0,12.032,1.092,172,588473,256,23.921,0.31,4.803,0,0,418430976,0,5,1,cloister
98.094,12.925,0.968,0.0,12.032,1.092,172,588473,256,23.876,0.31,4.805,0,0,418430976,0,5,1,cloister
98.106,12.611,0.932,0.0,12.032,1.092,172,588473,256,23.831,0.31,4.807,0,0,418430976,0,5,1,cloister
98.118,12.155,0.513,0.0,12.032,1.092,172,588473,256,23.786,0.31,4.809,0,0,418430976,0,5,1,cloister
98.131,11.842,0.968,0.0,12.032,1.092,172,588473,256,23.786,0.31,4.809,0,0,418430976,0,5,1,cloister
98.143,12.965,0.905,0.0,12.032,1.092,172,588473,256,23.741,0.31,4.812,0,0,418430976,0,5,1,cloister
98.155,12.101,1.05,0.0,12.032,1.092,172,588473,256,23.696,0.31,4.814,0,0,418430976,0,5,1,cloister
98.168,12.325,1.135,0.0,12.032,1.092,172,588473,256,23.651,0.31,4.816,0,0,418430976,0,5,1,cloister
98.18,12.095,0.868,0.0,12.032,1.092,172,588473,256,23.651,0.31,4.816,0,0,418430976,0,5,1,cloister
98.193,12.898,0.986,0.0,12.032,1.092,172,588473,256,23.606,0.31,4.818,0,0,418430976,0,5,1,cloister
98.205,12.502,0.935,0.0,12.032,1.092,172,588473,256,23.561,0.31,4.821,0,0,418430976,0,5,1,cloister
98.217,13.018,0.905,0.0,12.032,1.092,172,588473,256,23.516,0.31,4.823,0,0,418430976,0,5,1,cloister
98.23,10.917,1.167,0.0,12.032,1.092,172,588473,256,23.516,0.31,4.823,0,0,418430976,0,5,1,cloister
98.242,13.065,0.832,0.0,14.832,1.388,172,588473,256,23.471,0.31,4.825,0,0,418430976,0,5,1,cloister
98.254,12.295,0.881,0.0,14.832,1.388,172,588473,256,23.426,0.31,4.828,0,0,418430976,0,5,1,cloister
98.267,11.691,1.025,0.0,14.832,1.388,172,588473,256,23.426,0.31,4.828,0,0,418430976,0,5,1,cloister
98.279,12.917,1.026,0.0,14.832,1.388,172,588473,256,23.381,0.31,4.83,0,0,418430976,0,5,1,cloister
98.291,13.089,0.956,0.0,14.832,1.388,172,588473,256,23.336,0.31,4.832,0,0,418430976,0,5,1,cloister
98.304,12.675,1.122,0.0,14.832,1.388,172,588473,256,23.291,0.31,4.834,0,0,418430976,0,5,1,cloister
98.316,12.205,1.141,0.0,14.832,1.388,172,588473,256,23.291,0.31,4.834,0,0,418430976,0,5,1,cloister
98.329,13.295,0.821,0.0,14.832,1.388,172,588473,256,23.246,0.31,4.837,0,0,418430976,0,5,1,cloister
98.341,11.41,0.941,0.0,14.832,1.388,172,588473,256,23.202,0.31,4.839,0,0,418430976,0,5,1,cloister
98.354,13.024,1.005,0.0,14.832,1.388,172,588473,256,23.157,0.31,4.841,0,0,418430976,0,5,1,cloister
98.366,12.099,0.391,0.0,14.832,1.388,172,588473,256,23.157,0.31,4.841,0,0,418430976,0,5,1,cloister
98.379,12.818,1.094,0.0,14.832,1.388,172,588473,256,23.112,0.31,4.843,0,0,418430976,0,5,1,cloister
98.391,12.657,0.976,0.0,14.832,1.388,172,588473,256,23.067,0.31,4.846,0,0,418430976,0,5,1,cloister
98.404,12.206,0.972,0.0,14.832,1.388,172,588473,256,23.022,0.31,4.848,0,0,418430976,0,5,1,cloister
98.416,11.567,1.164,0.0,14.832,1.388,172,588473,256,23.022,0.31,4.848,0,0,418430976,0,5,1,cloister
98.429,15.052,1.099,0.0,14.832,1.388,172,588473,256,22.977,0.31,4.85,0,0,418430976,0,5,1,cloister
98.441,10.053,0.475,0.0,14.832,1.388,172,588473,256,22.932,0.31,4.852,0,0,418430976,0,5,1,cloister
98.453,12.406,0.888,0.0,14.832,1.388,172,588473,256,22.887,0.31,4.855,0,0,418430976,0,5,1,cloister
98.466,11.356,0.978,0.0,14.832,1.388,172,588473,256,22.887,0.31,4.855,0,0,418430976,0,5,1,cloister
98.478,12.62,1.042,0.0,14.832,1.388,172,588473,256,22.842,0.31,4.857,0,0,418430976,0,5,1,cloister
98.49,12.091,0.964,0.0,14.832,1.388,172,588473,256,22.797,0.31,4.859,0,0,418430976,0,5,1,cloister
98.502,12.173,0.913,0.0,14.832,1.388,172,588473,256,22.752,0.31,4.862,0,0,418430976,0,5,1,cloister
98.514,11.653,1.464,0.0,14.832,1.388,172,588473,256,22.752,0.31,4.862,0,0,418430976,0,5,1,cloister
98.526,12.763,1.024,0.0,14.832,1.388,172,588473,256,22.707,0.31,4.864,0,0,418430976,0,5,1,cloister
98.538,12.419,0.99,0.0,14.832,1.388,171,584469,255,22.662,0.31,4.866,0,0,418430976,0,5,1,cloister
98.551,11.889,1.048,0.0,14.832,1.388,171,584469,255,22.617,0.31,4.868,0,0,418430976,0,5,1,cloister
98.563,11.16,1.036,0.0,14.832,1.388,171,584469,255,22.617,0.31,4.868,0,0,418430976,0,5,1,cloister
98.575,13.313,0.936,0.0,14.832,1.388,171,584469,255,22.572,0.31,4.871,0,0,418430976,0,5,1,cloister
98.587,12.026,0.459,0.0,14.832,1.388,170,582377,254,22.527,0.31,4.873,0,0,418430976,0,5,1,cloister
98.599,11.834,0.997,0.0,14.832,1.388,170,582377,254,22.527,0.31,4.873,0,0,418430976,0,5,1,cloister
98.612,13.048,0.943,0.0,14.832,1.388,170,582377,254,22.482,0.31,4.875,0,0,418430976,0,5,1,cloister
98.624,11.258,0.979,0.0,14.832,1.388,169,580285,253,22.437,0.31,4.877,0,0,418430976,0,5,1,cloister
98.636,12.351,1.219,0.0,14.832,1.388,169,580285,253,22.393,0.31,4.88,0,0,418430976,0,5,1,cloister
98.648,11.727,0.38,0.0,14.832,1.388,169,580285,253,22.393,0.31,4.88,0,0,418430976,0,5,1,cloister
98.661,13.025,0.317,0.0,14.832,1.388,169,580285,253,22.348,0.31,4.882,0,0,418430976,0,5,1,cloister
98.673,13.391,0.378,0.0,14.832,1.388,169,580285,253,22.303,0.31,4.884,0,0,418430976,0,5,1,cloister
98.685,11.59,0.445,0.0,14.832,1.388,169,580285,253,22.258,0.31,4.886,0,0,418430976,0,5,1,cloister
98.697,11.63,1.033,0.0,14.832,1.388,169,580285,253,22.258,0.31,4.886,0,0,418430976,0,5,1,cloister
98.71,12.758,1.104,0.0,14.832,1.388,169,580285,253,22.213,0.31,4.889,0,0,418430976,0,5,1,cloister
98.722,12.577,1.305,0.0,14.832,1.388,169,580285,253,22.168,0.31,4.891,0,0,418430976,0,5,1,cloister
98.734,12.157,0.973,0.0,14.832,1.388,169,580285,253,22.123,0.31,4.893,0,0,418430976,0,5,1,cloister
98.747,11.607,1.456,0.0,14.832,1.388,169,580285,253,22.123,0.31,4.893,0,0,418430976,0,5,1,cloister
98.759,12.92,0.951,0.0,14.832,1.388,169,580285,253,22.078,0.31,4.895,0,0,418430976,0,5,1,cloister
98.771,12.606,0.859,0.0,14.832,1.388,169,580285,253,22.033,0.31,4.898,0,0,418430976,0,5,1,cloister
98.783,11.87,1.048,0.0,14.832,1.388,169,580285,253,21.988,0.31,4.9,0,0,418430976,0,5,1,cloister
98.796,11.786,1.005,0.0,14.832,1.388,169,580285,253,21.988,0.31,4.9,0,0,418430976,0,5,1,cloister
98.808,12.929,1.087,0.0,14.832,1.388,165,580165,193,21.943,0.31,4.902,0,0,418430976,0,5,1,cloister
98.82,12.243,0.935,0.0,14.832,1.388,165,580165,193,21.898,0.31,4.904,0,0,418430976,0,5,1,cloister
98.833,11.873,0.903,0.0,14.832,1.388,165,580165,193,21.898,0.31,4.904,0,0,418430976,0,5,1,cloister
98.845,13.018,0.881,0.0,14.832,1.388,165,580165,193,21.853,0.31,4.907,0,0,418430976,0,5,1,cloister
98.857,11.892,0.945,0.0,14.832,1.388,165,580165,193,21.808,0.31,4.909,0,0,418430976,0,5,1,cloister
98.869,11.904,1.238,0.0,14.832,1.388,165,580165,193,21.763,0.31,4.911,0,0,418430976,0,5,1,cloister
98.882,12.083,1.004,0.0,14.832,1.388,165,580165,193,21.763,0.31,4.911,0,0,418430976,0,5,1,cloister
98.894,12.91,0.618,0.0,14.832,1.388,165,580165,193,21.718,0.31,4.914,0,0,418430976,0,5,1,cloister
98.906,12.552,0.838,0.0,14.832,1.388,165,580165,193,21.673,0.31,4.916,0,0,418430976,0,5,1,cloister
98.919,12.032,1.008,0.0,14.832,1.388,165,580165,193,21.629,0.31,4.918,0,0,418430976,0,5,1,cloister
98.931,11.516,0.986,0.0,14.832,1.388,165,580165,193,21.629,0.31,4.918,0,0,418430976,0,5,1,cloister
98.943,13.027,0.895,0.0,14.832,1.388,165,580165,193,21.584,0.31,4.92,0,0,418430976,0,5,1,cloister
98.955,12.315,0.581,0.0,14.832,1.388,165,580165,193,21.539,0.31,4.923,0,0,418430976,0,5,1,cloister
98.968,12.089,1.187,0.0,14.832,1.388,165,580165,193,21.494,0.31,4.925,0,0,418430976,0,5,1,cloister
98.98,11.625,0.972,0.0,14.832,1.388,165,580165,193,21.494,0.31,4.925,0,0,418430976,0,5,1,cloister
98.992,12.245,0.911,0.0,14.832,1.388,165,580165,193,21.449,0.31,4.927,0,0,418430976,0,5,1,cloister
99.004,12.223,0.474,0.0,14.832,1.388,165,580165,193,21.404,0.31,4.929,0,0,418430976,0,5,1,cloister
99.016,11.603,0.561,0.0,14.832,1.388,165,580165,193,21.404,0.31,4.929,0,0,418430976,0,5,1,cloister
99.028,12.148,0.477,0.0,14.832,1.388,165,580165,193,21.359,0.31,4.932,0,0,418430976,0,5,1,cloister
99.041,12.334,0.437,0.0,14.832,1.388,165,580165,193,21.314,0.31,4.934,0,0,418430976,0,5,1,cloister
99.053,12.229,0.196,0.0,14.832,1.388,165,580165,193,21.269,0.31,4.936,0,0,418430976,0,5,1,cloister
99.065,12.793,0.284,0.0,14.832,1.388,165,580165,193,21.269,0.31,4.936,0,0,418430976,0,5,1,cloister
99.077,12.485,0.387,0.0,14.832,1.388,165,580165,193,21.224,0.31,4.938,0,0,418430976,0,5,1,cloister
99.089,11.695,1.256,0.0,14.832,1.388,165,580165,193,21.179,0.31,4.941,0,0,418430976,0,5,1,cloister
99.102,12.701,0.86,0.0,14.832,1.388,165,580165,193,21.134,0.31,4.943,0,0,418430976,0,5,1,cloister
99.114,11.629,0.557,0.0,14.832,1.388,165,580165,193,21.134,0.31,4.943,0,0,418430976,0,5,1,cloister
99.126,12.957,1.265,0.0,14.832,1.388,165,580165,193,21.089,0.31,4.945,0,0,418430976,0,5,1,cloister
99.138,11.791,0.901,0.0,14.832,1.388,165,580165,193,21.044,0.31,4.947,0,0,418430976,0,5,1,cloister
99.15,11.534,1.011,0.0,14.832,1.388,165,580165,193,20.999,0.31,4.95,0,0,418430976,0,5,1,cloister
99.162,12.186,1.05,0.0,14.832,1.388,165,580165,193,20.999,0.31,4.95,0,0,418430976,0,5,1,cloister
99.175,12.94,0.371,0.0,14.832,1.388,165,580165,193,20.954,0.31,4.952,0,0,418430976,0,5,1,cloister
99.187,12.085,0.948,0.0,14.832,1.388,165,580165,193,20.909,0.31,4.954,0,0,418430976,0,5,1,cloister
99.199,11.447,1.04,0.0,14.832,1.388,165,580165,193,20.909,0.31,4.954,0,0,418430976,0,5,1,cloister
99.211,12.886,1.113,0.0,14.832,1.388,165,580165,193,20.864,0.31,4.957,0,0,418430976,0,5,1,cloister
99.223,12.21,1.247,0.0,14.832,1.388,165,580165,193,20.82,0.31,4.959,0,0,418430976,0,5,1,cloister
99.236,12.313,1.007,0.0,14.832,1.388,165,580165,193,20.775,0.31,4.961,0,0,418430976,0,5,1,cloister
99.248,11.819,0.952,0.0,12.383,1.329,165,580165,193,20.775,0.31,4.961,0,0,418430976,0,5,1,cloister
99.26,12.698,0.996,0.0,12.383,1.329,165,580165,193,20.73,0.31,4.963,0,0,418430976,0,5,1,cloister
99.272,12.406,1.024,0.0,12.383,1.329,165,580165,193,20.685,0.31,4.966,0,0,418430976,0,5,1,cloister
99.285,11.682,1.038,0.0,12.383,1.329,165,580165,193,20.64,0.31,4.968,0,0,418430976,0,5,1,cloister
99.297,11.736,1.963,0.0,12.383,1.329,165,580165,193,20.64,0.31,4.968,0,0,418430976,0,5,1,cloister
99.309,12.831,0.303,0.0,12.383,1.329,165,580165,193,20.595,0.31,4.97,0,0,418430976,0,5,1,cloister
99.322,13.668,0.365,0.0,12.383,1.329,165,580165,193,20.55,0.31,4.972,0,0,418430976,0,5,1,cloister
99.334,11.41,0.418,0.0,12.383,1.329,165,580165,193,20.505,0.31,4.975,0,0,418430976,0,5,1,cloister
99.346,11.985,0.944,0.0,12.383,1.329,165,580165,193,20.505,0.31,4.975,0,0,418430976,0,5,1,cloister
99.359,13.081,0.61,0.0,12.383,1.329,165,580165,193,20.46,0.31,4.977,0,0,418430976,0,5,1,cloister
99.371,13.169,0.959,0.0,12.383,1.329,165,580165,193,20.415,0.31,4.979,0,0,418430976,0,5,1,cloister
99.384,12.272,1.052,0.0,12.383,1.329,165,580165,193,20.37,0.31,4.981,0,0,418430976,0,5,1,cloister
99.396,11.757,1.18,0.0,12.383,1.329,165,580165,193,20.37,0.31,4.981,0,0,418430976,0,5,1,cloister
99.409,12.987,1.006,0.0,12.383,1.329,165,580165,193,20.325,0.31,4.983,0,0,418430976,0,5,1,cloister
99.421,12.437,0.938,0.0,12.383,1.329,165,580165,193,20.28,0.31,4.985,0,0,418430976,0,5,1,cloister
99.434,12.455,1.019,0.0,12.383,1.329,165,580165,193,20.235,0.31,4.987,0,0,418430976,0,5,1,cloister
99.446,12.155,1.135,0.0,12.383,1.329,165,580165,193,20.235,0.31,4.987,0,0,418430976,0,5,1,cloister
99.459,13.466,0.464,0.0,12.383,1.329,165,580165,193,20.19,0.31,4.989,0,0,418430976,0,5,1,cloister
99.471,12.304,0.906,0.0,12.383,1.329,164,572555,192,20.145,0.31,4.991,0,0,418430976,0,5,1,cloister
99.484,12.72,0.931,0.0,12.383,1.329,164,572555,192,20.1,0.31,4.993,0,0,418430976,0,5,1,cloister
99.496,11.721,0.84,0.0,12.383,1.329,164,572555,192,20.1,0.31,4.993,0,0,418430976,0,5,1,cloister
99.509,12.566,0.818,0.0,12.383,1.329,164,572555,192,20.055,0.31,4.994,0,0,418430976,0,5,1,cloister
99.521,12.263,1.708,0.0,12.383,1.329,164,572555,192,20.01,0.31,4.996,0,0,418430976,0,5,1,cloister
99.533,12.662,1.029,0.0,12.383,1.329,164,572555,192,19.966,0.31,4.997,0,0,418430976,0,5,1,cloister
99.546,11.264,0.974,0.0,12.383,1.329,164,572555,192,19.966,0.31,4.997,0,0,418430976,0,5,1,cloister
99.558,13.085,1.083,0.0,12.383,1.329,164,572555,192,19.921,0.31,4.999,0,0,418430976,0,5,1,cloister
99.57,11.965,0.902,0.0,12.383,1.329,164,572555,192,19.876,0.31,5.0,0,0,418430976,0,5,1,cloister
99.583,11.756,1.081,0.0,12.383,1.329,164,572555,192,19.876,0.31,5.0,0,0,418430976,0,5,1,cloister
99.595,12.954,0.873,0.0,12.383,1.329,164,572555,192,19.831,0.31,5.001,0,0,418430976,0,5,1,cloister
99.607,12.328,0.927,0.0,12.383,1.329,164,572555,192,19.786,0.31,5.003,0,0,418430976,0,5,1,cloister
99.619,11.585,0.967,0.0,12.383,1.329,164,572555,192,19.741,0.31,5.004,0,0,418430976,0,5,1,cloister
99.632,12.378,0.617,0.0,12.383,1.329,164,572555,192,19.741,0.31,5.004,0,0,418430976,0,5,1,cloister
99.644,12.945,0.362,0.0,12.383,1.329,164,572555,192,19.696,0.31,5.005,0,0,418430976,0,5,1,cloister
99.656,12.132,1.061,0.0,12.383,1.329,164,572555,192,19.651,0.31,5.006,0,0,418430976,0,5,1,cloister
99.669,11.779,1.163,0.0,12.383,1.329,164,572555,192,19.606,0.31,5.007,0,0,418430976,0,5,1,cloister
99.681,12.493,1.479,0.0,12.383,1.329,164,572555,192,19.606,0.31,5.007,0,0,418430976,0,5,1,cloister
99.693,13.108,0.401,0.0,12.383,1.329,164,572555,192,19.561,0.31,5.008,0,0,418430976,0,5,1,cloister
99.706,11.802,1.088,0.0,12.383,1.329,164,572555,192,19.516,0.31,5.009,0,0,418430976,0,5,1,cloister
99.718,12.18,0.962,0.0,12.383,1.329,165,572557,193,19.471,0.31,5.01,0,0,418430976,0,5,1,cloister
99.73,11.709,0.928,0.0,12.383,1.329,165,572557,193,19.471,0.31,5.01,0,0,418430976,0,5,1,cloister
99.742,12.821,0.85,0.0,12.383,1.329,165,572557,193,19.426,0.31,5.011,0,0,418430976,0,5,1,cloister
99.755,12.395,0.815,0.0,12.383,1.329,165,572557,193,19.381,0.31,5.012,0,0,418430976,0,5,1,cloister
99.767,11.453,1.091,0.0,12.383,1.329,165,572557,193,19.381,0.31,5.012,0,0,418430976,0,5,1,cloister
99.779,12.7,0.934,0.0,12.383,1.329,165,572557,193,19.336,0.31,5.013,0,0,418430976,0,5,1,cloister
99.791,12.147,0.921,0.0,12.383,1.329,165,572557,193,19.291,0.31,5.014,0,0,418430976,0,5,1,cloister
99.803,12.249,0.977,0.0,12.383,1.329,165,573757,193,19.246,0.31,5.015,0,0,418430976,0,5,1,cloister
99.815,11.57,0.949,0.0,12.383,1.329,165,573757,193,19.246,0.31,5.015,0,0,418430976,0,5,1,cloister
99.827,12.72,0.893,0.0,12.383,1.329,165,573757,193,19.201,0.31,5.016,0,0,418430976,0,5,1,cloister
99.84,12.186,0.922,0.0,12.383,1.329,164,573721,192,19.156,0.31,5.017,0,0,418430976,0,5,1,cloister
99.852,12.436,1.082,0.0,12.383,1.329,164,573721,192,19.111,0.31,5.017,0,0,418430976,0,5,1,cloister
99.864,11.442,0.974,0.0,12.383,1.329,164,573721,192,19.111,0.31,5.017,0,0,418430976,0,5,1,cloister
99.876,12.866,0.885,0.0,12.383,1.329,164,573721,192,19.066,0.31,5.018,0,0,418430976,0,5,1,cloister
99.888,12.456,0.878,0.0,12.383,1.329,163,573685,191,19.021,0.31,5.019,0,0,418430976,0,5,1,cloister
99.901,11.894,1.003,0.0,12.383,1.329,163,573685,191,18.976,0.31,5.02,0,0,418430976,0,5,1,cloister
99.913,11.747,1.087,0.0,12.383,1.329,163,573685,191,18.976,0.31,5.02,0,0,418430976,0,5,1,cloister
99.925,12.455,0.936,0.0,12.383,1.329,163,573685,191,18.931,0.31,5.02,0,0,418430976,0,5,1,cloister
99.937,12.088,1.116,0.0,12.383,1.329,163,573685,191,18.886,0.31,5.021,0,0,418430976,0,5,1,cloister
99.949,11.538,0.896,0.0,12.383,1.329,163,573685,191,18.886,0.31,5.021,0,0,418430976,0,5,1,cloister
99.961,11.738,0.646,0.0,12.383,1.329,163,573685,191,18.841,0.31,5.022,0,0,418430976,0,5,1,cloister
99.974,11.96,1.195,0.0,12.383,1.329,163,573685,191,18.796,0.31,5.023,0,0,418430976,0,5,1,cloister
99.986,12.644,0.338,0.0,12.383,1.329,163,573729,191,18.751,0.31,5.023,0,0,418430976,0,5,1,cloister
99.998,11.171,0.398,0.0,12.383,1.329,163,573729,191,18.751,0.31,5.023,0,0,418430976,0,5,1,cloister
100.01,12.043,0.942,0.0,12.383,1.329,163,573729,191,18.706,0.31,5.024,0,0,418430976,0,5,1,cloister
100.022,11.832,0.856,0.0,12.383,1.329,163,573729,191,18.661,0.31,5.025,0,0,418430976,0,5,1,cloister
100.034,12.026,0.339,0.0,12.383,1.329,163,573729,191,18.616,0.31,5.026,0,0,418430976,0,5,1,cloister
100.046,11.176,0.369,0.0,12.383,1.329,163,573729,191,18.616,0.31,5.026,0,0,418430976,0,5,1,cloister
100.058,12.482,0.394,0.0,12.383,1.329,163,573729,191,18.571,0.31,5.026,0,0,418430976,0,5,1,cloister
100.07,12.276,0.383,0.0,12.383,1.329,163,573729,191,18.526,0.31,5.027,0,0,418430976,0,5,1,cloister
100.083,11.375,0.441,0.0,12.383,1.329,163,573729,191,18.526,0.31,5.027,0,0,418430976,0,5,1,cloister
100.095,12.534,0.774,0.0,12.383,1.329,163,573729,191,18.481,0.31,5.028,0,0,418430976,0,5,1,cloister
100.107,11.758,0.966,0.0,12.383,1.329,163,573729,191,18.436,0.31,5.028,0,0,418430976,0,5,1,cloister
100.119,12.004,0.939,0.0,12.383,1.329,163,573729,191,18.391,0.31,5.029,0,0,418430976,0,5,1,cloister
100.131,11.365,0.943,0.0,12.383,1.329,163,573729,191,18.391,0.31,5.029,0,0,418430976,0,5,1,cloister
100.143,12.453,1.094,0.0,12.383,1.329,163,573729,191,18.346,0.31,5.03,0,0,418430976,0,5,1,cloister
100.155,12.116,0.922,0.0,12.383,1.329,163,573729,191,18.301,0.31,5.031,0,0,418430976,0,5,1,cloister
100.167,12.191,0.906,0.0,12.383,1.329,163,573729,191,18.256,0.31,5.031,0,0,418430976,0,5,1,cloister
100.18,10.945,1.045,0.0,12.383,1.329,162,573693,190,18.256,0.31,5.031,0,0,418430976,0,5,1,cloister
100.192,12.409,0.997,0.0,12.383,1.329,162,573693,190,18.211,0.31,5.032,0,0,418430976,0,5,1,cloister
100.204,12.134,0.814,0.0,12.383,1.329,162,573693,190,18.166,0.31,5.033,0,0,418430976,0,5,1,cloister
100.216,11.417,0.886,0.0,12.383,1.329,161,573657,189,18.166,0.31,5.033,0,0,418430976,0,5,1,cloister
100.228,12.109,1.057,0.0,12.383,1.329,161,573657,189,18.121,0.31,5.033,0,0,418430976,0,5,1,cloister
100.24,12.399,1.308,0.0,12.383,1.329,161,573657,189,18.076,0.31,5.034,0,0,418430976,0,5,1,cloister
100.252,11.759,0.863,0.0,12.668,1.123,161,573657,189,18.031,0.31,5.035,0,0,418430976,0,5,1,cloister
100.264,11.238,0.968,0.0,12.668,1.123,161,573657,189,18.031,0.31,5.035,0,0,418430976,0,5,1,cloister
100.277,12.941,0.998,0.0,12.668,1.123,161,573657,189,17.986,0.31,5.035,0,0,418430976,0,5,1,cloister
100.289,10.841,0.921,0.0,12.668,1.123,161,573657,189,17.941,0.31,5.036,0,0,418430976,0,5,1,cloister
100.301,11.934,2.349,0.0,12.668,1.123,161,573657,189,17.896,0.31,5.037,0,0,418430976,0,5,1,cloister
100.313,11.419,0.367,0.0,12.668,1.123,160,573577,188,17.896,0.31,5.037,0,0,418430976,0,5,1,cloister
100.325,12.545,0.312,0.0,12.668,1.123,160,573577,188,17.851,0.31,5.037,0,0,418430976,0,5,1,cloister
100.337,13.018,0.325,0.0,12.668,1.123,160,573577,188,17.806,0.31,5.038,0,0,418430976,0,5,1,cloister
100.349,10.691,0.384,0.0,12.668,1.123,160,573577,188,17.806,0.31,5.038,0,0,418430976,0,5,1,cloister
100.361,12.694,0.996,0.0,12.668,1.123,160,573577,188,17.761,0.31,5.039,0,0,418430976,0,5,1,cloister
100.374,12.175,0.834,0.0,12.668,1.123,160,573577,188,17.716,0.31,5.039,0,0,418430976,0,5,1,cloister
100.386,11.385,1.013,0.0,12.668,1.123,160,573577,188,17.671,0.31,5.04,0,0,418430976,0,5,1,cloister
100.398,11.431,0.951,0.0,12.668,1.123,160,573577,188,17.671,0.31,5.04,0,0,418430976,0,5,1,cloister
100.41,12.639,0.829,0.0,12.668,1.123,160,573577,188,17.626,0.31,5.041,0,0,418430976,0,5,1,cloister
100.422,11.901,0.799,0.0,12.668,1.123,159,573541,187,17.581,0.31,5.041,0,0,418430976,0,5,1,cloister
100.434,13.272,1.0,0.0,12.668,1.123,159,573541,187,17.536,0.31,5.042,0,0,418430976,0,5,1,cloister
100.446,10.58,0.793,0.0,12.668,1.123,158,573421,186,17.536,0.31,5.042,0,0,418430976,0,5,1,cloister
100.458,14.047,0.93,0.0,12.668,1.123,158,573421,186,17.491,0.31,5.043,0,0,418430976,0,5,1,cloister
100.47,11.822,0.547,0.0,12.668,1.123,158,573421,186,17.446,0.31,5.043,0,0,418430976,0,5,1,cloister
100.483,11.613,1.042,0.0,12.668,1.123,158,573421,186,17.446,0.31,5.043,0,0,418430976,0,5,1,cloister
100.495,12.343,0.995,0.0,12.668,1.123,158,573421,186,17.401,0.31,5.044,0,0,418430976,0,5,1,cloister
100.507,12.377,0.829,0.0,12.668,1.123,158,573421,186,17.356,0.31,5.045,0,0,418430976,0,5,1,cloister
100.519,12.326,0.474,0.0,12.668,1.123,158,573421,186,17.311,0.31,5.045,0,0,418430976,0,5,1,cloister
100.531,11.164,0.88,0.0,12.668,1.123,158,573421,186,17.311,0.31,5.045,0,0,418430976,0,5,1,cloister
100.543,12.646,0.987,0.0,12.668,1.123,158,573421,186,17.266,0.31,5.046,0,0,418430976,0,5,1,cloister
100.555,12.391,0.951,0.0,12.668,1.123,159,573445,187,17.221,0.31,5.047,0,0,418430976,0,5,1,cloister
100.567,10.633,1.145,0.0,12.668,1.123,159,573445,187,17.176,0.31,5.047,0,0,418430976,0,5,1,cloister
100.58,11.316,1.753,0.0,12.668,1.123,159,573445,187,17.176,0.31,5.047,0,0,418430976,0,5,1,cloister
100.591,12.234,0.36,0.0,12.668,1.123,159,573445,187,17.131,0.31,5.048,0,0,418430976,0,5,1,cloister
100.603,11.805,0.387,0.0,12.668,1.123,159,573445,187,17.086,0.31,5.049,0,0,418430976,0,5,1,cloister
100.615,12.455,0.364,0.0,12.668,1.123,159,573445,187,17.086,0.31,5.049,0,0,418430976,0,5,1,cloister
100.627,11.929,0.465,0.0,12.668,1.123,159,573445,187,17.041,0.31,5.049,0,0,418430976,0,5,1,cloister
100.639,12.066,1.661,0.0,12.668,1.123,159,573445,187,16.996,0.31,5.05,0,0,418430976,0,5,1,cloister
100.651,11.934,0.919,0.0,12.668,1.123,159,573445,187,16.951,0.31,5.051,0,0,418430976,0,5,1,cloister
100.663,11.542,1.04,0.0,12.668,1.123,159,573445,187,16.951,0.31,5.051,0,0,418430976,0,5,1,cloister
100.675,12.457,1.008,0.0,12.668,1.123,159,573445,187,16.906,0.31,5.051,0,0,418430976,0,5,1,cloister
100.687,12.242,1.125,0.0,12.668,1.123,158,573365,186,16.861,0.31,5.052,0,0,418430976,0,5,1,cloister
100.699,11.766,0.935,0.0,12.668,1.123,158,573365,186,16.861,0.31,5.052,0,0,418430976,0,5,1,cloister
100.711,13.233,0.973,0.0,12.668,1.123,158,573365,186,16.816,0.31,5.053,0,0,418430976,0,5,1,cloister
100.723,11.928,1.118,0.0,12.668,1.123,157,573329,185,16.771,0.31,5.053,0,0,418430976,0,5,1,cloister
100.735,12.377,1.134,0.0,12.668,1.123,157,573329,185,16.726,0.31,5.054,0,0,418430976,0,5,1,cloister
100.747,11.614,0.477,0.0,12.668,1.123,157,573329,185,16.726,0.31,5.054,0,0,418430976,0,5,1,cloister
100.758,12.395,0.852,0.0,12.668,1.123,157,573329,185,16.681,0.31,5.055,0,0,418430976,0,5,1,cloister
100.77,11.932,0.95,0.0,12.668,1.123,157,573329,185,16.636,0.31,5.055,0,0,418430976,0,5,1,cloister
100.782,11.478,0.928,0.0,12.668,1.123,156,573327,184,16.636,0.31,5.055,0,0,418430976,0,5,1,cloister
100.794,12.576,0.893,0.0,12.668,1.123,156,573327,184,16.591,0.31,5.056,0,0,418430976,0,5,1,cloister
100.806,11.993,1.245,0.0,12.668,1.123,155,573247,183,16.546,0.31,5.057,0,0,418430976,0,5,1,cloister
100.818,12.151,0.928,0.0,12.668,1.123,154,573211,182,16.501,0.31,5.057,0,0,418430976,0,5,1,cloister
100.83,11.419,0.529,0.0,12.668,1.123,154,573211,182,16.501,0.31,5.057,0,0,418430976,0,5,1,cloister
100.842,12.566,0.887,0.0,12.668,1.123,154,573211,182,16.456,0.31,5.058,0,0,418430976,0,5,1,cloister
100.854,12.213,0.868,0.0,12.668,1.123,154,573211,182,16.411,0.31,5.059,0,0,418430976,0,5,1,cloister
100.866,11.481,0.889,0.0,12.668,1.123,154,573211,182,16.411,0.31,5.059,0,0,418430976,0,5,1,cloister
100.878,12.737,0.977,0.0,12.668,1.123,154,573211,182,16.366,0.31,5.059,0,0,418430976,0,5,1,cloister
100.889,11.706,0.877,0.0,12.668,1.123,154,573211,182,16.321,0.31,5.06,0,0,418430976,0,5,1,cloister
100.901,12.359,1.024,0.0,12.668,1.123,154,573211,182,16.276,0.31,5.061,0,0,418430976,0,5,1,cloister
100.913,11.24,0.483,0.0,12.668,1.123,154,573211,182,16.276,0.31,5.061,0,0,418430976,0,5,1,cloister
100.925,12.511,1.007,0.0,12.668,1.123,154,573211,182,16.231,0.31,5.061,0,0,418430976,0,5,1,cloister
100.937,12.041,0.852,0.0,12.668,1.123,153,573209,181,16.186,0.31,5.062,0,0,418430976,0,5,1,cloister
100.949,11.504,0.941,0.0,12.668,1.123,152,573089,180,16.186,0.31,5.062,0,0,418430976,0,5,1,cloister
100.961,12.526,0.908,0.0,12.668,1.123,152,573089,180,16.141,0.31,5.063,0,0,418430976,0,5,1,cloister
100.973,11.448,0.855,0.0,12.668,1.123,152,573089,180,16.096,0.31,5.063,0,0,418430976,0,5,1,cloister
100.985,12.056,0.844,0.0,12.668,1.123,151,573001,179,16.051,0.31,5.064,0,0,418430976,0,5,1,cloister
100.997,11.495,0.355,0.0,12.668,1.123,151,573001,179,16.051,0.31,5.064,0,0,418430976,0,5,1,cloister
101.008,12.979,0.871,0.0,12.668,1.123,151,573001,179,16.006,0.31,5.065,0,0,418430976,0,5,1,cloister
101.02,11.826,0.941,0.0,12.668,1.123,151,573001,179,15.961,0.31,5.065,0,0,418430976,0,5,1,cloister
101.032,10.961,0.439,0.0,12.668,1.123,150,572881,178,15.961,0.31,5.065,0,0,418430976,0,5,1,cloister
101.044,12.472,0.921,0.0,12.668,1.123,150,572881,178,15.916,0.31,5.066,0,0,418430976,0,5,1,cloister
101.056,11.71,0.39,0.0,12.668,1.123,150,572881,178,15.871,0.31,5.067,0,0,418430976,0,5,1,cloister
101.068,12.691,0.342,0.0,12.668,1.123,150,572881,178,15.826,0.31,5.067,0,0,418430976,0,5,1,cloister
101.08,11.265,0.409,0.0,12.668,1.123,149,580657,177,15.826,0.31,5.067,0,0,418430976,0,5,1,cloister
101.092,12.795,0.959,0.0,12.668,1.123,149,580657,177,15.781,0.31,5.068,0,0,418430976,0,5,1,cloister
101.104,11.177,0.918,0.0,12.668,1.123,149,580657,177,15.736,0.31,5.069,0,0,418430976,0,5,1,cloister
101.116,11.643,0.885,0.0,12.668,1.123,148,580333,176,15.736,0.31,5.069,0,0,418430976,0,5,1,cloister
101.128,12.503,0.879,0.0,12.668,1.123,148,580333,176,15.691,0.31,5.069,0,0,418430976,0,5,1,cloister
101.139,11.979,1.025,0.0,12.668,1.123,145,580041,173,15.646,0.31,5.07,0,0,418430976,0,5,1,cloister
101.151,11.507,1.098,0.0,12.668,1.123,145,580041,173,15.601,0.31,5.071,0,0,418430976,0,5,1,cloister
101.163,11.675,0.891,0.0,12.668,1.123,145,580041,173,15.601,0.31,5.071,0,0,418430976,0,5,1,cloister
101.175,12.31,0.427,0.0,12.668,1.123,145,580041,173,15.556,0.31,5.071,0,0,418430976,0,5,1,cloister
101.187,11.873,0.937,0.0,12.668,1.123,145,580041,173,15.511,0.31,5.072,0,0,418430976,0,5,1,cloister
101.199,11.104,1.006,0.0,12.668,1.123,145,582141,173,15.511,0.31,5.072,0,0,418430976,0,5,1,cloister
101.211,12.453,0.561,0.0,12.668,1.123,145,582141,173,15.466,0.31,5.073,0,0,418430976,0,5,1,cloister
101.223,11.855,0.825,0.0,12.668,1.123,146,583546,174,15.421,0.31,5.073,0,0,418430976,0,5,1,cloister
101.235,11.847,0.904,0.0,12.668,1.123,146,583546,174,15.376,0.31,5.074,0,0,418430976,0,5,1,cloister
101.247,11.128,0.902,0.0,12.711,1.271,146,583546,174,15.376,0.31,5.074,0,0,418430976,0,5,1,cloister
101.258,12.325,0.983,0.0,12.711,1.271,146,583546,174,15.331,0.31,5.074,0,0,418430976,0,5,1,cloister
101.27,11.751,0.843,0.0,12.711,1.271,146,583546,174,15.286,0.31,5.075,0,0,418430976,0,5,1,cloister
101.282,11.215,0.893,0.0,12.711,1.271,147,583896,175,15.286,0.31,5.075,0,0,418430976,0,5,1,cloister
101.294,12.449,0.955,0.0,12.711,1.271,147,583896,175,15.241,0.31,5.076,0,0,418430976,0,5,1,cloister
101.306,11.917,1.056,0.0,12.711,1.271,147,583896,175,15.196,0.31,5.076,0,0,418430976,0,5,1,cloister
101.318,11.762,0.996,0.0,12.711,1.271,147,583896,175,15.151,0.31,5.077,0,0,418430976,0,5,1,cloister
101.33,11.467,0.904,0.0,12.711,1.271,147,583896,175,15.151,0.31,5.077,0,0,418430976,0,5,1,cloister
101.342,12.238,0.884,0.0,12.711,1.271,147,583896,175,15.106,0.31,5.078,0,0,418430976,0,5,1,cloister
101.354,12.029,0.843,0.0,12.711,1.271,147,583896,175,15.061,0.31,5.078,0,0,418430976,0,5,1,cloister
101.366,11.351,0.878,0.0,12.711,1.271,147,583896,175,15.061,0.31,5.078,0,0,418430976,0,5,1,cloister
101.378,12.512,0.918,0.0,12.711,1.271,147,583896,175,15.016,0.31,5.079,0,0,418430976,0,5,1,cloister
101.389,11.921,0.831,0.0,12.711,1.271,145,583848,173,14.971,0.31,5.08,0,0,418430976,0,5,1,cloister
101.401,11.946,0.937,0.0,12.711,1.271,145,583848,173,14.926,0.31,5.08,0,0,418430976,0,5,1,cloister
101.413,11.479,1.031,0.0,12.711,1.271,145,583848,173,14.926,0.31,5.08,0,0,418430976,0,5,1,cloister
101.425,12.56,0.971,0.0,12.711,1.271,145,583848,173,14.881,0.31,5.081,0,0,418430976,0,5,1,cloister
101.437,11.918,0.845,0.0,12.711,1.271,145,583848,173,14.836,0.31,5.082,0,0,418430976,0,5,1,cloister
101.449,11.373,0.922,0.0,12.711,1.271,145,583848,173,14.836,0.31,5.082,0,0,418430976,0,5,1,cloister
101.461,12.612,0.914,0.0,12.711,1.271,145,583848,173,14.791,0.31,5.082,0,0,418430976,0,5,1,cloister
101.473,11.98,0.5,0.0,12.711,1.271,145,583848,173,14.746,0.31,5.083,0,0,418430976,0,5,1,cloister
101.485,11.947,0.924,0.0,12.711,1.271,145,583848,173,14.701,0.31,5.084,0,0,418430976,0,5,1,cloister
101.497,16.425,0.893,0.0,12.711,1.271,145,585711,173,14.701,0.31,5.084,0,0,418430976,0,5,1,cloister
101.509,6.994,1.083,0.0,12.711,1.271,145,585711,173,14.656,0.31,5.084,0,0,418430976,0,5,1,cloister
101.521,12.236,0.462,0.0,12.711,1.271,145,585711,173,14.611,0.31,5.085,0,0,418430976,0,5,1,cloister
101.533,11.574,0.416,0.0,12.711,1.271,145,585711,173,14.611,0.31,5.085,0,0,418430976,0,5,1,cloister
101.544,12.412,0.397,0.0,12.711,1.271,145,585711,173,14.566,0.31,5.086,0,0,418430976,0,5,1,cloister
101.556,12.624,0.335,0.0,12.711,1.271,144,583019,172,14.521,0.31,5.086,0,0,418430976,0,5,1,cloister
101.568,12.193,0.427,0.0,12.711,1.271,144,583019,172,14.476,0.31,5.087,0,0,418430976,0,5,1,cloister
101.58,11.476,0.868,0.0,12.711,1.271,144,583019,172,14.476,0.31,5.087,0,0,418430976,0,5,1,cloister
101.592,12.397,0.929,0.0,12.711,1.271,144,583019,172,14.431,0.31,5.088,0,0,418430976,0,5,1,cloister
101.604,12.076,0.972,0.0,12.711,1.271,144,583019,172,14.386,0.31,5.088,0,0,418430976,0,5,1,cloister
101.616,11.292,0.923,0.0,12.711,1.271,144,583019,172,14.386,0.31,5.088,0,0,418430976,0,5,1,cloister
101.628,12.357,0.928,0.0,12.711,1.271,144,583019,172,14.341,0.31,5.089,0,0,418430976,0,5,1,cloister
101.64,11.913,0.875,0.0,12.711,1.271,144,583019,172,14.296,0.31,5.09,0,0,418430976,0,5,1,cloister
101.652,11.979,0.936,0.0,12.711,1.271,144,583019,172,14.251,0.31,5.09,0,0,418430976,0,5,1,cloister
101.663,11.237,0.95,0.0,12.711,1.271,145,583039,173,14.251,0.31,5.09,0,0,418430976,0,5,1,cloister
101.675,12.3,0.89,0.0,12.711,1.271,145,583039,173,14.206,0.31,5.091,0,0,418430976,0,5,1,cloister
101.687,11.67,0.843,0.0,12.711,1.271,145,583039,173,14.161,0.31,5.092,0,0,418430976,0,5,1,cloister
101.699,10.789,1.085,0.0,12.711,1.271,145,583039,173,14.161,0.31,5.092,0,0,418430976,0,5,1,cloister
101.711,12.813,1.282,0.0,12.711,1.271,145,583039,173,14.116,0.31,5.092,0,0,418430976,0,5,1,cloister
101.723,11.695,0.637,0.0,12.711,1.271,145,583039,173,14.071,0.31,5.093,0,0,418430976,0,5,1,cloister
101.735,11.708,0.867,0.0,12.711,1.271,145,583039,173,14.026,0.31,5.094,0,0,418430976,0,5,1,cloister
101.747,11.128,0.929,0.0,12.711,1.271,145,583039,173,14.026,0.31,5.094,0,0,418430976,0,5,1,cloister
101.759,12.148,0.909,0.0,12.711,1.271,145,583039,173,13.981,0.31,5.094,0,0,418430976,0,5,1,cloister
101.771,11.845,0.857,0.0,12.711,1.271,145,583039,173,13.936,0.31,5.095,0,0,418430976,0,5,1,cloister
101.783,10.476,1.005,0.0,12.711,1.271,145,583039,173,13.936,0.31,5.095,0,0,418430976,0,5,1,cloister
101.794,13.031,0.97,0.0,12.711,1.271,145,583039,173,13.891,0.31,5.096,0,0,418430976,0,5,1,cloister
101.806,11.471,0.433,0.0,12.711,1.271,145,583039,173,13.846,0.31,5.096,0,0,418430976,0,5,1,cloister
101.818,11.108,1.223,0.0,12.711,1.271,145,583039,173,13.801,0.31,5.097,0,0,418430976,0,5,1,cloister
101.83,11.973,1.008,0.0,12.711,1.271,146,583041,174,13.801,0.31,5.097,0,0,418430976,0,5,1,cloister
101.842,12.313,0.388,0.0,12.711,1.271,146,583041,174,13.756,0.31,5.098,0,0,418430976,0,5,1,cloister
101.854,11.513,0.842,0.0,12.711,1.271,146,583041,174,13.711,0.31,5.098,0,0,418430976,0,5,1,cloister
101.866,11.244,0.949,0.0,12.711,1.271,145,580973,173,13.711,0.31,5.098,0,0,418430976,0,5,1,cloister
101.878,12.1,0.923,0.0,12.711,1.271,145,580973,173,13.666,0.31,5.099,0,0,418430976,0,5,1,cloister
101.89,11.793,0.844,0.0,12.711,1.271,145,580973,173,13.621,0.31,5.1,0,0,418430976,0,5,1,cloister
101.902,11.573,0.894,0.0,12.711,1.271,145,580973,173,13.576,0.31,5.1,0,0,418430976,0,5,1,cloister
101.913,11.343,0.981,0.0,12.711,1.271,145,580973,173,13.576,0.31,5.1,0,0,418430976,0,5,1,cloister
101.925,12.66,0.864,0.0,12.711,1.271,145,580973,173,13.531,0.31,5.101,0,0,418430976,0,5,1,cloister
101.937,11.135,0.974,0.0,12.711,1.271,145,580973,173,13.486,0.31,5.102,0,0,418430976,0,5,1,cloister
101.949,11.443,0.949,0.0,12.711,1.271,146,581772,174,13.486,0.31,5.102,0,0,418430976,0,5,1,cloister
101.961,12.292,0.894,0.0,12.711,1.271,146,581772,174,13.441,0.31,5.102,0,0,418430976,0,5,1,cloister
101.973,11.428,0.945,0.0,12.711,1.271,146,581772,174,13.396,0.31,5.103,0,0,418430976,0,5,1,cloister
101.985,11.92,0.978,0.0,12.711,1.271,146,581772,174,13.351,0.31,5.104,0,0,418430976,0,5,1,cloister
101.997,11.713,0.324,0.0,12.711,1.271,146,581772,174,13.351,0.31,5.104,0,0,418430976,0,5,1,cloister
102.009,12.432,0.403,0.0,12.711,1.271,146,581772,174,13.306,0.31,5.104,0,0,418430976,0,5,1,cloister
102.02,11.723,0.902,0.0,12.711,1.271,146,581772,174,13.262,0.31,5.105,0,0,418430976,0,5,1,cloister
102.032,10.587,1.036,0.0,12.711,1.271,147,581774,175,13.262,0.31,5.105,0,0,418430976,0,5,1,cloister
102.044,13.048,0.941,0.0,12.711,1.271,147,581774,175,13.217,0.31,5.106,0,0,418430976,0,5,1,cloister
102.056,11.317,0.448,0.0,12.711,1.271,147,581774,175,13.172,0.31,5.106,0,0,418430976,0,5,1,cloister
102.068,11.788,0.982,0.0,12.711,1.271,147,581774,175,13.127,0.31,5.107,0,0,418430976,0,5,1,cloister
102.079,11.367,0.382,0.0,12.711,1.271,147,581774,175,13.127,0.31,5.107,0,0,418430976,0,5,1,cloister
102.091,12.974,0.414,0.0,12.711,1.271,147,581774,175,13.082,0.31,5.108,0,0,418430976,0,5,1,cloister
102.103,11.889,0.373,0.0,12.711,1.271,147,581774,175,13.037,0.31,5.108,0,0,418430976,0,5,1,cloister
102.115,11.306,0.821,0.0,12.711,1.271,147,581774,175,13.037,0.31,5.108,0,0,418430976,0,5,1,cloister
102.127,12.501,1.079,0.0,12.711,1.271,147,581774,175,12.992,0.31,5.109,0,0,418430976,0,5,1,cloister
102.139,11.98,0.921,0.0,12.711,1.271,147,581774,175,12.947,0.31,5.11,0,0,418430976,0,5,1,cloister
102.151,11.623,0.899,0.0,12.711,1.271,147,581774,175,12.902,0.31,5.11,0,0,418430976,0,5,1,cloister
102.163,11.239,1.007,0.0,12.711,1.271,147,581774,175,12.902,0.31,5.11,0,0,418430976,0,5,1,cloister
102.174,12.594,0.904,0.0,12.711,1.271,147,581774,175,12.857,0.31,5.111,0,0,418430976,0,5,1,cloister
102.186,11.486,0.952,0.0,12.711,1.271,147,581774,175,12.812,0.31,5.112,0,0,418430976,0,5,1,cloister
102.198,11.33,1.122,0.0,12.711,1.271,147,581774,175,12.812,0.31,5.112,0,0,418430976,0,5,1,cloister
102.21,12.354,0.887,0.0,12.711,1.271,147,581774,175,12.767,0.31,5.112,0,0,418430976,0,5,1,cloister
102.221,11.5,1.198,0.0,12.711,1.271,147,581774,175,12.722,0.31,5.113,0,0,418430976,0,5,1,cloister
102.233,10.722,1.052,0.0,12.711,1.271,147,581774,175,12.722,0.31,5.113,0,0,418430976,0,5,1,cloister
102.245,13.878,0.861,0.0,12.711,1.271,147,581774,175,12.677,0.31,5.114,0,0,418430976,0,5,1,cloister
102.256,10.159,0.427,0.0,16.193,1.723,147,581774,175,12.632,0.31,5.114,0,0,418430976,0,5,1,cloister
102.268,12.0,1.24,0.0,16.193,1.723,147,581774,175,12.587,0.31,5.115,0,0,418430976,0,5,1,cloister
102.28,11.579,0.55,0.0,16.193,1.723,147,581774,175,12.587,0.31,5.115,0,0,418430976,0,5,1,cloister
102.291,10.993,0.899,0.0,16.193,1.723,147,581774,175,12.542,0.31,5.116,0,0,418430976,0,5,1,cloister
102.303,11.655,2.172,0.0,16.193,1.723,147,581774,175,12.497,0.31,5.116,0,0,418430976,0,5,1,cloister
102.314,10.961,0.358,0.0,16.193,1.723,147,581774,175,12.497,0.31,5.116,0,0,418430976,0,5,1,cloister
102.326,13.573,0.355,0.0,16.193,1.723,147,581774,175,12.452,0.31,5.117,0,0,418430976,0,5,1,cloister
102.338,10.782,0.604,0.0,16.193,1.723,147,581774,175,12.407,0.31,5.118,0,0,418430976,0,5,1,cloister
102.349,10.967,0.86,0.0,16.193,1.723,147,581774,175,12.407,0.31,5.118,0,0,418430976,0,5,1,cloister
102.361,12.095,0.486,0.0,16.193,1.723,147,581774,175,12.362,0.31,5.118,0,0,418430976,0,5,1,cloister
102.372,11.785,0.917,0.0,16.193,1.723,147,581774,175,12.317,0.31,5.119,0,0,418430976,0,5,1,cloister
102.384,11.588,0.942,0.0,16.193,1.723,147,581774,175,12.272,0.31,5.119,0,0,418430976,0,5,1,cloister
102.396,10.892,1.074,0.0,16.193,1.723,147,581774,175,12.272,0.31,5.119,0,0,418430976,0,5,1,cloister
102.407,12.178,1.105,0.0,16.193,1.723,147,581774,175,12.227,0.31,5.12,0,0,418430976,0,5,1,cloister
102.419,11.934,0.971,0.0,16.193,1.723,147,581774,175,12.182,0.31,5.121,0,0,418430976,0,5,1,cloister
102.43,10.338,0.966,0.0,16.193,1.723,147,581774,175,12.182,0.31,5.121,0,0,418430976,0,5,1,cloister
102.442,13.086,0.899,0.0,16.193,1.723,147,581774,175,12.137,0.31,5.121,0,0,418430976,0,5,1,cloister
102.454,11.449,0.451,0.0,16.193,1.723,147,581774,175,12.092,0.31,5.122,0,0,418430976,0,5,1,cloister
102.465,10.184,1.031,0.0,16.193,1.723,147,581774,175,12.092,0.31,5.122,0,0,418430976,0,5,1,cloister
102.477,13.414,0.872,0.0,16.193,1.723,147,581774,175,12.047,0.31,5.123,0,0,418430976,0,5,1,cloister
102.488,11.148,0.581,0.0,16.193,1.723,147,581774,175,12.002,0.31,5.123,0,0,418430976,0,5,1,cloister
102.5,11.638,1.081,0.0,16.193,1.723,147,581774,175,11.957,0.31,5.124,0,0,418430976,0,5,1,cloister
102.512,11.158,0.66,0.0,16.193,1.723,147,581774,175,11.957,0.31,5.124,0,0,418430976,0,5,1,cloister
102.523,12.417,0.982,0.0,16.193,1.723,147,581774,175,11.912,0.31,5.125,0,0,418430976,0,5,1,cloister
102.535,13.441,0.834,0.0,16.193,1.723,147,581774,175,11.867,0.31,5.125,0,0,418430976,0,5,1,cloister
102.547,10.926,0.492,0.0,16.193,1.723,147,581774,175,11.867,0.31,5.125,0,0,418430976,0,5,1,cloister
102.558,12.726,0.894,0.0,16.193,1.723,147,581774,175,11.822,0.31,5.126,0,0,418430976,0,5,1,cloister
102.57,11.137,0.83,0.0,16.193,1.723,148,581776,176,11.777,0.31,5.127,0,0,418430976,0,5,1,cloister
102.582,12.461,1.059,0.0,16.193,1.723,148,581776,176,11.777,0.31,5.127,0,0,418430976,0,5,1,cloister
102.593,12.744,0.391,0.0,16.193,1.723,148,581776,176,11.732,0.31,5.127,0,0,418430976,0,5,1,cloister
102.605,12.056,1.034,0.0,16.193,1.723,148,581776,176,11.687,0.31,5.128,0,0,418430976,0,5,1,cloister
102.617,12.1,0.964,0.0,16.193,1.723,148,581776,176,11.642,0.31,5.129,0,0,418430976,0,5,1,cloister
102.628,11.423,0.881,0.0,16.193,1.723,148,581776,176,11.642,0.31,5.129,0,0,418430976,0,5,1,cloister
102.64,12.409,0.882,0.0,16.193,1.723,148,581776,176,11.597,0.31,5.129,0,0,418430976,0,5,1,cloister
102.652,11.973,0.901,0.0,16.193,1.723,148,581776,176,11.552,0.31,5.13,0,0,418430976,0,5,1,cloister
102.663,11.328,0.948,0.0,16.193,1.723,148,581776,176,11.552,0.31,5.13,0,0,418430976,0,5,1,cloister
102.675,12.676,1.058,0.0,16.193,1.723,148,581776,176,11.507,0.31,5.131,0,0,418430976,0,5,1,cloister
102.687,12.078,0.85,0.0,16.193,1.723,148,581776,176,11.462,0.31,5.131,0,0,418430976,0,5,1,cloister
102.698,11.154,1.003,0.0,16.193,1.723,148,581776,176,11.462,0.31,5.131,0,0,418430976,0,5,1,cloister
102.71,12.554,1.174,0.0,16.193,1.723,148,581776,176,11.417,0.31,5.132,0,0,418430976,0,5,1,cloister
102.722,12.336,0.918,0.0,16.193,1.723,148,581776,176,11.372,0.31,5.133,0,0,418430976,0,5,1,cloister
102.733,11.365,0.993,0.0,16.193,1.723,148,581776,176,11.327,0.31,5.133,0,0,418430976,0,5,1,cloister
102.745,11.398,0.905,0.0,16.193,1.723,148,581776,176,11.327,0.31,5.133,0,0,418430976,0,5,1,cloister
102.757,12.461,0.884,0.0,16.193,1.723,148,581776,176,11.282,0.31,5.134,0,0,418430976,0,5,1,cloister
102.768,11.921,1.005,0.0,16.193,1.723,148,581776,176,11.237,0.31,5.135,0,0,418430976,0,5,1,cloister
102.78,10.989,1.017,0.0,16.193,1.723,148,581776,176,11.237,0.31,5.135,0,0,418430976,0,5,1,cloister
102.792,12.433,0.97,0.0,16.193,1.723,148,581776,176,11.192,0.31,5.135,0,0,418430976,0,5,1,cloister
102.803,11.753,0.81,0.0,16.193,1.723,148,581776,176,11.147,0.31,5.136,0,0,418430976,0,5,1,cloister
102.815,10.745,1.455,0.0,16.193,1.723,148,581776,176,11.147,0.31,5.136,0,0,418430976,0,5,1,cloister
102.827,12.761,1.045,0.0,16.193,1.723,148,581776,176,11.102,0.31,5.137,0,0,418430976,0,5,1,cloister
102.839,11.728,0.467,0.0,16.193,1.723,148,581776,176,11.057,0.31,5.137,0,0,418430976,0,5,1,cloister
102.85,11.757,0.923,0.0,16.193,1.723,147,581728,175,11.012,0.31,5.138,0,0,418430976,0,5,1,cloister
102.862,10.842,0.537,0.0,16.193,1.723,147,581728,175,11.012,0.31,5.138,0,0,418430976,0,5,1,cloister
102.874,12.435,1.104,0.0,16.193,1.723,147,581728,175,10.967,0.31,5.139,0,0,418430976,0,5,1,cloister
102.885,11.593,0.83,0.0,16.193,1.723,147,581728,175,10.922,0.31,5.139,0,0,418430976,0,5,1,cloister
102.897,11.089,1.004,0.0,16.193,1.723,147,581728,175,10.922,0.31,5.139,0,0,418430976,0,5,1,cloister
102.909,12.349,0.985,0.0,16.193,1.723,147,581728,175,10.877,0.31,5.14,0,0,418430976,0,5,1,cloister
102.92,11.746,0.848,0.0,16.193,1.723,146,581712,174,10.832,0.31,5.141,0,0,418430976,0,5,1,cloister
102.932,10.884,1.02,0.0,16.193,1.723,146,581712,174,10.832,0.31,5.141,0,0,418430976,0,5,1,cloister
102.944,12.403,1.025,0.0,16.193,1.723,146,581712,174,10.787,0.31,5.141,0,0,418430976,0,5,1,cloister
102.955,11.41,1.285,0.0,16.193,1.723,146,581712,174,10.742,0.31,5.142,0,0,418430976,0,5,1,cloister
102.967,11.577,1.096,0.0,16.193,1.723,146,581712,174,10.697,0.31,5.143,0,0,418430976,0,5,1,cloister
102.979,11.052,0.858,0.0,16.193,1.723,146,581712,174,10.697,0.31,5.143,0,0,418430976,0,5,1,cloister
102.991,12.928,0.378,0.0,16.193,1.723,146,581712,174,10.652,0.31,5.143,0,0,418430976,0,5,1,cloister
103.002,11.909,0.351,0.0,16.193,1.723,146,581712,174,10.607,0.31,5.144,0,0,418430976,0,5,1,cloister
103.014,11.0,1.077,0.0,16.193,1.723,146,581712,174,10.607,0.31,5.144,0,0,418430976,0,5,1,cloister
103.026,12.723,0.981,0.0,16.193,1.723,146,581712,174,10.562,0.31,5.145,0,0,418430976,0,5,1,cloister
103.038,11.283,1.035,0.0,16.193,1.723,146,581712,174,10.517,0.31,5.145,0,0,418430976,0,5,1,cloister
103.049,11.075,1.275,0.0,16.193,1.723,146,581712,174,10.517,0.31,5.145,0,0,418430976,0,5,1,cloister
103.061,11.66,1.038,0.0,16.193,1.723,146,581712,174,10.472,0.31,5.146,0,0,418430976,0,5,1,cloister
103.073,11.865,1.224,0.0,16.193,1.723,146,581712,174,10.427,0.31,5.147,0,0,418430976,0,5,1,cloister
103.085,12.133,0.325,0.0,16.193,1.723,146,581712,174,10.382,0.31,5.147,0,0,418430976,0,5,1,cloister
103.096,10.974,0.324,0.0,16.193,1.723,146,581712,174,10.382,0.31,5.147,0,0,418430976,0,5,1,cloister
103.108,12.608,0.339,0.0,16.193,1.723,146,581712,174,10.337,0.31,5.148,0,0,418430976,0,5,1,cloister
103.12,11.643,0.356,0.0,16.193,1.723,147,581714,175,10.292,0.31,5.149,0,0,418430976,0,5,1,cloister
103.132,11.142,0.443,0.0,16.193,1.723,147,581714,175,10.292,0.31,5.149,0,0,418430976,0,5,1,cloister
103.144,12.406,0.354,0.0,16.193,1.723,147,581714,175,10.247,0.31,5.149,0,0,418430976,0,5,1,cloister
103.156,12.859,0.361,0.0,16.193,1.723,147,581714,175,10.202,0.31,5.15,0,0,418430976,0,5,1,cloister
103.167,12.231,0.362,0.0,16.193,1.723,147,581714,175,10.157,0.31,5.151,0,0,418430976,0,5,1,cloister
103.179,11.176,1.182,0.0,16.193,1.723,148,581738,176,10.157,0.31,5.151,0,0,418430976,0,5,1,cloister
103.191,12.558,0.658,0.0,16.193,1.723,148,581738,176,10.112,0.31,5.151,0,0,418430976,0,5,1,cloister
103.203,11.841,1.021,0.0,16.193,1.723,148,581738,176,10.067,0.31,5.152,0,0,418430976,0,5,1,cloister
103.215,11.365,0.934,0.0,16.193,1.723,148,581738,176,10.067,0.31,5.152,0,0,418430976,0,5,1,cloister
103.227,12.69,0.852,0.0,16.193,1.723,148,581738,176,10.022,0.31,5.153,0,0,418430976,0,5,1,cloister
103.239,11.933,0.895,0.0,11.99,1.281,148,581738,176,9.977,0.31,5.153,0,0,418430976,0,5,1,cloister
103.251,11.732,1.108,0.0,11.99,1.281,148,581738,176,9.932,0.31,5.154,0,0,418430976,0,5,1,cloister
103.263,11.625,1.053,0.0,11.99,1.281,148,581738,176,9.932,0.31,5.154,0,0,418430976,0,5,1,cloister
103.275,12.473,0.934,0.0,11.99,1.281,148,581738,176,9.887,0.31,5.155,0,0,418430976,0,5,1,cloister
103.287,12.083,0.916,0.0,11.99,1.281,148,581738,176,9.842,0.31,5.155,0,0,418430976,0,5,1,cloister
103.298,11.171,0.484,0.0,11.99,1.281,148,581738,176,9.842,0.31,5.155,0,0,418430976,0,5,1,cloister
103.31,12.665,0.864,0.0,11.99,1.281,148,581738,176,9.797,0.31,5.156,0,0,418430976,0,5,1,cloister
103.322,11.136,0.796,0.0,11.99,1.281,148,583138,176,9.752,0.31,5.157,0,0,418430976,0,5,1,cloister
103.334,12.856,0.879,0.0,11.99,1.281,148,583138,176,9.707,0.31,5.157,0,0,418430976,0,5,1,cloister
103.346,10.919,0.415,0.0,11.99,1.281,148,583138,176,9.707,0.31,5.157,0,0,418430976,0,5,1,cloister
103.358,12.612,1.771,0.0,11.99,1.281,148,583138,176,9.662,0.31,5.158,0,0,418430976,0,5,1,cloister
103.37,12.039,0.984,0.0,11.99,1.281,148,583138,176,9.617,0.31,5.159,0,0,418430976,0,5,1,cloister
103.382,10.947,0.958,0.0,11.99,1.281,148,583138,176,9.617,0.31,5.159,0,0,418430976,0,5,1,cloister
103.394,12.417,1.177,0.0,11.99,1.281,148,583138,176,9.572,0.31,5.159,0,0,418430976,0,5,1,cloister
103.406,11.817,1.181,0.0,11.99,1.281,148,583138,176,9.527,0.31,5.16,0,0,418430976,0,5,1,cloister
103.417,11.529,0.98,0.0,11.99,1.281,148,583138,176,9.482,0.31,5.161,0,0,418430976,0,5,1,cloister
103.429,11.094,0.955,0.0,11.99,1.281,148,583138,176,9.482,0.31,5.161,0,0,418430976,0,5,1,cloister
103.441,11.532,1.09,0.0,11.99,1.281,148,583138,176,9.437,0.31,5.161,0,0,418430976,0,5,1,cloister
103.453,11.914,0.735,0.0,11.99,1.281,148,583138,176,9.392,0.31,5.162,0,0,418430976,0,5,1,cloister
103.464,12.262,0.338,0.0,11.99,1.281,148,583138,176,9.392,0.31,5.162,0,0,418430976,0,5,1,cloister
103.476,11.508,0.398,0.0,11.99,1.281,148,583138,176,9.347,0.31,5.163,0,0,418430976,0,5,1,cloister
103.488,11.818,1.242,0.0,11.99,1.281,148,583534,176,9.302,0.31,5.163,0,0,418430976,0,5,1,cloister
103.5,11.079,0.868,0.0,11.99,1.281,148,583534,176,9.302,0.31,5.163,0,0,418430976,0,5,1,cloister
103.511,12.549,0.947,0.0,11.99,1.281,148,583534,176,9.257,0.31,5.164,0,0,418430976,0,5,1,cloister
103.523,11.307,0.919,0.0,11.99,1.281,148,583534,176,9.212,0.31,5.165,0,0,418430976,0,5,1,cloister
103.535,11.76,0.921,0.0,11.99,1.281,148,583534,176,9.167,0.31,5.165,0,0,418430976,0,5,1,cloister
103.546,11.005,0.936,0.0,11.99,1.281,148,583534,176,9.167,0.31,5.165,0,0,418430976,0,5,1,cloister
103.558,12.412,0.953,0.0,11.99,1.281,148,583534,176,9.122,0.31,5.166,0,0,418430976,0,5,1,cloister
103.57,11.603,0.826,0.0,11.99,1.281,148,583534,176,9.077,0.31,5.166,0,0,418430976,0,5,1,cloister
103.582,11.726,1.148,0.0,11.99,1.281,148,583534,176,9.077,0.31,5.166,0,0,418430976,0,5,1,cloister
103.593,12.994,0.864,0.0,11.99,1.281,148,583534,176,9.032,0.31,5.167,0,0,418430976,0,5,1,cloister
103.605,12.506,0.93,0.0,11.99,1.281,148,583534,176,8.987,0.31,5.168,0,0,418430976,0,5,1,cloister
103.617,11.649,0.941,0.0,11.99,1.281,148,583534,176,8.942,0.31,5.168,0,0,418430976,0,5,1,cloister
103.629,10.769,0.918,0.0,11.99,1.281,148,583534,176,8.942,0.31,5.168,0,0,418430976,0,5,1,cloister
103.641,12.417,1.025,0.0,11.99,1.281,148,583534,176,8.897,0.31,5.169,0,0,418430976,0,5,1,cloister
103.653,11.88,0.282,0.0,11.99,1.281,148,583534,176,8.852,0.31,5.17,0,0,418430976,0,5,1,cloister
103.665,12.336,0.359,0.0,11.99,1.281,148,583534,176,8.852,0.31,5.17,0,0,418430976,0,5,1,cloister
103.677,12.925,0.389,0.0,11.99,1.281,148,583534,176,8.807,0.31,5.17,0,0,418430976,0,5,1,cloister
103.689,12.143,1.375,0.0,11.99,1.281,148,583534,176,8.762,0.31,5.171,0,0,418430976,0,5,1,cloister
103.701,11.577,0.959,0.0,11.99,1.281,148,583534,176,8.717,0.31,5.172,0,0,418430976,0,5,1,cloister
103.713,11.454,1.175,0.0,11.99,1.281,147,583532,175,8.717,0.31,5.172,0,0,418430976,0,5,1,cloister
103.724,12.867,0.901,0.0,11.99,1.281,147,583532,175,8.672,0.31,5.172,0,0,418430976,0,5,1,cloister
103.736,11.381,0.976,0.0,11.99,1.281,146,583530,174,8.627,0.31,5.173,0,0,418430976,0,5,1,cloister
103.748,11.266,0.923,0.0,11.99,1.281,145,583528,173,8.627,0.31,5.173,0,0,418430976,0,5,1,cloister
103.76,12.658,0.444,0.0,11.99,1.281,145,583528,173,8.582,0.31,5.174,0,0,418430976,0,5,1,cloister
103.772,11.77,0.856,0.0,11.99,1.281,144,583526,172,8.537,0.31,5.174,0,0,418430976,0,5,1,cloister
103.784,11.619,0.922,0.0,11.99,1.281,144,585326,172,8.492,0.31,5.175,0,0,418430976,0,5,1,cloister
103.796,11.056,1.085,0.0,11.99,1.281,144,585326,172,8.492,0.31,5.175,0,0,418430976,0,5,1,cloister
103.808,12.557,0.796,0.0,11.99,1.281,144,585326,172,8.447,0.31,5.176,0,0,418430976,0,5,1,cloister
103.82,12.992,0.879,0.0,11.99,1.281,144,585326,172,8.402,0.31,5.176,0,0,418430976,0,5,1,cloister
103.832,10.932,0.679,0.0,11.99,1.281,144,585326,172,8.402,0.31,5.176,0,0,418430976,0,5,1,cloister
103.843,12.769,0.873,0.0,11.99,1.281,144,585326,172,8.357,0.31,5.177,0,0,418430976,0,5,1,cloister
103.855,11.89,0.871,0.0,11.99,1.281,144,585326,172,8.312,0.31,5.178,0,0,418430976,0,5,1,cloister
103.867,12.323,0.969,0.0,11.99,1.281,144,585326,172,8.267,0.31,5.178,0,0,418430976,0,5,1,cloister
103.879,11.345,1.181,0.0,11.99,1.281,144,585326,172,8.267,0.31,5.178,0,0,418430976,0,5,1,cloister
103.891,12.411,1.079,0.0,11.99,1.281,144,585326,172,8.222,0.31,5.179,0,0,418430976,0,5,1,cloister
103.903,11.971,1.133,0.0,11.99,1.281,143,584426,171,8.177,0.31,5.18,0,0,418430976,0,5,1,cloister
103.915,11.408,0.93,0.0,11.99,1.281,143,584426,171,8.177,0.31,5.18,0,0,418430976,0,5,1,cloister
103.927,12.473,0.905,0.0,11.99,1.281,143,584426,171,8.132,0.31,5.18,0,0,418430976,0,5,1,cloister
103.939,11.712,0.902,0.0,11.99,1.281,143,584426,171,8.087,0.31,5.181,0,0,418430976,0,5,1,cloister
103.951,11.949,1.134,0.0,11.99,1.281,143,584426,171,8.042,0.31,5.182,0,0,418430976,0,5,1,cloister
103.963,11.075,0.85,0.0,11.99,1.281,143,584426,171,8.042,0.31,5.182,0,0,418430976,0,5,1,cloister
103.974,12.153,0.926,0.0,11.99,1.281,143,584426,171,7.997,0.31,5.182,0,0,418430976,0,5,1,cloister
103.986,11.782,0.805,0.0,11.99,1.281,141,582329,169,7.952,0.31,5.183,0,0,418430976,0,5,1,cloister
103.998,11.34,0.579,0.0,11.99,1.281,141,582329,169,7.952,0.31,5.183,0,0,418430976,0,5,1,cloister
104.01,12.015,0.951,0.0,11.99,1.281,141,582329,169,7.907,0.31,5.184,0,0,418430976,0,5,1,cloister
104.022,11.579,0.896,0.0,11.99,1.281,141,582329,169,7.862,0.31,5.184,0,0,418430976,0,5,1,cloister
104.034,11.931,0.885,0.0,11.99,1.281,141,582329,169,7.817,0.31,5.185,0,0,418430976,0,5,1,cloister
104.046,10.819,0.904,0.0,11.99,1.281,140,581530,168,7.817,0.31,5.185,0,0,418430976,0,5,1,cloister
104.058,12.386,0.676,0.0,11.99,1.281,140,581530,168,7.772,0.31,5.186,0,0,418430976,0,5,1,cloister
104.07,11.39,1.112,0.0,11.99,1.281,138,576307,166,7.727,0.31,5.186,0,0,418430976,0,5,1,cloister
104.082,10.727,1.019,0.0,11.99,1.281,138,576307,166,7.727,0.31,5.186,0,0,418430976,0,5,1,cloister
104.093,12.114,1.004,0.0,11.99,1.281,138,576307,166,7.682,0.31,5.187,0,0,418430976,0,5,1,cloister
104.105,11.529,0.36,0.0,11.99,1.281,138,576307,166,7.637,0.31,5.188,0,0,418430976,0,5,1,cloister
104.117,11.407,0.354,0.0,11.99,1.281,138,576307,166,7.637,0.31,5.188,0,0,418430976,0,5,1,cloister
104.128,12.731,0.314,0.0,11.99,1.281,138,576307,166,7.592,0.31,5.188,0,0,418430976,0,5,1,cloister
104.14,11.417,0.423,0.0,11.99,1.281,138,576307,166,7.547,0.31,5.189,0,0,418430976,0,5,1,cloister
104.152,11.351,1.121,0.0,11.99,1.281,138,576307,166,7.502,0.31,5.19,0,0,418430976,0,5,1,cloister
104.163,10.974,0.981,0.0,11.99,1.281,138,576307,166,7.502,0.31,5.19,0,0,418430976,0,5,1,cloister
104.175,13.267,0.595,0.0,11.99,1.281,138,576307,166,7.457,0.31,5.19,0,0,418430976,0,5,1,cloister
104.187,11.181,0.413,0.0,11.99,1.281,138,576307,166,7.412,0.31,5.191,0,0,418430976,0,5,1,cloister
104.198,11.472,1.019,0.0,11.99,1.281,138,576307,166,7.412,0.31,5.191,0,0,418430976,0,5,1,cloister
104.21,11.899,0.415,0.0,11.99,1.281,138,576307,166,7.367,0.31,5.192,0,0,418430976,0,5,1,cloister
104.222,12.52,0.887,0.0,11.99,1.281,138,576307,166,7.322,0.31,5.192,0,0,418430976,0,5,1,cloister
104.234,11.117,0.457,0.0,11.99,1.281,137,576259,165,7.277,0.31,5.193,0,0,418430976,0,5,1,cloister
104.246,11.391,0.812,0.0,12.272,1.088,137,576259,165,7.277,0.31,5.193,0,0,418430976,0,5,1,cloister
104.257,12.339,0.392,0.0,12.272,1.088,137,576259,165,7.232,0.31,5.194,0,0,418430976,0,5,1,cloister
104.269,11.894,0.908,0.0,12.272,1.088,137,576259,165,7.187,0.31,5.194,0,0,418430976,0,5,1,cloister
104.281,11.118,0.949,0.0,12.272,1.088,136,576257,164,7.187,0.31,5.194,0,0,418430976,0,5,1,cloister
104.293,12.378,0.952,0.0,12.272,1.088,136,576257,164,7.142,0.31,5.195,0,0,418430976,0,5,1,cloister
104.304,11.8,0.93,0.0,12.272,1.088,136,576257,164,7.097,0.31,5.196,0,0,418430976,0,5,1,cloister
104.316,11.245,0.548,0.0,12.272,1.088,136,576257,164,7.097,0.31,5.196,0,0,418430976,0,5,1,cloister
104.328,12.434,0.962,0.0,12.272,1.088,136,576257,164,7.052,0.31,5.196,0,0,418430976,0,5,1,cloister
104.34,11.972,0.895,0.0,12.272,1.088,136,576257,164,7.007,0.31,5.197,0,0,418430976,0,5,1,cloister
104.352,12.342,1.274,0.0,12.272,1.088,132,575283,160,6.962,0.31,5.198,0,0,418430976,0,5,1,cloister
104.364,10.897,1.003,0.0,12.272,1.088,128,574403,156,6.962,0.31,5.198,0,0,418430976,0,5,1,cloister
104.376,12.671,1.067,0.0,12.272,1.088,128,574403,156,6.917,0.31,5.198,0,0,418430976,0,5,1,cloister
104.388,11.856,0.834,0.0,12.272,1.088,128,574403,156,6.872,0.31,5.199,0,0,418430976,0,5,1,cloister
104.4,11.53,0.956,0.0,12.272,1.088,128,574403,156,6.872,0.31,5.199,0,0,418430976,0,5,1,cloister
104.411,12.702,0.852,0.0,12.272,1.088,128,574403,156,6.827,0.31,5.2,0,0,418430976,0,5,1,cloister
104.423,12.177,0.804,0.0,12.272,1.088,128,574403,156,6.782,0.31,5.2,0,0,418430976,0,5,1,cloister
104.435,11.809,0.962,0.0,12.272,1.088,128,574403,156,6.737,0.31,5.201,0,0,418430976,0,5,1,cloister
104.447,11.398,1.073,0.0,12.272,1.088,128,574403,156,6.737,0.31,5.201,0,0,418430976,0,5,1,cloister
104.459,12.698,1.055,0.0,12.272,1.088,128,574403,156,6.692,0.31,5.202,0,0,418430976,0,5,1,cloister
104.471,12.013,0.84,0.0,12.272,1.088,128,574403,156,6.647,0.31,5.202,0,0,418430976,0,5,1,cloister
104.483,11.441,0.998,0.0,12.272,1.088,128,574403,156,6.647,0.31,5.202,0,0,418430976,0,5,1,cloister
104.495,12.507,0.878,0.0,12.272,1.088,128,574403,156,6.602,0.31,5.203,0,0,418430976,0,5,1,cloister
104.507,11.828,0.956,0.0,12.272,1.088,127,574387,155,6.557,0.31,5.204,0,0,418430976,0,5,1,cloister
104.519,12.031,0.968,0.0,12.272,1.088,127,574387,155,6.512,0.31,5.204,0,0,418430976,0,5,1,cloister
104.53,11.264,0.423,0.0,12.272,1.088,127,574387,155,6.512,0.31,5.204,0,0,418430976,0,5,1,cloister
104.542,12.294,1.075,0.0,12.272,1.088,127,574387,155,6.467,0.31,5.205,0,0,418430976,0,5,1,cloister
104.554,11.412,0.903,0.0,12.272,1.088,127,574387,155,6.422,0.31,5.206,0,0,418430976,0,5,1,cloister
104.566,11.188,0.813,0.0,12.272,1.088,127,574387,155,6.422,0.31,5.206,0,0,418430976,0,5,1,cloister
104.578,12.368,0.331,0.0,12.272,1.088,127,574387,155,6.377,0.31,5.206,0,0,418430976,0,5,1,cloister
104.59,12.371,0.341,0.0,12.272,1.088,127,574387,155,6.332,0.31,5.207,0,0,418430976,0,5,1,cloister
104.602,11.753,0.389,0.0,12.272,1.088,127,574387,155,6.287,0.31,5.208,0,0,418430976,0,5,1,cloister
104.614,10.979,1.032,0.0,12.272,1.088,127,574387,155,6.287,0.31,5.208,0,0,418430976,0,5,1,cloister
104.626,12.41,0.91,0.0,12.272,1.088,127,574387,155,6.242,0.31,5.208,0,0,418430976,0,5,1,cloister
104.638,12.411,0.855,0.0,12.272,1.088,127,574387,155,6.197,0.31,5.209,0,0,418430976,0,5,1,cloister
104.65,10.797,1.013,0.0,12.272,1.088,127,574387,155,6.197,0.31,5.209,0,0,418430976,0,5,1,cloister
104.661,13.302,1.168,0.0,12.272,1.088,127,574387,155,6.152,0.31,5.21,0,0,418430976,0,5,1,cloister
104.673,12.434,0.834,0.0,12.272,1.088,127,574387,155,6.107,0.31,5.21,0,0,418430976,0,5,1,cloister
104.685,12.01,0.985,0.0,12.272,1.088,127,574387,155,6.062,0.31,5.211,0,0,418430976,0,5,1,cloister
104.697,10.43,1.021,0.0,12.272,1.088,127,574387,155,6.062,0.31,5.211,0,0,418430976,0,5,1,cloister
104.709,12.763,1.014,0.0,12.272,1.088,127,574387,155,6.017,0.31,5.211,0,0,418430976,0,5,1,cloister
104.721,11.924,0.444,0.0,12.272,1.088,127,574387,155,5.972,0.31,5.212,0,0,418430976,0,5,1,cloister
104.733,11.798,0.321,0.0,12.272,1.088,127,574387,155,5.972,0.31,5.212,0,0,418430976,0,5,1,cloister
104.745,13.531,0.289,0.0,12.272,1.088,127,574387,155,5.927,0.31,5.213,0,0,418430976,0,5,1,cloister
104.757,11.481,0.429,0.0,12.272,1.088,127,574387,155,5.882,0.31,5.213,0,0,418430976,0,5,1,cloister
104.769,11.882,1.013,0.0,12.272,1.088,127,574387,155,5.837,0.31,5.214,0,0,418430976,0,5,1,cloister
104.78,10.952,0.871,0.0,12.272,1.088,127,574387,155,5.837,0.31,5.214,0,0,418430976,0,5,1,cloister
104.792,12.651,0.927,0.0,12.272,1.088,127,574387,155,5.792,0.31,5.215,0,0,418430976,0,5,1,cloister
104.804,11.846,0.826,0.0,12.272,1.088,127,574387,155,5.747,0.31,5.215,0,0,418430976,0,5,1,cloister
104.816,11.221,0.94,0.0,12.272,1.088,127,574387,155,5.747,0.31,5.215,0,0,418430976,0,5,1,cloister
104.828,12.539,0.98,0.0,12.272,1.088,127,574387,155,5.702,0.31,5.216,0,0,418430976,0,5,1,cloister
104.84,11.67,1.016,0.0,12.272,1.088,127,574387,155,5.657,0.31,5.217,0,0,418430976,0,5,1,cloister
104.852,11.916,1.054,0.0,12.272,1.088,127,574387,155,5.612,0.31,5.217,0,0,418430976,0,5,1,cloister
104.864,11.368,0.89,0.0,12.272,1.088,126,571695,154,5.612,0.31,5.217,0,0,418430976,0,5,1,cloister
104.876,12.679,0.852,0.0,12.272,1.088,126,571695,154,5.567,0.31,5.218,0,0,418430976,0,5,1,cloister
104.888,11.438,0.888,0.0,12.272,1.088,126,571695,154,5.522,0.31,5.219,0,0,418430976,0,5,1,cloister
104.9,11.499,1.049,0.0,12.272,1.088,126,571695,154,5.522,0.31,5.219,0,0,418430976,0,5,1,cloister
104.911,12.955,0.807,0.0,12.272,1.088,126,571695,154,5.477,0.31,5.219,0,0,418430976,0,5,1,cloister
104.923,11.409,0.928,0.0,12.272,1.088,126,571695,154,5.432,0.31,5.22,0,0,418430976,0,5,1,cloister
104.935,11.897,0.833,0.0,12.272,1.088,126,571695,154,5.387,0.31,5.221,0,0,418430976,0,5,1,cloister
104.947,11.59,0.879,0.0,12.272,1.088,124,539607,152,5.387,0.31,5.221,0,0,418430976,0,5,1,cloister
104.959,12.958,1.044,0.0,12.272,1.088,124,539607,152,5.342,0.31,5.221,0,0,418430976,0,5,1,cloister
104.971,11.504,0.901,0.0,12.272,1.088,124,539607,152,5.297,0.31,5.222,0,0,418430976,0,5,1,cloister
104.983,11.596,1.018,0.0,12.272,1.088,124,539607,152,5.297,0.31,5.222,0,0,418430976,0,5,1,cloister
104.995,12.857,0.513,0.0,12.272,1.088,124,539607,152,5.252,0.31,5.223,0,0,418430976,0,5,1,cloister
105.007,12.331,0.853,0.0,12.272,1.088,124,539607,152,5.207,0.31,5.223,0,0,418430976,0,5,1,cloister
105.019,11.625,0.648,0.0,12.272,1.088,124,539607,152,5.162,0.31,5.224,0,0,418430976,0,5,1,cloister
105.03,12.074,1.097,0.0,12.272,1.088,124,539607,152,5.162,0.31,5.224,0,0,418430976,0,5,1,cloister
105.042,12.47,1.047,0.0,12.272,1.088,124,539607,152,5.117,0.31,5.225,0,0,418430976,0,5,1,cloister
105.054,11.651,0.988,0.0,12.272,1.088,124,539607,152,5.072,0.31,5.225,0,0,418430976,0,5,1,cloister
105.066,11.681,0.583,0.0,12.272,1.088,123,539587,151,5.072,0.31,5.225,0,0,418430976,0,5,1,cloister
105.078,12.412,0.927,0.0,12.272,1.088,123,539587,151,5.027,0.31,5.226,0,0,418430976,0,5,1,cloister
105.09,11.306,0.988,0.0,12.272,1.088,123,539587,151,4.982,0.31,5.227,0,0,418430976,0,5,1,cloister
105.102,12.363,0.91,0.0,12.272,1.088,122,539567,150,4.937,0.31,5.227,0,0,418430976,0,5,1,cloister
105.114,11.274,0.352,0.0,12.272,1.088,120,539527,148,4.937,0.31,5.227,0,0,418430976,0,5,1,cloister
105.126,13.475,0.342,0.0,12.272,1.088,120,539527,148,4.892,0.31,5.228,0,0,418430976,0,5,1,cloister
105.138,11.631,0.449,0.0,12.272,1.088,118,537457,146,4.847,0.31,5.229,0,0,418430976,0,5,1,cloister
105.15,10.843,1.175,0.0,12.272,1.088,117,537455,145,4.847,0.31,5.229,0,0,418430976,0,5,1,cloister
105.161,13.341,0.812,0.0,12.272,1.088,117,537455,145,4.802,0.31,5.229,0,0,418430976,0,5,1,cloister
105.173,11.508,0.382,0.0,12.272,1.088,117,537455,145,4.757,0.31,5.23,0,0,418430976,0,5,1,cloister
105.185,12.315,0.879,0.0,12.272,1.088,117,537455,145,4.712,0.31,5.231,0,0,418430976,0,5,1,cloister
105.197,11.196,0.842,0.0,12.272,1.088,116,534119,144,4.712,0.31,5.231,0,0,418430976,0,5,1,cloister
105.209,12.567,0.951,0.0,12.272,1.088,116,534119,144,4.667,0.31,5.231,0,0,418430976,0,5,1,cloister
105.221,11.438,1.088,0.0,12.272,1.088,116,534119,144,4.622,0.31,5.232,0,0,418430976,0,5,1,cloister
105.233,13.376,1.145,0.0,12.272,1.088,116,534119,144,4.622,0.31,5.232,0,0,418430976,0,5,1,cloister
105.245,10.371,0.588,0.0,12.343,1.101,116,534119,144,4.577,0.31,5.233,0,0,418430976,0,5,1,cloister
105.257,12.43,0.74,0.0,12.343,1.101,116,534119,144,4.532,0.31,5.233,0,0,418430976,0,5,1,cloister
105.269,11.724,0.388,0.0,12.343,1.101,116,534119,144,4.487,0.31,5.234,0,0,418430976,0,5,1,cloister
105.28,11.512,0.951,0.0,12.343,1.101,116,534119,144,4.487,0.31,5.234,0,0,418430976,0,5,1,cloister
105.292,12.921,0.827,0.0,12.343,1.101,116,534119,144,4.442,0.31,5.235,0,0,418430976,0,5,1,cloister
105.304,11.615,0.838,0.0,12.343,1.101,116,534119,144,4.397,0.31,5.235,0,0,418430976,0,5,1,cloister
105.316,11.347,1.284,0.0,12.343,1.101,116,534119,144,4.397,0.31,5.235,0,0,418430976,0,5,1,cloister
105.328,12.521,0.918,0.0,12.343,1.101,116,534119,144,4.352,0.31,5.236,0,0,418430976,0,5,1,cloister
105.34,11.839,0.898,0.0,12.343,1.101,116,534119,144,4.307,0.31,5.237,0,0,418430976,0,5,1,cloister
105.352,11.929,0.988,0.0,12.343,1.101,116,534119,144,4.262,0.31,5.237,0,0,418430976,0,5,1,cloister
105.364,11.21,0.65,0.0,12.343,1.101,116,534119,144,4.262,0.31,5.237,0,0,418430976,0,5,1,cloister
105.376,12.573,0.955,0.0,12.343,1.101,116,534119,144,4.217,0.31,5.238,0,0,418430976,0,5,1,cloister
105.388,11.931,0.804,0.0,12.343,1.101,116,534119,144,4.172,0.31,5.239,0,0,418430976,0,5,1,cloister
105.4,11.243,1.029,0.0,12.343,1.101,116,534119,144,4.172,0.31,5.239,0,0,418430976,0,5,1,cloister
105.411,12.421,1.489,0.0,12.343,1.101,116,534119,144,4.127,0.31,5.239,0,0,418430976,0,5,1,cloister
105.423,12.112,0.982,0.0,12.343,1.101,116,534119,144,4.082,0.31,5.24,0,0,418430976,0,5,1,cloister
105.435,12.114,0.606,0.0,12.343,1.101,116,534119,144,4.037,0.31,5.241,0,0,418430976,0,5,1,cloister
105.447,11.25,0.863,0.0,12.343,1.101,116,534119,144,4.037,0.31,5.241,0,0,418430976,0,5,1,cloister
105.459,12.512,0.62,0.0,12.343,1.101,116,534119,144,3.992,0.31,5.241,0,0,418430976,0,5,1,cloister
105.471,11.927,0.898,0.0,12.343,1.101,116,534119,144,3.947,0.31,5.242,0,0,418430976,0,5,1,cloister
105.483,11.468,0.992,0.0,12.343,1.101,116,534119,144,3.947,0.31,5.242,0,0,418430976,0,5,1,cloister
105.495,12.526,0.89,0.0,12.343,1.101,116,534119,144,3.902,0.31,5.243,0,0,418430976,0,5,1,cloister
105.507,12.195,0.897,0.0,12.343,1.101,115,525543,143,3.857,0.31,5.243,0,0,418430976,0,5,1,cloister
105.519,11.926,0.998,0.0,12.343,1.101,115,525543,143,3.812,0.31,5.244,0,0,418430976,0,5,1,cloister
105.53,11.42,1.083,0.0,12.343,1.101,114,463767,142,3.812,0.31,5.244,0,0,418430976,0,5,1,cloister
105.542,12.598,1.099,0.0,12.343,1.101,114,463767,142,3.767,0.31,5.245,0,0,418430976,0,5,1,cloister
105.554,12.243,0.911,0.0,12.343,1.101,114,463767,142,3.722,0.31,5.245,0,0,418430976,0,5,1,cloister
105.566,11.546,0.929,0.0,12.343,1.101,114,463767,142,3.722,0.31,5.245,0,0,418430976,0,5,1,cloister
105.578,12.71,0.947,0.0,12.343,1.101,114,463767,142,3.678,0.31,5.246,0,0,418430976,0,5,1,cloister
105.59,12.422,0.873,0.0,12.343,1.101,114,463767,142,3.633,0.31,5.247,0,0,418430976,0,5,1,cloister
105.602,12.058,0.868,0.0,12.343,1.101,114,463767,142,3.588,0.31,5.247,0,0,418430976,0,5,1,cloister
105.614,11.416,0.911,0.0,12.343,1.101,114,463767,142,3.588,0.31,5.247,0,0,418430976,0,5,1,cloister
105.626,12.468,1.044,0.0,12.343,1.101,114,463767,142,3.543,0.31,5.248,0,0,418430976,0,5,1,cloister
105.638,12.047,0.869,0.0,12.343,1.101,114,463767,142,3.498,0.31,5.249,0,0,418430976,0,5,1,cloister
105.65,11.303,0.834,0.0,12.343,1.101,114,463767,142,3.498,0.31,5.249,0,0,418430976,0,5,1,cloister
105.661,12.914,0.934,0.0,12.343,1.101,114,463767,142,3.453,0.31,5.249,0,0,418430976,0,5,1,cloister
105.673,11.713,0.868,0.0,12.343,1.101,113,461319,141,3.408,0.31,5.25,0,0,418430976,0,5,1,cloister
105.685,11.844,1.057,0.0,12.343,1.101,113,461319,141,3.363,0.31,5.251,0,0,418430976,0,5,1,cloister
105.697,11.888,0.936,0.0,12.343,1.101,113,461319,141,3.363,0.31,5.251,0,0,418430976,0,5,1,cloister
105.71,13.318,0.437,0.0,12.343,1.101,113,461319,141,3.318,0.31,5.251,0,0,418430976,0,5,1,cloister
105.722,11.827,0.883,0.0,12.343,1.101,113,461319,141,3.273,0.31,5.252,0,0,418430976,0,5,1,cloister
105.734,13.289,1.093,0.0,12.343,1.101,113,461319,141,3.228,0.31,5.253,0,0,418430976,0,5,1,cloister
105.747,11.84,0.898,0.0,12.343,1.101,113,461319,141,3.228,0.31,5.253,0,0,418430976,0,5,1,cloister
105.76,13.395,1.01,0.0,12.343,1.101,113,461319,141,3.183,0.31,5.253,0,0,418430976,0,5,1,cloister
105.772,12.032,0.832,0.0,12.343,1.101,113,461319,141,3.138,0.31,5.254,0,0,418430976,0,5,1,cloister
105.785,12.507,1.013,0.0,12.343,1.101,113,461319,141,3.093,0.31,5.255,0,0,418430976,0,5,1,cloister
105.797,11.77,0.444,0.0,12.343,1.101,113,461319,141,3.093,0.31,5.255,0,0,418430976,0,5,1,cloister
105.81,12.637,0.896,0.0,12.343,1.101,113,461319,141,3.048,0.31,5.255,0,0,418430976,0,5,1,cloister
105.822,12.102,0.824,0.0,12.343,1.101,113,461319,141,3.003,0.31,5.256,0,0,418430976,0,5,1,cloister
105.835,12.007,0.895,0.0,12.343,1.101,113,461319,141,2.958,0.31,5.256,0,0,418430976,0,5,1,cloister
105.847,11.303,0.912,0.0,12.343,1.101,112,458535,140,2.958,0.31,5.256,0,0,418430976,0,5,1,cloister
105.86,12.647,0.889,0.0,12.343,1.101,112,458535,140,2.913,0.31,5.257,0,0,418430976,0,5,1,cloister
105.872,11.872,0.809,0.0,12.343,1.101,112,458535,140,2.868,0.31,5.258,0,0,418430976,0,5,1,cloister
105.885,11.834,0.884,0.0,12.343,1.101,112,458535,140,2.823,0.31,5.258,0,0,418430976,0,5,1,cloister
105.897,11.381,0.865,0.0,12.343,1.101,111,458275,139,2.823,0.31,5.258,0,0,418430976,0,5,1,cloister
105.91,12.492,0.882,0.0,12.343,1.101,111,458275,139,2.778,0.31,5.259,0,0,418430976,0,5,1,cloister
105.922,11.906,0.79,0.0,12.343,1.101,110,455491,138,2.733,0.31,5.26,0,0,418430976,0,5,1,cloister
105.935,12.276,0.851,0.0,12.343,1.101,107,449459,135,2.688,0.31,5.26,0,0,418430976,0,5,1,cloister
105.947,11.124,0.965,0.0,12.343,1.101,107,449459,135,2.688,0.31,5.26,0,0,418430976,0,5,1,cloister
105.96,12.652,0.904,0.0,12.343,1.101,107,449459,135,2.643,0.31,5.261,0,0,418430976,0,5,1,cloister
105.972,11.35,0.761,0.0,12.343,1.101,107,449459,135,2.598,0.31,5.262,0,0,418430976,0,5,1,cloister
105.985,12.548,1.07,0.0,12.343,1.101,107,449507,135,2.553,0.31,5.262,0,0,418430976,0,5,1,cloister
105.997,11.384,0.799,0.0,12.343,1.101,107,449507,135,2.553,0.31,5.262,0,0,418430976,0,5,1,cloister
106.009,12.812,0.849,0.0,12.343,1.101,107,449507,135,2.508,0.31,5.263,0,0,418430976,0,5,1,cloister
106.021,12.064,0.799,0.0,12.343,1.101,107,449507,135,2.463,0.31,5.264,0,0,418430976,0,5,1,cloister
106.033,11.62,0.799,0.0,12.343,1.101,106,449459,134,2.463,0.31,5.264,0,0,418430976,0,5,1,cloister
106.045,12.32,0.475,0.0,12.343,1.101,106,449459,134,2.418,0.31,5.264,0,0,418430976,0,5,1,cloister
106.057,12.029,0.765,0.0,12.343,1.101,106,449459,134,2.373,0.31,5.265,0,0,418430976,0,5,1,cloister
106.069,11.705,1.277,0.0,12.343,1.101,106,449459,134,2.328,0.31,5.266,0,0,418430976,0,5,1,cloister
106.082,11.46,0.954,0.0,12.343,1.101,106,449459,134,2.328,0.31,5.266,0,0,418430976,0,5,1,cloister
106.094,12.44,0.785,0.0,12.343,1.101,106,449459,134,2.283,0.31,5.266,0,0,418430976,0,5,1,cloister
106.106,11.839,0.798,0.0,12.343,1.101,106,449459,134,2.238,0.31,5.267,0,0,418430976,0,5,1,cloister
106.118,11.181,0.836,0.0,12.343,1.101,106,449459,134,2.193,0.31,5.268,0,0,418430976,0,5,1,cloister
106.13,11.477,0.81,0.0,12.343,1.101,106,449459,134,2.193,0.31,5.268,0,0,418430976,0,5,1,cloister
106.142,12.418,0.329,0.0,12.343,1.101,106,449459,134,2.148,0.31,5.268,0,0,418430976,0,5,1,cloister
106.154,12.341,0.321,0.0,12.343,1.101,106,449459,134,2.103,0.31,5.269,0,0,418430976,0,5,1,cloister
106.166,10.699,0.416,0.0,12.343,1.101,106,449459,134,2.103,0.31,5.269,0,0,418430976,0,5,1,cloister
106.178,12.97,1.187,0.0,12.343,1.101,106,449459,134,2.058,0.31,5.27,0,0,418430976,0,5,1,cloister
106.191,11.029,0.398,0.0,12.343,1.101,104,442787,132,2.013,0.31,5.27,0,0,418430976,0,5,1,cloister
106.203,12.783,0.86,0.0,12.343,1.101,104,442787,132,1.968,0.31,5.271,0,0,418430976,0,5,1,cloister
106.215,11.13,0.408,0.0,12.343,1.101,104,442787,132,1.968,0.31,5.271,0,0,418430976,0,5,1,cloister
106.227,12.086,0.62,0.0,12.343,1.101,104,442787,132,1.923,0.31,5.272,0,0,418430976,0,5,1,cloister
106.239,12.482,1.59,0.0,12.343,1.101,104,442787,132,1.878,0.31,5.272,0,0,418430976,0,5,1,cloister
106.251,11.858,0.39,0.0,12.8,0.957,104,442787,132,1.833,0.31,5.273,0,0,418430976,0,5,1,cloister
106.263,11.281,0.842,0.0,12.8,0.957,104,442787,132,1.833,0.31,5.273,0,0,418430976,0,5,1,cloister
106.275,13.85,0.886,0.0,12.8,0.957,104,442787,132,1.788,0.31,5.274,0,0,418430976,0,5,1,cloister
106.288,9.644,0.979,0.0,12.8,0.957,104,442787,132,1.743,0.31,5.274,0,0,418430976,0,5,1,cloister
106.3,11.412,1.085,0.0,12.8,0.957,103,442771,131,1.743,0.31,5.274,0,0,418430976,0,5,1,cloister
106.312,12.576,0.426,0.0,12.8,0.957,103,442771,131,1.698,0.31,5.275,0,0,418430976,0,5,1,cloister
106.324,12.574,0.379,0.0,12.8,0.957,103,442771,131,1.653,0.31,5.276,0,0,418430976,0,5,1,cloister
106.336,11.673,0.441,0.0,12.8,0.957,102,442769,130,1.608,0.31,5.276,0,0,418430976,0,5,1,cloister
106.348,11.254,0.903,0.0,12.8,0.957,100,442765,128,1.608,0.31,5.276,0,0,418430976,0,5,1,cloister
106.36,12.446,0.883,0.0,12.8,0.957,100,442765,128,1.563,0.31,5.277,0,0,418430976,0,5,1,cloister
106.372,11.838,0.787,0.0,12.8,0.957,100,442765,128,1.518,0.31,5.278,0,0,418430976,0,5,1,cloister
106.385,11.797,0.869,0.0,12.8,0.957,100,442765,128,1.473,0.31,5.278,0,0,418430976,0,5,1,cloister
106.397,11.497,1.623,0.0,12.8,0.957,100,442765,128,1.473,0.31,5.278,0,0,418430976,0,5,1,cloister
106.409,12.425,0.873,0.0,12.8,0.957,100,442765,128,1.428,0.31,5.279,0,0,418430976,0,5,1,cloister
106.421,11.993,0.818,0.0,12.8,0.957,100,442765,128,1.383,0.31,5.28,0,0,418430976,0,5,1,cloister
106.433,11.312,0.866,0.0,12.8,0.957,100,442765,128,1.383,0.31,5.28,0,0,418430976,0,5,1,cloister
106.445,12.482,0.857,0.0,12.8,0.957,100,442765,128,1.338,0.31,5.28,0,0,418430976,0,5,1,cloister
106.457,12.115,0.774,0.0,12.8,0.957,100,442765,128,1.293,0.31,5.281,0,0,418430976,0,5,1,cloister
106.469,12.002,0.832,0.0,12.8,0.957,100,442765,128,1.248,0.31,5.282,0,0,418430976,0,5,1,cloister
106.481,11.287,0.972,0.0,12.8,0.957,100,442765,128,1.248,0.31,5.282,0,0,418430976,0,5,1,cloister
106.493,12.841,1.016,0.0,12.8,0.957,100,442765,128,1.203,0.31,5.282,0,0,418430976,0,5,1,cloister
106.505,11.594,1.569,0.0,12.8,0.957,100,442765,128,1.158,0.31,5.283,0,0,418430976,0,5,1,cloister
106.517,11.783,0.876,0.0,12.8,0.957,100,442765,128,1.113,0.31,5.284,0,0,418430976,0,5,1,cloister
106.529,11.544,0.812,0.0,12.8,0.957,99,442657,127,1.113,0.31,5.284,0,0,418430976,0,5,1,cloister
106.541,12.418,0.593,0.0,12.8,0.957,99,442657,127,1.068,0.31,5.284,0,0,418430976,0,5,1,cloister
106.552,11.846,0.869,0.0,12.8,0.957,99,442657,127,1.023,0.31,5.285,0,0,418430976,0,5,1,cloister
106.564,11.349,0.862,0.0,12.8,0.957,99,442657,127,1.023,0.31,5.285,0,0,418430976,0,5,1,cloister
106.576,12.565,0.866,0.0,12.8,0.957,99,442657,127,0.978,0.31,5.286,0,0,418430976,0,5,1,cloister
106.588,11.789,0.784,0.0,12.8,0.957,99,442657,127,0.933,0.31,5.286,0,0,418430976,0,5,1,cloister
106.6,11.962,0.956,0.0,12.8,0.957,99,442657,127,0.888,0.31,5.287,0,0,418430976,0,5,1,cloister
106.612,11.238,0.854,0.0,12.8,0.957,99,442657,127,0.888,0.31,5.287,0,0,418430976,0,5,1,cloister
106.624,12.591,1.093,0.0,12.8,0.957,99,442657,127,0.843,0.31,5.288,0,0,418430976,0,5,1,cloister
106.636,12.063,0.783,0.0,12.8,0.957,99,442657,127,0.798,0.31,5.288,0,0,418430976,0,5,1,cloister
106.648,11.43,0.888,0.0,12.8,0.957,99,442657,127,0.798,0.31,5.288,0,0,418430976,0,5,1,cloister
106.66,12.406,0.842,0.0,12.8,0.957,99,442657,127,0.753,0.31,5.289,0,0,418430976,0,5,1,cloister
106.672,11.835,0.788,0.0,12.8,0.957,99,442657,127,0.708,0.31,5.29,0,0,418430976,0,5,1,cloister
106.684,11.947,0.876,0.0,12.8,0.957,99,442657,127,0.663,0.31,5.29,0,0,418430976,0,5,1,cloister
106.696,11.337,1.18,0.0,12.8,0.957,99,442657,127,0.663,0.31,5.29,0,0,418430976,0,5,1,cloister
106.707,12.542,0.94,0.0,12.8,0.957,99,442657,127,0.618,0.31,5.291,0,0,418430976,0,5,1,cloister
106.719,11.865,0.757,0.0,12.8,0.957,99,442657,127,0.573,0.31,5.292,0,0,418430976,0,5,1,cloister
106.731,11.38,0.857,0.0,12.8,0.957,99,442657,127,0.573,0.31,5.292,0,0,418430976,0,5,1,cloister
106.743,12.421,0.947,0.0,12.8,0.957,99,442657,127,0.528,0.31,5.292,0,0,418430976,0,5,1,cloister
106.755,11.958,0.771,0.0,12.8,0.957,99,442657,127,0.483,0.31,5.293,0,0,418430976,0,5,1,cloister
106.767,11.94,1.093,0.0,12.8,0.957,99,442657,127,0.438,0.31,5.294,0,0,418430976,0,5,1,cloister
106.779,11.61,0.884,0.0,12.8,0.957,99,442657,127,0.438,0.31,5.294,0,0,418430976,0,5,1,cloister
106.791,12.353,0.893,0.0,12.8,0.957,99,442657,127,0.393,0.31,5.294,0,0,418430976,0,5,1,cloister
106.803,11.95,0.879,0.0,12.8,0.957,99,442657,127,0.348,0.31,5.295,0,0,418430976,0,5,1,cloister
106.815,11.776,0.778,0.0,12.8,0.957,99,442657,127,0.348,0.31,5.295,0,0,418430976,0,5,1,cloister
106.826,12.555,0.395,0.0,12.8,0.957,99,442657,127,0.303,0.31,5.296,0,0,418430976,0,5,1,cloister
106.838,11.797,0.787,0.0,12.8,0.957,99,442657,127,0.258,0.31,5.298,0,0,418430976,0,5,1,cloister
106.85,11.842,0.919,0.0,12.8,0.957,99,442657,127,0.213,0.31,5.299,0,0,418430976,0,5,1,cloister
106.862,11.275,1.018,0.0,12.8,0.957,99,442657,127,0.213,0.31,5.299,0,0,418430976,0,5,1,cloister
106.874,12.473,0.868,0.0,12.8,0.957,99,442657,127,0.168,0.31,5.3,0,0,418430976,0,5,1,cloister
106.886,11.697,0.796,0.0,12.8,0.957,99,442657,127,0.123,0.31,5.302,0,0,418430976,0,5,1,cloister
106.898,11.386,0.985,0.0,12.8,0.957,99,442657,127,0.123,0.31,5.302,0,0,418430976,0,5,1,cloister
106.91,12.369,1.141,0.0,12.8,0.957,99,442657,127,0.078,0.31,5.304,0,0,418430976,0,5,1,cloister
106.922,11.957,0.813,0.0,12.8,0.957,99,442657,127,0.033,0.31,5.306,0,0,418430976,0,5,1,cloister
106.934,11.733,0.836,0.0,12.8,0.957,99,442657,127,-0.012,0.31,5.308,0,0,418430976,0,5,1,cloister
106.946,11.291,0.899,0.0,12.8,0.957,99,442657,127,-0.012,0.31,5.308,0,0,418430976,0,5,1,cloister
106.957,12.452,0.886,0.0,12.8,0.957,99,442657,127,-0.057,0.31,5.31,0,0,418430976,0,5,1,cloister
106.969,11.855,0.791,0.0,12.8,0.957,99,442657,127,-0.101,0.31,5.312,0,0,418430976,0,5,1,cloister
106.981,10.888,0.898,0.0,12.8,0.957,99,442657,127,-0.101,0.31,5.312,0,0,418430976,0,5,1,cloister
106.993,13.041,0.778,0.0,12.8,0.957,99,442657,127,-0.146,0.31,5.315,0,0,418430976,0,5,1,cloister
107.005,11.463,0.381,0.0,12.8,0.957,96,437249,124,-0.191,0.31,5.317,0,0,418430976,0,5,1,cloister
107.017,12.165,0.805,0.0,12.8,0.957,96,437249,124,-0.236,0.31,5.32,0,0,418430976,0,5,1,cloister
107.029,10.964,0.809,0.0,12.8,0.957,96,437249,124,-0.236,0.31,5.32,0,0,418430976,0,5,1,cloister
107.04,12.607,0.975,0.0,12.8,0.957,96,437249,124,-0.281,0.31,5.322,0,0,418430976,0,5,1,cloister
107.052,11.709,0.806,0.0,12.8,0.957,96,437249,124,-0.326,0.31,5.325,0,0,418430976,0,5,1,cloister
107.064,11.142,0.946,0.0,12.8,0.957,96,437249,124,-0.326,0.31,5.325,0,0,418430976,0,5,1,cloister
107.076,12.535,0.958,0.0,12.8,0.957,96,437249,124,-0.371,0.31,5.328,0,0,418430976,0,5,1,cloister
107.087,11.46,0.863,0.0,12.8,0.957,96,437249,124,-0.416,0.31,5.331,0,0,418430976,0,5,1,cloister
107.099,11.077,0.902,0.0,12.8,0.957,96,437249,124,-0.416,0.31,5.331,0,0,418430976,0,5,1,cloister
107.111,12.394,0.972,0.0,12.8,0.957,96,437249,124,-0.461,0.31,5.334,0,0,418430976,0,5,1,cloister
107.122,11.796,0.754,0.0,12.8,0.957,97,437273,125,-0.506,0.31,5.337,0,0,418430976,0,5,1,cloister
107.134,12.033,0.949,0.0,12.8,0.957,96,437217,124,-0.55,0.31,5.34,0,0,418430976,0,5,1,cloister
107.146,10.58,1.089,0.0,12.8,0.957,96,437217,124,-0.55,0.31,5.34,0,0,418430976,0,5,1,cloister
107.157,12.38,0.88,0.0,12.8,0.957,96,437217,124,-0.595,0.31,5.343,0,0,418430976,0,5,1,cloister
107.169,11.434,0.34,0.0,12.8,0.957,96,437217,124,-0.64,0.31,5.347,0,0,418430976,0,5,1,cloister
107.181,11.605,0.453,0.0,12.8,0.957,96,437217,124,-0.64,0.31,5.347,0,0,418430976,0,5,1,cloister
107.192,12.466,0.332,0.0,12.8,0.957,96,437217,124,-0.685,0.31,5.35,0,0,418430976,0,5,1,cloister
107.204,12.24,0.384,0.0,12.8,0.957,94,437213,122,-0.73,0.31,5.353,0,0,418430976,0,5,1,cloister
107.216,11.142,0.548,0.0,12.8,0.957,94,437213,122,-0.73,0.31,5.353,0,0,418430976,0,5,1,cloister
107.227,12.984,0.873,0.0,12.8,0.957,94,437213,122,-0.775,0.31,5.357,0,0,418430976,0,5,1,cloister
107.239,11.583,1.01,0.0,12.8,0.957,94,437213,122,-0.82,0.31,5.36,0,0,418430976,0,5,1,cloister
107.251,11.416,0.772,0.0,12.207,2.086,94,437213,122,-0.865,0.31,5.364,0,0,418430976,0,5,1,cloister
107.262,11.122,0.998,0.0,12.207,2.086,94,439613,122,-0.865,0.31,5.364,0,0,418430976,0,5,1,cloister
107.274,12.415,0.918,0.0,12.207,2.086,94,439613,122,-0.909,0.31,5.367,0,0,418430976,0,5,1,cloister
107.286,11.099,0.781,0.0,12.207,2.086,94,439613,122,-0.954,0.31,5.371,0,0,418430976,0,5,1,cloister
107.297,11.104,0.963,0.0,12.207,2.086,94,439613,122,-0.954,0.31,5.371,0,0,418430976,0,5,1,cloister
107.309,13.06,0.326,0.0,12.207,2.086,94,439613,122,-0.999,0.31,5.374,0,0,418430976,0,5,1,cloister
107.321,11.474,0.419,0.0,12.207,2.086,94,439613,122,-1.044,0.31,5.378,0,0,418430976,0,5,1,cloister
107.332,10.986,0.885,0.0,12.207,2.086,92,435477,120,-1.044,0.31,5.378,0,0,418430976,0,5,1,cloister
107.344,12.225,1.106,0.0,12.207,2.086,92,435477,120,-1.089,0.31,5.381,0,0,418430976,0,5,1,cloister
107.356,12.002,1.426,0.0,12.207,2.086,92,435477,120,-1.134,0.31,5.385,0,0,418430976,0,5,1,cloister
107.367,11.697,1.142,0.0,12.207,2.086,91,434577,119,-1.179,0.31,5.389,0,0,418430976,0,5,1,cloister
107.379,11.133,0.932,0.0,12.207,2.086,91,434577,119,-1.179,0.31,5.389,0,0,418430976,0,5,1,cloister
107.391,12.309,0.565,0.0,12.207,2.086,91,434577,119,-1.223,0.31,5.392,0,0,418430976,0,5,1,cloister
107.402,11.513,0.968,0.0,12.207,2.086,91,434577,119,-1.268,0.31,5.396,0,0,418430976,0,5,1,cloister
107.414,11.133,0.896,0.0,12.207,2.086,91,434577,119,-1.268,0.31,5.396,0,0,418430976,0,5,1,cloister
107.426,12.244,0.819,0.0,12.207,2.086,91,434577,119,-1.313,0.31,5.399,0,0,418430976,0,5,1,cloister
107.437,11.993,0.842,0.0,12.207,2.086,91,434577,119,-1.358,0.31,5.403,0,0,418430976,0,5,1,cloister
107.449,11.148,0.899,0.0,12.207,2.086,91,434577,119,-1.358,0.31,5.403,0,0,418430976,0,5,1,cloister
107.461,11.761,0.933,0.0,12.207,2.086,91,434577,119,-1.403,0.31,5.407,0,0,418430976,0,5,1,cloister
107.472,11.771,0.804,0.0,12.207,2.086,91,438777,119,-1.448,0.31,5.411,0,0,418430976,0,5,1,cloister
107.484,11.907,0.333,0.0,12.207,2.086,91,438777,119,-1.492,0.31,5.414,0,0,418430976,0,5,1,cloister
107.496,11.162,0.315,0.0,12.207,2.086,90,438077,118,-1.492,0.31,5.414,0,0,418430976,0,5,1,cloister
107.507,12.377,0.371,0.0,12.207,2.086,90,438077,118,-1.537,0.31,5.418,0,0,418430976,0,5,1,cloister
107.519,11.954,0.415,0.0,12.207,2.086,89,435280,117,-1.582,0.31,5.422,0,0,418430976,0,5,1,cloister
107.531,11.372,0.332,0.0,12.207,2.086,89,435280,117,-1.582,0.31,5.422,0,0,418430976,0,5,1,cloister
107.542,12.342,0.36,0.0,12.207,2.086,89,435280,117,-1.627,0.31,5.425,0,0,418430976,0,5,1,cloister
107.554,11.746,0.526,0.0,12.207,2.086,89,435280,117,-1.672,0.31,5.429,0,0,418430976,0,5,1,cloister
107.566,11.421,0.349,0.0,12.207,2.086,89,435280,117,-1.672,0.31,5.429,0,0,418430976,0,5,1,cloister
107.577,13.395,0.331,0.0,12.207,2.086,89,435280,117,-1.717,0.31,5.433,0,0,418430976,0,5,1,cloister
107.589,11.582,0.393,0.0,12.207,2.086,87,428482,115,-1.762,0.31,5.437,0,0,418430976,0,5,1,cloister
107.601,11.609,1.04,0.0,12.207,2.086,86,428458,114,-1.806,0.31,5.44,0,0,418430976,0,5,1,cloister
107.612,11.353,0.989,0.0,12.207,2.086,86,428458,114,-1.806,0.31,5.44,0,0,418430976,0,5,1,cloister
107.624,12.491,0.973,0.0,12.207,2.086,86,428458,114,-1.851,0.31,5.444,0,0,418430976,0,5,1,cloister
107.636,11.55,0.853,0.0,12.207,2.086,85,428282,113,-1.896,0.31,5.448,0,0,418430976,0,5,1,cloister
107.647,11.385,1.012,0.0,12.207,2.086,85,428282,113,-1.896,0.31,5.448,0,0,418430976,0,5,1,cloister
107.659,12.6,0.771,0.0,12.207,2.086,85,428282,113,-1.941,0.31,5.452,0,0,418430976,0,5,1,cloister
107.671,11.355,0.837,0.0,12.207,2.086,85,428282,113,-1.986,0.31,5.455,0,0,418430976,0,5,1,cloister
107.682,11.534,1.067,0.0,12.207,2.086,85,428282,113,-1.986,0.31,5.455,0,0,418430976,0,5,1,cloister
107.694,12.411,0.808,0.0,12.207,2.086,85,428282,113,-2.031,0.31,5.459,0,0,418430976,0,5,1,cloister
107.706,11.702,0.829,0.0,12.207,2.086,85,428282,113,-2.075,0.31,5.463,0,0,418430976,0,5,1,cloister
107.717,11.793,0.87,0.0,12.207,2.086,84,428280,112,-2.12,0.31,5.467,0,0,418430976,0,5,1,cloister
107.729,11.319,0.777,0.0,12.207,2.086,84,428280,112,-2.12,0.31,5.467,0,0,418430976,0,5,1,cloister
107.741,12.625,0.745,0.0,12.207,2.086,84,428280,112,-2.165,0.31,5.471,0,0,418430976,0,5,1,cloister
107.752,11.938,0.747,0.0,12.207,2.086,83,418600,111,-2.21,0.31,5.474,0,0,418430976,0,5,1,cloister
107.764,11.181,0.883,0.0,12.207,2.086,83,418600,111,-2.21,0.31,5.474,0,0,418430976,0,5,1,cloister
107.776,12.334,0.928,0.0,12.207,2.086,83,418600,111,-2.255,0.31,5.478,0,0,418430976,0,5,1,cloister
107.787,12.212,0.927,0.0,12.207,2.086,83,418600,111,-2.3,0.31,5.482,0,0,418430976,0,5,1,cloister
107.799,11.902,0.81,0.0,12.207,2.086,83,418600,111,-2.3,0.31,5.482,0,0,418430976,0,5,1,cloister
107.811,13.052,0.86,0.0,12.207,2.086,83,418600,111,-2.344,0.31,5.486,0,0,418430976,0,5,1,cloister
107.823,12.198,0.845,0.0,12.207,2.086,83,418600,111,-2.389,0.31,5.489,0,0,418430976,0,5,1,cloister
107.835,12.148,0.847,0.0,12.207,2.086,83,418600,111,-2.434,0.31,5.493,0,0,418430976,0,5,1,cloister
107.847,11.532,0.728,0.0,12.207,2.086,83,418600,111,-2.434,0.31,5.493,0,0,418430976,0,5,1,cloister
107.859,13.084,0.906,0.0,12.207,2.086,83,418600,111,-2.479,0.31,5.497,0,0,418430976,0,5,1,cloister
107.871,10.959,1.054,0.0,12.207,2.086,83,418600,111,-2.524,0.31,5.501,0,0,418430976,0,5,1,cloister
107.883,11.523,0.772,0.0,12.207,2.086,83,418600,111,-2.524,0.31,5.501,0,0,418430976,0,5,1,cloister
107.895,12.911,0.537,0.0,12.207,2.086,83,418600,111,-2.569,0.31,5.505,0,0,418430976,0,5,1,cloister
107.906,11.722,0.783,0.0,12.207,2.086,83,418600,111,-2.614,0.31,5.508,0,0,418430976,0,5,1,cloister
107.918,11.716,0.804,0.0,12.207,2.086,83,418600,111,-2.658,0.31,5.512,0,0,418430976,0,5,1,cloister
107.93,11.005,0.904,0.0,12.207,2.086,83,418600,111,-2.658,0.31,5.512,0,0,418430976,0,5,1,cloister
107.942,12.415,0.836,0.0,12.207,2.086,83,418600,111,-2.703,0.31,5.516,0,0,418430976,0,5,1,cloister
107.954,11.941,0.737,0.0,12.207,2.086,78,418346,106,-2.748,0.31,5.52,0,0,418430976,0,5,1,cloister
107.966,10.636,0.874,0.0,12.207,2.086,76,416546,104,-2.748,0.31,5.52,0,0,418430976,0,5,1,cloister
107.978,12.068,0.883,0.0,12.207,2.086,76,416546,104,-2.793,0.31,5.524,0,0,418430976,0,5,1,cloister
107.99,12.145,1.208,0.0,12.207,2.086,76,416546,104,-2.838,0.31,5.527,0,0,418430976,0,5,1,cloister
108.002,11.656,0.617,0.0,12.207,2.086,75,416566,103,-2.883,0.31,5.531,0,0,418430976,0,5,1,cloister
108.013,11.097,0.871,0.0,12.207,2.086,75,416566,103,-2.883,0.31,5.531,0,0,418430976,0,5,1,cloister
108.025,12.417,0.573,0.0,12.207,2.086,75,416566,103,-2.927,0.31,5.535,0,0,418430976,0,5,1,cloister
108.037,11.215,1.079,0.0,12.207,2.086,71,415118,99,-2.972,0.31,5.539,0,0,418430976,0,5,1,cloister
108.048,11.161,0.739,0.0,12.207,2.086,69,415022,97,-2.972,0.31,5.539,0,0,418430976,0,5,1,cloister
108.06,12.118,0.749,0.0,12.207,2.086,69,415022,97,-3.017,0.31,5.543,0,0,418430976,0,5,1,cloister
108.072,11.611,0.786,0.0,12.207,2.086,66,409404,94,-3.062,0.31,5.546,0,0,418430976,0,5,1,cloister
108.083,10.924,1.016,0.0,12.207,2.086,66,409404,94,-3.062,0.31,5.546,0,0,418430976,0,5,1,cloister
108.095,12.275,0.889,0.0,12.207,2.086,66,409404,94,-3.107,0.31,5.55,0,0,418430976,0,5,1,cloister
108.107,12.095,0.695,0.0,12.207,2.086,64,409356,92,-3.152,0.31,5.554,0,0,418430976,0,5,1,cloister
108.118,11.242,0.829,0.0,12.207,2.086,64,409356,92,-3.196,0.31,5.558,0,0,418430976,0,5,1,cloister
108.13,11.004,0.843,0.0,12.207,2.086,64,409356,92,-3.196,0.31,5.558,0,0,418430976,0,5,1,cloister
108.142,12.102,0.927,0.0,12.207,2.086,64,409356,92,-3.241,0.31,5.562,0,0,418430976,0,5,1,cloister
108.153,11.736,0.736,0.0,12.207,2.086,64,409356,92,-3.286,0.31,5.565,0,0,418430976,0,5,1,cloister
108.165,11.05,0.782,0.0,12.207,2.086,64,409356,92,-3.286,0.31,5.565,0,0,418430976,0,5,1,cloister
108.177,12.319,0.358,0.0,12.207,2.086,64,409356,92,-3.331,0.31,5.569,0,0,418430976,0,5,1,cloister
108.188,11.383,0.354,0.0,12.207,2.086,64,409356,92,-3.376,0.31,5.573,0,0,418430976,0,5,1,cloister
108.2,11.19,0.448,0.0,12.207,2.086,62,406158,90,-3.376,0.31,5.573,0,0,418430976,0,5,1,cloister
108.212,12.864,0.334,0.0,12.207,2.086,62,406158,90,-3.421,0.31,5.577,0,0,418430976,0,5,1,cloister
108.223,11.704,0.58,0.0,12.207,2.086,62,406158,90,-3.465,0.31,5.581,0,0,418430976,0,5,1,cloister
108.235,11.602,0.706,0.0,12.207,2.086,60,395760,88,-3.51,0.31,5.585,0,0,418430976,0,5,1,cloister
108.247,11.115,0.409,0.0,12.356,1.772,60,395760,88,-3.51,0.31,5.585,0,0,418430976,0,5,1,cloister
108.258,12.254,0.753,0.0,12.356,1.772,60,395760,88,-3.555,0.31,5.588,0,0,418430976,0,5,1,cloister
108.27,11.884,0.691,0.0,12.356,1.772,59,395744,87,-3.6,0.31,5.592,0,0,418430976,0,5,1,cloister
108.282,10.259,0.88,0.0,12.356,1.772,59,395744,87,-3.6,0.31,5.592,0,0,418430976,0,5,1,cloister
108.293,11.964,2.291,0.0,12.356,1.772,59,395744,87,-3.645,0.31,5.596,0,0,418430976,0,5,1,cloister
108.305,11.439,0.33,0.0,12.356,1.772,59,395744,87,-3.69,0.31,5.6,0,0,418430976,0,5,1,cloister
108.317,11.17,0.273,0.0,12.356,1.772,59,395744,87,-3.69,0.31,5.6,0,0,418430976,0,5,1,cloister
108.328,12.291,0.302,0.0,12.356,1.772,59,395744,87,-3.734,0.31,5.604,0,0,418430976,0,5,1,cloister
108.34,11.998,0.351,0.0,12.356,1.772,59,395744,87,-3.779,0.31,5.607,0,0,418430976,0,5,1,cloister
108.352,11.195,0.789,0.0,12.356,1.772,59,395744,87,-3.824,0.31,5.611,0,0,418430976,0,5,1,cloister
108.363,11.05,1.765,0.0,12.356,1.772,59,395744,87,-3.824,0.31,5.611,0,0,418430976,0,5,1,cloister
108.375,12.195,1.112,0.0,12.356,1.772,59,395744,87,-3.869,0.31,5.615,0,0,418430976,0,5,1,cloister
108.387,11.363,0.809,0.0,12.356,1.772,58,395728,86,-3.914,0.31,5.619,0,0,418430976,0,5,1,cloister
108.398,10.789,0.858,0.0,12.356,1.772,58,395728,86,-3.914,0.31,5.619,0,0,418430976,0,5,1,cloister
108.41,12.014,0.819,0.0,12.356,1.772,58,395728,86,-3.959,0.31,5.623,0,0,418430976,0,5,1,cloister
108.422,11.424,0.692,0.0,12.356,1.772,58,395728,86,-4.004,0.31,5.626,0,0,418430976,0,5,1,cloister
108.433,10.661,0.862,0.0,12.356,1.772,58,395728,86,-4.004,0.31,5.626,0,0,418430976,0,5,1,cloister
108.445,11.886,0.939,0.0,12.356,1.772,58,395728,86,-4.048,0.31,5.63,0,0,418430976,0,5,1,cloister
108.457,11.439,0.716,0.0,12.356,1.772,58,395728,86,-4.093,0.31,5.634,0,0,418430976,0,5,1,cloister
108.468,11.704,0.859,0.0,12.356,1.772,58,395728,86,-4.138,0.31,5.638,0,0,418430976,0,5,1,cloister
108.48,10.221,0.955,0.0,12.356,1.772,58,395728,86,-4.138,0.31,5.638,0,0,418430976,0,5,1,cloister
108.492,12.254,0.792,0.0,12.356,1.772,58,395728,86,-4.183,0.31,5.642,0,0,418430976,0,5,1,cloister
108.503,11.222,0.728,0.0,12.356,1.772,58,395728,86,-4.228,0.31,5.645,0,0,418430976,0,5,1,cloister
108.515,10.586,1.223,0.0,12.356,1.772,58,395728,86,-4.228,0.31,5.645,0,0,418430976,0,5,1,cloister
108.527,11.833,0.856,0.0,12.356,1.772,58,395728,86,-4.273,0.31,5.649,0,0,418430976,0,5,1,cloister
108.538,11.065,0.905,0.0,12.356,1.772,56,395680,84,-4.317,0.31,5.653,0,0,418430976,0,5,1,cloister
108.55,10.637,1.089,0.0,12.356,1.772,56,395680,84,-4.317,0.31,5.653,0,0,418430976,0,5,1,cloister
108.562,12.269,0.854,0.0,12.356,1.772,56,395680,84,-4.362,0.31,5.657,0,0,418430976,0,5,1,cloister
108.573,10.813,0.713,0.0,12.356,1.772,56,395680,84,-4.407,0.31,5.661,0,0,418430976,0,5,1,cloister
108.585,11.115,0.468,0.0,12.356,1.772,55,387104,83,-4.452,0.31,5.665,0,0,418430976,0,5,1,cloister
108.596,10.688,0.854,0.0,12.356,1.772,55,387104,83,-4.452,0.31,5.665,0,0,418430976,0,5,1,cloister
108.608,11.919,0.769,0.0,12.356,1.772,55,387104,83,-4.497,0.31,5.668,0,0,418430976,0,5,1,cloister
108.619,11.055,0.735,0.0,12.356,1.772,55,387104,83,-4.542,0.31,5.672,0,0,418430976,0,5,1,cloister
108.63,11.074,0.607,0.0,12.356,1.772,55,387104,83,-4.542,0.31,5.672,0,0,418430976,0,5,1,cloister
108.641,11.318,0.711,0.0,12.356,1.772,55,387104,83,-4.586,0.31,5.676,0,0,418430976,0,5,1,cloister
108.652,11.178,1.006,0.0,12.356,1.772,55,387104,83,-4.631,0.31,5.68,0,0,418430976,0,5,1,cloister
108.663,10.63,0.955,0.0,12.356,1.772,55,387104,83,-4.631,0.31,5.68,0,0,418430976,0,5,1,cloister
108.675,11.548,0.854,0.0,12.356,1.772,55,387104,83,-4.676,0.31,5.684,0,0,418430976,0,5,1,cloister
108.686,11.45,0.93,0.0,12.356,1.772,54,325328,82,-4.721,0.31,5.687,0,0,418430976,0,5,1,cloister
108.697,10.136,0.906,0.0,12.356,1.772,54,325328,82,-4.721,0.31,5.687,0,0,418430976,0,5,1,cloister
108.708,11.773,0.769,0.0,12.356,1.772,54,325328,82,-4.766,0.31,5.691,0,0,418430976,0,5,1,cloister
108.719,11.16,0.69,0.0,12.356,1.772,54,325328,82,-4.811,0.31,5.695,0,0,418430976,0,5,1,cloister
108.73,10.57,0.831,0.0,12.356,1.772,54,325328,82,-4.811,0.31,5.695,0,0,418430976,0,5,1,cloister
108.741,11.775,0.831,0.0,12.356,1.772,54,325328,82,-4.855,0.31,5.699,0,0,418430976,0,5,1,cloister
108.752,11.141,0.687,0.0,12.356,1.772,53,322858,81,-4.9,0.31,5.703,0,0,418430976,0,5,1,cloister
108.763,10.651,0.929,0.0,12.356,1.772,53,322858,81,-4.9,0.31,5.703,0,0,418430976,0,5,1,cloister
108.774,11.567,0.939,0.0,12.356,1.772,53,322858,81,-4.945,0.31,5.706,0,0,418430976,0,5,1,cloister
108.786,10.888,1.04,0.0,12.356,1.772,53,322858,81,-4.99,0.31,5.71,0,0,418430976,0,5,1,cloister
108.797,10.416,0.935,0.0,12.356,1.772,52,290794,80,-4.99,0.31,5.71,0,0,418430976,0,5,1,cloister
108.808,13.055,0.323,0.0,12.356,1.772,52,290794,80,-5.035,0.31,5.714,0,0,418430976,0,5,1,cloister
108.819,10.648,0.545,0.0,12.356,1.772,52,290794,80,-5.08,0.31,5.718,0,0,418430976,0,5,1,cloister
108.83,10.495,0.657,0.0,12.356,1.772,52,290794,80,-5.08,0.31,5.718,0,0,418430976,0,5,1,cloister
108.841,12.113,0.935,0.0,12.356,1.772,52,290794,80,-5.124,0.31,5.722,0,0,418430976,0,5,1,cloister
108.852,10.601,0.836,0.0,12.356,1.772,52,290794,80,-5.169,0.31,5.725,0,0,418430976,0,5,1,cloister
108.863,11.006,0.711,0.0,12.356,1.772,52,290794,80,-5.169,0.31,5.725,0,0,418430976,0,5,1,cloister
108.874,11.962,0.758,0.0,12.356,1.772,52,290794,80,-5.214,0.31,5.729,0,0,418430976,0,5,1,cloister
108.886,11.886,0.728,0.0,12.356,1.772,52,290794,80,-5.259,0.31,5.733,0,0,418430976,0,5,1,cloister
108.897,10.711,0.875,0.0,12.356,1.772,52,290794,80,-5.259,0.31,5.733,0,0,418430976,0,5,1,cloister
108.908,11.902,0.809,0.0,12.356,1.772,52,290794,80,-5.304,0.31,5.737,0,0,418430976,0,5,1,cloister
108.919,12.0,0.697,0.0,12.356,1.772,52,290794,80,-5.349,0.31,5.741,0,0,418430976,0,5,1,cloister
108.93,9.727,0.873,0.0,12.356,1.772,52,290794,80,-5.349,0.31,5.741,0,0,418430976,0,5,1,cloister
108.941,12.19,0.911,0.0,12.356,1.772,52,290794,80,-5.394,0.31,5.745,0,0,418430976,0,5,1,cloister
108.952,11.175,0.748,0.0,12.356,1.772,49,290470,77,-5.438,0.31,5.748,0,0,418430976,0,5,1,cloister
108.963,10.915,0.998,0.0,12.356,1.772,49,290470,77,-5.438,0.31,5.748,0,0,418430976,0,5,1,cloister
108.974,11.81,0.853,0.0,12.356,1.772,49,290470,77,-5.483,0.31,5.752,0,0,418430976,0,5,1,cloister
108.986,10.337,0.916,0.0,12.356,1.772,49,290470,77,-5.528,0.31,5.756,0,0,418430976,0,5,1,cloister
108.997,11.227,0.77,0.0,12.356,1.772,48,290006,76,-5.528,0.31,5.756,0,0,418430976,0,5,1,cloister
109.008,11.864,0.41,0.0,12.356,1.772,48,290006,76,-5.573,0.31,5.76,0,0,418430976,0,5,1,cloister
109.019,10.651,0.951,0.0,12.356,1.772,48,290006,76,-5.618,0.31,5.764,0,0,418430976,0,5,1,cloister
109.03,10.418,0.918,0.0,12.356,1.772,48,290006,76,-5.618,0.31,5.764,0,0,418430976,0,5,1,cloister
109.041,11.503,0.775,0.0,12.356,1.772,48,290006,76,-5.663,0.31,5.767,0,0,418430976,0,5,1,cloister
109.052,10.789,0.804,0.0,12.356,1.772,48,290006,76,-5.707,0.31,5.771,0,0,418430976,0,5,1,cloister
109.063,10.36,0.784,0.0,12.356,1.772,48,290006,76,-5.707,0.31,5.771,0,0,418430976,0,5,1,cloister
109.074,11.738,0.927,0.0,12.356,1.772,48,290006,76,-5.752,0.31,5.775,0,0,418430976,0,5,1,cloister
109.086,10.921,0.67,0.0,12.356,1.772,48,290006,76,-5.797,0.31,5.779,0,0,418430976,0,5,1,cloister
109.097,10.231,0.615,0.0,12.356,1.772,48,290006,76,-5.797,0.31,5.779,0,0,418430976,0,5,1,cloister
109.108,11.59,0.771,0.0,12.356,1.772,48,290006,76,-5.842,0.31,5.783,0,0,418430976,0,5,1,cloister
109.119,11.002,0.675,0.0,12.356,1.772,48,290006,76,-5.887,0.31,5.786,0,0,418430976,0,5,1,cloister
109.13,10.074,0.792,0.0,12.356,1.772,47,289818,75,-5.887,0.31,5.786,0,0,418430976,0,5,1,cloister
109.141,11.602,0.828,0.0,12.356,1.772,47,289818,75,-5.932,0.31,5.79,0,0,418430976,0,5,1,cloister
109.152,10.105,0.715,0.0,12.356,1.772,47,289818,75,-5.976,0.31,5.794,0,0,418430976,0,5,1,cloister
109.163,10.995,0.905,0.0,12.356,1.772,47,289818,75,-5.976,0.31,5.794,0,0,418430976,0,5,1,cloister
109.174,11.392,0.358,0.0,12.356,1.772,47,289818,75,-6.021,0.31,5.798,0,0,418430976,0,5,1,cloister
109.186,10.707,0.656,0.0,12.356,1.772,45,272666,73,-6.066,0.31,5.802,0,0,418430976,0,5,1,cloister
109.197,10.259,0.298,0.0,12.356,1.772,45,272666,73,-6.066,0.31,5.802,0,0,418430976,0,5,1,cloister
109.208,11.442,0.334,0.0,12.356,1.772,45,272666,73,-6.111,0.31,5.805,0,0,418430976,0,5,1,cloister
109.219,10.93,0.29,0.0,12.356,1.772,45,272666,73,-6.156,0.31,5.809,0,0,418430976,0,5,1,cloister
109.23,10.304,0.298,0.0,12.356,1.772,45,272666,73,-6.156,0.31,5.809,0,0,418430976,0,5,1,cloister
109.241,12.305,0.284,0.0,12.356,1.772,45,272666,73,-6.201,0.31,5.813,0,0,418430976,0,5,1,cloister
109.252,10.558,0.368,0.0,11.587,1.4,45,272666,73,-6.245,0.31,5.817,0,0,418430976,0,5,1,cloister
109.262,10.207,1.025,0.0,11.587,1.4,45,272666,73,-6.245,0.31,5.817,0,0,418430976,0,5,1,cloister
109.273,11.726,0.822,0.0,11.587,1.4,45,272666,73,-6.29,0.31,5.821,0,0,418430976,0,5,1,cloister
109.284,10.703,0.79,0.0,11.587,1.4,43,272634,71,-6.335,0.31,5.825,0,0,418430976,0,5,1,cloister
109.295,10.29,0.816,0.0,11.587,1.4,43,272634,71,-6.335,0.31,5.825,0,0,418430976,0,5,1,cloister
109.306,11.707,0.87,0.0,11.587,1.4,43,272634,71,-6.38,0.31,5.828,0,0,418430976,0,5,1,cloister
109.317,10.537,0.833,0.0,11.587,1.4,43,272634,71,-6.425,0.31,5.832,0,0,418430976,0,5,1,cloister
109.328,10.297,0.879,0.0,11.587,1.4,43,272634,71,-6.425,0.31,5.832,0,0,418430976,0,5,1,cloister
109.338,11.451,0.735,0.0,11.587,1.4,43,272634,71,-6.47,0.31,5.836,0,0,418430976,0,5,1,cloister
109.349,10.136,0.709,0.0,11.587,1.4,43,272634,71,-6.47,0.31,5.836,0,0,418430976,0,5,1,cloister
109.36,11.397,0.822,0.0,11.587,1.4,43,272634,71,-6.514,0.31,5.84,0,0,418430976,0,5,1,cloister
109.37,10.819,0.755,0.0,11.587,1.4,43,272634,71,-6.559,0.31,5.844,0,0,418430976,0,5,1,cloister
109.381,10.203,1.347,0.0,11.587,1.4,43,272634,71,-6.559,0.31,5.844,0,0,418430976,0,5,1,cloister
109.392,11.46,0.813,0.0,11.587,1.4,43,272634,71,-6.604,0.31,5.847,0,0,418430976,0,5,1,cloister
109.402,10.471,0.678,0.0,11.587,1.4,43,272634,71,-6.649,0.31,5.851,0,0,418430976,0,5,1,cloister
109.413,10.515,0.967,0.0,11.587,1.4,43,272634,71,-6.649,0.31,5.851,0,0,418430976,0,5,1,cloister
109.423,11.51,1.519,0.0,11.587,1.4,43,272634,71,-6.694,0.31,5.855,0,0,418430976,0,5,1,cloister
109.434,10.821,1.807,0.0,11.587,1.4,43,272634,71,-6.739,0.31,5.859,0,0,418430976,0,5,1,cloister
109.445,10.385,0.845,0.0,11.587,1.4,43,272634,71,-6.739,0.31,5.859,0,0,418430976,0,5,1,cloister
109.455,11.663,0.887,0.0,11.587,1.4,43,272634,71,-6.783,0.31,5.863,0,0,418430976,0,5,1,cloister
109.466,9.579,0.92,0.0,11.587,1.4,42,268630,70,-6.783,0.31,5.863,0,0,418430976,0,5,1,cloister
109.476,11.908,0.818,0.0,11.587,1.4,42,268630,70,-6.828,0.31,5.866,0,0,418430976,0,5,1,cloister
109.487,10.586,1.639,0.0,11.587,1.4,42,268630,70,-6.873,0.31,5.87,0,0,418430976,0,5,1,cloister
109.498,10.34,0.821,0.0,11.587,1.4,42,268630,70,-6.873,0.31,5.87,0,0,418430976,0,5,1,cloister
109.508,12.627,0.869,0.0,11.587,1.4,42,268630,70,-6.918,0.31,5.874,0,0,418430976,0,5,1,cloister
109.519,10.903,0.777,0.0,11.587,1.4,42,268630,70,-6.963,0.31,5.878,0,0,418430976,0,5,1,cloister
109.529,8.341,0.775,0.0,11.587,1.4,42,268630,70,-6.963,0.31,5.878,0,0,418430976,0,5,1,cloister
109.54,11.02,0.669,0.0,11.587,1.4,42,268630,70,-7.008,0.31,5.882,0,0,418430976,0,5,1,cloister
109.551,12.697,0.302,0.0,11.587,1.4,42,268630,70,-7.053,0.31,5.886,0,0,418430976,0,5,1,cloister
109.561,8.241,0.359,0.0,11.587,1.4,42,268630,70,-7.053,0.31,5.886,0,0,418430976,0,5,1,cloister
109.572,11.188,0.913,0.0,11.587,1.4,42,268630,70,-7.097,0.31,5.889,0,0,418430976,0,5,1,cloister
109.582,10.15,0.291,0.0,11.587,1.4,42,268630,70,-7.097,0.31,5.889,0,0,418430976,0,5,1,cloister
109.593,11.143,0.368,0.0,11.587,1.4,42,268630,70,-7.142,0.31,5.893,0,0,418430976,0,5,1,cloister
109.604,10.269,0.269,0.0,11.587,1.4,42,268630,70,-7.187,0.31,5.897,0,0,418430976,0,5,1,cloister
109.614,11.513,0.328,0.0,11.587,1.4,41,268370,69,-7.187,0.31,5.897,0,0,418430976,0,5,1,cloister
109.625,11.341,0.256,0.0,11.587,1.4,41,268370,69,-7.232,0.31,5.901,0,0,418430976,0,5,1,cloister
109.635,9.652,0.943,0.0,11.587,1.4,41,268370,69,-7.277,0.31,5.905,0,0,418430976,0,5,1,cloister
109.646,10.123,0.492,0.0,11.587,1.4,41,268370,69,-7.277,0.31,5.905,0,0,418430976,0,5,1,cloister
109.657,10.993,0.899,0.0,11.587,1.4,41,268370,69,-7.322,0.31,5.908,0,0,418430976,0,5,1,cloister
109.667,10.83,0.845,0.0,11.587,1.4,41,268370,69,-7.366,0.31,5.912,0,0,418430976,0,5,1,cloister
109.678,9.903,0.953,0.0,11.587,1.4,41,268370,69,-7.366,0.31,5.912,0,0,418430976,0,5,1,cloister
109.688,10.629,0.697,0.0,11.587,1.4,41,268370,69,-7.411,0.31,5.916,0,0,418430976,0,5,1,cloister
109.699,10.022,0.967,0.0,11.587,1.4,41,268370,69,-7.411,0.31,5.916,0,0,418430976,0,5,1,cloister
109.71,11.15,0.763,0.0,11.587,1.4,41,268370,69,-7.456,0.31,5.92,0,0,418430976,0,5,1,cloister
109.72,10.623,0.777,0.0,11.587,1.4,39,268338,67,-7.501,0.31,5.924,0,0,418430976,0,5,1,cloister
109.731,9.593,1.048,0.0,11.587,1.4,39,268338,67,-7.501,0.31,5.924,0,0,418430976,0,5,1,cloister
109.742,10.947,0.929,0.0,11.587,1.4,39,268338,67,-7.546,0.31,5.927,0,0,418430976,0,5,1,cloister
109.752,10.407,1.122,0.0,11.587,1.4,39,268338,67,-7.591,0.31,5.931,0,0,418430976,0,5,1,cloister
109.763,9.822,0.815,0.0,11.587,1.4,37,268306,65,-7.591,0.31,5.931,0,0,418430976,0,5,1,cloister
109.773,11.022,0.679,0.0,11.587,1.4,37,268306,65,-7.635,0.31,5.935,0,0,418430976,0,5,1,cloister
109.784,10.388,0.646,0.0,11.587,1.4,37,268306,65,-7.68,0.31,5.939,0,0,418430976,0,5,1,cloister
109.795,9.851,0.842,0.0,11.587,1.4,37,268306,65,-7.68,0.31,5.939,0,0,418430976,0,5,1,cloister
109.805,10.962,0.882,0.0,11.587,1.4,37,268306,65,-7.725,0.31,5.943,0,0,418430976,0,5,1,cloister
109.816,9.388,0.684,0.0,11.587,1.4,37,268306,65,-7.725,0.31,5.943,0,0,418430976,0,5,1,cloister
109.826,11.144,0.789,0.0,11.587,1.4,37,268306,65,-7.77,0.31,5.946,0,0,418430976,0,5,1,cloister
109.837,10.473,0.725,0.0,11.587,1.4,37,268306,65,-7.815,0.31,5.95,0,0,418430976,0,5,1,cloister
109.848,9.645,0.784,0.0,11.587,1.4,37,268306,65,-7.815,0.31,5.95,0,0,418430976,0,5,1,cloister
109.858,10.81,0.802,0.0,11.587,1.4,37,268306,65,-7.86,0.31,5.954,0,0,418430976,0,5,1,cloister
109.868,10.348,0.767,0.0,11.587,1.4,37,268306,65,-7.904,0.31,5.958,0,0,418430976,0,5,1,cloister
109.879,9.549,0.858,0.0,11.587,1.4,37,268306,65,-7.904,0.31,5.958,0,0,418430976,0,5,1,cloister
109.889,10.598,0.908,0.0,11.587,1.4,37,268306,65,-7.944,0.31,5.962,0,0,418430976,0,5,1,cloister
109.899,9.757,0.744,0.0,11.587,1.4,36,143598,64,-7.944,0.31,5.962,0,0,418430976,0,5,1,cloister
109.909,11.085,0.702,0.0,11.587,1.4,36,143598,64,-7.979,0.31,5.966,0,0,418430976,0,5,1,cloister
109.92,10.523,0.731,0.0,11.587,1.4,39,166062,67,-8.012,0.31,5.972,0,0,418430976,0,5,1,cloister
109.93,10.179,0.828,0.0,11.587,1.4,44,174418,72,-8.012,0.31,5.972,0,0,418430976,0,5,1,cloister
109.941,11.825,0.786,0.0,11.587,1.4,44,174418,72,-8.043,0.31,5.979,0,0,418430976,0,5,1,cloister
109.951,10.355,0.789,0.0,11.587,1.4,67,196248,95,-8.073,0.31,5.988,0,0,418430976,0,5,1,cloister
109.961,10.936,0.997,0.0,11.587,1.4,63,176776,91,-8.073,0.31,5.988,0,0,418430976,0,5,1,cloister
109.972,11.604,0.702,0.0,11.587,1.4,63,176776,91,-8.101,0.31,5.999,0,0,418430976,0,5,1,cloister
109.982,10.371,0.735,0.0,11.587,1.4,65,179820,93,-8.101,0.31,5.999,0,0,418430976,0,5,1,cloister
109.993,11.025,0.815,0.0,11.587,1.4,65,179820,93,-8.129,0.31,6.013,0,0,418430976,0,5,1,cloister
110.003,11.772,0.413,0.0,11.587,1.4,66,179840,94,-8.155,0.31,6.029,0,0,418430976,0,5,1,cloister
110.014,9.607,0.379,0.0,11.587,1.4,84,204522,112,-8.155,0.31,6.029,0,0,418430976,0,5,1,cloister
110.024,12.037,0.905,0.0,11.587,1.4,84,204522,112,-8.181,0.31,6.048,0,0,418430976,0,5,1,cloister
110.034,11.261,0.776,0.0,11.587,1.4,83,231646,111,-8.206,0.31,6.07,0,0,418430976,0,5,1,cloister
110.045,10.387,0.814,0.0,11.587,1.4,83,231646,111,-8.206,0.31,6.07,0,0,418430976,0,5,1,cloister
110.055,11.572,0.825,0.0,11.587,1.4,83,231646,111,-8.23,0.31,6.093,0,0,418430976,0,5,1,cloister
110.066,10.315,0.844,0.0,11.587,1.4,86,231774,114,-8.23,0.31,6.093,0,0,418430976,0,5,1,cloister
110.076,11.505,0.832,0.0,11.587,1.4,86,231774,114,-8.253,0.31,6.12,0,0,418430976,0,5,1,cloister
110.087,10.545,0.865,0.0,11.587,1.4,89,237930,117,-8.275,0.31,6.148,0,0,418430976,0,5,1,cloister
110.097,10.498,0.857,0.0,11.587,1.4,90,237932,118,-8.275,0.31,6.148,0,0,418430976,0,5,1,cloister
110.108,11.751,0.599,0.0,11.587,1.4,90,237932,118,-8.296,0.31,6.178,0,0,418430976,0,5,1,cloister
110.119,10.653,0.808,0.0,11.587,1.4,98,238396,126,-8.316,0.31,6.21,0,0,418430976,0,5,1,cloister
110.129,10.306,0.47,0.0,11.587,1.4,98,238396,126,-8.316,0.31,6.21,0,0,418430976,0,5,1,cloister
110.14,11.579,0.95,0.0,11.587,1.4,98,238396,126,-8.334,0.31,6.243,0,0,418430976,0,5,1,cloister
110.15,10.603,0.975,0.0,11.587,1.4,98,238396,126,-8.352,0.31,6.278,0,0,418430976,0,5,1,cloister
110.161,12.561,1.74,0.0,11.587,1.4,100,243780,128,-8.352,0.31,6.278,0,0,418430976,0,5,1,cloister
110.172,8.342,0.907,0.0,11.587,1.4,100,243780,128,-8.369,0.31,6.314,0,0,418430976,0,5,1,cloister
110.182,10.885,1.062,0.0,11.587,1.4,98,224420,126,-8.369,0.31,6.314,0,0,418430976,0,5,1,cloister
110.193,11.234,0.257,0.0,11.587,1.4,98,224420,126,-8.384,0.31,6.351,0,0,418430976,0,5,1,cloister
110.203,10.505,0.362,0.0,11.587,1.4,98,224420,126,-8.398,0.31,6.39,0,0,418430976,0,5,1,cloister
110.214,10.079,0.328,0.0,11.587,1.4,98,224420,126,-8.398,0.31,6.39,0,0,418430976,0,5,1,cloister
110.225,11.67,0.305,0.0,11.587,1.4,98,224420,126,-8.411,0.31,6.429,0,0,418430976,0,5,1,cloister
110.235,10.348,0.742,0.0,11.587,1.4,99,224456,127,-8.424,0.31,6.469,0,0,418430976,0,5,1,cloister
110.246,9.645,1.271,0.0,12.019,1.209,99,224456,127,-8.424,0.31,6.469,0,0,418430976,0,5,1,cloister
110.257,10.619,0.911,0.0,12.019,1.209,99,224456,127,-8.435,0.31,6.509,0,0,418430976,0,5,1,cloister
110.267,10.437,0.744,0.0,12.019,1.209,99,224456,127,-8.446,0.31,6.551,0,0,418430976,0,5,1,cloister
110.278,9.504,0.868,0.0,12.019,1.209,99,224456,127,-8.446,0.31,6.551,0,0,418430976,0,5,1,cloister
110.288,11.009,1.034,0.0,12.019,1.209,99,224456,127,-8.455,0.31,6.593,0,0,418430976,0,5,1,cloister
110.299,9.925,0.385,0.0,12.019,1.209,99,224456,127,-8.455,0.31,6.593,0,0,418430976,0,5,1,cloister
110.31,11.131,0.324,0.0,12.019,1.209,99,224456,127,-8.464,0.31,6.635,0,0,418430976,0,5,1,cloister
110.32,12.361,0.337,0.0,12.019,1.209,98,224432,126,-8.472,0.31,6.677,0,0,418430976,0,5,1,cloister
110.331,9.464,0.405,0.0,12.019,1.209,98,224432,126,-8.472,0.31,6.677,0,0,418430976,0,5,1,cloister
110.341,11.647,1.161,0.0,12.019,1.209,98,224432,126,-8.48,0.31,6.72,0,0,418430976,0,5,1,cloister
110.352,10.876,0.835,0.0,12.019,1.209,98,224432,126,-8.486,0.31,6.764,0,0,418430976,0,5,1,cloister
110.363,10.575,1.794,0.0,12.019,1.209,98,224432,126,-8.486,0.31,6.764,0,0,418430976,0,5,1,cloister
110.373,11.865,1.006,0.0,12.019,1.209,98,224432,126,-8.492,0.31,6.807,0,0,418430976,0,5,1,cloister
110.384,10.93,0.915,0.0,12.019,1.209,98,224432,126,-8.498,0.31,6.851,0,0,418430976,0,5,1,cloister
110.394,10.983,0.951,0.0,12.019,1.209,98,224432,126,-8.498,0.31,6.851,0,0,418430976,0,5,1,cloister
110.405,12.321,0.853,0.0,12.019,1.209,98,224432,126,-8.503,0.31,6.895,0,0,418430976,0,5,1,cloister
110.416,10.851,0.83,0.0,12.019,1.209,98,224432,126,-8.503,0.31,6.895,0,0,418430976,0,5,1,cloister
110.426,12.338,0.885,0.0,12.019,1.209,98,224432,126,-8.508,0.31,6.939,0,0,418430976,0,5,1,cloister
110.437,11.275,0.899,0.0,12.019,1.209,98,224432,126,-8.512,0.31,6.983,0,0,418430976,0,5,1,cloister
110.449,11.042,1.068,0.0,12.019,1.209,98,224476,126,-8.512,0.31,6.983,0,0,418430976,0,5,1,cloister
110.461,12.509,0.87,0.0,12.019,1.209,98,224476,126,-8.515,0.31,7.028,0,0,418430976,0,5,1,cloister
110.473,11.774,0.776,0.0,12.019,1.209,97,224484,125,-8.518,0.31,7.072,0,0,418430976,0,5,1,cloister
110.485,11.731,0.954,0.0,12.019,1.209,97,224484,125,-8.521,0.31,7.117,0,0,418430976,0,5,1,cloister
110.496,11.467,0.882,0.0,12.019,1.209,97,224484,125,-8.521,0.31,7.117,0,0,418430976,0,5,1,cloister
110.509,13.501,0.837,0.0,12.019,1.209,97,224484,125,-8.524,0.31,7.161,0,0,418430976,0,5,1,cloister
110.52,10.801,1.029,0.0,12.019,1.209,97,224484,125,-8.526,0.31,7.206,0,0,418430976,0,5,1,cloister
110.532,11.302,0.828,0.0,12.019,1.209,96,224468,124,-8.526,0.31,7.206,0,0,418430976,0,5,1,cloister
110.544,12.439,0.885,0.0,12.019,1.209,96,224468,124,-8.528,0.31,7.251,0,0,418430976,0,5,1,cloister
110.556,11.857,1.102,0.0,12.019,1.209,96,224468,124,-8.529,0.31,7.296,0,0,418430976,0,5,1,cloister
110.568,11.944,0.949,0.0,12.019,1.209,95,224420,123,-8.531,0.31,7.34,0,0,418430976,0,5,1,cloister
110.58,11.32,0.841,0.0,12.019,1.209,95,224420,123,-8.531,0.31,7.34,0,0,418430976,0,5,1,cloister
110.592,12.524,1.057,0.0,12.019,1.209,95,224420,123,-8.532,0.31,7.385,0,0,418430976,0,5,1,cloister
110.604,11.273,1.048,0.0,12.019,1.209,97,224444,125,-8.533,0.31,7.43,0,0,418430976,0,5,1,cloister
110.616,12.02,2.492,0.0,12.019,1.209,97,224444,125,-8.533,0.31,7.43,0,0,418430976,0,5,1,cloister
110.628,12.538,0.394,0.0,12.019,1.209,97,224444,125,-8.534,0.31,7.475,0,0,418430976,0,5,1,cloister
110.639,11.478,0.808,0.0,12.019,1.209,97,224444,125,-8.534,0.31,7.52,0,0,418430976,0,5,1,cloister
110.652,12.185,1.057,0.0,12.019,1.209,97,224444,125,-8.534,0.31,7.565,0,0,418430976,0,5,1,cloister
110.664,11.468,0.338,0.0,12.019,1.209,97,224444,125,-8.534,0.31,7.565,0,0,418430976,0,5,1,cloister
110.676,12.664,0.355,0.0,12.019,1.209,97,224444,125,-8.535,0.31,7.61,0,0,418430976,0,5,1,cloister
110.687,13.328,0.373,0.0,12.019,1.209,100,224516,128,-8.535,0.31,7.655,0,0,418430976,0,5,1,cloister
110.699,10.248,0.364,0.0,12.019,1.209,100,224516,128,-8.535,0.31,7.655,0,0,418430976,0,5,1,cloister
110.711,12.485,0.98,0.0,12.019,1.209,100,224516,128,-8.535,0.31,7.7,0,0,418430976,0,5,1,cloister
110.723,11.985,0.957,0.0,12.019,1.209,101,224528,129,-8.535,0.31,7.745,0,0,418430976,0,5,1,cloister
110.735,12.108,0.916,0.0,12.019,1.209,103,224708,131,-8.534,0.31,7.79,0,0,418430976,0,5,1,cloister
110.747,11.437,0.941,0.0,12.019,1.209,103,224708,131,-8.534,0.31,7.79,0,0,418430976,0,5,1,cloister
110.759,12.761,0.911,0.0,12.019,1.209,103,224708,131,-8.534,0.31,7.835,0,0,418430976,0,5,1,cloister
110.771,12.022,1.008,0.0,12.019,1.209,104,224720,132,-8.533,0.31,7.879,0,0,418430976,0,5,1,cloister
110.784,11.983,0.928,0.0,12.019,1.209,106,224960,252,-8.533,0.31,7.924,0,0,418430976,0,5,1,cloister
110.796,11.742,1.306,0.0,12.019,1.209,106,224960,252,-8.533,0.31,7.924,0,0,418430976,0,5,1,cloister
110.808,12.67,1.301,0.0,12.019,1.209,106,224960,252,-8.532,0.31,7.969,0,0,418430976,0,5,1,cloister
110.821,12.452,1.148,0.0,12.019,1.209,106,224960,252,-8.532,0.31,8.014,0,0,418430976,0,5,1,cloister
110.833,11.186,0.909,0.0,12.019,1.209,106,224960,252,-8.532,0.31,8.014,0,0,418430976,0,5,1,cloister
110.845,13.457,0.882,0.0,12.019,1.209,106,224960,252,-8.531,0.31,8.059,0,0,418430976,0,5,1,cloister
110.857,11.718,0.437,0.0,12.019,1.209,106,224960,252,-8.53,0.31,8.104,0,0,418430976,0,5,1,cloister
110.869,12.101,0.904,0.0,12.019,1.209,106,224960,252,-8.529,0.31,8.149,0,0,418430976,0,5,1,cloister
110.881,11.353,1.109,0.0,12.019,1.209,106,224960,252,-8.529,0.31,8.149,0,0,418430976,0,5,1,cloister
110.893,12.804,0.541,0.0,12.019,1.209,106,224960,252,-8.528,0.31,8.194,0,0,418430976,0,5,1,cloister
110.905,12.066,0.937,0.0,12.019,1.209,106,226360,252,-8.527,0.31,8.239,0,0,418430976,0,5,1,cloister
110.918,11.995,0.933,0.0,12.019,1.209,106,226360,252,-8.526,0.31,8.284,0,0,418430976,0,5,1,cloister
110.93,11.249,1.038,0.0,12.019,1.209,106,226360,252,-8.526,0.31,8.284,0,0,418430976,0,5,1,cloister
110.942,12.478,1.034,0.0,12.019,1.209,106,226360,252,-8.525,0.31,8.329,0,0,418430976,0,5,1,cloister
110.954,11.999,0.83,0.0,12.019,1.209,106,226428,252,-8.524,0.31,8.374,0,0,418430976,0,5,1,cloister
110.966,11.286,0.877,0.0,12.019,1.209,106,226428,252,-8.524,0.31,8.374,0,0,418430976,0,5,1,cloister
110.978,12.115,0.902,0.0,12.019,1.209,106,226428,252,-8.523,0.31,8.419,0,0,418430976,0,5,1,cloister
110.99,12.723,0.796,0.0,12.019,1.209,105,226380,251,-8.521,0.31,8.464,0,0,418430976,0,5,1,cloister
111.002,11.862,0.671,0.0,12.019,1.209,105,226380,251,-8.52,0.31,8.509,0,0,418430976,0,5,1,cloister
111.014,13.54,1.049,0.0,12.019,1.209,104,226364,250,-8.52,0.31,8.509,0,0,418430976,0,5,1,cloister
111.027,10.962,0.937,0.0,12.019,1.209,104,226364,250,-8.519,0.31,8.554,0,0,418430976,0,5,1,cloister
111.039,12.29,1.112,0.0,12.019,1.209,104,226364,250,-8.518,0.31,8.599,0,0,418430976,0,5,1,cloister
111.051,12.371,0.382,0.0,12.019,1.209,102,226124,130,-8.516,0.31,8.644,0,0,418430976,0,5,1,cloister
111.063,12.181,0.357,0.0,12.019,1.209,102,226124,130,-8.516,0.31,8.644,0,0,418430976,0,5,1,cloister
111.075,12.305,0.911,0.0,12.019,1.209,102,226124,130,-8.515,0.31,8.689,0,0,418430976,0,5,1,cloister
111.087,11.846,0.803,0.0,12.019,1.209,102,226124,130,-8.514,0.31,8.734,0,0,418430976,0,5,1,cloister
111.099,11.295,0.963,0.0,12.019,1.209,102,231724,130,-8.514,0.31,8.734,0,0,418430976,0,5,1,cloister
111.111,12.472,0.994,0.0,12.019,1.209,102,231724,130,-8.512,0.31,8.779,0,0,418430976,0,5,1,cloister
111.124,11.859,0.796,0.0,12.019,1.209,102,231724,130,-8.511,0.31,8.824,0,0,418430976,0,5,1,cloister
111.136,11.843,0.892,0.0,12.019,1.209,102,231724,130,-8.51,0.31,8.869,0,0,418430976,0,5,1,cloister
111.148,11.286,0.866,0.0,12.019,1.209,102,231724,130,-8.51,0.31,8.869,0,0,418430976,0,5,1,cloister
111.16,12.662,0.896,0.0,12.019,1.209,102,231724,130,-8.508,0.31,8.914,0,0,418430976,0,5,1,cloister
111.172,11.776,0.826,0.0,12.019,1.209,102,231724,130,-8.507,0.31,8.959,0,0,418430976,0,5,1,cloister
111.184,12.004,1.309,0.0,12.019,1.209,102,231724,130,-8.505,0.31,9.004,0,0,418430976,0,5,1,cloister
111.196,11.062,0.885,0.0,12.019,1.209,102,231724,130,-8.505,0.31,9.004,0,0,418430976,0,5,1,cloister
111.208,12.23,0.856,0.0,12.019,1.209,102,231724,130,-8.504,0.31,9.049,0,0,418430976,0,5,1,cloister
111.221,11.93,0.37,0.0,12.019,1.209,102,231724,130,-8.502,0.31,9.094,0,0,418430976,0,5,1,cloister
111.233,11.984,0.332,0.0,12.019,1.209,102,231724,130,-8.502,0.31,9.094,0,0,418430976,0,5,1,cloister
111.245,12.398,0.412,0.0,12.415,1.216,102,231724,130,-8.501,0.31,9.139,0,0,418430976,0,5,1,cloister
111.257,11.804,0.91,0.0,12.415,1.216,102,231724,130,-8.499,0.31,9.184,0,0,418430976,0,5,1,cloister
111.269,12.049,0.891,0.0,12.415,1.216,102,231724,130,-8.498,0.31,9.229,0,0,418430976,0,5,1,cloister
111.281,11.541,0.924,0.0,12.415,1.216,102,231724,130,-8.498,0.31,9.229,0,0,418430976,0,5,1,cloister
111.293,13.659,1.253,0.0,12.415,1.216,102,231724,130,-8.496,0.31,9.274,0,0,418430976,0,5,1,cloister
111.305,11.136,0.836,0.0,12.415,1.216,102,231724,130,-8.495,0.31,9.319,0,0,418430976,0,5,1,cloister
111.318,12.524,0.978,0.0,12.415,1.216,101,231688,129,-8.493,0.31,9.364,0,0,418430976,0,5,1,cloister
111.33,11.33,0.435,0.0,12.415,1.216,101,231688,129,-8.493,0.31,9.364,0,0,418430976,0,5,1,cloister
111.342,12.507,0.782,0.0,12.415,1.216,101,231688,129,-8.492,0.31,9.409,0,0,418430976,0,5,1,cloister
111.354,11.98,0.843,0.0,12.415,1.216,101,231688,129,-8.49,0.31,9.454,0,0,418430976,0,5,1,cloister
111.366,11.262,0.87,0.0,12.415,1.216,101,231688,129,-8.49,0.31,9.454,0,0,418430976,0,5,1,cloister
111.378,12.842,0.963,0.0,12.415,1.216,101,231688,129,-8.489,0.31,9.499,0,0,418430976,0,5,1,cloister
111.39,11.878,0.79,0.0,12.415,1.216,99,199364,127,-8.487,0.31,9.544,0,0,418430976,0,5,1,cloister
111.402,11.952,0.902,0.0,12.415,1.216,99,199364,127,-8.486,0.31,9.589,0,0,418430976,0,5,1,cloister
111.414,11.34,1.035,0.0,12.415,1.216,99,199364,127,-8.486,0.31,9.589,0,0,418430976,0,5,1,cloister
111.427,12.577,0.875,0.0,12.415,1.216,99,199364,127,-8.484,0.31,9.634,0,0,418430976,0,5,1,cloister
111.439,11.897,0.816,0.0,12.415,1.216,99,199364,127,-8.483,0.31,9.679,0,0,418430976,0,5,1,cloister
111.451,12.042,0.868,0.0,12.415,1.216,99,199364,127,-8.481,0.31,9.724,0,0,418430976,0,5,1,cloister
111.463,10.994,1.21,0.0,12.415,1.216,99,199364,127,-8.481,0.31,9.724,0,0,418430976,0,5,1,cloister
111.475,12.763,0.436,0.0,12.415,1.216,99,199364,127,-8.48,0.31,9.769,0,0,418430976,0,5,1,cloister
111.487,11.847,0.425,0.0,12.415,1.216,99,199364,127,-8.478,0.31,9.814,0,0,418430976,0,5,1,cloister
111.499,10.99,0.839,0.0,12.415,1.216,99,199364,127,-8.478,0.31,9.814,0,0,418430976,0,5,1,cloister
111.511,13.048,0.919,0.0,12.415,1.216,99,199364,127,-8.476,0.31,9.858,0,0,418430976,0,5,1,cloister
111.524,11.678,0.479,0.0,12.415,1.216,99,199364,127,-8.475,0.31,9.903,0,0,418430976,0,5,1,cloister
111.536,11.751,1.063,0.0,12.415,1.216,99,199364,127,-8.473,0.31,9.948,0,0,418430976,0,5,1,cloister
111.548,11.477,0.876,0.0,12.415,1.216,99,199364,127,-8.473,0.31,9.948,0,0,418430976,0,5,1,cloister
111.56,12.339,0.87,0.0,12.415,1.216,99,199364,127,-8.472,0.31,9.993,0,0,418430976,0,5,1,cloister
111.572,12.025,0.96,0.0,12.415,1.216,99,199364,127,-8.47,0.31,10.038,0,0,418430976,0,5,1,cloister
111.584,11.66,0.431,0.0,12.415,1.216,99,199420,127,-8.469,0.31,10.083,0,0,418430976,0,5,1,cloister
111.596,11.346,0.849,0.0,12.415,1.216,99,199420,127,-8.469,0.31,10.083,0,0,418430976,0,5,1,cloister
111.608,12.378,0.877,0.0,12.415,1.216,99,199420,127,-8.467,0.31,10.128,0,0,418430976,0,5,1,cloister
111.62,11.773,0.818,0.0,12.415,1.216,99,199420,127,-8.465,0.31,10.173,0,0,418430976,0,5,1,cloister
111.632,11.134,0.881,0.0,12.415,1.216,99,199420,127,-8.465,0.31,10.173,0,0,418430976,0,5,1,cloister
111.644,12.381,0.918,0.0,12.415,1.216,99,199420,127,-8.464,0.31,10.218,0,0,418430976,0,5,1,cloister
111.656,12.173,0.801,0.0,12.415,1.216,99,199420,127,-8.462,0.31,10.263,0,0,418430976,0,5,1,cloister
111.668,11.703,0.9,0.0,12.415,1.216,99,199420,127,-8.461,0.31,10.308,0,0,418430976,0,5,1,cloister
111.68,11.399,1.019,0.0,12.415,1.216,99,199420,127,-8.461,0.31,10.308,0,0,418430976,0,5,1,cloister
111.692,11.6,0.975,0.0,12.415,1.216,99,199420,127,-8.459,0.31,10.353,0,0,418430976,0,5,1,cloister
111.703,11.987,1.133,0.0,12.415,1.216,99,199420,127,-8.457,0.31,10.398,0,0,418430976,0,5,1,cloister
111.715,11.355,0.334,0.0,12.415,1.216,99,199420,127,-8.457,0.31,10.398,0,0,418430976,0,5,1,cloister
111.727,12.395,0.357,0.0,12.415,1.216,99,199420,127,-8.456,0.31,10.443,0,0,418430976,0,5,1,cloister
111.739,12.209,0.364,0.0,12.415,1.216,99,199420,127,-8.454,0.31,10.488,0,0,418430976,0,5,1,cloister
111.751,11.54,0.42,0.0,12.415,1.216,99,199420,127,-8.453,0.31,10.533,0,0,418430976,0,5,1,cloister
111.763,11.005,0.862,0.0,12.415,1.216,99,199420,127,-8.453,0.31,10.533,0,0,418430976,0,5,1,cloister
111.775,12.207,0.883,0.0,12.415,1.216,99,199420,127,-8.451,0.31,10.578,0,0,418430976,0,5,1,cloister
111.787,11.809,0.794,0.0,12.415,1.216,99,199420,127,-8.449,0.31,10.623,0,0,418430976,0,5,1,cloister
111.799,10.997,0.91,0.0,12.415,1.216,99,199420,127,-8.449,0.31,10.623,0,0,418430976,0,5,1,cloister
111.811,12.265,0.978,0.0,12.415,1.216,99,199420,127,-8.448,0.31,10.668,0,0,418430976,0,5,1,cloister
111.823,11.738,0.784,0.0,12.415,1.216,99,199420,127,-8.446,0.31,10.713,0,0,418430976,0,5,1,cloister
111.834,11.12,0.935,0.0,12.415,1.216,99,199420,127,-8.445,0.31,10.758,0,0,418430976,0,5,1,cloister
111.846,11.707,0.87,0.0,12.415,1.216,99,199420,127,-8.445,0.31,10.758,0,0,418430976,0,5,1,cloister
111.858,12.324,0.44,0.0,12.415,1.216,99,199420,127,-8.443,0.31,10.803,0,0,418430976,0,5,1,cloister
111.87,11.645,0.799,0.0,12.415,1.216,99,199420,127,-8.441,0.31,10.848,0,0,418430976,0,5,1,cloister
111.882,11.194,0.947,0.0,12.415,1.216,99,199420,127,-8.441,0.31,10.848,0,0,418430976,0,5,1,cloister
111.894,12.19,1.039,0.0,12.415,1.216,99,199420,127,-8.44,0.31,10.893,0,0,418430976,0,5,1,cloister
111.906,11.971,0.811,0.0,12.415,1.216,99,199420,127,-8.438,0.31,10.938,0,0,418430976,0,5,1,cloister
111.918,11.508,0.912,0.0,12.415,1.216,99,199420,127,-8.437,0.31,10.983,0,0,418430976,0,5,1,cloister
111.93,11.135,0.942,0.0,12.415,1.216,99,199420,127,-8.437,0.31,10.983,0,0,418430976,0,5,1,cloister
111.942,12.137,0.857,0.0,12.415,1.216,99,199420,127,-8.435,0.31,11.028,0,0,418430976,0,5,1,cloister
111.953,11.794,0.787,0.0,12.415,1.216,98,199418,126,-8.433,0.31,11.073,0,0,418430976,0,5,1,cloister
111.965,10.991,0.489,0.0,12.415,1.216,98,199418,126,-8.433,0.31,11.073,0,0,418430976,0,5,1,cloister
111.977,12.209,0.853,0.0,12.415,1.216,98,199418,126,-8.432,0.31,11.118,0,0,418430976,0,5,1,cloister
111.989,11.109,0.782,0.0,12.415,1.216,98,199418,126,-8.43,0.31,11.163,0,0,418430976,0,5,1,cloister
112.001,12.106,0.921,0.0,12.415,1.216,98,199418,126,-8.429,0.31,11.208,0,0,418430976,0,5,1,cloister
112.013,11.304,0.374,0.0,12.415,1.216,98,199418,126,-8.429,0.31,11.208,0,0,418430976,0,5,1,cloister
112.025,12.549,0.845,0.0,12.415,1.216,98,199418,126,-8.427,0.31,11.253,0,0,418430976,0,5,1,cloister
112.037,11.298,0.814,0.0,12.415,1.216,98,199418,126,-8.425,0.31,11.298,0,0,418430976,0,5,1,cloister
112.049,11.027,0.981,0.0,12.415,1.216,98,199418,126,-8.425,0.31,11.298,0,0,418430976,0,5,1,cloister
112.061,12.189,0.979,0.0,12.415,1.216,98,199418,126,-8.424,0.31,11.343,0,0,418430976,0,5,1,cloister
112.073,11.507,0.959,0.0,12.415,1.216,98,199418,126,-8.422,0.31,11.388,0,0,418430976,0,5,1,cloister
112.084,10.946,0.926,0.0,12.415,1.216,98,199418,126,-8.42,0.31,11.432,0,0,418430976,0,5,1,cloister
112.096,11.084,0.983,0.0,12.415,1.216,98,199418,126,-8.42,0.31,11.432,0,0,418430976,0,5,1,cloister
112.108,11.891,0.364,0.0,12.415,1.216,98,199418,126,-8.419,0.31,11.477,0,0,418430976,0,5,1,cloister
112.119,11.665,0.332,0.0,12.415,1.216,98,199504,126,-8.417,0.31,11.522,0,0,418430976,0,5,1,cloister
112.131,11.444,0.292,0.0,12.415,1.216,98,199504,126,-8.417,0.31,11.522,0,0,418430976,0,5,1,cloister
112.142,12.547,0.388,0.0,12.415,1.216,98,199504,126,-8.416,0.31,11.561,0,0,418430976,0,5,1,cloister
112.154,10.896,1.023,0.0,12.415,1.216,76,187364,104,-8.417,0.31,11.594,0,0,418430976,0,5,1,cloister
112.165,10.739,0.736,0.0,12.415,1.216,71,187010,99,-8.417,0.31,11.594,0,0,418430976,0,5,1,cloister
112.176,11.807,0.816,0.0,12.415,1.216,71,187010,99,-8.418,0.31,11.621,0,0,418430976,0,5,1,cloister
112.187,11.237,0.808,0.0,12.415,1.216,62,186828,90,-8.421,0.31,11.645,0,0,418430976,0,5,1,cloister
112.198,9.588,0.994,0.0,12.415,1.216,59,186794,87,-8.421,0.31,11.645,0,0,418430976,0,5,1,cloister
112.209,12.365,1.081,0.0,12.415,1.216,59,186794,87,-8.424,0.31,11.665,0,0,418430976,0,5,1,cloister
112.22,10.66,0.424,0.0,12.415,1.216,40,143284,68,-8.429,0.31,11.682,0,0,418430976,0,5,1,cloister
112.231,10.17,0.961,0.0,12.415,1.216,28,137784,56,-8.429,0.31,11.682,0,0,418430976,0,5,1,cloister
112.242,11.525,0.994,0.0,12.415,1.216,28,137784,56,-8.434,0.31,11.695,0,0,418430976,0,5,1,cloister
112.253,11.191,0.31,0.0,13.165,0.948,24,130492,52,-8.44,0.31,11.706,0,0,418430976,0,5,1,cloister
112.264,10.292,0.367,0.0,13.165,0.948,27,138154,55,-8.44,0.31,11.706,0,0,418430976,0,5,1,cloister
112.275,12.318,0.28,0.0,13.165,0.948,27,138154,55,-8.448,0.31,11.714,0,0,418430976,0,5,1,cloister
112.287,10.598,0.362,0.0,13.165,0.948,33,149274,61,-8.457,0.31,11.72,0,0,418430976,0,5,1,cloister
112.298,10.56,0.822,0.0,13.165,0.948,40,342672,68,-8.457,0.31,11.72,0,0,418430976,0,5,1,cloister
112.309,11.139,0.3,0.0,13.165,0.948,40,342672,68,-8.469,0.31,11.722,0,0,418430976,0,5,1,cloister
112.32,12.047,0.337,0.0,13.165,0.948,58,433830,86,-8.482,0.31,11.721,0,0,418430976,0,5,1,cloister
112.331,10.86,0.406,0.0,13.165,0.948,59,442406,87,-8.482,0.31,11.721,0,0,418430976,0,5,1,cloister
112.342,11.392,0.909,0.0,13.165,0.948,59,442406,87,-8.497,0.31,11.717,0,0,418430976,0,5,1,cloister
112.353,10.774,1.145,0.0,13.165,0.948,62,442454,90,-8.514,0.31,11.71,0,0,418430976,0,5,1,cloister
112.364,10.7,0.742,0.0,13.165,0.948,63,442470,91,-8.514,0.31,11.71,0,0,418430976,0,5,1,cloister
112.375,11.504,0.864,0.0,13.165,0.948,63,442470,91,-8.532,0.31,11.699,0,0,418430976,0,5,1,cloister
112.386,11.105,0.972,0.0,13.165,0.948,70,486458,98,-8.55,0.31,11.686,0,0,418430976,0,5,1,cloister
112.397,10.495,0.828,0.0,13.165,0.948,73,486696,101,-8.55,0.31,11.686,0,0,418430976,0,5,1,cloister
112.408,12.579,0.8,0.0,13.165,0.948,73,486696,101,-8.57,0.31,11.669,0,0,418430976,0,5,1,cloister
112.419,10.417,0.721,0.0,13.165,0.948,79,500072,107,-8.589,0.31,11.649,0,0,418430976,0,5,1,cloister
112.43,10.6,0.706,0.0,13.165,0.948,85,501908,113,-8.589,0.31,11.649,0,0,418430976,0,5,1,cloister
112.442,11.753,0.891,0.0,13.165,0.948,85,501908,113,-8.608,0.31,11.626,0,0,418430976,0,5,1,cloister
112.453,11.193,0.842,0.0,13.165,0.948,87,511848,115,-8.627,0.31,11.601,0,0,418430976,0,5,1,cloister
112.464,10.289,0.885,0.0,13.165,0.948,89,514782,117,-8.627,0.31,11.601,0,0,418430976,0,5,1,cloister
112.475,12.448,0.874,0.0,13.165,0.948,89,514782,117,-8.646,0.31,11.574,0,0,418430976,0,5,1,cloister
112.486,11.057,0.461,0.0,13.165,0.948,99,617408,127,-8.663,0.31,11.545,0,0,418430976,0,5,1,cloister
112.497,10.93,0.767,0.0,13.165,0.948,99,617408,127,-8.663,0.31,11.545,0,0,418430976,0,5,1,cloister
112.508,12.124,0.809,0.0,13.165,0.948,99,617408,127,-8.68,0.31,11.513,0,0,418430976,0,5,1,cloister
112.519,11.39,0.827,0.0,13.165,0.948,106,621626,134,-8.697,0.31,11.48,0,0,418430976,0,5,1,cloister
112.53,10.697,0.918,0.0,13.165,0.948,108,621816,136,-8.697,0.31,11.48,0,0,418430976,0,5,1,cloister
112.542,12.391,0.854,0.0,13.165,0.948,108,621816,136,-8.712,0.31,11.446,0,0,418430976,0,5,1,cloister
112.553,11.309,0.754,0.0,13.165,0.948,111,625764,139,-8.726,0.31,11.41,0,0,418430976,0,5,1,cloister
112.564,11.006,0.9,0.0,13.165,0.948,113,626026,141,-8.726,0.31,11.41,0,0,418430976,0,5,1,cloister
112.575,12.153,0.89,0.0,13.165,0.948,113,626026,141,-8.74,0.31,11.373,0,0,418430976,0,5,1,cloister
112.586,11.218,1.165,0.0,13.165,0.948,116,658154,144,-8.752,0.31,11.334,0,0,418430976,0,5,1,cloister
112.597,10.777,0.892,0.0,13.165,0.948,120,658242,148,-8.752,0.31,11.334,0,0,418430976,0,5,1,cloister
112.608,12.117,0.834,0.0,13.165,0.948,120,658242,148,-8.763,0.31,11.295,0,0,418430976,0,5,1,cloister
112.619,11.576,0.774,0.0,13.165,0.948,123,658662,151,-8.774,0.31,11.255,0,0,418430976,0,5,1,cloister
112.63,10.863,0.489,0.0,13.165,0.948,127,658740,155,-8.774,0.31,11.255,0,0,418430976,0,5,1,cloister
112.642,12.123,0.981,0.0,13.165,0.948,127,658740,155,-8.783,0.31,11.215,0,0,418430976,0,5,1,cloister
112.653,11.704,0.841,0.0,13.165,0.948,131,659208,159,-8.792,0.31,11.173,0,0,418430976,0,5,1,cloister
112.664,10.852,0.945,0.0,13.165,0.948,136,659530,164,-8.792,0.31,11.173,0,0,418430976,0,5,1,cloister
112.675,12.115,0.906,0.0,13.165,0.948,136,659530,164,-8.799,0.31,11.132,0,0,418430976,0,5,1,cloister
112.686,11.435,0.774,0.0,13.165,0.948,148,673209,176,-8.806,0.31,11.089,0,0,418430976,0,5,1,cloister
112.697,10.518,1.015,0.0,13.165,0.948,164,698676,192,-8.806,0.31,11.089,0,0,418430976,0,5,1,cloister
112.708,11.949,0.975,0.0,13.165,0.948,164,698676,192,-8.812,0.31,11.047,0,0,418430976,0,5,1,cloister
112.72,11.652,0.342,0.0,13.165,0.948,175,721819,203,-8.817,0.31,11.004,0,0,418430976,0,5,1,cloister
112.732,10.986,0.319,0.0,13.165,0.948,179,726831,207,-8.817,0.31,11.004,0,0,418430976,0,5,1,cloister
112.743,13.006,0.317,0.0,13.165,0.948,179,726831,207,-8.821,0.31,10.96,0,0,418430976,0,5,1,cloister
112.755,10.952,0.45,0.0,13.165,0.948,180,721705,208,-8.825,0.31,10.917,0,0,418430976,0,5,1,cloister
112.766,10.905,1.075,0.0,13.165,0.948,181,724489,209,-8.825,0.31,10.917,0,0,418430976,0,5,1,cloister
112.777,12.075,1.562,0.0,13.165,0.948,181,724489,209,-8.828,0.31,10.873,0,0,418430976,0,5,1,cloister
112.789,11.586,0.947,0.0,13.165,0.948,184,732174,212,-8.83,0.31,10.829,0,0,418430976,0,5,1,cloister
112.8,11.382,0.956,0.0,13.165,0.948,186,735188,214,-8.832,0.31,10.785,0,0,418430976,0,5,1,cloister
112.812,10.843,0.913,0.0,13.165,0.948,188,736604,216,-8.832,0.31,10.785,0,0,418430976,0,5,1,cloister
112.823,11.832,1.014,0.0,13.165,0.948,188,736604,216,-8.833,0.31,10.741,0,0,418430976,0,5,1,cloister
112.835,11.566,1.043,0.0,13.165,0.948,194,739558,222,-8.833,0.31,10.696,0,0,418430976,0,5,1,cloister
112.846,10.5,0.6,0.0,13.165,0.948,194,739558,222,-8.833,0.31,10.696,0,0,418430976,0,5,1,cloister
112.857,12.329,0.989,0.0,13.165,0.948,194,739558,222,-8.833,0.31,10.652,0,0,418430976,0,5,1,cloister
112.868,11.123,1.011,0.0,13.165,0.948,199,752284,227,-8.833,0.31,10.608,0,0,418430976,0,5,1,cloister
112.88,10.629,0.976,0.0,13.165,0.948,200,752286,228,-8.833,0.31,10.608,0,0,418430976,0,5,1,cloister
112.891,11.845,0.898,0.0,13.165,0.948,200,752286,228,-8.832,0.31,10.563,0,0,418430976,0,5,1,cloister
112.902,11.091,1.016,0.0,13.165,0.948,201,752358,229,-8.83,0.31,10.518,0,0,418430976,0,5,1,cloister
112.913,10.349,1.008,0.0,13.165,0.948,203,754498,231,-8.83,0.31,10.518,0,0,418430976,0,5,1,cloister
112.924,11.604,1.009,0.0,13.165,0.948,203,754498,231,-8.828,0.31,10.474,0,0,418430976,0,5,1,cloister
112.935,10.161,1.097,0.0,13.165,0.948,205,764850,233,-8.826,0.31,10.429,0,0,418430976,0,5,1,cloister
112.947,10.282,0.976,0.0,13.165,0.948,207,765246,235,-8.826,0.31,10.429,0,0,418430976,0,5,1,cloister
112.958,12.571,0.385,0.0,13.165,0.948,207,765246,235,-8.824,0.31,10.385,0,0,418430976,0,5,1,cloister
112.969,10.233,0.472,0.0,13.165,0.948,208,765270,236,-8.821,0.31,10.34,0,0,418430976,0,5,1,cloister
112.98,10.65,1.605,0.0,13.165,0.948,208,765270,236,-8.821,0.31,10.34,0,0,418430976,0,5,1,cloister
112.991,10.67,0.554,0.0,13.165,0.948,208,765270,236,-8.817,0.31,10.295,0,0,418430976,0,5,1,cloister
113.002,11.653,1.016,0.0,13.165,0.948,210,765274,238,-8.814,0.31,10.251,0,0,418430976,0,5,1,cloister
113.013,10.582,0.633,0.0,13.165,0.948,211,767388,239,-8.814,0.31,10.251,0,0,418430976,0,5,1,cloister
113.024,11.75,0.977,0.0,13.165,0.948,211,767388,239,-8.81,0.31,10.206,0,0,418430976,0,5,1,cloister
113.035,11.025,1.274,0.0,13.165,0.948,213,772240,241,-8.805,0.31,10.161,0,0,418430976,0,5,1,cloister
113.047,10.811,1.204,0.0,13.165,0.948,213,772240,241,-8.805,0.31,10.161,0,0,418430976,0,5,1,cloister
113.058,12.039,1.164,0.0,13.165,0.948,213,772240,241,-8.801,0.31,10.117,0,0,418430976,0,5,1,cloister
113.069,10.777,1.073,0.0,13.165,0.948,214,772242,242,-8.796,0.31,10.072,0,0,418430976,0,5,1,cloister
113.08,12.203,0.883,0.0,13.165,0.948,214,772242,242,-8.796,0.31,10.072,0,0,418430976,0,5,1,cloister
113.092,13.267,0.414,0.0,13.165,0.948,214,772242,242,-8.791,0.31,10.027,0,0,418430976,0,5,1,cloister
113.103,11.533,1.036,0.0,13.165,0.948,216,775726,244,-8.786,0.31,9.983,0,0,418430976,0,5,1,cloister
113.115,11.369,0.974,0.0,13.165,0.948,217,775750,245,-8.786,0.31,9.983,0,0,418430976,0,5,1,cloister
113.127,12.257,0.985,0.0,13.165,0.948,217,775750,245,-8.78,0.31,9.938,0,0,418430976,0,5,1,cloister
113.138,11.64,1.108,0.0,13.165,0.948,220,775946,248,-8.774,0.31,9.894,0,0,418430976,0,5,1,cloister
113.15,12.019,1.542,0.0,13.165,0.948,221,775948,249,-8.768,0.31,9.849,0,0,418430976,0,5,1,cloister
113.162,11.472,1.091,0.0,13.165,0.948,221,775948,249,-8.768,0.31,9.849,0,0,418430976,0,5,1,cloister
113.173,12.797,1.057,0.0,13.165,0.948,221,775948,249,-8.762,0.31,9.805,0,0,418430976,0,5,1,cloister
113.185,12.091,1.073,0.0,13.165,0.948,222,776086,250,-8.756,0.31,9.76,0,0,418430976,0,5,1,cloister
113.197,11.323,0.999,0.0,13.165,0.948,223,776110,251,-8.756,0.31,9.76,0,0,418430976,0,5,1,cloister
113.208,12.008,0.471,0.0,13.165,0.948,223,776110,251,-8.749,0.31,9.716,0,0,418430976,0,5,1,cloister
113.22,11.976,0.433,0.0,13.165,0.948,225,776226,253,-8.742,0.31,9.671,0,0,418430976,0,5,1,cloister
113.232,11.436,0.369,0.0,13.165,0.948,225,776226,253,-8.742,0.31,9.671,0,0,418430976,0,5,1,cloister
113.243,12.243,0.377,0.0,12.263,1.213,225,776226,253,-8.736,0.31,9.627,0,0,418430976,0,5,1,cloister
113.255,12.032,0.485,0.0,12.263,1.213,226,776228,254,-8.728,0.31,9.583,0,0,418430976,0,5,1,cloister
113.267,11.56,0.347,0.0,12.263,1.213,226,776228,254,-8.721,0.31,9.538,0,0,418430976,0,5,1,cloister
113.278,11.583,0.38,0.0,12.263,1.213,227,776230,255,-8.721,0.31,9.538,0,0,418430976,0,5,1,cloister
113.29,12.126,0.359,0.0,12.263,1.213,227,776230,255,-8.714,0.31,9.494,0,0,418430976,0,5,1,cloister
113.302,12.001,0.495,0.0,12.263,1.213,227,776230,255,-8.706,0.31,9.45,0,0,418430976,0,5,1,cloister
113.313,11.256,0.364,0.0,12.263,1.213,227,776230,255,-8.706,0.31,9.45,0,0,418430976,0,5,1,cloister
113.325,12.314,0.412,0.0,12.263,1.213,227,776230,255,-8.698,0.31,9.405,0,0,418430976,0,5,1,cloister
113.337,11.75,0.245,0.0,12.263,1.213,225,776226,253,-8.691,0.31,9.361,0,0,418430976,0,5,1,cloister
113.348,11.581,0.34,0.0,12.263,1.213,223,776110,251,-8.691,0.31,9.361,0,0,418430976,0,5,1,cloister
113.36,12.448,0.335,0.0,12.263,1.213,223,776110,251,-8.683,0.31,9.317,0,0,418430976,0,5,1,cloister
113.372,12.248,0.28,0.0,12.263,1.213,220,773902,248,-8.676,0.31,9.273,0,0,418430976,0,5,1,cloister
113.383,12.1,0.395,0.0,12.263,1.213,217,773824,245,-8.669,0.31,9.228,0,0,418430976,0,5,1,cloister
113.395,11.177,0.464,0.0,12.263,1.213,215,773680,243,-8.669,0.31,9.228,0,0,418430976,0,5,1,cloister
113.407,12.434,0.921,0.0,12.263,1.213,215,773680,243,-8.662,0.31,9.184,0,0,418430976,0,5,1,cloister
113.418,11.932,0.978,0.0,12.263,1.213,212,767412,240,-8.655,0.31,9.139,0,0,418430976,0,5,1,cloister
113.43,10.408,0.965,0.0,12.263,1.213,212,767412,240,-8.655,0.31,9.139,0,0,418430976,0,5,1,cloister
113.442,13.727,1.366,0.0,12.263,1.213,212,767412,240,-8.649,0.31,9.095,0,0,418430976,0,5,1,cloister
113.453,10.251,0.975,0.0,12.263,1.213,214,770986,360,-8.642,0.31,9.051,0,0,418430976,0,5,1,cloister
113.465,11.666,0.49,0.0,12.263,1.213,213,768872,359,-8.642,0.31,9.051,0,0,418430976,0,5,1,cloister
113.477,12.267,0.61,0.0,12.263,1.213,213,768872,359,-8.636,0.31,9.006,0,0,418430976,0,5,1,cloister
113.488,11.955,0.974,0.0,12.263,1.213,213,768872,359,-8.63,0.31,8.962,0,0,418430976,0,5,1,cloister
113.5,11.343,1.158,0.0,12.263,1.213,212,768870,358,-8.625,0.31,8.917,0,0,418430976,0,5,1,cloister
113.512,10.614,0.958,0.0,12.263,1.213,211,768868,357,-8.625,0.31,8.917,0,0,418430976,0,5,1,cloister
113.523,13.109,0.917,0.0,12.263,1.213,211,768868,357,-8.619,0.31,8.872,0,0,418430976,0,5,1,cloister
113.535,11.165,0.486,0.0,12.263,1.213,210,767468,356,-8.614,0.31,8.828,0,0,418430976,0,5,1,cloister
113.547,10.598,1.009,0.0,12.263,1.213,208,766544,354,-8.614,0.31,8.828,0,0,418430976,0,5,1,cloister
113.558,13.1,0.939,0.0,12.263,1.213,208,766544,354,-8.609,0.31,8.783,0,0,418430976,0,5,1,cloister
113.57,10.995,0.419,0.0,12.263,1.213,205,766142,351,-8.604,0.31,8.738,0,0,418430976,0,5,1,cloister
113.582,11.352,1.096,0.0,12.263,1.213,203,760533,349,-8.604,0.31,8.738,0,0,418430976,0,5,1,cloister
113.593,12.211,0.705,0.0,12.263,1.213,203,760533,349,-8.599,0.31,8.694,0,0,418430976,0,5,1,cloister
113.605,11.046,1.094,0.0,12.263,1.213,202,751957,348,-8.595,0.31,8.649,0,0,418430976,0,5,1,cloister
113.617,12.219,0.94,0.0,12.263,1.213,201,751941,347,-8.59,0.31,8.604,0,0,418430976,0,5,1,cloister
113.628,10.794,0.513,0.0,12.263,1.213,200,750342,346,-8.59,0.31,8.604,0,0,418430976,0,5,1,cloister
113.64,12.205,0.931,0.0,12.263,1.213,200,750342,346,-8.586,0.31,8.559,0,0,418430976,0,5,1,cloister
113.652,11.482,1.095,0.0,12.263,1.213,199,748566,345,-8.581,0.31,8.515,0,0,418430976,0,5,1,cloister
113.663,10.96,1.311,0.0,12.263,1.213,198,748518,344,-8.581,0.31,8.515,0,0,418430976,0,5,1,cloister
113.675,12.357,0.961,0.0,12.263,1.213,198,748518,344,-8.577,0.31,8.47,0,0,418430976,0,5,1,cloister
113.687,10.95,1.018,0.0,12.263,1.213,196,741227,342,-8.573,0.31,8.425,0,0,418430976,0,5,1,cloister
113.698,11.093,0.877,0.0,12.263,1.213,195,738535,341,-8.573,0.31,8.425,0,0,418430976,0,5,1,cloister
113.71,12.089,1.001,0.0,12.263,1.213,195,738535,341,-8.569,0.31,8.38,0,0,418430976,0,5,1,cloister
113.722,11.543,0.992,0.0,12.263,1.213,195,738535,341,-8.566,0.31,8.335,0,0,418430976,0,5,1,cloister
113.733,11.727,1.12,0.0,12.263,1.213,195,738535,341,-8.562,0.31,8.291,0,0,418430976,0,5,1,cloister
113.745,10.881,0.929,0.0,12.263,1.213,195,738535,341,-8.562,0.31,8.291,0,0,418430976,0,5,1,cloister
113.757,12.474,1.004,0.0,12.263,1.213,195,738535,341,-8.558,0.31,8.246,0,0,418430976,0,5,1,cloister
113.768,11.345,1.038,0.0,12.263,1.213,194,738519,340,-8.555,0.31,8.201,0,0,418430976,0,5,1,cloister
113.78,10.335,1.198,0.0,12.263,1.213,194,738519,340,-8.555,0.31,8.201,0,0,418430976,0,5,1,cloister
113.792,11.827,1.796,0.0,12.263,1.213,194,738519,340,-8.551,0.31,8.156,0,0,418430976,0,5,1,cloister
113.803,11.66,0.372,0.0,12.263,1.213,193,736347,339,-8.548,0.31,8.111,0,0,418430976,0,5,1,cloister
113.815,10.752,0.337,0.0,12.263,1.213,192,736299,338,-8.548,0.31,8.111,0,0,418430976,0,5,1,cloister
113.827,12.367,0.316,0.0,12.263,1.213,192,736299,338,-8.545,0.31,8.066,0,0,418430976,0,5,1,cloister
113.838,12.171,0.398,0.0,12.263,1.213,192,736299,338,-8.541,0.31,8.021,0,0,418430976,0,5,1,cloister
113.85,11.488,0.408,0.0,12.263,1.213,192,736299,338,-8.538,0.31,7.977,0,0,418430976,0,5,1,cloister
113.862,10.76,1.104,0.0,12.263,1.213,191,736297,337,-8.538,0.31,7.977,0,0,418430976,0,5,1,cloister
113.873,12.728,0.96,0.0,12.263,1.213,191,736297,337,-8.535,0.31,7.932,0,0,418430976,0,5,1,cloister
113.885,10.714,1.205,0.0,12.263,1.213,191,736297,337,-8.532,0.31,7.887,0,0,418430976,0,5,1,cloister
113.897,10.839,1.049,0.0,12.263,1.213,189,735937,335,-8.532,0.31,7.887,0,0,418430976,0,5,1,cloister
113.908,12.04,0.933,0.0,12.263,1.213,189,735937,335,-8.529,0.31,7.842,0,0,418430976,0,5,1,cloister
113.92,11.545,1.165,0.0,12.263,1.213,186,733629,214,-8.526,0.31,7.797,0,0,418430976,0,5,1,cloister
113.932,10.552,0.656,0.0,12.263,1.213,186,733629,214,-8.526,0.31,7.797,0,0,418430976,0,5,1,cloister
113.943,11.455,0.965,0.0,12.263,1.213,186,733629,214,-8.523,0.31,7.752,0,0,418430976,0,5,1,cloister
113.955,12.213,0.981,0.0,12.263,1.213,186,733629,214,-8.52,0.31,7.707,0,0,418430976,0,5,1,cloister
113.967,10.755,0.45,0.0,12.263,1.213,186,733629,214,-8.517,0.31,7.662,0,0,418430976,0,5,1,cloister
113.978,10.708,0.915,0.0,12.263,1.213,185,733605,213,-8.517,0.31,7.662,0,0,418430976,0,5,1,cloister
113.99,11.581,0.951,0.0,12.263,1.213,185,733605,213,-8.514,0.31,7.617,0,0,418430976,0,5,1,cloister
114.002,11.905,0.853,0.0,12.263,1.213,184,721277,212,-8.511,0.31,7.573,0,0,418430976,0,5,1,cloister
114.013,10.442,0.499,0.0,12.263,1.213,184,721277,212,-8.511,0.31,7.573,0,0,418430976,0,5,1,cloister
114.024,11.894,0.92,0.0,12.263,1.213,184,721277,212,-8.508,0.31,7.528,0,0,418430976,0,5,1,cloister
114.035,11.79,1.03,0.0,12.263,1.213,184,721277,212,-8.505,0.31,7.483,0,0,418430976,0,5,1,cloister
114.047,9.987,1.098,0.0,12.263,1.213,184,721277,212,-8.505,0.31,7.483,0,0,418430976,0,5,1,cloister
114.058,11.71,0.833,0.0,12.263,1.213,184,721277,212,-8.503,0.31,7.438,0,0,418430976,0,5,1,cloister
114.069,11.329,0.899,0.0,12.263,1.213,184,721277,212,-8.5,0.31,7.393,0,0,418430976,0,5,1,cloister
114.08,10.734,0.935,0.0,12.263,1.213,184,722141,212,-8.5,0.31,7.393,0,0,418430976,0,5,1,cloister
114.092,11.922,0.92,0.0,12.263,1.213,184,722141,212,-8.497,0.31,7.348,0,0,418430976,0,5,1,cloister
114.103,11.262,0.861,0.0,12.263,1.213,184,722141,212,-8.494,0.31,7.303,0,0,418430976,0,5,1,cloister
114.114,10.712,0.971,0.0,12.263,1.213,184,722141,212,-8.494,0.31,7.303,0,0,418430976,0,5,1,cloister
114.126,12.157,0.633,0.0,12.263,1.213,184,722141,212,-8.492,0.31,7.258,0,0,418430976,0,5,1,cloister
114.137,11.128,1.018,0.0,12.263,1.213,184,722141,212,-8.489,0.31,7.213,0,0,418430976,0,5,1,cloister
114.148,10.211,0.968,0.0,12.263,1.213,184,722141,212,-8.489,0.31,7.213,0,0,418430976,0,5,1,cloister
114.16,12.301,1.023,0.0,12.263,1.213,184,722141,212,-8.486,0.31,7.168,0,0,418430976,0,5,1,cloister
114.171,13.101,0.341,0.0,12.263,1.213,184,722141,212,-8.484,0.31,7.123,0,0,418430976,0,5,1,cloister
114.183,11.29,0.442,0.0,12.263,1.213,184,722141,212,-8.481,0.31,7.078,0,0,418430976,0,5,1,cloister
114.195,12.702,0.841,0.0,12.263,1.213,183,722105,211,-8.481,0.31,7.078,0,0,418430976,0,5,1,cloister
114.206,9.315,0.498,0.0,12.263,1.213,183,722105,211,-8.478,0.31,7.034,0,0,418430976,0,5,1,cloister
114.218,11.675,0.829,0.0,12.263,1.213,183,722105,211,-8.476,0.31,6.989,0,0,418430976,0,5,1,cloister
114.229,11.353,0.369,0.0,12.263,1.213,184,722129,212,-8.476,0.31,6.989,0,0,418430976,0,5,1,cloister
114.241,12.795,0.481,0.0,11.88,1.309,184,722129,212,-8.473,0.31,6.944,0,0,418430976,0,5,1,cloister
114.253,11.182,0.856,0.0,11.88,1.309,184,722129,212,-8.471,0.31,6.899,0,0,418430976,0,5,1,cloister
114.264,10.867,0.839,0.0,11.88,1.309,184,722129,212,-8.471,0.31,6.899,0,0,418430976,0,5,1,cloister
114.276,11.722,0.357,0.0,11.88,1.309,184,722129,212,-8.468,0.31,6.854,0,0,418430976,0,5,1,cloister
114.287,11.318,0.362,0.0,11.88,1.309,184,722129,212,-8.465,0.31,6.809,0,0,418430976,0,5,1,cloister
114.299,10.924,0.327,0.0,11.88,1.309,184,722129,212,-8.465,0.31,6.809,0,0,418430976,0,5,1,cloister
114.31,12.572,0.341,0.0,11.88,1.309,184,722129,212,-8.463,0.31,6.764,0,0,418430976,0,5,1,cloister
114.321,11.359,0.814,0.0,11.88,1.309,184,722129,212,-8.46,0.31,6.719,0,0,418430976,0,5,1,cloister
114.333,10.721,0.956,0.0,11.88,1.309,183,721429,211,-8.46,0.31,6.719,0,0,418430976,0,5,1,cloister
114.344,11.96,0.643,0.0,11.88,1.309,183,721429,211,-8.458,0.31,6.674,0,0,418430976,0,5,1,cloister
114.356,11.298,1.191,0.0,11.88,1.309,183,721429,211,-8.455,0.31,6.629,0,0,418430976,0,5,1,cloister
114.367,11.225,1.073,0.0,11.88,1.309,182,720529,210,-8.453,0.31,6.584,0,0,418430976,0,5,1,cloister
114.378,10.918,0.795,0.0,11.88,1.309,182,720529,210,-8.453,0.31,6.584,0,0,418430976,0,5,1,cloister
114.39,12.3,1.038,0.0,11.88,1.309,182,720529,210,-8.45,0.31,6.539,0,0,418430976,0,5,1,cloister
114.401,10.821,1.023,0.0,11.88,1.309,182,720529,210,-8.448,0.31,6.494,0,0,418430976,0,5,1,cloister
114.412,10.367,0.842,0.0,11.88,1.309,182,720529,210,-8.448,0.31,6.494,0,0,418430976,0,5,1,cloister
114.424,12.899,0.9,0.0,11.88,1.309,182,720529,210,-8.445,0.31,6.449,0,0,418430976,0,5,1,cloister
114.435,10.785,0.503,0.0,11.88,1.309,181,717732,209,-8.443,0.31,6.405,0,0,418430976,0,5,1,cloister
114.446,10.834,0.961,0.0,11.88,1.309,181,717732,209,-8.443,0.31,6.405,0,0,418430976,0,5,1,cloister
114.458,11.948,0.975,0.0,11.88,1.309,181,717732,209,-8.44,0.31,6.36,0,0,418430976,0,5,1,cloister
114.469,11.313,0.99,0.0,11.88,1.309,181,717732,209,-8.438,0.31,6.315,0,0,418430976,0,5,1,cloister
114.48,10.317,1.089,0.0,11.88,1.309,181,717732,209,-8.438,0.31,6.315,0,0,418430976,0,5,1,cloister
114.491,12.109,0.974,0.0,11.88,1.309,181,717732,209,-8.435,0.31,6.27,0,0,418430976,0,5,1,cloister
114.503,11.501,0.858,0.0,11.88,1.309,181,717732,209,-8.433,0.31,6.225,0,0,418430976,0,5,1,cloister
114.514,10.572,1.057,0.0,11.88,1.309,181,717732,209,-8.433,0.31,6.225,0,0,418430976,0,5,1,cloister
114.525,11.783,0.753,0.0,11.88,1.309,181,717732,209,-8.43,0.31,6.18,0,0,418430976,0,5,1,cloister
114.537,11.371,0.878,0.0,11.88,1.309,179,715613,207,-8.428,0.31,6.135,0,0,418430976,0,5,1,cloister
114.548,10.895,1.034,0.0,11.88,1.309,179,715613,207,-8.428,0.31,6.135,0,0,418430976,0,5,1,cloister
114.559,11.992,1.094,0.0,11.88,1.309,179,715613,207,-8.426,0.31,6.096,0,0,418430976,0,5,1,cloister
114.571,10.96,1.16,0.0,11.88,1.309,203,744055,231,-8.423,0.31,6.063,0,0,418430976,0,5,1,cloister
114.582,10.934,1.069,0.0,11.88,1.309,232,776334,260,-8.423,0.31,6.063,0,0,418430976,0,5,1,cloister
114.594,12.284,0.978,0.0,11.88,1.309,232,776334,260,-8.42,0.31,6.032,0,0,418430976,0,5,1,cloister
114.605,11.299,0.93,0.0,11.88,1.309,251,788350,279,-8.415,0.31,6.003,0,0,418430976,0,5,1,cloister
114.616,10.646,1.188,0.0,11.88,1.309,258,804518,286,-8.415,0.31,6.003,0,0,418430976,0,5,1,cloister
114.628,12.283,0.959,0.0,11.88,1.309,258,804518,286,-8.409,0.31,5.975,0,0,418430976,0,5,1,cloister
114.639,11.596,0.976,0.0,11.88,1.309,271,812698,299,-8.4,0.31,5.948,0,0,418430976,0,5,1,cloister
114.651,11.544,1.112,0.0,11.88,1.309,272,812700,300,-8.389,0.31,5.921,0,0,418430976,0,5,1,cloister
114.662,10.313,1.018,0.0,11.88,1.309,277,811456,305,-8.389,0.31,5.921,0,0,418430976,0,5,1,cloister
114.674,12.619,1.025,0.0,11.88,1.309,277,811456,305,-8.375,0.31,5.895,0,0,418430976,0,5,1,cloister
114.686,12.1,1.027,0.0,11.88,1.309,281,812378,309,-8.359,0.31,5.87,0,0,418430976,0,5,1,cloister
114.697,10.927,0.853,0.0,11.88,1.309,282,814446,310,-8.359,0.31,5.87,0,0,418430976,0,5,1,cloister
114.709,12.584,1.606,0.0,11.88,1.309,282,814446,310,-8.34,0.31,5.845,0,0,418430976,0,5,1,cloister
114.721,11.379,1.1,0.0,11.88,1.309,279,810938,307,-8.319,0.31,5.821,0,0,418430976,0,5,1,cloister
114.732,11.801,1.073,0.0,11.88,1.309,279,815118,307,-8.319,0.31,5.821,0,0,418430976,0,5,1,cloister
114.744,12.693,0.445,0.0,11.88,1.309,279,815118,307,-8.295,0.31,5.798,0,0,418430976,0,5,1,cloister
114.756,11.867,1.105,0.0,11.88,1.309,280,817810,308,-8.268,0.31,5.776,0,0,418430976,0,5,1,cloister
114.767,11.901,1.061,0.0,11.88,1.309,280,817810,308,-8.24,0.31,5.754,0,0,418430976,0,5,1,cloister
114.779,11.754,1.169,0.0,11.88,1.309,278,815716,306,-8.24,0.31,5.754,0,0,418430976,0,5,1,cloister
114.791,12.898,1.037,0.0,11.88,1.309,278,815716,306,-8.21,0.31,5.734,0,0,418430976,0,5,1,cloister
114.802,11.894,1.132,0.0,11.88,1.309,284,819348,312,-8.178,0.31,5.714,0,0,418430976,0,5,1,cloister
114.814,11.697,1.04,0.0,11.88,1.309,283,819324,311,-8.178,0.31,5.714,0,0,418430976,0,5,1,cloister
114.826,12.718,1.075,0.0,11.88,1.309,283,819324,311,-8.145,0.31,5.696,0,0,418430976,0,5,1,cloister
114.837,12.174,1.079,0.0,11.88,1.309,283,819324,311,-8.11,0.31,5.678,0,0,418430976,0,5,1,cloister
114.849,11.559,1.05,0.0,11.88,1.309,282,819300,310,-8.11,0.31,5.678,0,0,418430976,0,5,1,cloister
114.861,13.106,1.238,0.0,11.88,1.309,282,819300,310,-8.073,0.31,5.662,0,0,418430976,0,5,1,cloister
114.872,11.451,1.169,0.0,11.88,1.309,282,819300,310,-8.036,0.31,5.647,0,0,418430976,0,5,1,cloister
114.884,11.868,1.394,0.0,11.88,1.309,282,819300,310,-7.997,0.31,5.632,0,0,418430976,0,5,1,cloister
114.896,11.675,1.012,0.0,11.88,1.309,283,819302,311,-7.997,0.31,5.632,0,0,418430976,0,5,1,cloister
114.907,13.939,0.717,0.0,11.88,1.309,283,819302,311,-7.958,0.31,5.619,0,0,418430976,0,5,1,cloister
114.919,11.722,0.632,0.0,11.88,1.309,283,819302,311,-7.918,0.31,5.606,0,0,418430976,0,5,1,cloister
114.931,11.478,1.103,0.0,11.88,1.309,283,819302,311,-7.918,0.31,5.606,0,0,418430976,0,5,1,cloister
114.944,13.19,1.118,0.0,11.88,1.309,283,819302,311,-7.877,0.31,5.595,0,0,418430976,0,5,1,cloister
114.956,11.648,1.2,0.0,11.88,1.309,282,819300,310,-7.836,0.31,5.584,0,0,418430976,0,5,1,cloister
114.968,12.242,1.261,0.0,11.88,1.309,282,819300,310,-7.794,0.31,5.574,0,0,418430976,0,5,1,cloister
114.98,11.222,0.649,0.0,11.88,1.309,281,819298,309,-7.794,0.31,5.574,0,0,418430976,0,5,1,cloister
114.992,12.711,0.954,0.0,11.88,1.309,281,819298,309,-7.752,0.31,5.565,0,0,418430976,0,5,1,cloister
115.005,12.935,0.581,0.0,11.88,1.309,280,819274,308,-7.709,0.31,5.556,0,0,418430976,0,5,1,cloister
115.017,12.586,0.474,0.0,11.88,1.309,281,819276,309,-7.666,0.31,5.548,0,0,418430976,0,5,1,cloister
115.029,11.222,0.574,0.0,11.88,1.309,280,819252,308,-7.666,0.31,5.548,0,0,418430976,0,5,1,cloister
115.042,13.291,1.173,0.0,11.88,1.309,280,819252,308,-7.623,0.31,5.54,0,0,418430976,0,5,1,cloister
115.054,11.69,1.131,0.0,11.88,1.309,279,819250,307,-7.579,0.31,5.533,0,0,418430976,0,5,1,cloister
115.066,11.744,0.54,0.0,11.88,1.309,279,819250,307,-7.579,0.31,5.533,0,0,418430976,0,5,1,cloister
115.078,12.943,1.126,0.0,11.88,1.309,279,819250,307,-7.536,0.31,5.527,0,0,418430976,0,5,1,cloister
115.09,12.522,1.238,0.0,11.88,1.309,278,819248,306,-7.492,0.31,5.521,0,0,418430976,0,5,1,cloister
115.103,11.832,0.674,0.0,11.88,1.309,279,819260,307,-7.448,0.31,5.516,0,0,418430976,0,5,1,cloister
115.115,11.839,1.084,0.0,11.88,1.309,278,819258,306,-7.448,0.31,5.516,0,0,418430976,0,5,1,cloister
115.127,12.846,0.593,0.0,11.88,1.309,278,819258,306,-7.403,0.31,5.511,0,0,418430976,0,5,1,cloister
115.14,12.288,1.415,0.0,11.88,1.309,277,819234,305,-7.359,0.31,5.506,0,0,418430976,0,5,1,cloister
115.152,12.427,1.072,0.0,11.88,1.309,277,856218,305,-7.315,0.31,5.502,0,0,418430976,0,5,1,cloister
115.164,11.799,1.059,0.0,11.88,1.309,277,856218,305,-7.315,0.31,5.502,0,0,418430976,0,5,1,cloister
115.177,12.937,1.143,0.0,11.88,1.309,277,856218,305,-7.27,0.31,5.498,0,0,418430976,0,5,1,cloister
115.189,12.225,1.237,0.0,11.88,1.309,277,859650,305,-7.225,0.31,5.494,0,0,418430976,0,5,1,cloister
115.202,12.898,1.068,0.0,11.88,1.309,277,859650,305,-7.181,0.31,5.491,0,0,418430976,0,5,1,cloister
115.214,11.412,1.217,0.0,11.88,1.309,277,859650,305,-7.181,0.31,5.491,0,0,418430976,0,5,1,cloister
115.227,13.317,0.995,0.0,11.88,1.309,277,859650,305,-7.136,0.31,5.488,0,0,418430976,0,5,1,cloister
115.239,13.333,0.986,0.0,12.672,1.261,277,859650,305,-7.091,0.31,5.485,0,0,418430976,0,5,1,cloister
115.252,11.865,1.131,0.0,12.672,1.261,279,859674,307,-7.047,0.31,5.482,0,0,418430976,0,5,1,cloister
115.265,12.315,1.19,0.0,12.672,1.261,279,859674,307,-7.047,0.31,5.482,0,0,418430976,0,5,1,cloister
115.278,12.766,0.455,0.0,12.672,1.261,279,859674,307,-7.002,0.31,5.479,0,0,418430976,0,5,1,cloister
115.29,13.605,0.47,0.0,12.672,1.261,282,859866,310,-6.957,0.31,5.477,0,0,418430976,0,5,1,cloister
115.303,12.987,0.495,0.0,12.672,1.261,283,859878,311,-6.912,0.31,5.475,0,0,418430976,0,5,1,cloister
115.316,11.828,0.629,0.0,12.672,1.261,283,859878,311,-6.912,0.31,5.475,0,0,418430976,0,5,1,cloister
115.328,13.245,1.094,0.0,12.672,1.261,283,859878,311,-6.867,0.31,5.472,0,0,418430976,0,5,1,cloister
115.341,12.697,1.068,0.0,12.672,1.261,285,859902,313,-6.822,0.31,5.471,0,0,418430976,0,5,1,cloister
115.353,11.899,1.273,0.0,12.672,1.261,285,859902,313,-6.777,0.31,5.469,0,0,418430976,0,5,1,cloister
115.366,12.147,0.966,0.0,12.672,1.261,285,859902,313,-6.777,0.31,5.469,0,0,418430976,0,5,1,cloister
115.378,12.94,1.17,0.0,12.672,1.261,285,859902,313,-6.732,0.31,5.467,0,0,418430976,0,5,1,cloister
115.391,12.502,1.151,0.0,12.672,1.261,285,859902,313,-6.688,0.31,5.465,0,0,418430976,0,5,1,cloister
115.403,12.432,1.038,0.0,12.672,1.261,285,859902,313,-6.643,0.31,5.464,0,0,418430976,0,5,1,cloister
115.416,11.777,1.065,0.0,12.672,1.261,286,860046,314,-6.643,0.31,5.464,0,0,418430976,0,5,1,cloister
115.428,13.269,1.379,0.0,12.672,1.261,286,860046,314,-6.598,0.31,5.462,0,0,418430976,0,5,1,cloister
115.441,12.4,1.035,0.0,12.672,1.261,286,860046,314,-6.553,0.31,5.461,0,0,418430976,0,5,1,cloister
115.453,12.647,1.108,0.0,12.672,1.261,286,860046,314,-6.508,0.31,5.46,0,0,418430976,0,5,1,cloister
115.466,11.252,1.467,0.0,12.672,1.261,286,860046,314,-6.508,0.31,5.46,0,0,418430976,0,5,1,cloister
115.478,14.657,0.557,0.0,12.672,1.261,286,860046,314,-6.463,0.31,5.458,0,0,418430976,0,5,1,cloister
115.491,10.991,0.41,0.0,12.672,1.261,285,860044,313,-6.418,0.31,5.457,0,0,418430976,0,5,1,cloister
115.503,13.143,0.84,0.0,12.672,1.261,285,860044,313,-6.373,0.31,5.456,0,0,418430976,0,5,1,cloister
115.516,11.939,0.511,0.0,12.672,1.261,285,860044,313,-6.373,0.31,5.456,0,0,418430976,0,5,1,cloister
115.528,12.961,1.19,0.0,12.672,1.261,285,860044,313,-6.328,0.31,5.455,0,0,418430976,0,5,1,cloister
115.541,12.235,1.1,0.0,12.672,1.261,285,860044,313,-6.283,0.31,5.454,0,0,418430976,0,5,1,cloister
115.553,12.428,1.112,0.0,12.672,1.261,283,859640,311,-6.238,0.31,5.453,0,0,418430976,0,5,1,cloister
115.566,11.694,0.592,0.0,12.672,1.261,283,859640,311,-6.238,0.31,5.453,0,0,418430976,0,5,1,cloister
115.578,13.156,1.068,0.0,12.672,1.261,283,859640,311,-6.193,0.31,5.452,0,0,418430976,0,5,1,cloister
115.591,12.252,0.958,0.0,12.672,1.261,282,859638,310,-6.148,0.31,5.451,0,0,418430976,0,5,1,cloister
115.603,12.372,0.995,0.0,12.672,1.261,282,859638,310,-6.103,0.31,5.45,0,0,418430976,0,5,1,cloister
115.616,11.589,0.605,0.0,12.672,1.261,282,859638,310,-6.103,0.31,5.45,0,0,418430976,0,5,1,cloister
115.628,13.75,1.197,0.0,12.672,1.261,282,859638,310,-6.058,0.31,5.449,0,0,418430976,0,5,1,cloister
115.641,11.512,1.131,0.0,12.672,1.261,283,859728,311,-6.013,0.31,5.448,0,0,418430976,0,5,1,cloister
115.653,12.397,0.979,0.0,12.672,1.261,283,859728,311,-5.968,0.31,5.447,0,0,418430976,0,5,1,cloister
115.666,13.236,1.084,0.0,12.672,1.261,283,859728,311,-5.968,0.31,5.447,0,0,418430976,0,5,1,cloister
115.678,10.976,1.121,0.0,12.672,1.261,283,859728,311,-5.923,0.31,5.447,0,0,418430976,0,5,1,cloister
115.691,12.984,1.668,0.0,12.672,1.261,283,859728,311,-5.878,0.31,5.446,0,0,418430976,0,5,1,cloister
115.703,12.484,0.553,0.0,12.672,1.261,283,859728,311,-5.833,0.31,5.445,0,0,418430976,0,5,1,cloister
115.716,11.81,1.061,0.0,12.672,1.261,283,859728,311,-5.833,0.31,5.445,0,0,418430976,0,5,1,cloister
115.728,12.383,1.144,0.0,12.672,1.261,283,859728,311,-5.788,0.31,5.444,0,0,418430976,0,5,1,cloister
115.741,13.087,1.038,0.0,12.672,1.261,284,860112,312,-5.743,0.31,5.444,0,0,418430976,0,5,1,cloister
115.753,12.242,0.473,0.0,12.672,1.261,284,860112,312,-5.698,0.31,5.443,0,0,418430976,0,5,1,cloister
115.766,11.696,1.104,0.0,12.672,1.261,284,860112,312,-5.698,0.31,5.443,0,0,418430976,0,5,1,cloister
115.778,12.932,1.124,0.0,12.672,1.261,284,860112,312,-5.653,0.31,5.442,0,0,418430976,0,5,1,cloister
115.791,12.898,1.029,0.0,12.672,1.261,284,860112,312,-5.608,0.31,5.441,0,0,418430976,0,5,1,cloister
115.803,11.944,0.994,0.0,12.672,1.261,284,860112,312,-5.563,0.31,5.441,0,0,418430976,0,5,1,cloister
115.816,11.599,1.16,0.0,12.672,1.261,284,860112,312,-5.563,0.31,5.441,0,0,418430976,0,5,1,cloister
115.828,13.152,1.168,0.0,12.672,1.261,284,860112,312,-5.518,0.31,5.44,0,0,418430976,0,5,1,cloister
115.841,12.325,1.009,0.0,12.672,1.261,284,860112,312,-5.473,0.31,5.439,0,0,418430976,0,5,1,cloister
115.853,12.558,1.131,0.0,12.672,1.261,284,860112,312,-5.428,0.31,5.439,0,0,418430976,0,5,1,cloister
115.866,12.349,1.05,0.0,12.672,1.261,283,860110,311,-5.428,0.31,5.439,0,0,418430976,0,5,1,cloister
115.878,12.869,1.871,0.0,12.672,1.261,283,860110,311,-5.383,0.31,5.438,0,0,418430976,0,5,1,cloister
115.891,12.673,1.257,0.0,12.672,1.261,283,860110,311,-5.338,0.31,5.437,0,0,418430976,0,5,1,cloister
115.903,12.74,1.103,0.0,12.672,1.261,283,860110,311,-5.293,0.31,5.437,0,0,418430976,0,5,1,cloister
115.916,11.99,1.245,0.0,12.672,1.261,283,860110,311,-5.293,0.31,5.437,0,0,418430976,0,5,1,cloister
115.928,12.839,0.689,0.0,12.672,1.261,283,860110,311,-5.248,0.31,5.436,0,0,418430976,0,5,1,cloister
115.941,12.442,1.331,0.0,12.672,1.261,283,860378,311,-5.203,0.31,5.435,0,0,418430976,0,5,1,cloister
115.953,12.536,1.142,0.0,12.672,1.261,283,860378,311,-5.158,0.31,5.435,0,0,418430976,0,5,1,cloister
115.966,11.76,1.174,0.0,12.672,1.261,283,860378,311,-5.158,0.31,5.435,0,0,418430976,0,5,1,cloister
115.978,13.378,1.074,0.0,12.672,1.261,283,860378,311,-5.113,0.31,5.434,0,0,418430976,0,5,1,cloister
115.991,11.929,1.014,0.0,12.672,1.261,283,860378,311,-5.068,0.31,5.434,0,0,418430976,0,5,1,cloister
116.003,13.089,1.035,0.0,12.672,1.261,283,860378,311,-5.023,0.31,5.433,0,0,418430976,0,5,1,cloister
116.016,12.123,0.96,0.0,12.672,1.261,284,860954,312,-5.023,0.31,5.433,0,0,418430976,0,5,1,cloister
116.028,12.453,0.8,0.0,12.672,1.261,284,860954,312,-4.978,0.31,5.432,0,0,418430976,0,5,1,cloister
116.041,12.681,0.47,0.0,12.672,1.261,284,860954,312,-4.933,0.31,5.432,0,0,418430976,0,5,1,cloister
116.053,12.371,0.436,0.0,12.672,1.261,284,860954,312,-4.888,0.31,5.431,0,0,418430976,0,5,1,cloister
116.066,11.933,0.39,0.0,12.672,1.261,285,860956,313,-4.888,0.31,5.431,0,0,418430976,0,5,1,cloister
116.078,13.086,0.607,0.0,12.672,1.261,285,860956,313,-4.843,0.31,5.43,0,0,418430976,0,5,1,cloister
116.091,12.586,0.414,0.0,12.672,1.261,285,860956,313,-4.798,0.31,5.43,0,0,418430976,0,5,1,cloister
116.103,12.83,0.326,0.0,12.672,1.261,285,860956,313,-4.753,0.31,5.429,0,0,418430976,0,5,1,cloister
116.116,11.37,0.419,0.0,12.672,1.261,285,860956,313,-4.753,0.31,5.429,0,0,418430976,0,5,1,cloister
116.128,13.45,0.421,0.0,12.672,1.261,285,860956,313,-4.708,0.31,5.429,0,0,418430976,0,5,1,cloister
116.141,12.172,0.381,0.0,12.672,1.261,285,860956,313,-4.663,0.31,5.428,0,0,418430976,0,5,1,cloister
116.153,12.291,0.392,0.0,12.672,1.261,284,860944,312,-4.618,0.31,5.427,0,0,418430976,0,5,1,cloister
116.166,12.63,0.636,0.0,12.672,1.261,284,860944,312,-4.618,0.31,5.427,0,0,418430976,0,5,1,cloister
116.178,12.709,0.487,0.0,12.672,1.261,284,860944,312,-4.573,0.31,5.427,0,0,418430976,0,5,1,cloister
116.191,12.492,1.063,0.0,12.672,1.261,284,860944,312,-4.528,0.31,5.426,0,0,418430976,0,5,1,cloister
116.203,11.349,1.088,0.0,12.672,1.261,284,867292,312,-4.483,0.31,5.426,0,0,418430976,0,5,1,cloister
116.216,12.647,1.112,0.0,12.672,1.261,284,867292,312,-4.483,0.31,5.426,0,0,418430976,0,5,1,cloister
116.228,12.769,1.297,0.0,12.672,1.261,284,867292,312,-4.438,0.31,5.425,0,0,418430976,0,5,1,cloister
116.241,12.437,1.073,0.0,12.955,1.146,284,867292,312,-4.393,0.31,5.424,0,0,418430976,0,5,1,cloister
116.253,12.282,1.19,0.0,12.955,1.146,284,867292,312,-4.348,0.31,5.424,0,0,418430976,0,5,1,cloister
116.266,11.962,1.042,0.0,12.955,1.146,284,867292,312,-4.348,0.31,5.424,0,0,418430976,0,5,1,cloister
116.278,12.751,1.149,0.0,12.955,1.146,284,867292,312,-4.303,0.31,5.423,0,0,418430976,0,5,1,cloister
116.291,12.732,1.169,0.0,12.955,1.146,283,867290,311,-4.258,0.31,5.422,0,0,418430976,0,5,1,cloister
116.303,13.005,0.446,0.0,12.955,1.146,283,867290,311,-4.213,0.31,5.422,0,0,418430976,0,5,1,cloister
116.316,12.459,0.438,0.0,12.955,1.146,283,867290,311,-4.213,0.31,5.422,0,0,418430976,0,5,1,cloister
116.328,13.989,0.418,0.0,12.955,1.146,283,867290,311,-4.168,0.31,5.421,0,0,418430976,0,5,1,cloister
116.341,12.783,0.506,0.0,12.955,1.146,284,867406,312,-4.123,0.31,5.421,0,0,418430976,0,5,1,cloister
116.353,12.594,1.061,0.0,12.955,1.146,284,867406,312,-4.078,0.31,5.42,0,0,418430976,0,5,1,cloister
116.366,12.021,1.078,0.0,12.955,1.146,284,867406,312,-4.078,0.31,5.42,0,0,418430976,0,5,1,cloister
116.378,13.09,1.172,0.0,12.955,1.146,284,867406,312,-4.033,0.31,5.419,0,0,418430976,0,5,1,cloister
116.391,12.414,1.035,0.0,12.955,1.146,285,867408,313,-3.988,0.31,5.419,0,0,418430976,0,5,1,cloister
116.403,12.38,1.119,0.0,12.955,1.146,285,867408,313,-3.943,0.31,5.418,0,0,418430976,0,5,1,cloister
116.416,11.541,1.068,0.0,12.955,1.146,285,867408,313,-3.943,0.31,5.418,0,0,418430976,0,5,1,cloister
116.428,13.998,1.066,0.0,12.955,1.146,285,867408,313,-3.898,0.31,5.418,0,0,418430976,0,5,1,cloister
116.441,11.857,0.455,0.0,12.955,1.146,285,867408,313,-3.853,0.31,5.417,0,0,418430976,0,5,1,cloister
116.453,12.573,1.362,0.0,12.955,1.146,285,867408,313,-3.808,0.31,5.417,0,0,418430976,0,5,1,cloister
116.466,11.904,1.227,0.0,12.955,1.146,285,867408,313,-3.808,0.31,5.417,0,0,418430976,0,5,1,cloister
116.478,13.186,1.098,0.0,12.955,1.146,285,867408,313,-3.763,0.31,5.416,0,0,418430976,0,5,1,cloister
116.491,12.432,1.056,0.0,12.955,1.146,285,867408,313,-3.718,0.31,5.415,0,0,418430976,0,5,1,cloister
116.503,11.872,1.051,0.0,12.955,1.146,286,870404,314,-3.673,0.31,5.415,0,0,418430976,0,5,1,cloister
116.516,12.541,1.07,0.0,12.955,1.146,286,870404,314,-3.673,0.31,5.415,0,0,418430976,0,5,1,cloister
116.528,13.409,0.437,0.0,12.955,1.146,286,870404,314,-3.628,0.31,5.414,0,0,418430976,0,5,1,cloister
116.541,12.494,0.946,0.0,12.955,1.146,286,870404,314,-3.583,0.31,5.414,0,0,418430976,0,5,1,cloister
116.553,12.151,1.086,0.0,12.955,1.146,287,870892,315,-3.538,0.31,5.413,0,0,418430976,0,5,1,cloister
116.566,12.869,1.052,0.0,12.955,1.146,287,870892,315,-3.538,0.31,5.413,0,0,418430976,0,5,1,cloister
116.578,13.743,0.576,0.0,12.955,1.146,287,870892,315,-3.493,0.31,5.412,0,0,418430976,0,5,1,cloister
116.591,12.185,1.211,0.0,12.955,1.146,288,870894,316,-3.448,0.31,5.412,0,0,418430976,0,5,1,cloister
116.603,11.642,1.048,0.0,12.955,1.146,288,870894,316,-3.403,0.31,5.411,0,0,418430976,0,5,1,cloister
116.616,12.536,1.21,0.0,12.955,1.146,289,873552,317,-3.403,0.31,5.411,0,0,418430976,0,5,1,cloister
116.628,13.701,0.998,0.0,12.955,1.146,289,873552,317,-3.358,0.31,5.411,0,0,418430976,0,5,1,cloister
116.641,13.127,0.498,0.0,12.955,1.146,291,874084,319,-3.313,0.31,5.41,0,0,418430976,0,5,1,cloister
116.653,11.86,1.096,0.0,12.955,1.146,291,874084,319,-3.268,0.31,5.409,0,0,418430976,0,5,1,cloister
116.666,11.889,1.009,0.0,12.955,1.146,291,874084,319,-3.268,0.31,5.409,0,0,418430976,0,5,1,cloister
116.678,13.08,1.056,0.0,12.955,1.146,291,874084,319,-3.223,0.31,5.409,0,0,418430976,0,5,1,cloister
116.691,12.26,1.098,0.0,12.955,1.146,291,874084,319,-3.178,0.31,5.408,0,0,418430976,0,5,1,cloister
116.703,12.64,1.041,0.0,12.955,1.146,291,874084,319,-3.133,0.31,5.408,0,0,418430976,0,5,1,cloister
116.716,11.828,1.091,0.0,12.955,1.146,291,874084,319,-3.133,0.31,5.408,0,0,418430976,0,5,1,cloister
116.728,12.992,1.22,0.0,12.955,1.146,291,874084,319,-3.088,0.31,5.407,0,0,418430976,0,5,1,cloister
116.741,12.208,1.231,0.0,12.955,1.146,291,874084,319,-3.043,0.31,5.406,0,0,418430976,0,5,1,cloister
116.753,12.76,1.031,0.0,12.955,1.146,291,874084,319,-2.998,0.31,5.406,0,0,418430976,0,5,1,cloister
116.766,11.636,0.585,0.0,12.955,1.146,291,874084,319,-2.998,0.31,5.406,0,0,418430976,0,5,1,cloister
116.778,12.956,1.029,0.0,12.955,1.146,291,874084,319,-2.953,0.31,5.405,0,0,418430976,0,5,1,cloister
116.791,12.443,1.087,0.0,12.955,1.146,291,874084,319,-2.908,0.31,5.405,0,0,418430976,0,5,1,cloister
116.803,12.923,1.063,0.0,12.955,1.146,292,874086,320,-2.863,0.31,5.404,0,0,418430976,0,5,1,cloister
116.816,11.587,1.345,0.0,12.955,1.146,292,874086,320,-2.863,0.31,5.404,0,0,418430976,0,5,1,cloister
116.828,12.949,1.031,0.0,12.955,1.146,292,874086,320,-2.818,0.31,5.403,0,0,418430976,0,5,1,cloister
116.841,12.354,1.107,0.0,12.955,1.146,292,874086,320,-2.773,0.31,5.403,0,0,418430976,0,5,1,cloister
116.853,12.362,1.09,0.0,12.955,1.146,292,874086,320,-2.728,0.31,5.402,0,0,418430976,0,5,1,cloister
116.866,11.536,1.088,0.0,12.955,1.146,292,874086,320,-2.728,0.31,5.402,0,0,418430976,0,5,1,cloister
116.878,14.097,1.082,0.0,12.955,1.146,292,874086,320,-2.683,0.31,5.402,0,0,418430976,0,5,1,cloister
116.891,11.459,1.024,0.0,12.955,1.146,292,874086,320,-2.638,0.31,5.401,0,0,418430976,0,5,1,cloister
116.903,12.374,1.044,0.0,12.955,1.146,292,874086,320,-2.593,0.31,5.4,0,0,418430976,0,5,1,cloister
116.916,11.694,1.161,0.0,12.955,1.146,293,874088,321,-2.593,0.31,5.4,0,0,418430976,0,5,1,cloister
116.928,13.103,1.237,0.0,12.955,1.146,293,874088,321,-2.548,0.31,5.4,0,0,418430976,0,5,1,cloister
116.941,12.309,1.009,0.0,12.955,1.146,293,874088,321,-2.503,0.31,5.399,0,0,418430976,0,5,1,cloister
116.953,11.974,1.121,0.0,12.955,1.146,293,874088,321,-2.458,0.31,5.399,0,0,418430976,0,5,1,cloister
116.966,12.48,1.274,0.0,12.955,1.146,293,874088,321,-2.458,0.31,5.399,0,0,418430976,0,5,1,cloister
116.978,13.53,0.458,0.0,12.955,1.146,293,874088,321,-2.413,0.31,5.398,0,0,418430976,0,5,1,cloister
116.991,11.425,1.048,0.0,12.955,1.146,293,874088,321,-2.368,0.31,5.397,0,0,418430976,0,5,1,cloister
117.003,12.268,0.995,0.0,12.955,1.146,293,874088,321,-2.323,0.31,5.397,0,0,418430976,0,5,1,cloister
117.016,12.492,0.402,0.0,12.955,1.146,293,874088,321,-2.323,0.31,5.397,0,0,418430976,0,5,1,cloister
117.028,13.584,0.336,0.0,12.955,1.146,293,874088,321,-2.278,0.31,5.396,0,0,418430976,0,5,1,cloister
117.041,12.354,0.493,0.0,12.955,1.146,293,874088,321,-2.233,0.31,5.396,0,0,418430976,0,5,1,cloister
117.053,12.757,1.123,0.0,12.955,1.146,293,874088,321,-2.188,0.31,5.395,0,0,418430976,0,5,1,cloister
117.066,11.92,0.745,0.0,12.955,1.146,292,873188,320,-2.188,0.31,5.395,0,0,418430976,0,5,1,cloister
117.078,13.323,1.042,0.0,12.955,1.146,292,873188,320,-2.143,0.31,5.394,0,0,418430976,0,5,1,cloister
117.091,12.446,1.052,0.0,12.955,1.146,292,873188,320,-2.098,0.31,5.394,0,0,418430976,0,5,1,cloister
117.103,12.532,1.313,0.0,12.955,1.146,292,873188,320,-2.053,0.31,5.393,0,0,418430976,0,5,1,cloister
117.116,11.374,1.038,0.0,12.955,1.146,290,872148,318,-2.053,0.31,5.393,0,0,418430976,0,5,1,cloister
117.128,13.807,1.031,0.0,12.955,1.146,290,872148,318,-2.008,0.31,5.393,0,0,418430976,0,5,1,cloister
117.141,12.265,0.484,0.0,12.955,1.146,289,872124,317,-1.963,0.31,5.392,0,0,418430976,0,5,1,cloister
117.153,12.646,1.273,0.0,12.955,1.146,289,872124,317,-1.918,0.31,5.391,0,0,418430976,0,5,1,cloister
117.166,12.654,1.074,0.0,12.955,1.146,289,872124,317,-1.918,0.31,5.391,0,0,418430976,0,5,1,cloister
117.178,12.331,1.24,0.0,12.955,1.146,289,872124,317,-1.873,0.31,5.391,0,0,418430976,0,5,1,cloister
117.191,12.703,1.307,0.0,12.955,1.146,290,872148,318,-1.828,0.31,5.39,0,0,418430976,0,5,1,cloister
117.203,12.506,1.133,0.0,12.955,1.146,290,872148,318,-1.783,0.31,5.39,0,0,418430976,0,5,1,cloister
117.216,12.014,1.059,0.0,12.955,1.146,290,872148,318,-1.783,0.31,5.39,0,0,418430976,0,5,1,cloister
117.228,12.725,1.114,0.0,12.955,1.146,290,872148,318,-1.738,0.31,5.389,0,0,418430976,0,5,1,cloister
117.241,12.015,0.881,0.0,13.224,1.381,290,872148,318,-1.693,0.31,5.389,0,0,418430976,0,5,1,cloister
117.253,12.719,0.611,0.0,13.224,1.381,290,872148,318,-1.648,0.31,5.388,0,0,418430976,0,5,1,cloister
117.266,11.801,0.37,0.0,13.224,1.381,288,866832,316,-1.648,0.31,5.388,0,0,418430976,0,5,1,cloister
117.278,14.037,0.409,0.0,13.224,1.381,288,866832,316,-1.603,0.31,5.387,0,0,418430976,0,5,1,cloister
117.291,11.489,0.431,0.0,13.224,1.381,288,866832,316,-1.558,0.31,5.387,0,0,418430976,0,5,1,cloister
117.303,12.275,0.936,0.0,13.224,1.381,288,866832,316,-1.513,0.31,5.386,0,0,418430976,0,5,1,cloister
117.316,12.571,0.393,0.0,13.224,1.381,288,866832,316,-1.513,0.31,5.386,0,0,418430976,0,5,1,cloister
117.328,12.785,0.407,0.0,13.224,1.381,288,866832,316,-1.468,0.31,5.386,0,0,418430976,0,5,1,cloister
117.341,12.378,0.405,0.0,13.224,1.381,288,866832,316,-1.423,0.31,5.385,0,0,418430976,0,5,1,cloister
117.353,12.627,0.407,0.0,13.224,1.381,288,866832,316,-1.378,0.31,5.384,0,0,418430976,0,5,1,cloister
117.366,12.539,0.42,0.0,13.224,1.381,287,860712,315,-1.378,0.31,5.384,0,0,418430976,0,5,1,cloister
117.378,13.304,0.465,0.0,13.224,1.381,287,860712,315,-1.333,0.31,5.384,0,0,418430976,0,5,1,cloister
117.391,12.941,1.076,0.0,13.224,1.381,287,860712,315,-1.288,0.31,5.383,0,0,418430976,0,5,1,cloister
117.403,11.556,0.501,0.0,13.224,1.381,288,862804,316,-1.243,0.31,5.383,0,0,418430976,0,5,1,cloister
117.416,11.872,0.975,0.0,13.224,1.381,288,862804,316,-1.243,0.31,5.383,0,0,418430976,0,5,1,cloister
117.428,13.306,1.112,0.0,13.224,1.381,288,862804,316,-1.198,0.31,5.382,0,0,418430976,0,5,1,cloister
117.441,12.21,1.032,0.0,13.224,1.381,288,862804,316,-1.153,0.31,5.381,0,0,418430976,0,5,1,cloister
117.453,12.207,1.029,0.0,13.224,1.381,288,862804,316,-1.108,0.31,5.381,0,0,418430976,0,5,1,cloister
117.466,12.089,1.174,0.0,13.224,1.381,288,862804,316,-1.108,0.31,5.381,0,0,418430976,0,5,1,cloister
117.478,12.784,1.191,0.0,13.224,1.381,288,862804,316,-1.063,0.31,5.38,0,0,418430976,0,5,1,cloister
117.491,11.907,1.163,0.0,13.224,1.381,288,862804,316,-1.018,0.31,5.38,0,0,418430976,0,5,1,cloister
117.503,12.743,1.111,0.0,13.224,1.381,287,860146,315,-0.973,0.31,5.379,0,0,418430976,0,5,1,cloister
117.516,11.725,0.473,0.0,13.224,1.381,287,860146,315,-0.973,0.31,5.379,0,0,418430976,0,5,1,cloister
117.528,13.272,0.452,0.0,13.224,1.381,287,860146,315,-0.928,0.31,5.378,0,0,418430976,0,5,1,cloister
117.541,13.286,0.739,0.0,13.224,1.381,286,858547,314,-0.883,0.31,5.378,0,0,418430976,0,5,1,cloister
117.553,11.757,1.094,0.0,13.224,1.381,282,857371,310,-0.838,0.31,5.377,0,0,418430976,0,5,1,cloister
117.566,12.1,1.028,0.0,13.224,1.381,280,857347,308,-0.838,0.31,5.377,0,0,418430976,0,5,1,cloister
117.578,12.95,1.075,0.0,13.224,1.381,280,857347,308,-0.793,0.31,5.377,0,0,418430976,0,5,1,cloister
117.591,12.583,1.133,0.0,13.224,1.381,280,854947,308,-0.748,0.31,5.376,0,0,418430976,0,5,1,cloister
117.603,12.545,1.059,0.0,13.224,1.381,279,854247,307,-0.703,0.31,5.375,0,0,418430976,0,5,1,cloister
117.616,12.012,0.69,0.0,13.224,1.381,279,854247,307,-0.703,0.31,5.375,0,0,418430976,0,5,1,cloister
117.628,12.518,1.29,0.0,13.224,1.381,279,854247,307,-0.658,0.31,5.375,0,0,418430976,0,5,1,cloister
117.641,13.628,1.972,0.0,13.224,1.381,279,854247,307,-0.613,0.31,5.374,0,0,418430976,0,5,1,cloister
117.653,11.806,0.492,0.0,13.224,1.381,278,854227,306,-0.568,0.31,5.374,0,0,418430976,0,5,1,cloister
117.666,12.081,1.516,0.0,13.224,1.381,277,853527,305,-0.568,0.31,5.374,0,0,418430976,0,5,1,cloister
117.678,13.198,1.079,0.0,13.224,1.381,277,853527,305,-0.523,0.31,5.373,0,0,418430976,0,5,1,cloister
117.691,12.578,1.379,0.0,13.224,1.381,274,846132,302,-0.478,0.31,5.372,0,0,418430976,0,5,1,cloister
117.703,12.469,1.281,0.0,13.224,1.381,273,845612,301,-0.433,0.31,5.372,0,0,418430976,0,5,1,cloister
117.716,11.336,1.209,0.0,13.224,1.381,273,845612,301,-0.433,0.31,5.372,0,0,418430976,0,5,1,cloister
117.728,13.489,1.024,0.0,13.224,1.381,273,845612,301,-0.388,0.31,5.371,0,0,418430976,0,5,1,cloister
117.741,12.653,1.106,0.0,13.224,1.381,273,845612,301,-0.343,0.31,5.371,0,0,418430976,0,5,1,cloister
117.753,12.39,1.023,0.0,13.224,1.381,271,845352,299,-0.298,0.31,5.37,0,0,418430976,0,5,1,cloister
117.766,11.948,1.275,0.0,13.224,1.381,269,845224,297,-0.298,0.31,5.37,0,0,418430976,0,5,1,cloister
117.778,13.133,1.143,0.0,13.224,1.381,269,845224,297,-0.253,0.31,5.369,0,0,418430976,0,5,1,cloister
117.791,12.599,1.142,0.0,13.224,1.381,266,843239,294,-0.208,0.31,5.369,0,0,418430976,0,5,1,cloister
117.803,12.365,1.174,0.0,13.224,1.381,267,843359,295,-0.163,0.31,5.368,0,0,418430976,0,5,1,cloister
117.816,11.407,1.01,0.0,13.224,1.381,265,838009,293,-0.163,0.31,5.368,0,0,418430976,0,5,1,cloister
117.828,13.716,1.035,0.0,13.224,1.381,265,838009,293,-0.118,0.31,5.368,0,0,418430976,0,5,1,cloister
117.841,12.273,0.482,0.0,13.224,1.381,264,837309,292,-0.074,0.31,5.367,0,0,418430976,0,5,1,cloister
117.853,12.503,1.203,0.0,13.224,1.381,263,836510,291,-0.029,0.31,5.366,0,0,418430976,0,5,1,cloister
117.866,11.209,0.724,0.0,13.224,1.381,262,835610,290,-0.029,0.31,5.366,0,0,418430976,0,5,1,cloister
117.878,12.887,1.193,0.0,13.224,1.381,262,835610,290,0.016,0.31,5.366,0,0,418430976,0,5,1,cloister
117.891,12.696,0.405,0.0,13.224,1.381,262,835610,290,0.061,0.31,5.365,0,0,418430976,0,5,1,cloister
117.903,12.52,0.418,0.0,13.224,1.381,261,830411,289,0.106,0.31,5.365,0,0,418430976,0,5,1,cloister
117.916,12.685,0.357,0.0,13.224,1.381,261,830411,289,0.106,0.31,5.365,0,0,418430976,0,5,1,cloister
117.928,13.463,0.371,0.0,13.224,1.381,261,830411,289,0.151,0.31,5.364,0,0,418430976,0,5,1,cloister
117.941,12.012,1.038,0.0,13.224,1.381,261,830411,289,0.196,0.31,5.364,0,0,418430976,0,5,1,cloister
117.953,12.332,1.12,0.0,13.224,1.381,259,828898,287,0.241,0.31,5.363,0,0,418430976,0,5,1,cloister
117.966,12.259,1.056,0.0,13.224,1.381,259,828888,287,0.241,0.31,5.363,0,0,418430976,0,5,1,cloister
117.978,13.309,0.967,0.0,13.224,1.381,259,828888,287,0.286,0.31,5.362,0,0,418430976,0,5,1,cloister
117.991,11.449,1.259,0.0,13.224,1.381,259,828888,287,0.331,0.31,5.362,0,0,418430976,0,5,1,cloister
118.003,13.375,1.193,0.0,13.224,1.381,258,827988,286,0.376,0.31,5.361,0,0,418430976,0,5,1,cloister
118.016,11.344,0.469,0.0,13.224,1.381,258,827988,286,0.376,0.31,5.361,0,0,418430976,0,5,1,cloister
118.028,13.112,1.05,0.0,13.224,1.381,258,827988,286,0.421,0.31,5.361,0,0,418430976,0,5,1,cloister
118.041,12.118,0.915,0.0,13.224,1.381,257,827976,285,0.466,0.31,5.36,0,0,418430976,0,5,1,cloister
118.053,12.709,1.809,0.0,13.224,1.381,255,822765,283,0.511,0.31,5.359,0,0,418430976,0,5,1,cloister
118.066,11.731,1.07,0.0,13.224,1.381,253,821489,281,0.511,0.31,5.359,0,0,418430976,0,5,1,cloister
118.078,12.89,1.119,0.0,13.224,1.381,253,821489,281,0.556,0.31,5.359,0,0,418430976,0,5,1,cloister
118.091,12.648,0.997,0.0,13.224,1.381,252,820786,280,0.601,0.31,5.358,0,0,418430976,0,5,1,cloister
118.103,11.757,1.141,0.0,13.224,1.381,252,820786,280,0.646,0.31,5.358,0,0,418430976,0,5,1,cloister
118.116,12.413,1.495,0.0,13.224,1.381,251,820784,279,0.646,0.31,5.358,0,0,418430976,0,5,1,cloister
118.128,12.824,0.528,0.0,13.224,1.381,251,820784,279,0.691,0.31,5.357,0,0,418430976,0,5,1,cloister
118.141,12.278,1.416,0.0,13.224,1.381,251,820784,279,0.736,0.31,5.356,0,0,418430976,0,5,1,cloister
118.153,12.264,1.155,0.0,13.224,1.381,251,820784,279,0.781,0.31,5.356,0,0,418430976,0,5,1,cloister
118.166,11.825,0.507,0.0,13.224,1.381,251,820784,279,0.781,0.31,5.356,0,0,418430976,0,5,1,cloister
118.178,12.256,1.09,0.0,13.224,1.381,251,820784,279,0.826,0.31,5.355,0,0,418430976,0,5,1,cloister
118.191,13.265,0.981,0.0,13.224,1.381,250,819387,278,0.871,0.31,5.355,0,0,418430976,0,5,1,cloister
118.203,12.096,0.386,0.0,13.224,1.381,249,819271,277,0.916,0.31,5.354,0,0,418430976,0,5,1,cloister
118.216,11.577,1.072,0.0,13.224,1.381,249,819271,277,0.916,0.31,5.354,0,0,418430976,0,5,1,cloister
118.228,13.679,0.939,0.0,13.224,1.381,249,819271,277,0.961,0.31,5.353,0,0,418430976,0,5,1,cloister
118.241,12.538,0.488,0.0,12.565,1.109,248,819159,276,1.006,0.31,5.353,0,0,418430976,0,5,1,cloister
118.253,12.528,1.133,0.0,12.565,1.109,248,818295,276,1.051,0.31,5.352,0,0,418430976,0,5,1,cloister
118.266,12.246,1.083,0.0,12.565,1.109,249,818331,277,1.051,0.31,5.352,0,0,418430976,0,5,1,cloister
118.278,11.978,1.097,0.0,12.565,1.109,249,818331,277,1.096,0.31,5.352,0,0,418430976,0,5,1,cloister
118.291,12.602,2.527,0.0,12.565,1.109,248,813132,276,1.141,0.31,5.351,0,0,418430976,0,5,1,cloister
118.303,12.223,0.369,0.0,12.565,1.109,248,813132,276,1.186,0.31,5.35,0,0,418430976,0,5,1,cloister
118.316,12.339,0.415,0.0,12.565,1.109,248,813132,276,1.186,0.31,5.35,0,0,418430976,0,5,1,cloister
118.328,12.886,0.364,0.0,12.565,1.109,248,813132,276,1.231,0.31,5.35,0,0,418430976,0,5,1,cloister
118.341,12.808,0.404,0.0,12.565,1.109,248,813132,276,1.276,0.31,5.349,0,0,418430976,0,5,1,cloister
118.353,12.964,0.366,0.0,12.565,1.109,245,812842,273,1.321,0.31,5.349,0,0,418430976,0,5,1,cloister
118.366,11.492,0.439,0.0,12.565,1.109,246,812882,274,1.321,0.31,5.349,0,0,418430976,0,5,1,cloister
118.378,13.934,1.007,0.0,12.565,1.109,246,812882,274,1.366,0.31,5.348,0,0,418430976,0,5,1,cloister
118.391,13.18,1.077,0.0,12.565,1.109,246,812882,274,1.411,0.31,5.347,0,0,418430976,0,5,1,cloister
118.403,12.879,1.117,0.0,12.565,1.109,246,812882,274,1.456,0.31,5.347,0,0,418430976,0,5,1,cloister
118.416,11.945,0.968,0.0,12.565,1.109,246,812882,274,1.456,0.31,5.347,0,0,418430976,0,5,1,cloister
118.428,13.695,1.324,0.0,12.565,1.109,246,812882,274,1.501,0.31,5.346,0,0,418430976,0,5,1,cloister
118.441,12.32,0.954,0.0,12.565,1.109,245,812858,273,1.546,0.31,5.346,0,0,418430976,0,5,1,cloister
118.453,12.855,1.186,0.0,12.565,1.109,245,812858,273,1.591,0.31,5.345,0,0,418430976,0,5,1,cloister
118.466,12.215,1.085,0.0,12.565,1.109,245,812858,273,1.591,0.31,5.345,0,0,418430976,0,5,1,cloister
118.478,13.768,1.062,0.0,12.565,1.109,245,812858,273,1.636,0.31,5.344,0,0,418430976,0,5,1,cloister
118.491,12.022,1.227,0.0,12.565,1.109,244,812714,272,1.681,0.31,5.344,0,0,418430976,0,5,1,cloister
118.503,12.244,0.613,0.0,12.565,1.109,244,812714,272,1.726,0.31,5.343,0,0,418430976,0,5,1,cloister
118.516,11.889,1.039,0.0,12.565,1.109,244,812714,272,1.726,0.31,5.343,0,0,418430976,0,5,1,cloister
118.528,13.252,0.934,0.0,12.565,1.109,244,812714,272,1.771,0.31,5.343,0,0,418430976,0,5,1,cloister
118.541,12.026,1.069,0.0,12.565,1.109,244,812714,272,1.816,0.31,5.342,0,0,418430976,0,5,1,cloister
118.553,12.306,1.117,0.0,12.565,1.109,244,812714,272,1.861,0.31,5.341,0,0,418430976,0,5,1,cloister
118.566,12.073,1.2,0.0,12.565,1.109,244,812714,272,1.861,0.31,5.341,0,0,418430976,0,5,1,cloister
118.578,12.975,1.073,0.0,12.565,1.109,244,812714,272,1.906,0.31,5.341,0,0,418430976,0,5,1,cloister
118.591,12.037,1.324,0.0,12.565,1.109,244,812714,272,1.951,0.31,5.34,0,0,418430976,0,5,1,cloister
118.603,12.615,1.087,0.0,12.565,1.109,244,812714,272,1.996,0.31,5.34,0,0,418430976,0,5,1,cloister
118.616,11.599,0.946,0.0,12.565,1.109,244,812714,272,1.996,0.31,5.34,0,0,418430976,0,5,1,cloister
118.628,13.088,1.136,0.0,12.565,1.109,244,812714,272,2.041,0.31,5.339,0,0,418430976,0,5,1,cloister
118.641,12.572,0.948,0.0,12.565,1.109,243,812570,271,2.086,0.31,5.339,0,0,418430976,0,5,1,cloister
118.653,12.242,1.057,0.0,12.565,1.109,243,812570,271,2.131,0.31,5.338,0,0,418430976,0,5,1,cloister
118.666,11.829,1.275,0.0,12.565,1.109,243,812570,271,2.131,0.31,5.338,0,0,418430976,0,5,1,cloister
118.678,13.061,0.966,0.0,12.565,1.109,243,812570,271,2.176,0.31,5.337,0,0,418430976,0,5,1,cloister
118.691,12.182,0.999,0.0,12.565,1.109,243,812570,271,2.221,0.31,5.337,0,0,418430976,0,5,1,cloister
118.703,12.47,1.072,0.0,12.565,1.109,243,812570,271,2.266,0.31,5.336,0,0,418430976,0,5,1,cloister
118.716,11.807,0.527,0.0,12.565,1.109,243,812570,271,2.266,0.31,5.336,0,0,418430976,0,5,1,cloister
118.728,13.068,1.043,0.0,12.565,1.109,243,812570,271,2.311,0.31,5.336,0,0,418430976,0,5,1,cloister
118.741,12.306,0.909,0.0,12.565,1.109,243,812570,271,2.356,0.31,5.335,0,0,418430976,0,5,1,cloister
118.753,12.311,0.611,0.0,12.565,1.109,243,812570,271,2.401,0.31,5.334,0,0,418430976,0,5,1,cloister
118.766,11.876,1.043,0.0,12.565,1.109,243,812570,271,2.401,0.31,5.334,0,0,418430976,0,5,1,cloister
118.778,13.255,0.956,0.0,12.565,1.109,243,812570,271,2.446,0.31,5.334,0,0,418430976,0,5,1,cloister
118.791,12.175,0.767,0.0,12.565,1.109,243,812570,271,2.491,0.31,5.333,0,0,418430976,0,5,1,cloister
118.803,12.37,1.135,0.0,12.565,1.109,243,812570,271,2.536,0.31,5.333,0,0,418430976,0,5,1,cloister
118.816,11.96,1.039,0.0,12.565,1.109,243,812570,271,2.536,0.31,5.333,0,0,418430976,0,5,1,cloister
118.828,12.704,1.068,0.0,12.565,1.109,243,812570,271,2.581,0.31,5.332,0,0,418430976,0,5,1,cloister
118.841,12.456,1.048,0.0,12.565,1.109,243,812570,271,2.626,0.31,5.331,0,0,418430976,0,5,1,cloister
118.853,12.332,0.953,0.0,12.565,1.109,242,812490,270,2.671,0.31,5.331,0,0,418430976,0,5,1,cloister
118.866,12.22,1.062,0.0,12.565,1.109,241,812454,269,2.671,0.31,5.331,0,0,418430976,0,5,1,cloister
118.878,12.786,0.491,0.0,12.565,1.109,241,812454,269,2.716,0.31,5.33,0,0,418430976,0,5,1,cloister
118.891,12.404,0.956,0.0,12.565,1.109,241,812454,269,2.761,0.31,5.33,0,0,418430976,0,5,1,cloister
118.903,12.361,0.956,0.0,12.565,1.109,241,812454,269,2.806,0.31,5.329,0,0,418430976,0,5,1,cloister
118.916,11.91,1.226,0.0,12.565,1.109,241,812454,269,2.806,0.31,5.329,0,0,418430976,0,5,1,cloister
118.928,12.821,1.202,0.0,12.565,1.109,241,812454,269,2.851,0.31,5.328,0,0,418430976,0,5,1,cloister
118.941,12.52,1.026,0.0,12.565,1.109,241,812454,269,2.896,0.31,5.328,0,0,418430976,0,5,1,cloister
118.953,12.598,1.344,0.0,12.565,1.109,241,812454,269,2.941,0.31,5.327,0,0,418430976,0,5,1,cloister
118.966,11.42,1.091,0.0,12.565,1.109,241,812454,269,2.941,0.31,5.327,0,0,418430976,0,5,1,cloister
118.978,13.074,1.074,0.0,12.565,1.109,241,812454,269,2.986,0.31,5.327,0,0,418430976,0,5,1,cloister
118.991,12.12,0.996,0.0,12.565,1.109,241,812454,269,3.031,0.31,5.326,0,0,418430976,0,5,1,cloister
119.003,11.857,1.062,0.0,12.565,1.109,241,812454,269,3.076,0.31,5.325,0,0,418430976,0,5,1,cloister
119.016,12.532,0.473,0.0,12.565,1.109,241,812454,269,3.076,0.31,5.325,0,0,418430976,0,5,1,cloister
119.028,13.172,0.531,0.0,12.565,1.109,241,812454,269,3.121,0.31,5.325,0,0,418430976,0,5,1,cloister
119.041,12.322,0.917,0.0,12.565,1.109,241,812454,269,3.166,0.31,5.324,0,0,418430976,0,5,1,cloister
119.053,12.437,1.086,0.0,12.565,1.109,241,812454,269,3.211,0.31,5.324,0,0,418430976,0,5,1,cloister
119.066,11.77,1.018,0.0,12.565,1.109,240,812452,268,3.211,0.31,5.324,0,0,418430976,0,5,1,cloister
119.078,12.813,1.03,0.0,12.565,1.109,240,812452,268,3.256,0.31,5.323,0,0,418430976,0,5,1,cloister
119.091,12.898,0.977,0.0,12.565,1.109,240,812452,268,3.301,0.31,5.322,0,0,418430976,0,5,1,cloister
119.103,12.345,0.452,0.0,12.565,1.109,239,812332,267,3.346,0.31,5.322,0,0,418430976,0,5,1,cloister
119.116,12.084,0.441,0.0,12.565,1.109,239,812332,267,3.346,0.31,5.322,0,0,418430976,0,5,1,cloister
119.128,12.929,0.392,0.0,12.565,1.109,239,812332,267,3.391,0.31,5.321,0,0,418430976,0,5,1,cloister
119.141,12.223,0.399,0.0,12.565,1.109,237,812328,265,3.436,0.31,5.321,0,0,418430976,0,5,1,cloister
119.153,12.429,0.356,0.0,12.565,1.109,237,812328,265,3.481,0.31,5.32,0,0,418430976,0,5,1,cloister
119.166,12.18,0.358,0.0,12.565,1.109,237,812328,265,3.481,0.31,5.32,0,0,418430976,0,5,1,cloister
119.178,12.918,0.365,0.0,12.565,1.109,237,812328,265,3.526,0.31,5.319,0,0,418430976,0,5,1,cloister
119.191,12.63,0.35,0.0,12.565,1.109,236,812326,264,3.571,0.31,5.319,0,0,418430976,0,5,1,cloister
119.203,12.4,0.353,0.0,12.565,1.109,236,812326,264,3.616,0.31,5.318,0,0,418430976,0,5,1,cloister
119.216,12.32,0.338,0.0,12.565,1.109,236,812326,264,3.616,0.31,5.318,0,0,418430976,0,5,1,cloister
119.228,12.811,0.355,0.0,12.565,1.109,236,812326,264,3.661,0.31,5.318,0,0,418430976,0,5,1,cloister
119.241,12.816,0.406,0.0,13.215,1.083,236,812326,264,3.706,0.31,5.317,0,0,418430976,0,5,1,cloister
119.253,12.01,0.4,0.0,13.215,1.083,235,812306,263,3.751,0.31,5.317,0,0,418430976,0,5,1,cloister
119.266,12.166,0.455,0.0,13.215,1.083,235,812306,263,3.751,0.31,5.317,0,0,418430976,0,5,1,cloister
119.278,12.922,0.345,0.0,13.215,1.083,235,812306,263,3.796,0.31,5.316,0,0,418430976,0,5,1,cloister
119.291,12.335,0.39,0.0,13.215,1.083,235,812306,263,3.841,0.31,5.315,0,0,418430976,0,5,1,cloister
119.303,12.166,0.332,0.0,13.215,1.083,235,812306,263,3.886,0.31,5.315,0,0,418430976,0,5,1,cloister
119.316,12.176,0.454,0.0,13.215,1.083,234,812304,262,3.886,0.31,5.315,0,0,418430976,0,5,1,cloister
119.328,13.234,0.339,0.0,13.215,1.083,234,812304,262,3.931,0.31,5.314,0,0,418430976,0,5,1,cloister
119.341,12.408,0.403,0.0,13.215,1.083,234,812304,262,3.976,0.31,5.314,0,0,418430976,0,5,1,cloister
119.353,12.484,0.363,0.0,13.215,1.083,234,812304,262,4.021,0.31,5.313,0,0,418430976,0,5,1,cloister
119.366,11.856,0.351,0.0,13.215,1.083,234,812304,262,4.021,0.31,5.313,0,0,418430976,0,5,1,cloister
119.378,13.065,0.323,0.0,13.215,1.083,234,812304,262,4.066,0.31,5.312,0,0,418430976,0,5,1,cloister
119.391,12.365,0.39,0.0,13.215,1.083,233,812280,261,4.111,0.31,5.312,0,0,418430976,0,5,1,cloister
119.403,12.32,0.324,0.0,13.215,1.083,233,812280,261,4.156,0.31,5.311,0,0,418430976,0,5,1,cloister
119.416,12.012,0.344,0.0,13.215,1.083,233,812280,261,4.156,0.31,5.311,0,0,418430976,0,5,1,cloister
119.428,12.865,0.317,0.0,13.215,1.083,233,812280,261,4.201,0.31,5.311,0,0,418430976,0,5,1,cloister
119.441,12.463,0.339,0.0,13.215,1.083,233,812280,261,4.246,0.31,5.31,0,0,418430976,0,5,1,cloister
119.453,14.152,0.31,0.0,13.215,1.083,233,812280,261,4.291,0.31,5.309,0,0,418430976,0,5,1,cloister
119.466,11.334,0.351,0.0,13.215,1.083,233,812280,261,4.291,0.31,5.309,0,0,418430976,0,5,1,cloister
119.478,12.853,0.338,0.0,13.215,1.083,233,812280,261,4.336,0.31,5.309,0,0,418430976,0,5,1,cloister
119.491,12.94,0.339,0.0,13.215,1.083,233,812280,261,4.381,0.31,5.308,0,0,418430976,0,5,1,cloister
119.503,12.855,0.353,0.0,13.215,1.083,233,812280,261,4.426,0.31,5.308,0,0,418430976,0,5,1,cloister
119.516,12.294,0.321,0.0,13.215,1.083,233,812280,261,4.426,0.31,5.308,0,0,418430976,0,5,1,cloister
119.528,13.063,0.396,0.0,13.215,1.083,233,812280,261,4.471,0.31,5.307,0,0,418430976,0,5,1,cloister
119.541,12.693,0.399,0.0,13.215,1.083,233,812280,261,4.516,0.31,5.306,0,0,418430976,0,5,1,cloister
119.553,12.531,0.364,0.0,13.215,1.083,233,812280,261,4.561,0.31,5.306,0,0,418430976,0,5,1,cloister
119.566,11.876,0.357,0.0,13.215,1.083,233,812280,261,4.561,0.31,5.306,0,0,418430976,0,5,1,cloister
119.578,12.705,0.324,0.0,13.215,1.083,233,812280,261,4.606,0.31,5.305,0,0,418430976,0,5,1,cloister
119.591,12.426,0.385,0.0,13.215,1.083,231,812256,259,4.651,0.31,5.305,0,0,418430976,0,5,1,cloister
119.603,12.345,0.322,0.0,13.215,1.083,231,812256,259,4.696,0.31,5.304,0,0,418430976,0,5,1,cloister
119.616,11.844,0.319,0.0,13.215,1.083,231,812256,259,4.696,0.31,5.304,0,0,418430976,0,5,1,cloister
119.628,12.853,0.329,0.0,13.215,1.083,231,812256,259,4.741,0.31,5.303,0,0,418430976,0,5,1,cloister
119.641,12.384,0.53,0.0,13.215,1.083,231,812256,259,4.786,0.31,5.302,0,0,418430976,0,5,1,cloister
119.653,12.454,0.324,0.0,13.215,1.083,231,812256,259,4.831,0.31,5.302,0,0,418430976,0,5,1,cloister
119.666,11.968,0.338,0.0,13.215,1.083,230,812244,258,4.831,0.31,5.302,0,0,418430976,0,5,1,cloister
119.678,12.892,0.315,0.0,13.215,1.083,230,812244,258,4.876,0.31,5.301,0,0,418430976,0,5,1,cloister
119.691,12.262,0.34,0.0,13.215,1.083,230,812244,258,4.921,0.31,5.3,0,0,418430976,0,5,1,cloister
119.703,12.383,0.336,0.0,13.215,1.083,230,812244,258,4.966,0.31,5.299,0,0,418430976,0,5,1,cloister
119.716,12.516,0.289,0.0,13.215,1.083,230,812244,258,4.966,0.31,5.299,0,0,418430976,0,5,1,cloister
119.728,13.262,0.704,0.0,13.215,1.083,230,812244,258,5.011,0.31,5.298,0,0,418430976,0,5,1,cloister
119.741,12.037,1.485,0.0,13.215,1.083,229,812232,257,5.056,0.31,5.297,0,0,418430976,0,5,1,cloister
119.753,12.509,1.215,0.0,13.215,1.083,229,812232,257,5.101,0.31,5.297,0,0,418430976,0,5,1,cloister
119.766,11.184,1.03,0.0,13.215,1.083,229,812232,257,5.101,0.31,5.297,0,0,418430976,0,5,1,cloister
119.778,14.45,1.131,0.0,13.215,1.083,229,812232,257,5.146,0.31,5.296,0,0,418430976,0,5,1,cloister
119.791,10.793,0.731,0.0,13.215,1.083,227,812052,255,5.191,0.31,5.295,0,0,418430976,0,5,1,cloister
119.803,12.471,2.586,0.0,13.215,1.083,227,812052,255,5.236,0.31,5.294,0,0,418430976,0,5,1,cloister
119.816,12.052,0.331,0.0,13.215,1.083,227,812052,255,5.236,0.31,5.294,0,0,418430976,0,5,1,cloister
119.828,12.802,0.325,0.0,13.215,1.083,227,812052,255,5.281,0.31,5.293,0,0,418430976,0,5,1,cloister
119.841,13.642,0.331,0.0,13.215,1.083,227,812052,255,5.326,0.31,5.292,0,0,418430976,0,5,1,cloister
119.853,11.68,0.471,0.0,13.215,1.083,227,812052,255,5.371,0.31,5.291,0,0,418430976,0,5,1,cloister
119.866,11.71,0.921,0.0,13.215,1.083,227,812052,255,5.371,0.31,5.291,0,0,418430976,0,5,1,cloister
119.878,11.921,1.099,0.0,13.215,1.083,227,812052,255,5.416,0.31,5.29,0,0,418430976,0,5,1,cloister
119.891,12.675,0.903,0.0,13.215,1.083,227,812052,255,5.461,0.31,5.288,0,0,418430976,0,5,1,cloister
119.903,12.209,0.392,0.0,13.215,1.083,227,812052,255,5.506,0.31,5.287,0,0,418430976,0,5,1,cloister
119.916,12.187,0.334,0.0,13.215,1.083,226,812040,254,5.506,0.31,5.287,0,0,418430976,0,5,1,cloister
119.928,13.812,0.375,0.0,13.215,1.083,226,812040,254,5.551,0.31,5.286,0,0,418430976,0,5,1,cloister
119.941,11.88,0.454,0.0,13.215,1.083,226,812040,254,5.596,0.31,5.285,0,0,418430976,0,5,1,cloister
119.953,12.469,1.037,0.0,13.215,1.083,226,812040,254,5.641,0.31,5.284,0,0,418430976,0,5,1,cloister
119.965,11.644,0.935,0.0,13.215,1.083,225,812028,253,5.641,0.31,5.284,0,0,418430976,0,5,1,cloister
119.978,12.874,1.034,0.0,13.215,1.083,225,812028,253,5.686,0.31,5.283,0,0,418430976,0,5,1,cloister
119.99,12.429,1.024,0.0,13.215,1.083,225,812028,253,5.731,0.31,5.282,0,0,418430976,0,5,1,cloister
120.002,11.696,1.02,0.0,13.215,1.083,225,812028,253,5.776,0.31,5.281,0,0,418430976,0,5,1,cloister
120.015,11.757,0.986,0.0,13.215,1.083,225,812028,253,5.776,0.31,5.281,0,0,418430976,0,5,1,cloister
120.027,13.412,0.6,0.0,13.215,1.083,225,812028,253,5.821,0.31,5.28,0,0,418430976,0,5,1,cloister
120.039,12.366,0.445,0.0,13.215,1.083,225,812028,253,5.866,0.31,5.278,0,0,418430976,0,5,1,cloister
120.052,12.848,0.535,0.0,13.215,1.083,225,812028,253,5.911,0.31,5.277,0,0,418430976,0,5,1,cloister
120.064,11.392,0.971,0.0,13.215,1.083,225,812028,253,5.911,0.31,5.277,0,0,418430976,0,5,1,cloister
120.076,13.198,0.988,0.0,13.215,1.083,225,812028,253,5.956,0.31,5.276,0,0,418430976,0,5,1,cloister
120.089,12.107,1.118,0.0,13.215,1.083,225,812028,253,6.001,0.31,5.275,0,0,418430976,0,5,1,cloister
120.101,12.237,1.095,0.0,13.215,1.083,225,812028,253,6.046,0.31,5.274,0,0,418430976,0,5,1,cloister
120.113,11.791,1.033,0.0,13.215,1.083,225,812028,253,6.046,0.31,5.274,0,0,418430976,0,5,1,cloister
120.126,13.102,0.877,0.0,13.215,1.083,225,812028,253,6.091,0.31,5.273,0,0,418430976,0,5,1,cloister
120.138,12.171,0.929,0.0,13.215,1.083,225,812028,253,6.136,0.31,5.272,0,0,418430976,0,5,1,cloister
120.15,12.399,1.309,0.0,13.215,1.083,225,812028,253,6.181,0.31,5.27,0,0,418430976,0,5,1,cloister
120.163,11.872,0.944,0.0,13.215,1.083,225,812028,253,6.181,0.31,5.27,0,0,418430976,0,5,1,cloister
120.175,12.924,1.079,0.0,13.215,1.083,225,812028,253,6.226,0.31,5.269,0,0,418430976,0,5,1,cloister
120.188,12.356,1.191,0.0,13.215,1.083,225,812028,253,6.271,0.31,5.268,0,0,418430976,0,5,1,cloister
120.2,11.765,1.047,0.0,13.215,1.083,225,812028,253,6.271,0.31,5.268,0,0,418430976,0,5,1,cloister
120.212,13.487,1.033,0.0,13.215,1.083,225,812028,253,6.316,0.31,5.267,0,0,418430976,0,5,1,cloister
120.225,11.828,1.003,0.0,13.215,1.083,225,812028,253,6.361,0.31,5.266,0,0,418430976,0,5,1,cloister
120.237,12.801,1.201,0.0,13.215,1.083,225,812028,253,6.406,0.31,5.264,0,0,418430976,0,5,1,cloister
120.25,11.177,0.899,0.0,13.538,1.247,225,812028,253,6.406,0.31,5.264,0,0,418430976,0,5,1,cloister
120.262,13.79,1.047,0.0,13.538,1.247,225,812028,253,6.451,0.31,5.263,0,0,418430976,0,5,1,cloister
120.275,12.132,0.408,0.0,13.538,1.247,225,812028,253,6.496,0.31,5.262,0,0,418430976,0,5,1,cloister
120.287,12.261,0.943,0.0,13.538,1.247,225,812028,253,6.541,0.31,5.261,0,0,418430976,0,5,1,cloister
120.299,12.124,1.104,0.0,13.538,1.247,225,812028,253,6.541,0.31,5.261,0,0,418430976,0,5,1,cloister
120.312,13.167,1.023,0.0,13.538,1.247,225,812028,253,6.586,0.31,5.26,0,0,418430976,0,5,1,cloister
120.324,12.155,1.201,0.0,13.538,1.247,225,812028,253,6.631,0.31,5.258,0,0,418430976,0,5,1,cloister
120.337,12.398,0.996,0.0,13.538,1.247,225,812028,253,6.676,0.31,5.257,0,0,418430976,0,5,1,cloister
120.349,11.327,0.996,0.0,13.538,1.247,225,812028,253,6.676,0.31,5.257,0,0,418430976,0,5,1,cloister
120.361,12.698,0.966,0.0,13.538,1.247,225,812028,253,6.72,0.31,5.256,0,0,418430976,0,5,1,cloister
120.374,12.51,0.38,0.0,13.538,1.247,225,812028,253,6.765,0.31,5.255,0,0,418430976,0,5,1,cloister
120.386,12.162,0.325,0.0,13.538,1.247,225,812028,253,6.81,0.31,5.254,0,0,418430976,0,5,1,cloister
120.399,13.327,0.349,0.0,13.538,1.247,225,812028,253,6.81,0.31,5.254,0,0,418430976,0,5,1,cloister
120.411,12.075,0.391,0.0,13.538,1.247,225,812028,253,6.855,0.31,5.252,0,0,418430976,0,5,1,cloister
120.423,12.333,1.232,0.0,13.538,1.247,225,812028,253,6.9,0.31,5.251,0,0,418430976,0,5,1,cloister
120.436,12.63,1.193,0.0,13.538,1.247,224,812026,252,6.945,0.31,5.25,0,0,418430976,0,5,1,cloister
120.448,11.495,1.354,0.0,13.538,1.247,224,812026,252,6.945,0.31,5.25,0,0,418430976,0,5,1,cloister
120.46,13.392,1.081,0.0,13.538,1.247,224,812026,252,6.99,0.31,5.249,0,0,418430976,0,5,1,cloister
120.473,11.99,0.919,0.0,13.538,1.247,223,812002,251,7.035,0.31,5.248,0,0,418430976,0,5,1,cloister
120.485,12.582,1.254,0.0,13.538,1.247,223,812002,251,7.08,0.31,5.246,0,0,418430976,0,5,1,cloister
120.497,11.667,0.92,0.0,13.538,1.247,223,812002,251,7.08,0.31,5.246,0,0,418430976,0,5,1,cloister
120.51,13.024,0.582,0.0,13.538,1.247,223,812002,251,7.125,0.31,5.245,0,0,418430976,0,5,1,cloister
120.522,11.895,1.024,0.0,13.538,1.247,223,812002,251,7.17,0.31,5.244,0,0,418430976,0,5,1,cloister
120.535,13.813,1.302,0.0,13.538,1.247,224,812282,252,7.215,0.31,5.243,0,0,418430976,0,5,1,cloister
120.547,12.097,0.542,0.0,13.538,1.247,224,812282,252,7.215,0.31,5.243,0,0,418430976,0,5,1,cloister
120.56,13.331,0.999,0.0,13.538,1.247,224,812282,252,7.26,0.31,5.242,0,0,418430976,0,5,1,cloister
120.572,11.709,1.178,0.0,13.538,1.247,224,812282,252,7.305,0.31,5.24,0,0,418430976,0,5,1,cloister
120.585,12.642,1.438,0.0,13.538,1.247,224,812282,252,7.35,0.31,5.239,0,0,418430976,0,5,1,cloister
120.597,12.092,0.319,0.0,13.538,1.247,224,812282,252,7.35,0.31,5.239,0,0,418430976,0,5,1,cloister
120.61,13.449,0.387,0.0,13.538,1.247,224,812282,252,7.395,0.31,5.238,0,0,418430976,0,5,1,cloister
120.622,14.197,0.53,0.0,13.538,1.247,224,812282,252,7.44,0.31,5.237,0,0,418430976,0,5,1,cloister
120.635,11.514,0.474,0.0,13.538,1.247,224,812282,252,7.485,0.31,5.236,0,0,418430976,0,5,1,cloister
120.647,11.631,1.201,0.0,13.538,1.247,224,812282,252,7.485,0.31,5.236,0,0,418430976,0,5,1,cloister
120.66,13.161,0.675,0.0,13.538,1.247,224,812282,252,7.53,0.31,5.234,0,0,418430976,0,5,1,cloister
120.672,12.011,1.081,0.0,13.538,1.247,224,812282,252,7.575,0.31,5.233,0,0,418430976,0,5,1,cloister
120.685,11.961,1.198,0.0,13.538,1.247,224,812282,252,7.62,0.31,5.232,0,0,418430976,0,5,1,cloister
120.697,12.41,0.863,0.0,13.538,1.247,224,812282,252,7.62,0.31,5.232,0,0,418430976,0,5,1,cloister
120.71,13.157,0.399,0.0,13.538,1.247,224,812282,252,7.665,0.31,5.231,0,0,418430976,0,5,1,cloister
120.722,12.29,1.151,0.0,13.538,1.247,224,812282,252,7.71,0.31,5.23,0,0,418430976,0,5,1,cloister
120.735,12.081,1.246,0.0,13.538,1.247,225,814374,253,7.755,0.31,5.228,0,0,418430976,0,5,1,cloister
120.747,11.993,1.144,0.0,13.538,1.247,225,814374,253,7.755,0.31,5.228,0,0,418430976,0,5,1,cloister
120.76,13.344,1.826,0.0,13.538,1.247,225,814374,253,7.8,0.31,5.227,0,0,418430976,0,5,1,cloister
120.772,11.851,1.027,0.0,13.538,1.247,226,814758,254,7.845,0.31,5.226,0,0,418430976,0,5,1,cloister
120.785,13.098,0.939,0.0,13.538,1.247,226,814758,254,7.89,0.31,5.225,0,0,418430976,0,5,1,cloister
120.797,12.554,0.513,0.0,13.538,1.247,226,814758,254,7.89,0.31,5.225,0,0,418430976,0,5,1,cloister
120.81,12.682,1.027,0.0,13.538,1.247,226,814758,254,7.935,0.31,5.224,0,0,418430976,0,5,1,cloister
120.822,12.398,1.266,0.0,13.538,1.247,226,814758,254,7.98,0.31,5.222,0,0,418430976,0,5,1,cloister
120.835,12.437,1.12,0.0,13.538,1.247,226,814758,254,8.025,0.31,5.221,0,0,418430976,0,5,1,cloister
120.847,11.902,1.005,0.0,13.538,1.247,226,814758,254,8.025,0.31,5.221,0,0,418430976,0,5,1,cloister
120.86,13.071,1.019,0.0,13.538,1.247,226,814758,254,8.07,0.31,5.22,0,0,418430976,0,5,1,cloister
120.872,12.198,1.023,0.0,13.538,1.247,226,814758,254,8.115,0.31,5.219,0,0,418430976,0,5,1,cloister
120.885,12.63,1.005,0.0,13.538,1.247,226,814758,254,8.16,0.31,5.218,0,0,418430976,0,5,1,cloister
120.897,12.09,0.916,0.0,13.538,1.247,226,814758,254,8.16,0.31,5.218,0,0,418430976,0,5,1,cloister
120.91,12.927,1.046,0.0,13.538,1.247,226,814758,254,8.205,0.31,5.216,0,0,418430976,0,5,1,cloister
120.922,12.659,1.054,0.0,13.538,1.247,226,814758,254,8.25,0.31,5.215,0,0,418430976,0,5,1,cloister
120.935,12.667,1.028,0.0,13.538,1.247,226,814758,254,8.295,0.31,5.214,0,0,418430976,0,5,1,cloister
120.947,11.986,2.251,0.0,13.538,1.247,226,814758,254,8.295,0.31,5.214,0,0,418430976,0,5,1,cloister
120.96,12.987,0.974,0.0,13.538,1.247,226,814758,254,8.34,0.31,5.213,0,0,418430976,0,5,1,cloister
120.972,12.655,0.421,0.0,13.538,1.247,226,814758,254,8.385,0.31,5.212,0,0,418430976,0,5,1,cloister
120.985,13.867,0.353,0.0,13.538,1.247,226,814758,254,8.43,0.31,5.21,0,0,418430976,0,5,1,cloister
120.997,11.171,0.483,0.0,13.538,1.247,226,814758,254,8.43,0.31,5.21,0,0,418430976,0,5,1,cloister
121.01,13.125,0.988,0.0,13.538,1.247,226,814758,254,8.475,0.31,5.209,0,0,418430976,0,5,1,cloister
121.022,12.444,0.503,0.0,13.538,1.247,226,814758,254,8.52,0.31,5.208,0,0,418430976,0,5,1,cloister
121.035,12.55,1.139,0.0,13.538,1.247,226,814758,254,8.565,0.31,5.207,0,0,418430976,0,5,1,cloister
121.047,11.641,0.981,0.0,13.538,1.247,225,814756,253,8.565,0.31,5.207,0,0,418430976,0,5,1,cloister
121.06,12.972,0.975,0.0,13.538,1.247,225,814756,253,8.61,0.31,5.206,0,0,418430976,0,5,1,cloister
121.072,12.281,0.909,0.0,13.538,1.247,225,814756,253,8.655,0.31,5.204,0,0,418430976,0,5,1,cloister
121.085,12.324,1.045,0.0,13.538,1.247,224,814736,252,8.7,0.31,5.203,0,0,418430976,0,5,1,cloister
121.097,11.801,0.982,0.0,13.538,1.247,224,814736,252,8.7,0.31,5.203,0,0,418430976,0,5,1,cloister
121.11,12.936,1.179,0.0,13.538,1.247,224,814736,252,8.745,0.31,5.202,0,0,418430976,0,5,1,cloister
121.122,12.324,0.907,0.0,13.538,1.247,224,814736,252,8.79,0.31,5.201,0,0,418430976,0,5,1,cloister
121.135,12.395,0.971,0.0,13.538,1.247,224,814736,252,8.835,0.31,5.199,0,0,418430976,0,5,1,cloister
121.147,11.775,0.941,0.0,13.538,1.247,222,811240,250,8.835,0.31,5.199,0,0,418430976,0,5,1,cloister
121.16,12.89,0.954,0.0,13.538,1.247,222,811240,250,8.88,0.31,5.198,0,0,418430976,0,5,1,cloister
121.172,13.056,0.934,0.0,13.538,1.247,222,811240,250,8.925,0.31,5.197,0,0,418430976,0,5,1,cloister
121.185,11.728,1.024,0.0,13.538,1.247,222,811240,250,8.97,0.31,5.196,0,0,418430976,0,5,1,cloister
121.197,11.866,0.958,0.0,13.538,1.247,222,811240,250,8.97,0.31,5.196,0,0,418430976,0,5,1,cloister
121.21,13.061,0.919,0.0,13.538,1.247,222,811240,250,9.015,0.31,5.195,0,0,418430976,0,5,1,cloister
121.222,12.184,0.885,0.0,13.538,1.247,222,811240,250,9.06,0.31,5.193,0,0,418430976,0,5,1,cloister
121.234,12.429,0.981,0.0,13.538,1.247,222,811240,250,9.105,0.31,5.192,0,0,418430976,0,5,1,cloister
121.247,12.969,0.96,0.0,12.888,1.295,222,811240,250,9.105,0.31,5.192,0,0,418430976,0,5,1,cloister
121.259,11.77,1.009,0.0,12.888,1.295,222,811240,250,9.15,0.31,5.191,0,0,418430976,0,5,1,cloister
121.271,12.296,1.017,0.0,12.888,1.295,222,811240,250,9.195,0.31,5.19,0,0,418430976,0,5,1,cloister
121.284,12.275,0.963,0.0,12.888,1.295,220,811158,248,9.24,0.31,5.189,0,0,418430976,0,5,1,cloister
121.296,11.872,1.117,0.0,12.888,1.295,220,811158,248,9.24,0.31,5.189,0,0,418430976,0,5,1,cloister
121.309,13.015,0.903,0.0,12.888,1.295,220,811158,248,9.285,0.31,5.187,0,0,418430976,0,5,1,cloister
121.321,12.334,0.92,0.0,12.888,1.295,220,811158,248,9.33,0.31,5.186,0,0,418430976,0,5,1,cloister
121.334,12.855,1.004,0.0,12.888,1.295,220,811158,248,9.375,0.31,5.185,0,0,418430976,0,5,1,cloister
121.346,11.467,0.943,0.0,12.888,1.295,221,815388,249,9.375,0.31,5.185,0,0,418430976,0,5,1,cloister
121.358,13.035,1.007,0.0,12.888,1.295,221,815388,249,9.42,0.31,5.184,0,0,418430976,0,5,1,cloister
121.371,12.248,0.93,0.0,12.888,1.295,221,815388,249,9.465,0.31,5.183,0,0,418430976,0,5,1,cloister
121.383,12.457,0.849,0.0,12.888,1.295,221,815388,249,9.509,0.31,5.181,0,0,418430976,0,5,1,cloister
121.396,11.8,0.415,0.0,12.888,1.295,221,815388,249,9.509,0.31,5.181,0,0,418430976,0,5,1,cloister
121.408,13.789,0.436,0.0,12.888,1.295,221,815388,249,9.554,0.31,5.18,0,0,418430976,0,5,1,cloister
121.421,12.441,0.463,0.0,12.888,1.295,221,815388,249,9.599,0.31,5.179,0,0,418430976,0,5,1,cloister
121.433,12.252,0.929,0.0,12.888,1.295,221,815388,249,9.644,0.31,5.178,0,0,418430976,0,5,1,cloister
121.446,12.215,0.943,0.0,12.888,1.295,221,815388,249,9.644,0.31,5.178,0,0,418430976,0,5,1,cloister
121.458,13.228,0.874,0.0,12.888,1.295,221,815388,249,9.689,0.31,5.177,0,0,418430976,0,5,1,cloister
121.471,12.158,0.903,0.0,12.888,1.295,221,815388,249,9.734,0.31,5.175,0,0,418430976,0,5,1,cloister
121.483,12.73,0.779,0.0,12.888,1.295,221,815388,249,9.779,0.31,5.174,0,0,418430976,0,5,1,cloister
121.496,12.116,0.525,0.0,12.888,1.295,221,815388,249,9.779,0.31,5.174,0,0,418430976,0,5,1,cloister
121.508,13.186,0.608,0.0,12.888,1.295,221,815388,249,9.824,0.31,5.173,0,0,418430976,0,5,1,cloister
121.521,12.487,0.835,0.0,12.888,1.295,221,815388,249,9.869,0.31,5.172,0,0,418430976,0,5,1,cloister
121.533,12.541,0.944,0.0,12.888,1.295,221,815388,249,9.914,0.31,5.171,0,0,418430976,0,5,1,cloister
121.546,12.349,0.956,0.0,12.888,1.295,221,815388,249,9.914,0.31,5.171,0,0,418430976,0,5,1,cloister
121.558,12.132,1.049,0.0,12.888,1.295,221,815388,249,9.959,0.31,5.169,0,0,418430976,0,5,1,cloister
121.571,12.605,0.995,0.0,12.888,1.295,220,815268,248,10.004,0.31,5.168,0,0,418430976,0,5,1,cloister
121.583,12.501,1.004,0.0,12.888,1.295,220,815268,248,10.049,0.31,5.167,0,0,418430976,0,5,1,cloister
121.596,11.406,0.996,0.0,12.888,1.295,220,815268,248,10.049,0.31,5.167,0,0,418430976,0,5,1,cloister
121.608,13.736,1.029,0.0,12.888,1.295,220,815268,248,10.094,0.31,5.166,0,0,418430976,0,5,1,cloister
121.621,13.047,0.581,0.0,12.888,1.295,220,815268,248,10.139,0.31,5.165,0,0,418430976,0,5,1,cloister
121.633,12.735,0.485,0.0,12.888,1.295,220,816732,248,10.184,0.31,5.163,0,0,418430976,0,5,1,cloister
121.646,12.238,0.355,0.0,12.888,1.295,220,816732,248,10.184,0.31,5.163,0,0,418430976,0,5,1,cloister
121.658,13.924,0.415,0.0,12.888,1.295,220,816732,248,10.229,0.31,5.162,0,0,418430976,0,5,1,cloister
121.671,12.182,0.59,0.0,12.888,1.295,220,816732,248,10.274,0.31,5.161,0,0,418430976,0,5,1,cloister
121.683,12.556,0.978,0.0,12.888,1.295,220,816732,248,10.319,0.31,5.16,0,0,418430976,0,5,1,cloister
121.696,11.62,1.002,0.0,12.888,1.295,219,816730,247,10.319,0.31,5.16,0,0,418430976,0,5,1,cloister
121.708,12.908,0.957,0.0,12.888,1.295,219,816730,247,10.364,0.31,5.158,0,0,418430976,0,5,1,cloister
121.721,12.344,0.888,0.0,12.888,1.295,219,816730,247,10.409,0.31,5.157,0,0,418430976,0,5,1,cloister
121.733,11.773,0.508,0.0,12.888,1.295,218,814038,246,10.454,0.31,5.156,0,0,418430976,0,5,1,cloister
121.746,11.902,1.33,0.0,12.888,1.295,218,814038,246,10.454,0.31,5.156,0,0,418430976,0,5,1,cloister
121.758,12.725,0.387,0.0,12.888,1.295,218,814038,246,10.499,0.31,5.155,0,0,418430976,0,5,1,cloister
121.771,12.434,0.409,0.0,12.888,1.295,218,814038,246,10.544,0.31,5.154,0,0,418430976,0,5,1,cloister
121.783,13.109,0.297,0.0,12.888,1.295,217,814036,245,10.589,0.31,5.152,0,0,418430976,0,5,1,cloister
121.796,11.727,0.412,0.0,12.888,1.295,217,814036,245,10.589,0.31,5.152,0,0,418430976,0,5,1,cloister
121.808,13.113,0.971,0.0,12.888,1.295,217,814036,245,10.634,0.31,5.151,0,0,418430976,0,5,1,cloister
121.821,12.566,0.931,0.0,12.888,1.295,217,814036,245,10.679,0.31,5.15,0,0,418430976,0,5,1,cloister
121.833,12.426,0.956,0.0,12.888,1.295,216,813916,244,10.724,0.31,5.149,0,0,418430976,0,5,1,cloister
121.846,11.943,1.074,0.0,12.888,1.295,216,813972,244,10.724,0.31,5.149,0,0,418430976,0,5,1,cloister
121.858,13.446,0.946,0.0,12.888,1.295,216,813972,244,10.769,0.31,5.148,0,0,418430976,0,5,1,cloister
121.871,12.778,0.943,0.0,12.888,1.295,216,813972,244,10.814,0.31,5.146,0,0,418430976,0,5,1,cloister
121.883,12.596,0.86,0.0,12.888,1.295,216,813972,244,10.859,0.31,5.145,0,0,418430976,0,5,1,cloister
121.896,11.921,0.914,0.0,12.888,1.295,216,813972,244,10.859,0.31,5.145,0,0,418430976,0,5,1,cloister
121.908,13.116,0.934,0.0,12.888,1.295,216,813972,244,10.904,0.31,5.144,0,0,418430976,0,5,1,cloister
121.921,12.432,0.99,0.0,12.888,1.295,216,813972,244,10.949,0.31,5.143,0,0,418430976,0,5,1,cloister
121.933,12.53,0.971,0.0,12.888,1.295,216,813972,244,10.994,0.31,5.142,0,0,418430976,0,5,1,cloister
121.946,12.016,0.913,0.0,12.888,1.295,215,813892,243,10.994,0.31,5.142,0,0,418430976,0,5,1,cloister
121.958,13.303,0.966,0.0,12.888,1.295,215,813892,243,11.039,0.31,5.14,0,0,418430976,0,5,1,cloister
121.971,12.545,0.925,0.0,12.888,1.295,215,813892,243,11.084,0.31,5.139,0,0,418430976,0,5,1,cloister
121.983,12.711,1.021,0.0,12.888,1.295,215,813892,243,11.129,0.31,5.138,0,0,418430976,0,5,1,cloister
121.996,12.019,0.484,0.0,12.888,1.295,215,813892,243,11.129,0.31,5.138,0,0,418430976,0,5,1,cloister
122.008,13.109,0.905,0.0,12.888,1.295,215,813892,243,11.174,0.31,5.137,0,0,418430976,0,5,1,cloister
122.021,12.537,0.926,0.0,12.888,1.295,215,813892,243,11.219,0.31,5.136,0,0,418430976,0,5,1,cloister
122.033,12.617,0.952,0.0,12.888,1.295,215,813892,243,11.264,0.31,5.134,0,0,418430976,0,5,1,cloister
122.046,11.899,0.958,0.0,12.888,1.295,215,813892,243,11.264,0.31,5.134,0,0,418430976,0,5,1,cloister
122.058,13.444,0.958,0.0,12.888,1.295,215,813892,243,11.309,0.31,5.133,0,0,418430976,0,5,1,cloister
122.071,12.596,1.006,0.0,12.888,1.295,215,813892,243,11.354,0.31,5.132,0,0,418430976,0,5,1,cloister
122.083,12.716,1.031,0.0,12.888,1.295,215,813892,243,11.399,0.31,5.131,0,0,418430976,0,5,1,cloister
122.096,11.724,0.981,0.0,12.888,1.295,214,813872,242,11.399,0.31,5.131,0,0,418430976,0,5,1,cloister
122.108,13.208,1.02,0.0,12.888,1.295,214,813872,242,11.444,0.31,5.13,0,0,418430976,0,5,1,cloister
122.121,12.348,1.018,0.0,12.888,1.295,215,813874,243,11.489,0.31,5.128,0,0,418430976,0,5,1,cloister
122.133,12.411,1.004,0.0,12.888,1.295,215,813874,243,11.534,0.31,5.127,0,0,418430976,0,5,1,cloister
122.146,11.522,0.948,0.0,12.888,1.295,215,813874,243,11.534,0.31,5.127,0,0,418430976,0,5,1,cloister
122.158,13.283,0.961,0.0,12.888,1.295,215,813874,243,11.579,0.31,5.126,0,0,418430976,0,5,1,cloister
122.171,12.548,0.528,0.0,12.888,1.295,215,813874,243,11.624,0.31,5.125,0,0,418430976,0,5,1,cloister
122.183,13.101,1.113,0.0,12.888,1.295,215,813874,243,11.669,0.31,5.123,0,0,418430976,0,5,1,cloister
122.196,11.201,0.567,0.0,12.888,1.295,213,808490,241,11.669,0.31,5.123,0,0,418430976,0,5,1,cloister
122.208,13.154,0.912,0.0,12.888,1.295,213,808490,241,11.714,0.31,5.122,0,0,418430976,0,5,1,cloister
122.221,12.474,1.034,0.0,12.888,1.295,214,808492,242,11.759,0.31,5.121,0,0,418430976,0,5,1,cloister
122.233,12.649,1.151,0.0,12.888,1.295,214,808492,242,11.804,0.31,5.12,0,0,418430976,0,5,1,cloister
122.246,11.611,0.958,0.0,13.057,1.501,213,808452,241,11.804,0.31,5.12,0,0,418430976,0,5,1,cloister
122.258,13.502,1.162,0.0,13.057,1.501,213,808452,241,11.849,0.31,5.119,0,0,418430976,0,5,1,cloister
122.271,11.952,0.865,0.0,13.057,1.501,213,808452,241,11.894,0.31,5.117,0,0,418430976,0,5,1,cloister
122.283,12.637,0.588,0.0,13.057,1.501,213,808452,241,11.939,0.31,5.116,0,0,418430976,0,5,1,cloister
122.296,11.917,0.895,0.0,13.057,1.501,213,808452,241,11.939,0.31,5.116,0,0,418430976,0,5,1,cloister
122.308,13.098,1.022,0.0,13.057,1.501,213,808452,241,11.984,0.31,5.115,0,0,418430976,0,5,1,cloister
122.321,12.281,0.971,0.0,13.057,1.501,212,808416,240,12.029,0.31,5.114,0,0,418430976,0,5,1,cloister
122.333,12.5,0.971,0.0,13.057,1.501,212,808416,240,12.074,0.31,5.113,0,0,418430976,0,5,1,cloister
122.346,11.971,1.016,0.0,13.057,1.501,211,808296,239,12.074,0.31,5.113,0,0,418430976,0,5,1,cloister
122.358,13.193,1.026,0.0,13.057,1.501,211,808296,239,12.119,0.31,5.111,0,0,418430976,0,5,1,cloister
122.371,12.65,1.121,0.0,13.057,1.501,211,808296,239,12.164,0.31,5.11,0,0,418430976,0,5,1,cloister
122.383,12.08,0.931,0.0,13.057,1.501,211,808296,239,12.209,0.31,5.109,0,0,418430976,0,5,1,cloister
122.396,11.925,0.524,0.0,13.057,1.501,211,808296,239,12.209,0.31,5.109,0,0,418430976,0,5,1,cloister
122.408,12.755,0.352,0.0,13.057,1.501,211,808296,239,12.253,0.31,5.108,0,0,418430976,0,5,1,cloister
122.421,12.75,0.346,0.0,13.057,1.501,211,808296,239,12.298,0.31,5.107,0,0,418430976,0,5,1,cloister
122.433,13.179,0.393,0.0,13.057,1.501,210,805604,238,12.343,0.31,5.105,0,0,418430976,0,5,1,cloister
122.446,11.768,0.425,0.0,13.057,1.501,210,805604,238,12.343,0.31,5.105,0,0,418430976,0,5,1,cloister
122.458,13.106,1.161,0.0,13.057,1.501,210,805604,238,12.388,0.31,5.104,0,0,418430976,0,5,1,cloister
122.471,11.673,0.872,0.0,13.057,1.501,210,805604,238,12.433,0.31,5.103,0,0,418430976,0,5,1,cloister
122.483,13.512,0.984,0.0,13.057,1.501,210,805604,238,12.478,0.31,5.102,0,0,418430976,0,5,1,cloister
122.496,11.803,0.37,0.0,13.057,1.501,210,805604,238,12.478,0.31,5.102,0,0,418430976,0,5,1,cloister
122.508,12.448,1.14,0.0,13.057,1.501,210,805604,238,12.523,0.31,5.101,0,0,418430976,0,5,1,cloister
122.521,13.045,1.393,0.0,13.057,1.501,210,805604,238,12.568,0.31,5.099,0,0,418430976,0,5,1,cloister
122.533,12.975,0.944,0.0,13.057,1.501,210,805604,238,12.613,0.31,5.098,0,0,418430976,0,5,1,cloister
122.546,11.889,1.169,0.0,13.057,1.501,210,805604,238,12.613,0.31,5.098,0,0,418430976,0,5,1,cloister
122.558,13.241,1.225,0.0,13.057,1.501,210,805604,238,12.658,0.31,5.097,0,0,418430976,0,5,1,cloister
122.571,12.787,0.892,0.0,13.057,1.501,209,805220,237,12.703,0.31,5.096,0,0,418430976,0,5,1,cloister
122.583,12.502,1.046,0.0,13.057,1.501,209,805220,237,12.748,0.31,5.095,0,0,418430976,0,5,1,cloister
122.596,12.061,0.954,0.0,13.057,1.501,208,805100,236,12.748,0.31,5.095,0,0,418430976,0,5,1,cloister
122.608,13.703,0.968,0.0,13.057,1.501,208,805100,236,12.793,0.31,5.093,0,0,418430976,0,5,1,cloister
122.621,11.327,0.938,0.0,13.057,1.501,208,805100,236,12.838,0.31,5.092,0,0,418430976,0,5,1,cloister
122.633,12.48,1.385,0.0,13.057,1.501,208,805100,236,12.883,0.31,5.091,0,0,418430976,0,5,1,cloister
122.646,12.141,0.394,0.0,13.057,1.501,208,805100,236,12.883,0.31,5.091,0,0,418430976,0,5,1,cloister
122.658,13.16,0.398,0.0,13.057,1.501,208,805100,236,12.928,0.31,5.09,0,0,418430976,0,5,1,cloister
122.671,14.322,0.324,0.0,13.057,1.501,208,805100,236,12.973,0.31,5.088,0,0,418430976,0,5,1,cloister
122.683,12.07,0.428,0.0,13.057,1.501,208,805100,236,13.018,0.31,5.087,0,0,418430976,0,5,1,cloister
122.696,10.99,0.863,0.0,13.057,1.501,208,805100,236,13.018,0.31,5.087,0,0,418430976,0,5,1,cloister
122.708,13.071,0.905,0.0,13.057,1.501,208,805100,236,13.063,0.31,5.086,0,0,418430976,0,5,1,cloister
122.721,13.123,0.383,0.0,13.057,1.501,208,805100,236,13.108,0.31,5.085,0,0,418430976,0,5,1,cloister
122.733,11.682,0.476,0.0,13.057,1.501,208,805100,236,13.153,0.31,5.084,0,0,418430976,0,5,1,cloister
122.746,11.996,2.964,0.0,13.057,1.501,209,829756,237,13.153,0.31,5.084,0,0,418430976,0,5,1,cloister
122.758,13.105,0.373,0.0,13.057,1.501,209,829756,237,13.198,0.31,5.082,0,0,418430976,0,5,1,cloister
122.771,12.565,0.367,0.0,13.057,1.501,209,829756,237,13.243,0.31,5.081,0,0,418430976,0,5,1,cloister
122.783,13.571,0.339,0.0,13.057,1.501,208,829754,236,13.288,0.31,5.08,0,0,418430976,0,5,1,cloister
122.796,12.299,0.545,0.0,13.057,1.501,207,829730,235,13.288,0.31,5.08,0,0,418430976,0,5,1,cloister
122.808,12.386,1.255,0.0,13.057,1.501,207,829730,235,13.333,0.31,5.079,0,0,418430976,0,5,1,cloister
122.821,11.577,1.679,0.0,13.057,1.501,207,829730,235,13.378,0.31,5.078,0,0,418430976,0,5,1,cloister
122.833,13.313,0.847,0.0,13.057,1.501,207,829730,235,13.423,0.31,5.076,0,0,418430976,0,5,1,cloister
122.846,11.41,0.476,0.0,13.057,1.501,206,829650,234,13.423,0.31,5.076,0,0,418430976,0,5,1,cloister
122.858,13.063,1.94,0.0,13.057,1.501,206,829650,234,13.468,0.31,5.075,0,0,418430976,0,5,1,cloister
122.871,12.436,0.383,0.0,13.057,1.501,206,829650,234,13.513,0.31,5.074,0,0,418430976,0,5,1,cloister
122.883,12.848,0.331,0.0,13.057,1.501,207,829722,235,13.558,0.31,5.073,0,0,418430976,0,5,1,cloister
122.896,12.974,0.355,0.0,13.057,1.501,206,829686,234,13.558,0.31,5.073,0,0,418430976,0,5,1,cloister
122.908,12.651,0.431,0.0,13.057,1.501,206,829686,234,13.603,0.31,5.072,0,0,418430976,0,5,1,cloister
122.921,12.672,1.326,0.0,13.057,1.501,206,829686,234,13.648,0.31,5.07,0,0,418430976,0,5,1,cloister
122.933,12.181,0.46,0.0,13.057,1.501,206,829686,234,13.693,0.31,5.069,0,0,418430976,0,5,1,cloister
122.946,11.994,1.01,0.0,13.057,1.501,206,829686,234,13.693,0.31,5.069,0,0,418430976,0,5,1,cloister
122.958,13.01,1.018,0.0,13.057,1.501,206,829686,234,13.738,0.31,5.068,0,0,418430976,0,5,1,cloister
122.971,12.19,0.986,0.0,13.057,1.501,206,829686,234,13.783,0.31,5.067,0,0,418430976,0,5,1,cloister
122.983,12.668,1.028,0.0,13.057,1.501,206,829686,234,13.828,0.31,5.066,0,0,418430976,0,5,1,cloister
122.996,11.859,0.94,0.0,13.057,1.501,206,829686,234,13.828,0.31,5.066,0,0,418430976,0,5,1,cloister
123.008,12.579,1.017,0.0,13.057,1.501,206,829686,234,13.873,0.31,5.064,0,0,418430976,0,5,1,cloister
123.021,13.185,0.658,0.0,13.057,1.501,206,829686,234,13.918,0.31,5.063,0,0,418430976,0,5,1,cloister
123.033,12.013,0.455,0.0,13.057,1.501,205,827594,233,13.963,0.31,5.062,0,0,418430976,0,5,1,cloister
123.046,11.814,1.228,0.0,13.057,1.501,205,827594,233,13.963,0.31,5.062,0,0,418430976,0,5,1,cloister
123.058,13.352,1.554,0.0,13.057,1.501,205,827594,233,14.008,0.31,5.061,0,0,418430976,0,5,1,cloister
123.071,12.488,0.848,0.0,13.057,1.501,205,827594,233,14.053,0.31,5.06,0,0,418430976,0,5,1,cloister
123.083,12.578,0.971,0.0,13.057,1.501,205,827594,233,14.098,0.31,5.058,0,0,418430976,0,5,1,cloister
123.096,11.899,0.919,0.0,13.057,1.501,205,827594,233,14.098,0.31,5.058,0,0,418430976,0,5,1,cloister
123.108,13.304,1.019,0.0,13.057,1.501,205,827594,233,14.143,0.31,5.057,0,0,418430976,0,5,1,cloister
123.121,12.156,0.965,0.0,13.057,1.501,205,827594,233,14.188,0.31,5.056,0,0,418430976,0,5,1,cloister
123.133,12.479,1.049,0.0,13.057,1.501,205,827594,233,14.233,0.31,5.055,0,0,418430976,0,5,1,cloister
123.146,11.906,1.003,0.0,13.057,1.501,204,827314,232,14.233,0.31,5.055,0,0,418430976,0,5,1,cloister
123.158,13.072,0.932,0.0,13.057,1.501,204,827314,232,14.278,0.31,5.053,0,0,418430976,0,5,1,cloister
123.171,12.265,0.948,0.0,13.057,1.501,204,827314,232,14.323,0.31,5.052,0,0,418430976,0,5,1,cloister
123.183,12.648,0.908,0.0,13.057,1.501,205,827316,233,14.368,0.31,5.051,0,0,418430976,0,5,1,cloister
123.196,12.299,0.914,0.0,13.057,1.501,205,827316,233,14.368,0.31,5.051,0,0,418430976,0,5,1,cloister
123.208,12.67,1.165,0.0,13.057,1.501,205,827316,233,14.413,0.31,5.05,0,0,418430976,0,5,1,cloister
123.221,12.031,1.248,0.0,13.057,1.501,204,827280,232,14.458,0.31,5.049,0,0,418430976,0,5,1,cloister
123.233,12.496,1.022,0.0,13.057,1.501,204,827280,232,14.503,0.31,5.047,0,0,418430976,0,5,1,cloister
123.246,11.944,0.862,0.0,12.812,1.336,204,827280,232,14.503,0.31,5.047,0,0,418430976,0,5,1,cloister
123.258,13.158,0.961,0.0,12.812,1.336,204,827280,232,14.548,0.31,5.046,0,0,418430976,0,5,1,cloister
123.271,11.53,0.951,0.0,12.812,1.336,204,827280,232,14.593,0.31,5.045,0,0,418430976,0,5,1,cloister
123.283,13.544,1.062,0.0,12.812,1.336,204,827280,232,14.638,0.31,5.044,0,0,418430976,0,5,1,cloister
123.296,11.451,0.449,0.0,12.812,1.336,204,827280,232,14.638,0.31,5.044,0,0,418430976,0,5,1,cloister
123.308,12.992,0.919,0.0,12.812,1.336,204,827280,232,14.683,0.31,5.043,0,0,418430976,0,5,1,cloister
123.321,12.359,1.002,0.0,12.812,1.336,204,827280,232,14.728,0.31,5.041,0,0,418430976,0,5,1,cloister
123.333,12.114,1.034,0.0,12.812,1.336,204,827280,232,14.773,0.31,5.04,0,0,418430976,0,5,1,cloister
123.346,11.849,1.028,0.0,12.812,1.336,203,827244,231,14.773,0.31,5.04,0,0,418430976,0,5,1,cloister
123.358,13.59,0.928,0.0,12.812,1.336,203,827244,231,14.818,0.31,5.039,0,0,418430976,0,5,1,cloister
123.371,11.833,1.028,0.0,12.812,1.336,203,827244,231,14.863,0.31,5.038,0,0,418430976,0,5,1,cloister
123.383,12.507,1.017,0.0,12.812,1.336,203,827244,231,14.908,0.31,5.037,0,0,418430976,0,5,1,cloister
123.396,11.223,1.006,0.0,12.812,1.336,203,827244,231,14.908,0.31,5.037,0,0,418430976,0,5,1,cloister
123.408,12.911,1.023,0.0,12.812,1.336,203,827244,231,14.953,0.31,5.035,0,0,418430976,0,5,1,cloister
123.421,12.446,0.376,0.0,12.812,1.336,201,827084,229,14.998,0.31,5.034,0,0,418430976,0,5,1,cloister
123.433,12.379,0.352,0.0,12.812,1.336,201,827084,229,15.042,0.31,5.033,0,0,418430976,0,5,1,cloister
123.446,12.536,0.305,0.0,12.812,1.336,201,827084,229,15.042,0.31,5.033,0,0,418430976,0,5,1,cloister
123.458,13.151,0.387,0.0,12.812,1.336,201,827084,229,15.087,0.31,5.032,0,0,418430976,0,5,1,cloister
123.471,12.434,0.839,0.0,12.812,1.336,201,827084,229,15.132,0.31,5.031,0,0,418430976,0,5,1,cloister
123.483,12.166,1.001,0.0,12.812,1.336,201,827084,229,15.177,0.31,5.029,0,0,418430976,0,5,1,cloister
123.496,12.018,1.005,0.0,12.812,1.336,201,827084,229,15.177,0.31,5.029,0,0,418430976,0,5,1,cloister
123.508,13.51,0.928,0.0,12.812,1.336,201,827084,229,15.222,0.31,5.028,0,0,418430976,0,5,1,cloister
123.521,11.908,1.217,0.0,12.812,1.336,201,827084,229,15.267,0.31,5.027,0,0,418430976,0,5,1,cloister
123.533,12.596,1.119,0.0,12.812,1.336,201,827084,229,15.312,0.31,5.026,0,0,418430976,0,5,1,cloister
123.546,11.91,0.979,0.0,12.812,1.336,201,827084,229,15.312,0.31,5.026,0,0,418430976,0,5,1,cloister
123.558,12.872,1.07,0.0,12.812,1.336,201,827084,229,15.357,0.31,5.025,0,0,418430976,0,5,1,cloister
123.571,12.507,1.26,0.0,12.812,1.336,202,828860,230,15.402,0.31,5.023,0,0,418430976,0,5,1,cloister
123.583,12.472,1.124,0.0,12.812,1.336,202,828860,230,15.447,0.31,5.022,0,0,418430976,0,5,1,cloister
123.596,11.763,1.002,0.0,12.812,1.336,202,828860,230,15.447,0.31,5.022,0,0,418430976,0,5,1,cloister
123.608,13.258,1.103,0.0,12.812,1.336,202,828860,230,15.492,0.31,5.021,0,0,418430976,0,5,1,cloister
123.621,12.335,0.884,0.0,12.812,1.336,202,828860,230,15.537,0.31,5.02,0,0,418430976,0,5,1,cloister
123.633,12.932,1.021,0.0,12.812,1.336,202,828860,230,15.582,0.31,5.018,0,0,418430976,0,5,1,cloister
123.646,11.674,0.921,0.0,12.812,1.336,201,828740,229,15.582,0.31,5.018,0,0,418430976,0,5,1,cloister
123.658,13.268,1.16,0.0,12.812,1.336,201,828740,229,15.627,0.31,5.017,0,0,418430976,0,5,1,cloister
123.671,12.932,0.872,0.0,12.812,1.336,201,828740,229,15.672,0.31,5.016,0,0,418430976,0,5,1,cloister
123.683,13.204,0.959,0.0,12.812,1.336,201,828740,229,15.717,0.31,5.015,0,0,418430976,0,5,1,cloister
123.696,12.354,0.9,0.0,12.812,1.336,202,828788,230,15.717,0.31,5.015,0,0,418430976,0,5,1,cloister
123.708,13.652,0.897,0.0,12.812,1.336,202,828788,230,15.762,0.31,5.014,0,0,418430976,0,5,1,cloister
123.721,11.661,1.045,0.0,12.812,1.336,202,828788,230,15.807,0.31,5.012,0,0,418430976,0,5,1,cloister
123.733,12.601,1.078,0.0,12.812,1.336,203,828812,231,15.852,0.31,5.011,0,0,418430976,0,5,1,cloister
123.746,12.166,0.343,0.0,12.812,1.336,203,828812,231,15.852,0.31,5.011,0,0,418430976,0,5,1,cloister
123.758,13.262,0.34,0.0,12.812,1.336,203,828812,231,15.897,0.31,5.01,0,0,418430976,0,5,1,cloister
123.771,13.864,0.444,0.0,12.812,1.336,203,828812,231,15.942,0.31,5.009,0,0,418430976,0,5,1,cloister
123.783,12.476,0.439,0.0,12.812,1.336,203,828812,231,15.987,0.31,5.008,0,0,418430976,0,5,1,cloister
123.796,11.799,0.424,0.0,12.812,1.336,203,828812,231,15.987,0.31,5.008,0,0,418430976,0,5,1,cloister
123.808,13.092,0.959,0.0,12.812,1.336,203,828812,231,16.032,0.31,5.006,0,0,418430976,0,5,1,cloister
123.821,12.779,0.882,0.0,12.812,1.336,203,828812,231,16.077,0.31,5.005,0,0,418430976,0,5,1,cloister
123.833,12.026,1.056,0.0,12.812,1.336,203,828812,231,16.122,0.31,5.004,0,0,418430976,0,5,1,cloister
123.846,12.093,1.068,0.0,12.812,1.336,203,828812,231,16.122,0.31,5.004,0,0,418430976,0,5,1,cloister
123.858,12.739,1.209,0.0,12.812,1.336,203,828812,231,16.167,0.31,5.003,0,0,418430976,0,5,1,cloister
123.871,12.382,1.169,0.0,12.812,1.336,203,828812,231,16.212,0.31,5.002,0,0,418430976,0,5,1,cloister
123.883,12.465,1.043,0.0,12.812,1.336,203,828812,231,16.257,0.31,5.0,0,0,418430976,0,5,1,cloister
123.896,11.962,0.976,0.0,12.812,1.336,203,828812,231,16.257,0.31,5.0,0,0,418430976,0,5,1,cloister
123.908,13.395,0.876,0.0,12.812,1.336,203,828812,231,16.302,0.31,4.999,0,0,418430976,0,5,1,cloister
123.921,12.024,0.979,0.0,12.812,1.336,203,828812,231,16.347,0.31,4.998,0,0,418430976,0,5,1,cloister
123.933,12.694,1.282,0.0,12.812,1.336,203,828812,231,16.392,0.31,4.997,0,0,418430976,0,5,1,cloister
123.946,11.883,0.936,0.0,12.812,1.336,204,828824,232,16.392,0.31,4.997,0,0,418430976,0,5,1,cloister
123.958,12.824,0.43,0.0,12.812,1.336,204,828824,232,16.437,0.31,4.996,0,0,418430976,0,5,1,cloister
123.971,12.705,1.073,0.0,12.812,1.336,204,828824,232,16.482,0.31,4.994,0,0,418430976,0,5,1,cloister
123.983,12.695,0.867,0.0,12.812,1.336,204,828824,232,16.527,0.31,4.993,0,0,418430976,0,5,1,cloister
123.996,12.197,1.018,0.0,12.812,1.336,204,828824,232,16.527,0.31,4.993,0,0,418430976,0,5,1,cloister
124.008,11.8,1.15,0.0,12.812,1.336,204,828824,232,16.572,0.31,4.992,0,0,418430976,0,5,1,cloister
124.021,13.301,0.983,0.0,12.812,1.336,204,828824,232,16.617,0.31,4.991,0,0,418430976,0,5,1,cloister
124.033,12.635,0.385,0.0,12.812,1.336,204,828824,232,16.662,0.31,4.99,0,0,418430976,0,5,1,cloister
124.046,11.862,0.966,0.0,12.812,1.336,204,828824,232,16.662,0.31,4.99,0,0,418430976,0,5,1,cloister
124.058,12.931,1.055,0.0,12.812,1.336,204,828824,232,16.707,0.31,4.988,0,0,418430976,0,5,1,cloister
124.071,12.649,1.153,0.0,12.812,1.336,204,828824,232,16.752,0.31,4.987,0,0,418430976,0,5,1,cloister
124.083,12.746,1.077,0.0,12.812,1.336,204,828824,232,16.797,0.31,4.986,0,0,418430976,0,5,1,cloister
124.096,11.629,1.015,0.0,12.812,1.336,204,828824,232,16.797,0.31,4.986,0,0,418430976,0,5,1,cloister
124.108,13.302,1.186,0.0,12.812,1.336,204,828824,232,16.842,0.31,4.985,0,0,418430976,0,5,1,cloister
124.121,12.81,0.857,0.0,12.812,1.336,205,828944,233,16.887,0.31,4.984,0,0,418430976,0,5,1,cloister
124.133,12.113,0.567,0.0,12.812,1.336,205,828944,233,16.932,0.31,4.982,0,0,418430976,0,5,1,cloister
124.146,11.539,0.977,0.0,12.812,1.336,205,828944,233,16.932,0.31,4.982,0,0,418430976,0,5,1,cloister
124.158,13.583,0.984,0.0,12.812,1.336,205,828944,233,16.977,0.31,4.981,0,0,418430976,0,5,1,cloister
124.171,12.918,0.401,0.0,12.812,1.336,205,828944,233,17.022,0.31,4.98,0,0,418430976,0,5,1,cloister
124.183,12.294,0.843,0.0,12.812,1.336,205,828944,233,17.067,0.31,4.979,0,0,418430976,0,5,1,cloister
124.196,11.904,1.176,0.0,12.812,1.336,204,828864,232,17.067,0.31,4.979,0,0,418430976,0,5,1,cloister
124.208,13.268,1.027,0.0,12.812,1.336,204,828864,232,17.112,0.31,4.977,0,0,418430976,0,5,1,cloister
124.221,12.434,1.065,0.0,12.812,1.336,204,828864,232,17.157,0.31,4.976,0,0,418430976,0,5,1,cloister
124.233,12.386,0.999,0.0,12.812,1.336,204,828864,232,17.202,0.31,4.975,0,0,418430976,0,5,1,cloister
124.246,12.156,0.646,0.0,12.844,1.055,204,828864,232,17.202,0.31,4.975,0,0,418430976,0,5,1,cloister
124.258,13.192,0.941,0.0,12.844,1.055,204,828864,232,17.247,0.31,4.974,0,0,418430976,0,5,1,cloister
124.271,12.751,1.012,0.0,12.844,1.055,204,828864,232,17.292,0.31,4.973,0,0,418430976,0,5,1,cloister
124.283,12.832,1.03,0.0,12.844,1.055,204,828864,232,17.337,0.31,4.971,0,0,418430976,0,5,1,cloister
124.296,11.972,0.664,0.0,12.844,1.055,204,828864,232,17.337,0.31,4.971,0,0,418430976,0,5,1,cloister
124.308,13.363,0.967,0.0,12.844,1.055,204,828864,232,17.382,0.31,4.97,0,0,418430976,0,5,1,cloister
124.321,12.504,0.957,0.0,12.844,1.055,204,828864,232,17.427,0.31,4.969,0,0,418430976,0,5,1,cloister
124.333,12.78,1.005,0.0,12.844,1.055,203,828744,231,17.472,0.31,4.968,0,0,418430976,0,5,1,cloister
124.346,12.0,1.005,0.0,12.844,1.055,202,828708,230,17.472,0.31,4.968,0,0,418430976,0,5,1,cloister
124.358,13.185,1.233,0.0,12.844,1.055,202,828708,230,17.517,0.31,4.967,0,0,418430976,0,5,1,cloister
124.371,12.746,1.002,0.0,12.844,1.055,202,828708,230,17.562,0.31,4.965,0,0,418430976,0,5,1,cloister
124.383,12.736,0.877,0.0,12.844,1.055,202,828708,230,17.607,0.31,4.964,0,0,418430976,0,5,1,cloister
124.396,12.193,1.018,0.0,12.844,1.055,202,828708,230,17.607,0.31,4.964,0,0,418430976,0,5,1,cloister
124.408,12.696,0.851,0.0,12.844,1.055,202,828708,230,17.652,0.31,4.963,0,0,418430976,0,5,1,cloister
124.421,12.892,0.917,0.0,12.844,1.055,202,828708,230,17.697,0.31,4.962,0,0,418430976,0,5,1,cloister
124.433,12.244,0.365,0.0,12.844,1.055,202,828708,230,17.741,0.31,4.961,0,0,418430976,0,5,1,cloister
124.446,12.251,0.571,0.0,12.844,1.055,202,828708,230,17.741,0.31,4.961,0,0,418430976,0,5,1,cloister
124.458,13.198,0.33,0.0,12.844,1.055,202,828708,230,17.786,0.31,4.959,0,0,418430976,0,5,1,cloister
124.471,13.11,0.331,0.0,12.844,1.055,202,828708,230,17.831,0.31,4.958,0,0,418430976,0,5,1,cloister
124.483,12.678,0.376,0.0,12.844,1.055,202,828708,230,17.876,0.31,4.957,0,0,418430976,0,5,1,cloister
124.496,12.383,0.518,0.0,12.844,1.055,202,828708,230,17.876,0.31,4.957,0,0,418430976,0,5,1,cloister
124.509,13.289,0.883,0.0,12.844,1.055,202,828708,230,17.921,0.31,4.956,0,0,418430976,0,5,1,cloister
124.521,12.315,0.983,0.0,12.844,1.055,202,828708,230,17.966,0.31,4.955,0,0,418430976,0,5,1,cloister
124.534,12.068,1.316,0.0,12.844,1.055,202,828708,230,18.011,0.31,4.953,0,0,418430976,0,5,1,cloister
124.546,12.966,0.882,0.0,12.844,1.055,201,828696,229,18.011,0.31,4.953,0,0,418430976,0,5,1,cloister
124.559,13.328,0.411,0.0,12.844,1.055,201,828696,229,18.056,0.31,4.952,0,0,418430976,0,5,1,cloister
124.572,12.145,1.114,0.0,12.844,1.055,200,825912,228,18.101,0.31,4.951,0,0,418430976,0,5,1,cloister
124.584,12.206,1.164,0.0,12.844,1.055,199,825832,227,18.146,0.31,4.95,0,0,418430976,0,5,1,cloister
124.597,12.305,0.801,0.0,12.844,1.055,198,825712,226,18.146,0.31,4.95,0,0,418430976,0,5,1,cloister
124.61,12.869,0.448,0.0,12.844,1.055,198,825712,226,18.191,0.31,4.949,0,0,418430976,0,5,1,cloister
124.622,12.754,0.367,0.0,12.844,1.055,198,825712,226,18.236,0.31,4.947,0,0,418430976,0,5,1,cloister
124.635,12.333,0.333,0.0,12.844,1.055,199,829942,227,18.281,0.31,4.946,0,0,418430976,0,5,1,cloister
124.647,12.427,0.322,0.0,12.844,1.055,199,829942,227,18.281,0.31,4.946,0,0,418430976,0,5,1,cloister
124.66,13.172,0.369,0.0,12.844,1.055,199,829942,227,18.326,0.31,4.945,0,0,418430976,0,5,1,cloister
124.673,12.596,0.422,0.0,12.844,1.055,200,830062,228,18.371,0.31,4.944,0,0,418430976,0,5,1,cloister
124.685,12.439,0.321,0.0,12.844,1.055,200,830062,228,18.416,0.31,4.942,0,0,418430976,0,5,1,cloister
124.698,12.355,0.336,0.0,12.844,1.055,200,830062,228,18.416,0.31,4.942,0,0,418430976,0,5,1,cloister
124.711,14.141,0.329,0.0,12.844,1.055,200,830062,228,18.461,0.31,4.941,0,0,418430976,0,5,1,cloister
124.724,12.645,0.358,0.0,12.844,1.055,200,830062,228,18.506,0.31,4.94,0,0,418430976,0,5,1,cloister
124.737,13.645,1.212,0.0,12.844,1.055,200,830062,228,18.551,0.31,4.939,0,0,418430976,0,5,1,cloister
124.75,12.358,0.833,0.0,12.844,1.055,200,830062,228,18.551,0.31,4.939,0,0,418430976,0,5,1,cloister
124.763,14.017,1.031,0.0,12.844,1.055,200,830062,228,18.596,0.31,4.938,0,0,418430976,0,5,1,cloister
124.776,12.312,1.272,0.0,12.844,1.055,200,830062,228,18.641,0.31,4.936,0,0,418430976,0,5,1,cloister
124.789,13.193,1.24,0.0,12.844,1.055,200,830062,228,18.686,0.31,4.935,0,0,418430976,0,5,1,cloister
124.802,12.78,0.862,0.0,12.844,1.055,199,830026,227,18.731,0.31,4.934,0,0,418430976,0,5,1,cloister
124.815,12.565,1.118,0.0,12.844,1.055,199,830026,227,18.731,0.31,4.934,0,0,418430976,0,5,1,cloister
124.828,13.863,0.839,0.0,12.844,1.055,199,830026,227,18.776,0.31,4.933,0,0,418430976,0,5,1,cloister
124.841,12.612,0.949,0.0,12.844,1.055,198,830024,226,18.821,0.31,4.932,0,0,418430976,0,5,1,cloister
124.854,12.719,1.103,0.0,12.844,1.055,198,830024,226,18.866,0.31,4.93,0,0,418430976,0,5,1,cloister
124.868,12.971,0.376,0.0,12.844,1.055,198,830024,226,18.911,0.31,4.929,0,0,418430976,0,5,1,cloister
124.881,11.538,0.8,0.0,12.844,1.055,199,830064,227,18.911,0.31,4.929,0,0,418430976,0,5,1,cloister
124.894,12.945,0.915,0.0,12.844,1.055,199,830064,227,18.956,0.31,4.928,0,0,418430976,0,5,1,cloister
124.908,12.588,0.338,0.0,12.844,1.055,199,830064,227,19.001,0.31,4.927,0,0,418430976,0,5,1,cloister
124.921,13.036,0.286,0.0,12.844,1.055,199,830064,227,19.046,0.31,4.926,0,0,418430976,0,5,1,cloister
124.934,13.882,0.279,0.0,12.844,1.055,199,830064,227,19.091,0.31,4.924,0,0,418430976,0,5,1,cloister
124.948,10.69,0.495,0.0,12.844,1.055,199,830064,227,19.091,0.31,4.924,0,0,418430976,0,5,1,cloister
124.961,12.932,1.808,0.0,12.844,1.055,199,830064,227,19.136,0.31,4.923,0,0,418430976,0,5,1,cloister
124.974,12.66,0.383,0.0,12.844,1.055,198,829984,226,19.181,0.31,4.922,0,0,418430976,0,5,1,cloister
124.988,12.909,0.331,0.0,12.844,1.055,198,829984,226,19.226,0.31,4.921,0,0,418430976,0,5,1,cloister
125.001,12.895,0.377,0.0,12.844,1.055,198,829984,226,19.271,0.31,4.92,0,0,418430976,0,5,1,cloister
