t,ms,cpu_render_ms,gpu_ms,process_ms,physics_ms,draws,prims,objects,x,y,z,anim_us,anim_n,vram,mem_static,cells,focused,room
5.003,14.529,1.103,0.0,27.032,1.886,231,807308,259,-4.293,0.31,5.395,0,0,768294912,0,5,1,cloister
5.018,14.704,1.333,0.0,27.032,1.886,231,807308,259,-4.248,0.31,5.394,0,0,768294912,0,5,1,cloister
5.033,14.042,1.037,0.0,27.032,1.886,231,807308,259,-4.248,0.31,5.394,0,0,768294912,0,5,1,cloister
5.048,15.091,1.241,0.0,27.032,1.886,231,807308,259,-4.203,0.31,5.394,0,0,768294912,0,5,1,cloister
5.062,15.389,1.218,0.0,27.032,1.886,231,807308,259,-4.158,0.31,5.394,0,0,768294912,0,5,1,cloister
5.077,13.501,1.305,0.0,27.032,1.886,230,802568,258,-4.113,0.31,5.393,0,0,768294912,0,5,1,cloister
5.091,14.547,1.091,0.0,27.032,1.886,230,802568,258,-4.068,0.31,5.393,0,0,768294912,0,5,1,cloister
5.106,14.79,1.123,0.0,27.032,1.886,231,802570,259,-4.023,0.31,5.392,0,0,768294912,0,5,1,cloister
5.121,14.784,1.152,0.0,27.032,1.886,231,802570,259,-3.978,0.31,5.392,0,0,768294912,0,5,1,cloister
5.136,14.807,1.145,0.0,27.032,1.886,231,802570,259,-3.933,0.31,5.391,0,0,768294912,0,5,1,cloister
5.15,22.011,1.296,0.0,20.263,1.712,231,802570,259,-3.888,0.31,5.391,0,0,768294912,0,5,1,cloister
5.165,12.945,1.279,0.0,20.263,1.712,231,802570,259,-3.888,0.31,5.391,0,0,768294912,0,5,1,cloister
5.18,14.853,1.508,0.0,20.263,1.712,231,802570,259,-3.843,0.31,5.39,0,0,768294912,0,5,1,cloister
5.195,14.538,1.287,0.0,20.263,1.712,231,802570,259,-3.798,0.31,5.39,0,0,768294912,0,5,1,cloister
5.21,14.441,1.081,0.0,20.263,1.712,231,802570,259,-3.753,0.31,5.389,0,0,768294912,0,5,1,cloister
5.224,14.526,1.027,0.0,20.263,1.712,231,802570,259,-3.708,0.31,5.389,0,0,768294912,0,5,1,cloister
5.239,14.777,1.07,0.0,20.263,1.712,231,802570,259,-3.663,0.31,5.388,0,0,768294912,0,5,1,cloister
5.254,14.412,1.066,0.0,20.263,1.712,231,802570,259,-3.618,0.31,5.388,0,0,768294912,0,5,1,cloister
5.269,14.522,1.117,0.0,20.263,1.712,231,802570,259,-3.573,0.31,5.388,0,0,768294912,0,5,1,cloister
5.284,14.665,1.094,0.0,20.263,1.712,231,802570,259,-3.528,0.31,5.387,0,0,768294912,0,5,1,cloister
5.299,13.966,1.05,0.0,20.263,1.712,231,802570,259,-3.528,0.31,5.387,0,0,768294912,0,5,1,cloister
5.313,14.833,1.27,0.0,20.263,1.712,231,802570,259,-3.483,0.31,5.387,0,0,768294912,0,5,1,cloister
5.328,14.981,1.108,0.0,20.263,1.712,231,802570,259,-3.438,0.31,5.386,0,0,768294912,0,5,1,cloister
5.343,13.759,1.048,0.0,20.263,1.712,232,802582,260,-3.393,0.31,5.386,0,0,768294912,0,5,1,cloister
5.358,14.655,1.124,0.0,20.263,1.712,233,802594,261,-3.348,0.31,5.385,0,0,768294912,0,5,1,cloister
5.373,14.862,1.021,0.0,20.263,1.712,233,802594,261,-3.303,0.31,5.385,0,0,768294912,0,5,1,cloister
5.387,14.541,1.104,0.0,20.263,1.712,230,802558,258,-3.258,0.31,5.384,0,0,768294912,0,5,1,cloister
5.402,14.603,1.036,0.0,20.263,1.712,230,802558,258,-3.213,0.31,5.384,0,0,768294912,0,5,1,cloister
5.417,14.439,1.024,0.0,20.263,1.712,230,802558,258,-3.168,0.31,5.383,0,0,768294912,0,5,1,cloister
5.432,14.358,1.209,0.0,20.263,1.712,226,802520,254,-3.168,0.31,5.383,0,0,768294912,0,5,1,cloister
5.447,20.768,1.199,0.0,20.263,1.712,226,802520,254,-3.123,0.31,5.383,0,0,768294912,0,5,1,cloister
5.462,15.188,1.13,0.0,20.263,1.712,227,802522,255,-3.078,0.31,5.382,0,0,768294912,0,5,1,cloister
5.476,13.508,1.046,0.0,20.263,1.712,224,802174,252,-3.033,0.31,5.382,0,0,768294912,0,5,1,cloister
5.491,14.98,1.907,0.0,20.263,1.712,224,802174,252,-2.988,0.31,5.382,0,0,768294912,0,5,1,cloister
5.506,15.694,0.473,0.0,20.263,1.712,224,802174,252,-2.943,0.31,5.381,0,0,768294912,0,5,1,cloister
5.521,14.005,0.872,0.0,20.263,1.712,226,805658,254,-2.898,0.31,5.381,0,0,768294912,0,5,1,cloister
5.536,14.876,1.067,0.0,20.263,1.712,226,805658,254,-2.853,0.31,5.38,0,0,768294912,0,5,1,cloister
5.55,14.324,1.376,0.0,20.263,1.712,226,805658,254,-2.808,0.31,5.38,0,0,768294912,0,5,1,cloister
5.565,13.864,1.485,0.0,20.263,1.712,226,805658,254,-2.808,0.31,5.38,0,0,768294912,0,5,1,cloister
5.58,15.329,1.256,0.0,20.263,1.712,226,805658,254,-2.763,0.31,5.379,0,0,768294912,0,5,1,cloister
5.595,14.17,1.013,0.0,20.263,1.712,226,805658,254,-2.718,0.31,5.379,0,0,768294912,0,5,1,cloister
5.61,14.712,1.124,0.0,20.263,1.712,227,805660,255,-2.673,0.31,5.378,0,0,768294912,0,5,1,cloister
5.624,14.792,1.005,0.0,20.263,1.712,224,803932,252,-2.628,0.31,5.378,0,0,768294912,0,5,1,cloister
5.639,14.596,1.091,0.0,20.263,1.712,224,803932,252,-2.583,0.31,5.377,0,0,768294912,0,5,1,cloister
5.654,14.397,0.989,0.0,20.263,1.712,224,803932,252,-2.538,0.31,5.377,0,0,768294912,0,5,1,cloister
5.669,15.029,0.868,0.0,20.263,1.712,224,803932,252,-2.493,0.31,5.376,0,0,768294912,0,5,1,cloister
5.684,14.394,1.073,0.0,20.263,1.712,225,803952,253,-2.448,0.31,5.376,0,0,768294912,0,5,1,cloister
5.699,14.118,1.105,0.0,20.263,1.712,225,810300,253,-2.448,0.31,5.376,0,0,768294912,0,5,1,cloister
5.713,14.976,0.776,0.0,20.263,1.712,225,810300,253,-2.403,0.31,5.376,0,0,768294912,0,5,1,cloister
5.728,13.596,1.11,0.0,20.263,1.712,225,810300,253,-2.358,0.31,5.375,0,0,768294912,0,5,1,cloister
5.743,14.627,2.876,0.0,20.263,1.712,225,810300,253,-2.313,0.31,5.375,0,0,768294912,0,5,1,cloister
5.758,21.031,0.465,0.0,20.263,1.712,225,810300,253,-2.268,0.31,5.374,0,0,768294912,0,5,1,cloister
5.773,15.128,0.514,0.0,20.263,1.712,225,810300,253,-2.223,0.31,5.374,0,0,768294912,0,5,1,cloister
5.787,14.145,0.765,0.0,20.263,1.712,225,810300,253,-2.178,0.31,5.373,0,0,768294912,0,5,1,cloister
5.802,14.915,1.112,0.0,20.263,1.712,227,810304,255,-2.133,0.31,5.373,0,0,768294912,0,5,1,cloister
5.817,14.469,0.784,0.0,20.263,1.712,227,810304,255,-2.088,0.31,5.372,0,0,768294912,0,5,1,cloister
5.832,13.868,0.801,0.0,20.263,1.712,227,810304,255,-2.088,0.31,5.372,0,0,768294912,0,5,1,cloister
5.847,15.493,0.586,0.0,20.263,1.712,227,810304,255,-2.043,0.31,5.372,0,0,768294912,0,5,1,cloister
5.862,14.545,0.663,0.0,20.263,1.712,227,810304,255,-1.999,0.31,5.371,0,0,768294912,0,5,1,cloister
5.876,14.767,0.626,0.0,20.263,1.712,227,810304,255,-1.954,0.31,5.371,0,0,768294912,0,5,1,cloister
5.891,14.706,0.575,0.0,20.263,1.712,227,810304,255,-1.909,0.31,5.37,0,0,768294912,0,5,1,cloister
5.906,14.585,0.547,0.0,20.263,1.712,228,810328,256,-1.864,0.31,5.37,0,0,768294912,0,5,1,cloister
5.921,14.612,0.509,0.0,20.263,1.712,229,810330,257,-1.819,0.31,5.37,0,0,768294912,0,5,1,cloister
5.936,14.666,0.596,0.0,20.263,1.712,226,810060,254,-1.774,0.31,5.369,0,0,768294912,0,5,1,cloister
5.95,14.701,0.58,0.0,20.263,1.712,226,810060,254,-1.729,0.31,5.369,0,0,768294912,0,5,1,cloister
5.965,14.202,0.599,0.0,20.263,1.712,226,810060,254,-1.729,0.31,5.369,0,0,768294912,0,5,1,cloister
5.98,15.962,0.633,0.0,20.263,1.712,226,810060,254,-1.684,0.31,5.368,0,0,768294912,0,5,1,cloister
5.995,14.54,0.728,0.0,20.263,1.712,226,810060,254,-1.639,0.31,5.368,0,0,768294912,0,5,1,cloister
6.01,14.249,1.062,0.0,20.263,1.712,226,810060,254,-1.594,0.31,5.367,0,0,768294912,0,5,1,cloister
6.024,15.55,1.515,0.0,20.263,1.712,226,810060,254,-1.549,0.31,5.367,0,0,768294912,0,5,1,cloister
6.039,21.406,0.603,0.0,20.263,1.712,226,810060,254,-1.504,0.31,5.366,0,0,768294912,0,5,1,cloister
6.054,15.264,0.995,0.0,20.263,1.712,226,810060,254,-1.459,0.31,5.366,0,0,768294912,0,5,1,cloister
6.069,13.984,1.104,0.0,20.263,1.712,226,810060,254,-1.414,0.31,5.365,0,0,768294912,0,5,1,cloister
6.084,16.848,1.123,0.0,20.263,1.712,226,810060,254,-1.369,0.31,5.365,0,0,768294912,0,5,1,cloister
6.1,12.094,1.034,0.0,20.263,1.712,227,812152,255,-1.324,0.31,5.365,0,0,768294912,0,5,1,cloister
6.115,14.18,0.791,0.0,20.263,1.712,227,812152,255,-1.324,0.31,5.365,0,0,768294912,0,5,1,cloister
6.13,15.225,0.646,0.0,20.579,1.071,227,812152,255,-1.279,0.31,5.364,0,0,768294912,0,5,1,cloister
6.145,14.382,1.105,0.0,20.579,1.071,227,812152,255,-1.234,0.31,5.364,0,0,768294912,0,5,1,cloister
6.16,14.771,1.128,0.0,20.579,1.071,227,812152,255,-1.189,0.31,5.363,0,0,768294912,0,5,1,cloister
6.175,14.519,1.014,0.0,20.579,1.071,227,812152,255,-1.144,0.31,5.363,0,0,768294912,0,5,1,cloister
6.19,14.845,1.181,0.0,20.579,1.071,227,812152,255,-1.099,0.31,5.362,0,0,768294912,0,5,1,cloister
6.205,14.719,1.047,0.0,20.579,1.071,228,812154,256,-1.054,0.31,5.362,0,0,768294912,0,5,1,cloister
6.219,14.793,1.076,0.0,20.579,1.071,228,812154,256,-1.009,0.31,5.361,0,0,768294912,0,5,1,cloister
6.234,14.545,1.258,0.0,20.579,1.071,228,812154,256,-0.964,0.31,5.361,0,0,768294912,0,5,1,cloister
6.249,13.636,1.054,0.0,20.579,1.071,228,812154,256,-0.964,0.31,5.361,0,0,768294912,0,5,1,cloister
6.264,16.003,0.806,0.0,20.579,1.071,228,812154,256,-0.919,0.31,5.36,0,0,768294912,0,5,1,cloister
6.279,14.206,0.776,0.0,20.579,1.071,228,812154,256,-0.874,0.31,5.36,0,0,768294912,0,5,1,cloister
6.293,15.79,1.11,0.0,20.579,1.071,227,809462,255,-0.829,0.31,5.359,0,0,768294912,0,5,1,cloister
6.308,14.317,0.819,0.0,20.579,1.071,227,809462,255,-0.784,0.31,5.359,0,0,768294912,0,5,1,cloister
6.323,14.196,0.72,0.0,20.579,1.071,227,809462,255,-0.739,0.31,5.359,0,0,768294912,0,5,1,cloister
6.338,21.482,1.16,0.0,20.579,1.071,224,809030,252,-0.694,0.31,5.358,0,0,768294912,0,5,1,cloister
6.353,13.855,0.753,0.0,20.579,1.071,224,809030,252,-0.649,0.31,5.358,0,0,768294912,0,5,1,cloister
6.368,14.908,1.506,0.0,20.579,1.071,224,809030,252,-0.604,0.31,5.357,0,0,768294912,0,5,1,cloister
6.383,14.748,0.42,0.0,20.579,1.071,224,809030,252,-0.559,0.31,5.357,0,0,768294912,0,5,1,cloister
6.398,14.02,0.688,0.0,20.579,1.071,224,809030,252,-0.559,0.31,5.357,0,0,768294912,0,5,1,cloister
6.413,15.221,0.594,0.0,20.579,1.071,224,809030,252,-0.514,0.31,5.356,0,0,768294912,0,5,1,cloister
6.428,14.815,0.582,0.0,20.579,1.071,224,809030,252,-0.469,0.31,5.356,0,0,768294912,0,5,1,cloister
6.443,14.734,0.469,0.0,20.579,1.071,224,809030,252,-0.424,0.31,5.355,0,0,768294912,0,5,1,cloister
6.458,14.565,0.46,0.0,20.579,1.071,223,809028,251,-0.379,0.31,5.355,0,0,768294912,0,5,1,cloister
6.473,15.011,0.464,0.0,20.579,1.071,223,809146,251,-0.334,0.31,5.354,0,0,768294912,0,5,1,cloister
6.488,15.081,0.46,0.0,20.579,1.071,223,809146,251,-0.289,0.31,5.354,0,0,768294912,0,5,1,cloister
6.503,14.707,0.599,0.0,20.579,1.071,223,809146,251,-0.244,0.31,5.354,0,0,768294912,0,5,1,cloister
6.518,14.921,0.65,0.0,20.579,1.071,223,809146,251,-0.199,0.31,5.353,0,0,768294912,0,5,1,cloister
6.533,14.525,0.595,0.0,20.579,1.071,223,809146,251,-0.154,0.31,5.353,0,0,768294912,0,5,1,cloister
6.548,14.176,0.519,0.0,20.579,1.071,224,809182,252,-0.154,0.31,5.353,0,0,768294912,0,5,1,cloister
6.563,15.274,0.549,0.0,20.579,1.071,224,809182,252,-0.109,0.31,5.352,0,0,768294912,0,5,1,cloister
6.578,14.451,0.539,0.0,20.579,1.071,224,809182,252,-0.064,0.31,5.352,0,0,768294912,0,5,1,cloister
6.593,14.73,0.69,0.0,20.579,1.071,224,809182,252,-0.019,0.31,5.351,0,0,768294912,0,5,1,cloister
6.608,14.556,0.551,0.0,20.579,1.071,223,809158,251,0.026,0.31,5.351,0,0,768294912,0,5,1,cloister
6.623,14.638,0.6,0.0,20.579,1.071,224,809238,252,0.071,0.31,5.35,0,0,768294912,0,5,1,cloister
6.638,15.018,0.678,0.0,20.579,1.071,224,809238,252,0.116,0.31,5.35,0,0,768294912,0,5,1,cloister
6.653,14.299,0.745,0.0,20.579,1.071,224,809238,252,0.161,0.31,5.349,0,0,768294912,0,5,1,cloister
6.667,15.757,0.759,0.0,20.579,1.071,224,809238,252,0.206,0.31,5.349,0,0,768294912,0,5,1,cloister
6.682,12.815,0.684,0.0,20.579,1.071,224,809238,252,0.206,0.31,5.349,0,0,768294912,0,5,1,cloister
6.697,15.273,1.099,0.0,20.579,1.071,224,809238,252,0.251,0.31,5.348,0,0,768294912,0,5,1,cloister
6.712,15.002,1.109,0.0,20.579,1.071,224,809238,252,0.296,0.31,5.348,0,0,768294912,0,5,1,cloister
6.727,14.449,1.196,0.0,20.579,1.071,224,809238,252,0.341,0.31,5.348,0,0,768294912,0,5,1,cloister
6.741,14.471,1.127,0.0,20.579,1.071,224,809238,252,0.386,0.31,5.347,0,0,768294912,0,5,1,cloister
6.756,14.554,1.048,0.0,20.579,1.071,224,809238,252,0.431,0.31,5.347,0,0,768294912,0,5,1,cloister
6.771,14.762,1.287,0.0,20.579,1.071,224,809238,252,0.476,0.31,5.346,0,0,768294912,0,5,1,cloister
6.786,15.012,1.225,0.0,20.579,1.071,224,809238,252,0.521,0.31,5.346,0,0,768294912,0,5,1,cloister
6.801,14.167,1.23,0.0,20.579,1.071,224,809238,252,0.566,0.31,5.345,0,0,768294912,0,5,1,cloister
6.816,14.1,1.125,0.0,20.579,1.071,224,809238,252,0.566,0.31,5.345,0,0,768294912,0,5,1,cloister
6.83,15.089,1.106,0.0,20.579,1.071,224,809238,252,0.611,0.31,5.345,0,0,768294912,0,5,1,cloister
6.845,14.542,1.148,0.0,20.579,1.071,224,809238,252,0.656,0.31,5.344,0,0,768294912,0,5,1,cloister
6.86,14.39,1.059,0.0,20.579,1.071,224,809238,252,0.701,0.31,5.344,0,0,768294912,0,5,1,cloister
6.875,14.269,0.55,0.0,20.579,1.071,224,809238,252,0.746,0.31,5.343,0,0,768294912,0,5,1,cloister
6.89,14.488,0.567,0.0,20.579,1.071,224,809238,252,0.791,0.31,5.343,0,0,768294912,0,5,1,cloister
6.904,15.03,0.458,0.0,20.579,1.071,224,809238,252,0.836,0.31,5.342,0,0,768294912,0,5,1,cloister
6.919,14.418,0.522,0.0,20.579,1.071,224,809238,252,0.881,0.31,5.342,0,0,768294912,0,5,1,cloister
6.934,14.736,0.58,0.0,20.579,1.071,224,809238,252,0.926,0.31,5.342,0,0,768294912,0,5,1,cloister
6.949,14.268,0.491,0.0,20.579,1.071,224,809238,252,0.926,0.31,5.342,0,0,768294912,0,5,1,cloister
6.964,14.92,0.572,0.0,20.579,1.071,224,809238,252,0.971,0.31,5.341,0,0,768294912,0,5,1,cloister
6.979,14.696,0.585,0.0,20.579,1.071,224,809238,252,1.016,0.31,5.341,0,0,768294912,0,5,1,cloister
6.993,14.671,0.606,0.0,20.579,1.071,224,809238,252,1.061,0.31,5.34,0,0,768294912,0,5,1,cloister
7.008,21.0,0.881,0.0,20.579,1.071,224,809238,252,1.106,0.31,5.34,0,0,768294912,0,5,1,cloister
7.023,14.19,0.575,0.0,20.579,1.071,224,809238,252,1.151,0.31,5.339,0,0,768294912,0,5,1,cloister
7.038,14.682,0.693,0.0,20.579,1.071,224,809238,252,1.196,0.31,5.339,0,0,768294912,0,5,1,cloister
7.053,14.679,0.65,0.0,20.579,1.071,224,809238,252,1.241,0.31,5.338,0,0,768294912,0,5,1,cloister
7.068,14.894,0.612,0.0,20.579,1.071,224,809238,252,1.286,0.31,5.338,0,0,768294912,0,5,1,cloister
7.082,14.98,0.599,0.0,20.579,1.071,224,809238,252,1.286,0.31,5.338,0,0,768294912,0,5,1,cloister
7.097,14.666,0.807,0.0,20.579,1.071,224,809238,252,1.331,0.31,5.337,0,0,768294912,0,5,1,cloister
7.112,14.485,0.847,0.0,20.579,1.071,224,809238,252,1.376,0.31,5.337,0,0,768294912,0,5,1,cloister
7.127,15.097,1.109,0.0,20.579,1.071,225,809240,253,1.421,0.31,5.337,0,0,768294912,0,5,1,cloister
7.142,13.941,1.223,0.0,20.379,1.083,225,809240,253,1.466,0.31,5.336,0,0,768294912,0,5,1,cloister
7.156,15.048,0.814,0.0,20.379,1.083,224,809160,252,1.511,0.31,5.336,0,0,768294912,0,5,1,cloister
7.171,14.356,0.682,0.0,20.379,1.083,224,809160,252,1.556,0.31,5.335,0,0,768294912,0,5,1,cloister
7.186,14.526,0.936,0.0,20.379,1.083,224,809160,252,1.601,0.31,5.335,0,0,768294912,0,5,1,cloister
7.201,14.402,0.945,0.0,20.379,1.083,223,809124,251,1.646,0.31,5.334,0,0,768294912,0,5,1,cloister
7.216,14.658,1.064,0.0,20.379,1.083,223,809124,251,1.646,0.31,5.334,0,0,768294912,0,5,1,cloister
7.231,15.009,0.699,0.0,20.379,1.083,223,809124,251,1.691,0.31,5.334,0,0,768294912,0,5,1,cloister
7.245,14.431,0.981,0.0,20.379,1.083,223,809124,251,1.736,0.31,5.333,0,0,768294912,0,5,1,cloister
7.26,15.25,0.641,0.0,20.379,1.083,223,809124,251,1.781,0.31,5.333,0,0,768294912,0,5,1,cloister
7.275,14.777,0.756,0.0,20.379,1.083,224,809244,252,1.826,0.31,5.332,0,0,768294912,0,5,1,cloister
7.29,14.742,1.022,0.0,20.379,1.083,224,809244,252,1.871,0.31,5.332,0,0,768294912,0,5,1,cloister
7.305,15.016,1.193,0.0,20.379,1.083,224,809244,252,1.916,0.31,5.331,0,0,768294912,0,5,1,cloister
7.319,13.791,1.154,0.0,20.379,1.083,225,809280,253,1.961,0.31,5.331,0,0,768294912,0,5,1,cloister
7.334,15.012,1.067,0.0,20.379,1.083,225,809280,253,2.006,0.31,5.331,0,0,768294912,0,5,1,cloister
7.349,13.038,1.136,0.0,20.379,1.083,225,809280,253,2.006,0.31,5.331,0,0,768294912,0,5,1,cloister
7.364,23.31,1.005,0.0,20.379,1.083,225,809280,253,2.051,0.31,5.33,0,0,768294912,0,5,1,cloister
7.379,13.992,0.752,0.0,20.379,1.083,225,809280,253,2.096,0.31,5.33,0,0,768294912,0,5,1,cloister
7.394,14.314,1.463,0.0,20.379,1.083,225,809280,253,2.141,0.31,5.329,0,0,768294912,0,5,1,cloister
7.409,14.582,1.89,0.0,20.379,1.083,225,809280,253,2.186,0.31,5.329,0,0,768294912,0,5,1,cloister
7.424,14.549,0.765,0.0,20.379,1.083,225,809280,253,2.231,0.31,5.328,0,0,768294912,0,5,1,cloister
7.439,14.76,1.286,0.0,20.379,1.083,225,809280,253,2.276,0.31,5.328,0,0,768294912,0,5,1,cloister
7.454,15.478,1.108,0.0,20.379,1.083,224,809160,252,2.321,0.31,5.327,0,0,768294912,0,5,1,cloister
7.469,13.88,1.321,0.0,20.379,1.083,224,809160,252,2.366,0.31,5.327,0,0,768294912,0,5,1,cloister
7.483,13.26,1.26,0.0,20.379,1.083,224,809160,252,2.366,0.31,5.327,0,0,768294912,0,5,1,cloister
7.498,15.765,0.943,0.0,20.379,1.083,224,809160,252,2.411,0.31,5.326,0,0,768294912,0,5,1,cloister
7.513,14.346,0.725,0.0,20.379,1.083,224,809160,252,2.456,0.31,5.326,0,0,768294912,0,5,1,cloister
7.528,14.451,1.209,0.0,20.379,1.083,224,809160,252,2.501,0.31,5.325,0,0,768294912,0,5,1,cloister
7.543,14.688,1.073,0.0,20.379,1.083,225,809196,253,2.546,0.31,5.325,0,0,768294912,0,5,1,cloister
7.557,14.416,1.11,0.0,20.379,1.083,226,809236,254,2.591,0.31,5.325,0,0,768294912,0,5,1,cloister
7.572,14.881,1.205,0.0,20.379,1.083,226,809236,254,2.636,0.31,5.324,0,0,768294912,0,5,1,cloister
7.587,14.576,1.214,0.0,20.379,1.083,226,809236,254,2.681,0.31,5.324,0,0,768294912,0,5,1,cloister
7.602,20.998,1.366,0.0,20.379,1.083,226,809236,254,2.726,0.31,5.323,0,0,768294912,0,5,1,cloister
7.617,14.555,0.804,0.0,20.379,1.083,226,809236,254,2.771,0.31,5.323,0,0,768294912,0,5,1,cloister
7.632,13.089,1.132,0.0,20.379,1.083,226,809236,254,2.771,0.31,5.323,0,0,768294912,0,5,1,cloister
7.647,15.96,1.066,0.0,20.379,1.083,226,809236,254,2.816,0.31,5.322,0,0,768294912,0,5,1,cloister
7.662,14.756,0.752,0.0,20.379,1.083,226,809236,254,2.861,0.31,5.322,0,0,768294912,0,5,1,cloister
7.677,14.137,1.184,0.0,20.379,1.083,226,809236,254,2.906,0.31,5.321,0,0,768294912,0,5,1,cloister
7.692,14.928,0.993,0.0,20.379,1.083,226,809236,254,2.951,0.31,5.321,0,0,768294912,0,5,1,cloister
7.707,14.198,1.132,0.0,20.379,1.083,226,809236,254,2.996,0.31,5.32,0,0,768294912,0,5,1,cloister
7.722,14.831,1.06,0.0,20.379,1.083,225,809224,253,3.041,0.31,5.32,0,0,768294912,0,5,1,cloister
7.737,14.398,1.209,0.0,20.379,1.083,225,809224,253,3.086,0.31,5.32,0,0,768294912,0,5,1,cloister
7.752,14.161,1.187,0.0,20.379,1.083,225,809224,253,3.131,0.31,5.319,0,0,768294912,0,5,1,cloister
7.767,14.098,1.171,0.0,20.379,1.083,225,809224,253,3.131,0.31,5.319,0,0,768294912,0,5,1,cloister
7.781,15.64,1.13,0.0,20.379,1.083,225,809224,253,3.176,0.31,5.319,0,0,768294912,0,5,1,cloister
7.796,13.957,1.088,0.0,20.379,1.083,225,809224,253,3.221,0.31,5.318,0,0,768294912,0,5,1,cloister
7.811,14.739,1.299,0.0,20.379,1.083,225,809224,253,3.266,0.31,5.318,0,0,768294912,0,5,1,cloister
7.826,15.225,0.998,0.0,20.379,1.083,225,809224,253,3.311,0.31,5.317,0,0,768294912,0,5,1,cloister
7.841,14.726,0.992,0.0,20.379,1.083,225,809224,253,3.356,0.31,5.317,0,0,768294912,0,5,1,cloister
7.856,14.188,0.664,0.0,20.379,1.083,225,809224,253,3.401,0.31,5.316,0,0,768294912,0,5,1,cloister
7.87,14.354,1.164,0.0,20.379,1.083,225,809224,253,3.446,0.31,5.316,0,0,768294912,0,5,1,cloister
7.885,14.681,1.233,0.0,20.379,1.083,225,809224,253,3.491,0.31,5.315,0,0,768294912,0,5,1,cloister
7.9,13.707,0.566,0.0,20.379,1.083,225,809224,253,3.491,0.31,5.315,0,0,768294912,0,5,1,cloister
7.915,15.522,0.487,0.0,20.379,1.083,225,809224,253,3.536,0.31,5.315,0,0,768294912,0,5,1,cloister
7.93,14.814,0.552,0.0,20.379,1.083,225,809224,253,3.581,0.31,5.314,0,0,768294912,0,5,1,cloister
7.944,14.88,0.499,0.0,20.379,1.083,225,809224,253,3.626,0.31,5.314,0,0,768294912,0,5,1,cloister
7.959,14.955,0.509,0.0,20.379,1.083,225,809224,253,3.671,0.31,5.314,0,0,768294912,0,5,1,cloister
7.974,15.123,0.646,0.0,20.379,1.083,225,809224,253,3.716,0.31,5.313,0,0,768294912,0,5,1,cloister
7.989,14.092,0.763,0.0,20.379,1.083,225,809224,253,3.761,0.31,5.313,0,0,768294912,0,5,1,cloister
8.004,14.496,1.089,0.0,20.379,1.083,225,809224,253,3.806,0.31,5.312,0,0,768294912,0,5,1,cloister
8.019,18.768,2.083,0.0,20.379,1.083,225,809224,253,3.851,0.31,5.312,0,0,768294912,0,5,1,cloister
8.033,8.988,0.633,0.0,20.379,1.083,225,809224,253,3.851,0.31,5.312,0,0,768294912,0,5,1,cloister
8.048,15.057,0.288,0.0,20.379,1.083,225,809224,253,3.896,0.31,5.311,0,0,768294912,0,5,1,cloister
8.063,14.681,0.342,0.0,20.379,1.083,225,809224,253,3.941,0.31,5.311,0,0,768294912,0,5,1,cloister
8.078,16.406,0.375,0.0,20.379,1.083,225,809224,253,3.986,0.31,5.31,0,0,768294912,0,5,1,cloister
8.093,13.29,0.508,0.0,20.379,1.083,223,808560,251,4.031,0.31,5.31,0,0,768294912,0,5,1,cloister
8.107,14.891,2.095,0.0,20.379,1.083,223,808560,251,4.076,0.31,5.309,0,0,768294912,0,5,1,cloister
8.122,19.714,0.783,0.0,20.379,1.083,223,808560,251,4.121,0.31,5.309,0,0,768294912,0,5,1,cloister
8.137,14.576,1.057,0.0,21.422,1.427,223,808560,251,4.166,0.31,5.309,0,0,768294912,0,5,1,cloister
8.152,14.31,1.165,0.0,21.422,1.427,223,808560,251,4.211,0.31,5.308,0,0,768294912,0,5,1,cloister
8.167,13.731,1.425,0.0,21.422,1.427,223,808560,251,4.211,0.31,5.308,0,0,768294912,0,5,1,cloister
8.182,21.289,0.781,0.0,21.422,1.427,223,808560,251,4.256,0.31,5.308,0,0,768294912,0,5,1,cloister
8.197,14.49,1.01,0.0,21.422,1.427,223,808560,251,4.301,0.31,5.307,0,0,768294912,0,5,1,cloister
8.212,14.528,1.345,0.0,21.422,1.427,223,808560,251,4.346,0.31,5.307,0,0,768294912,0,5,1,cloister
8.227,14.165,1.003,0.0,21.422,1.427,223,808560,251,4.391,0.31,5.306,0,0,768294912,0,5,1,cloister
8.242,14.153,1.067,0.0,21.422,1.427,223,808560,251,4.436,0.31,5.306,0,0,768294912,0,5,1,cloister
8.257,14.541,0.715,0.0,21.422,1.427,223,808560,251,4.481,0.31,5.305,0,0,768294912,0,5,1,cloister
8.272,14.446,0.816,0.0,21.422,1.427,223,808560,251,4.526,0.31,5.305,0,0,768294912,0,5,1,cloister
8.287,15.435,0.682,0.0,21.422,1.427,223,808560,251,4.571,0.31,5.304,0,0,768294912,0,5,1,cloister
8.302,14.09,0.715,0.0,21.422,1.427,223,808560,251,4.616,0.31,5.304,0,0,768294912,0,5,1,cloister
8.317,13.761,0.74,0.0,21.422,1.427,223,808560,251,4.616,0.31,5.304,0,0,768294912,0,5,1,cloister
8.332,15.761,1.124,0.0,21.422,1.427,223,808560,251,4.661,0.31,5.303,0,0,768294912,0,5,1,cloister
8.346,13.997,0.995,0.0,21.422,1.427,223,808560,251,4.706,0.31,5.303,0,0,768294912,0,5,1,cloister
8.361,14.554,1.163,0.0,21.422,1.427,223,808560,251,4.751,0.31,5.302,0,0,768294912,0,5,1,cloister
8.376,14.143,1.11,0.0,21.422,1.427,223,808560,251,4.796,0.31,5.302,0,0,768294912,0,5,1,cloister
8.391,14.54,1.197,0.0,21.422,1.427,223,808560,251,4.841,0.31,5.301,0,0,768294912,0,5,1,cloister
8.406,14.041,1.287,0.0,21.422,1.427,223,808560,251,4.886,0.31,5.3,0,0,768294912,0,5,1,cloister
8.42,14.841,1.049,0.0,21.422,1.427,223,808560,251,4.931,0.31,5.299,0,0,768294912,0,5,1,cloister
8.435,14.603,0.697,0.0,21.422,1.427,223,808560,251,4.976,0.31,5.299,0,0,768294912,0,5,1,cloister
8.45,14.137,0.96,0.0,21.422,1.427,223,808560,251,4.976,0.31,5.299,0,0,768294912,0,5,1,cloister
8.465,14.98,1.041,0.0,21.422,1.427,223,808560,251,5.021,0.31,5.298,0,0,768294912,0,5,1,cloister
8.48,14.315,1.045,0.0,21.422,1.427,223,808560,251,5.066,0.31,5.297,0,0,768294912,0,5,1,cloister
8.494,14.856,1.32,0.0,21.422,1.427,223,808560,251,5.111,0.31,5.296,0,0,768294912,0,5,1,cloister
8.509,13.957,1.063,0.0,21.422,1.427,223,808560,251,5.156,0.31,5.295,0,0,768294912,0,5,1,cloister
8.524,14.593,1.133,0.0,21.422,1.427,223,808560,251,5.201,0.31,5.294,0,0,768294912,0,5,1,cloister
8.539,13.972,1.188,0.0,21.422,1.427,223,808560,251,5.246,0.31,5.293,0,0,768294912,0,5,1,cloister
8.554,22.53,1.292,0.0,21.422,1.427,223,808560,251,5.291,0.31,5.292,0,0,768294912,0,5,1,cloister
8.569,12.693,0.775,0.0,21.422,1.427,223,808560,251,5.336,0.31,5.291,0,0,768294912,0,5,1,cloister
8.583,13.965,1.164,0.0,21.422,1.427,223,808560,251,5.336,0.31,5.291,0,0,768294912,0,5,1,cloister
8.598,15.59,0.99,0.0,21.422,1.427,223,808560,251,5.381,0.31,5.29,0,0,768294912,0,5,1,cloister
8.613,13.262,1.024,0.0,21.422,1.427,223,808560,251,5.426,0.31,5.289,0,0,768294912,0,5,1,cloister
8.628,14.795,1.392,0.0,21.422,1.427,223,808560,251,5.471,0.31,5.288,0,0,768294912,0,5,1,cloister
8.643,16.511,0.407,0.0,21.422,1.427,223,808560,251,5.516,0.31,5.287,0,0,768294912,0,5,1,cloister
8.657,13.406,0.596,0.0,21.422,1.427,223,808560,251,5.561,0.31,5.286,0,0,768294912,0,5,1,cloister
8.672,14.442,1.31,0.0,21.422,1.427,223,808560,251,5.606,0.31,5.285,0,0,768294912,0,5,1,cloister
8.687,14.345,1.227,0.0,21.422,1.427,223,808560,251,5.651,0.31,5.284,0,0,768294912,0,5,1,cloister
8.702,14.941,1.293,0.0,21.422,1.427,223,808560,251,5.696,0.31,5.283,0,0,768294912,0,5,1,cloister
8.717,13.608,1.099,0.0,21.422,1.427,223,808560,251,5.696,0.31,5.283,0,0,768294912,0,5,1,cloister
8.731,15.557,1.054,0.0,21.422,1.427,223,808560,251,5.741,0.31,5.282,0,0,768294912,0,5,1,cloister
8.746,14.339,1.146,0.0,21.422,1.427,223,808560,251,5.786,0.31,5.281,0,0,768294912,0,5,1,cloister
8.761,14.975,1.348,0.0,21.422,1.427,223,808560,251,5.831,0.31,5.28,0,0,768294912,0,5,1,cloister
8.776,14.339,0.964,0.0,21.422,1.427,223,808560,251,5.876,0.31,5.279,0,0,768294912,0,5,1,cloister
8.791,21.0,0.802,0.0,21.422,1.427,223,808560,251,5.921,0.31,5.277,0,0,768294912,0,5,1,cloister
8.806,14.258,1.057,0.0,21.422,1.427,223,808560,251,5.966,0.31,5.276,0,0,768294912,0,5,1,cloister
8.821,15.091,1.29,0.0,21.422,1.427,223,808560,251,6.011,0.31,5.275,0,0,768294912,0,5,1,cloister
8.836,14.001,0.797,0.0,21.422,1.427,223,808560,251,6.056,0.31,5.274,0,0,768294912,0,5,1,cloister
8.851,15.348,0.971,0.0,21.422,1.427,223,808560,251,6.101,0.31,5.273,0,0,768294912,0,5,1,cloister
8.866,13.359,0.779,0.0,21.422,1.427,223,808560,251,6.101,0.31,5.273,0,0,768294912,0,5,1,cloister
8.881,15.295,1.68,0.0,21.422,1.427,223,808560,251,6.146,0.31,5.272,0,0,768294912,0,5,1,cloister
8.896,14.527,1.17,0.0,21.422,1.427,223,808560,251,6.191,0.31,5.271,0,0,768294912,0,5,1,cloister
8.911,14.228,1.006,0.0,21.422,1.427,223,808560,251,6.236,0.31,5.269,0,0,768294912,0,5,1,cloister
8.925,14.552,0.59,0.0,21.422,1.427,222,808558,250,6.281,0.31,5.268,0,0,768294912,0,5,1,cloister
8.94,15.007,0.518,0.0,21.422,1.427,222,808558,250,6.326,0.31,5.267,0,0,768294912,0,5,1,cloister
8.955,14.203,0.626,0.0,21.422,1.427,222,808558,250,6.371,0.31,5.266,0,0,768294912,0,5,1,cloister
8.97,14.775,0.671,0.0,21.422,1.427,222,808558,250,6.416,0.31,5.265,0,0,768294912,0,5,1,cloister
8.985,14.663,0.506,0.0,21.422,1.427,222,808558,250,6.461,0.31,5.263,0,0,768294912,0,5,1,cloister
8.999,13.823,0.574,0.0,21.422,1.427,222,808558,250,6.461,0.31,5.263,0,0,768294912,0,5,1,cloister
9.014,15.329,0.588,0.0,21.422,1.427,222,808558,250,6.506,0.31,5.262,0,0,768294912,0,5,1,cloister
9.029,14.599,0.664,0.0,21.422,1.427,222,808558,250,6.551,0.31,5.261,0,0,768294912,0,5,1,cloister
9.044,15.314,0.58,0.0,21.422,1.427,222,808558,250,6.596,0.31,5.26,0,0,768294912,0,5,1,cloister
9.059,14.832,0.703,0.0,21.422,1.427,222,808558,250,6.641,0.31,5.259,0,0,768294912,0,5,1,cloister
9.074,13.887,1.058,0.0,21.422,1.427,222,808558,250,6.686,0.31,5.257,0,0,768294912,0,5,1,cloister
9.088,14.994,1.058,0.0,21.422,1.427,222,808558,250,6.731,0.31,5.256,0,0,768294912,0,5,1,cloister
9.103,14.119,0.689,0.0,21.422,1.427,222,808558,250,6.776,0.31,5.255,0,0,768294912,0,5,1,cloister
9.118,14.469,1.288,0.0,21.422,1.427,222,808558,250,6.821,0.31,5.254,0,0,768294912,0,5,1,cloister
9.133,14.096,1.129,0.0,21.422,1.427,222,808558,250,6.821,0.31,5.254,0,0,768294912,0,5,1,cloister
9.148,15.034,1.021,0.0,21.064,1.41,222,808558,250,6.866,0.31,5.253,0,0,768294912,0,5,1,cloister
9.162,14.444,1.226,0.0,21.064,1.41,222,808558,250,6.911,0.31,5.251,0,0,768294912,0,5,1,cloister
9.177,14.385,1.164,0.0,21.064,1.41,222,808558,250,6.955,0.31,5.25,0,0,768294912,0,5,1,cloister
9.192,14.438,1.107,0.0,21.064,1.41,222,808558,250,7.0,0.31,5.249,0,0,768294912,0,5,1,cloister
9.207,14.47,1.083,0.0,21.064,1.41,222,808558,250,7.045,0.31,5.248,0,0,768294912,0,5,1,cloister
9.222,14.418,1.488,0.0,21.064,1.41,222,808558,250,7.09,0.31,5.247,0,0,768294912,0,5,1,cloister
9.236,13.993,1.286,0.0,21.064,1.41,222,808558,250,7.135,0.31,5.245,0,0,768294912,0,5,1,cloister
9.251,14.395,1.29,0.0,21.064,1.41,222,808558,250,7.18,0.31,5.244,0,0,768294912,0,5,1,cloister
9.266,14.023,0.579,0.0,21.064,1.41,222,808558,250,7.18,0.31,5.244,0,0,768294912,0,5,1,cloister
9.281,15.174,0.552,0.0,21.064,1.41,222,808558,250,7.225,0.31,5.243,0,0,768294912,0,5,1,cloister
9.296,14.826,0.693,0.0,21.064,1.41,222,808558,250,7.27,0.31,5.242,0,0,768294912,0,5,1,cloister
9.311,14.332,0.598,0.0,21.064,1.41,222,808558,250,7.315,0.31,5.241,0,0,768294912,0,5,1,cloister
9.325,14.422,0.589,0.0,21.064,1.41,222,808558,250,7.36,0.31,5.239,0,0,768294912,0,5,1,cloister
9.34,15.028,0.516,0.0,21.064,1.41,222,808558,250,7.405,0.31,5.238,0,0,768294912,0,5,1,cloister
9.355,14.328,0.482,0.0,21.064,1.41,222,808558,250,7.45,0.31,5.237,0,0,768294912,0,5,1,cloister
9.369,20.512,0.681,0.0,21.064,1.41,222,808558,250,7.495,0.31,5.236,0,0,768294912,0,5,1,cloister
9.384,14.777,0.568,0.0,21.064,1.41,222,808558,250,7.54,0.31,5.235,0,0,768294912,0,5,1,cloister
9.399,13.755,0.592,0.0,21.064,1.41,222,808558,250,7.54,0.31,5.235,0,0,768294912,0,5,1,cloister
9.414,15.718,0.663,0.0,21.064,1.41,222,808558,250,7.585,0.31,5.233,0,0,768294912,0,5,1,cloister
9.429,14.269,0.766,0.0,21.064,1.41,222,808558,250,7.63,0.31,5.232,0,0,768294912,0,5,1,cloister
9.444,15.818,1.02,0.0,21.064,1.41,222,808558,250,7.675,0.31,5.231,0,0,768294912,0,5,1,cloister
9.458,14.105,0.643,0.0,21.064,1.41,222,808558,250,7.72,0.31,5.23,0,0,768294912,0,5,1,cloister
9.473,14.939,1.269,0.0,21.064,1.41,221,808556,249,7.765,0.31,5.229,0,0,768294912,0,5,1,cloister
9.488,14.142,0.834,0.0,21.064,1.41,222,810648,250,7.81,0.31,5.227,0,0,768294912,0,5,1,cloister
9.503,14.762,1.297,0.0,21.064,1.41,222,810648,250,7.855,0.31,5.226,0,0,768294912,0,5,1,cloister
9.518,14.584,1.06,0.0,21.064,1.41,222,810648,250,7.9,0.31,5.225,0,0,768294912,0,5,1,cloister
9.532,13.965,0.987,0.0,21.064,1.41,222,810648,250,7.9,0.31,5.225,0,0,768294912,0,5,1,cloister
9.547,15.131,1.134,0.0,21.064,1.41,222,810648,250,7.945,0.31,5.224,0,0,768294912,0,5,1,cloister
9.562,14.663,1.099,0.0,21.064,1.41,222,810648,250,7.99,0.31,5.223,0,0,768294912,0,5,1,cloister
9.577,13.754,1.368,0.0,21.064,1.41,222,810648,250,8.035,0.31,5.221,0,0,768294912,0,5,1,cloister
9.592,14.699,1.019,0.0,21.064,1.41,222,810648,250,8.08,0.31,5.22,0,0,768294912,0,5,1,cloister
9.606,19.913,1.104,0.0,21.064,1.41,222,810648,250,8.125,0.31,5.219,0,0,768294912,0,5,1,cloister
9.621,14.226,1.123,0.0,21.064,1.41,222,810648,250,8.17,0.31,5.218,0,0,768294912,0,5,1,cloister
9.636,14.626,0.996,0.0,21.064,1.41,222,810648,250,8.215,0.31,5.217,0,0,768294912,0,5,1,cloister
9.651,14.625,1.194,0.0,21.064,1.41,222,810648,250,8.26,0.31,5.215,0,0,768294912,0,5,1,cloister
9.666,14.334,0.983,0.0,21.064,1.41,222,810648,250,8.26,0.31,5.215,0,0,768294912,0,5,1,cloister
9.681,14.583,1.092,0.0,21.064,1.41,222,810648,250,8.305,0.31,5.214,0,0,768294912,0,5,1,cloister
9.695,14.821,1.093,0.0,21.064,1.41,222,810648,250,8.35,0.31,5.213,0,0,768294912,0,5,1,cloister
9.71,14.291,1.119,0.0,21.064,1.41,222,810648,250,8.395,0.31,5.212,0,0,768294912,0,5,1,cloister
9.725,14.661,1.054,0.0,21.064,1.41,222,810648,250,8.44,0.31,5.21,0,0,768294912,0,5,1,cloister
9.74,14.095,1.071,0.0,21.064,1.41,222,810648,250,8.485,0.31,5.209,0,0,768294912,0,5,1,cloister
9.755,21.507,1.394,0.0,21.064,1.41,222,810648,250,8.53,0.31,5.208,0,0,768294912,0,5,1,cloister
9.77,14.158,1.207,0.0,21.064,1.41,222,810648,250,8.575,0.31,5.207,0,0,768294912,0,5,1,cloister
9.785,14.477,1.266,0.0,21.064,1.41,222,810648,250,8.62,0.31,5.206,0,0,768294912,0,5,1,cloister
9.8,13.625,1.095,0.0,21.064,1.41,222,810648,250,8.62,0.31,5.206,0,0,768294912,0,5,1,cloister
9.815,15.117,0.748,0.0,21.064,1.41,222,810648,250,8.665,0.31,5.204,0,0,768294912,0,5,1,cloister
9.829,13.997,1.385,0.0,21.064,1.41,222,810648,250,8.71,0.31,5.203,0,0,768294912,0,5,1,cloister
9.844,14.878,1.21,0.0,21.064,1.41,222,810648,250,8.755,0.31,5.202,0,0,768294912,0,5,1,cloister
9.859,13.956,1.209,0.0,21.064,1.41,222,810648,250,8.8,0.31,5.201,0,0,768294912,0,5,1,cloister
9.874,14.261,0.874,0.0,21.064,1.41,222,810648,250,8.845,0.31,5.2,0,0,768294912,0,5,1,cloister
9.889,15.275,0.662,0.0,21.064,1.41,222,810648,250,8.89,0.31,5.198,0,0,768294912,0,5,1,cloister
9.904,14.23,0.757,0.0,21.064,1.41,222,810648,250,8.935,0.31,5.197,0,0,768294912,0,5,1,cloister
9.918,14.247,0.829,0.0,21.064,1.41,222,810648,250,8.98,0.31,5.196,0,0,768294912,0,5,1,cloister
9.933,13.705,1.313,0.0,21.064,1.41,222,810648,250,8.98,0.31,5.196,0,0,768294912,0,5,1,cloister
9.948,14.999,0.573,0.0,21.064,1.41,222,810648,250,9.025,0.31,5.195,0,0,768294912,0,5,1,cloister
9.963,13.99,0.555,0.0,21.064,1.41,223,814878,251,9.07,0.31,5.194,0,0,768294912,0,5,1,cloister
9.978,20.653,0.672,0.0,21.064,1.41,223,814878,251,9.115,0.31,5.192,0,0,768294912,0,5,1,cloister
9.993,14.792,0.619,0.0,21.064,1.41,223,814878,251,9.16,0.31,5.191,0,0,768294912,0,5,1,cloister
10.008,14.463,0.472,0.0,21.064,1.41,223,814878,251,9.205,0.31,5.19,0,0,768294912,0,5,1,cloister
10.023,14.495,0.453,0.0,21.064,1.41,223,814878,251,9.25,0.31,5.189,0,0,768294912,0,5,1,cloister
10.038,16.254,0.482,0.0,21.064,1.41,223,814878,251,9.295,0.31,5.188,0,0,768294912,0,5,1,cloister
10.053,12.882,0.535,0.0,21.064,1.41,223,814878,251,9.34,0.31,5.186,0,0,768294912,0,5,1,cloister
10.067,13.589,0.983,0.0,21.064,1.41,223,814878,251,9.34,0.31,5.186,0,0,768294912,0,5,1,cloister
10.081,16.853,0.416,0.0,21.064,1.41,223,814878,251,9.385,0.31,5.185,0,0,768294912,0,5,1,cloister
10.096,13.23,0.937,0.0,21.064,1.41,223,814878,251,9.43,0.31,5.184,0,0,768294912,0,5,1,cloister
10.111,14.547,1.282,0.0,21.064,1.41,223,814878,251,9.475,0.31,5.183,0,0,768294912,0,5,1,cloister
10.126,13.861,1.228,0.0,21.064,1.41,223,814878,251,9.52,0.31,5.181,0,0,768294912,0,5,1,cloister
10.141,15.196,1.775,0.0,20.302,1.184,223,814878,251,9.565,0.31,5.18,0,0,768294912,0,5,1,cloister
10.156,14.632,0.6,0.0,20.302,1.184,223,814878,251,9.61,0.31,5.179,0,0,768294912,0,5,1,cloister
10.17,14.586,1.173,0.0,20.302,1.184,223,814878,251,9.655,0.31,5.178,0,0,768294912,0,5,1,cloister
10.185,15.12,1.228,0.0,20.302,1.184,223,814878,251,9.7,0.31,5.177,0,0,768294912,0,5,1,cloister
10.2,13.843,1.131,0.0,20.302,1.184,223,814878,251,9.7,0.31,5.177,0,0,768294912,0,5,1,cloister
10.215,14.983,1.444,0.0,20.302,1.184,223,814878,251,9.744,0.31,5.175,0,0,768294912,0,5,1,cloister
10.23,14.536,1.173,0.0,20.302,1.184,223,814878,251,9.789,0.31,5.174,0,0,768294912,0,5,1,cloister
10.244,13.484,1.139,0.0,20.302,1.184,223,814878,251,9.834,0.31,5.173,0,0,768294912,0,5,1,cloister
10.259,15.11,1.226,0.0,20.302,1.184,223,814878,251,9.879,0.31,5.172,0,0,768294912,0,5,1,cloister
10.274,15.257,0.472,0.0,20.302,1.184,223,814878,251,9.924,0.31,5.171,0,0,768294912,0,5,1,cloister
10.289,14.011,0.897,0.0,20.302,1.184,223,814878,251,9.969,0.31,5.169,0,0,768294912,0,5,1,cloister
10.304,14.782,1.18,0.0,20.302,1.184,222,814876,250,10.014,0.31,5.168,0,0,768294912,0,5,1,cloister
10.319,13.881,1.118,0.0,20.302,1.184,222,814876,250,10.059,0.31,5.167,0,0,768294912,0,5,1,cloister
10.333,13.855,1.046,0.0,20.302,1.184,222,814876,250,10.059,0.31,5.167,0,0,768294912,0,5,1,cloister
10.348,15.144,1.049,0.0,20.302,1.184,222,814876,250,10.104,0.31,5.166,0,0,768294912,0,5,1,cloister
10.363,14.647,1.007,0.0,20.302,1.184,223,814956,251,10.149,0.31,5.165,0,0,768294912,0,5,1,cloister
10.378,14.07,1.058,0.0,20.302,1.184,223,814956,251,10.194,0.31,5.163,0,0,768294912,0,5,1,cloister
10.393,14.394,1.079,0.0,20.302,1.184,223,814956,251,10.239,0.31,5.162,0,0,768294912,0,5,1,cloister
10.407,14.691,0.712,0.0,20.302,1.184,223,814956,251,10.284,0.31,5.161,0,0,768294912,0,5,1,cloister
10.422,14.086,1.012,0.0,20.302,1.184,223,814956,251,10.329,0.31,5.16,0,0,768294912,0,5,1,cloister
10.437,14.128,1.03,0.0,20.302,1.184,223,814956,251,10.374,0.31,5.159,0,0,768294912,0,5,1,cloister
10.451,14.574,0.989,0.0,20.302,1.184,223,814956,251,10.419,0.31,5.157,0,0,768294912,0,5,1,cloister
10.465,13.464,1.057,0.0,20.302,1.184,223,814956,251,10.419,0.31,5.157,0,0,768294912,0,5,1,cloister
10.48,20.481,1.1,0.0,20.302,1.184,223,814956,251,10.464,0.31,5.156,0,0,768294912,0,5,1,cloister
10.495,14.326,1.077,0.0,20.302,1.184,223,814956,251,10.509,0.31,5.155,0,0,768294912,0,5,1,cloister
10.51,13.885,1.07,0.0,20.302,1.184,223,814956,251,10.554,0.31,5.154,0,0,768294912,0,5,1,cloister
10.524,14.704,0.954,0.0,20.302,1.184,222,814780,250,10.599,0.31,5.152,0,0,768294912,0,5,1,cloister
10.539,14.296,0.735,0.0,20.302,1.184,222,814780,250,10.644,0.31,5.151,0,0,768294912,0,5,1,cloister
10.554,14.303,1.015,0.0,20.302,1.184,222,814780,250,10.689,0.31,5.15,0,0,768294912,0,5,1,cloister
10.569,20.277,1.131,0.0,20.302,1.184,222,814780,250,10.734,0.31,5.149,0,0,768294912,0,5,1,cloister
10.584,14.176,0.861,0.0,20.302,1.184,222,814780,250,10.779,0.31,5.148,0,0,768294912,0,5,1,cloister
10.598,13.739,1.185,0.0,20.302,1.184,222,814780,250,10.779,0.31,5.148,0,0,768294912,0,5,1,cloister
10.613,14.869,1.015,0.0,20.302,1.184,222,814780,250,10.824,0.31,5.146,0,0,768294912,0,5,1,cloister
10.628,14.274,1.072,0.0,20.302,1.184,222,814780,250,10.869,0.31,5.145,0,0,768294912,0,5,1,cloister
10.643,14.483,1.221,0.0,20.302,1.184,222,814780,250,10.914,0.31,5.144,0,0,768294912,0,5,1,cloister
10.658,14.674,0.97,0.0,20.302,1.184,222,814780,250,10.959,0.31,5.143,0,0,768294912,0,5,1,cloister
10.673,14.74,0.712,0.0,20.302,1.184,222,814780,250,11.004,0.31,5.142,0,0,768294912,0,5,1,cloister
10.687,14.229,1.274,0.0,20.302,1.184,221,812088,249,11.049,0.31,5.14,0,0,768294912,0,5,1,cloister
10.702,14.873,1.143,0.0,20.302,1.184,221,812088,249,11.094,0.31,5.139,0,0,768294912,0,5,1,cloister
10.717,14.316,0.994,0.0,20.302,1.184,221,812088,249,11.139,0.31,5.138,0,0,768294912,0,5,1,cloister
10.732,13.917,1.064,0.0,20.302,1.184,221,812088,249,11.139,0.31,5.138,0,0,768294912,0,5,1,cloister
10.747,15.119,1.153,0.0,20.302,1.184,221,812088,249,11.184,0.31,5.137,0,0,768294912,0,5,1,cloister
10.761,14.317,1.048,0.0,20.302,1.184,221,812088,249,11.229,0.31,5.136,0,0,768294912,0,5,1,cloister
10.776,14.113,1.094,0.0,20.302,1.184,222,812090,250,11.274,0.31,5.134,0,0,768294912,0,5,1,cloister
10.791,14.278,1.019,0.0,20.302,1.184,222,812090,250,11.319,0.31,5.133,0,0,768294912,0,5,1,cloister
10.806,14.429,1.084,0.0,20.302,1.184,222,812090,250,11.364,0.31,5.132,0,0,768294912,0,5,1,cloister
10.821,14.722,1.168,0.0,20.302,1.184,222,812090,250,11.409,0.31,5.131,0,0,768294912,0,5,1,cloister
10.835,14.52,1.019,0.0,20.302,1.184,222,812090,250,11.454,0.31,5.13,0,0,768294912,0,5,1,cloister
10.85,14.365,1.114,0.0,20.302,1.184,223,812092,251,11.499,0.31,5.128,0,0,768294912,0,5,1,cloister
10.865,14.391,1.113,0.0,20.302,1.184,223,812092,251,11.499,0.31,5.128,0,0,768294912,0,5,1,cloister
10.88,14.194,1.15,0.0,20.302,1.184,223,812092,251,11.544,0.31,5.127,0,0,768294912,0,5,1,cloister
10.894,14.286,1.12,0.0,20.302,1.184,223,812092,251,11.589,0.31,5.126,0,0,768294912,0,5,1,cloister
10.908,14.332,1.017,0.0,20.302,1.184,223,812092,251,11.634,0.31,5.125,0,0,768294912,0,5,1,cloister
10.923,14.341,1.077,0.0,20.302,1.184,223,812092,251,11.679,0.31,5.123,0,0,768294912,0,5,1,cloister
10.937,21.375,1.121,0.0,20.302,1.184,223,812092,251,11.724,0.31,5.122,0,0,768294912,0,5,1,cloister
10.952,14.269,0.947,0.0,20.302,1.184,223,812092,251,11.769,0.31,5.121,0,0,768294912,0,5,1,cloister
10.967,14.538,0.578,0.0,20.302,1.184,223,812092,251,11.814,0.31,5.12,0,0,768294912,0,5,1,cloister
10.983,14.441,0.506,0.0,20.302,1.184,223,812092,251,11.859,0.31,5.119,0,0,768294912,0,5,1,cloister
10.998,13.55,0.57,0.0,20.302,1.184,223,812092,251,11.859,0.31,5.119,0,0,768294912,0,5,1,cloister
11.013,15.521,0.646,0.0,20.302,1.184,223,812092,251,11.904,0.31,5.117,0,0,768294912,0,5,1,cloister
11.028,14.553,0.653,0.0,20.302,1.184,223,812092,251,11.949,0.31,5.116,0,0,768294912,0,5,1,cloister
11.043,14.321,0.591,0.0,20.302,1.184,223,812092,251,11.994,0.31,5.115,0,0,768294912,0,5,1,cloister
11.057,14.558,0.619,0.0,20.302,1.184,223,812092,251,12.039,0.31,5.114,0,0,768294912,0,5,1,cloister
11.072,14.586,0.527,0.0,20.302,1.184,223,812092,251,12.084,0.31,5.113,0,0,768294912,0,5,1,cloister
11.087,13.955,0.729,0.0,20.302,1.184,223,812092,251,12.129,0.31,5.111,0,0,768294912,0,5,1,cloister
11.102,14.195,0.725,0.0,20.302,1.184,223,812092,251,12.174,0.31,5.11,0,0,768294912,0,5,1,cloister
11.117,14.637,0.679,0.0,20.302,1.184,223,812092,251,12.219,0.31,5.109,0,0,768294912,0,5,1,cloister
11.131,14.324,0.648,0.0,20.302,1.184,223,812092,251,12.219,0.31,5.109,0,0,768294912,0,5,1,cloister
11.146,20.649,0.737,0.0,20.705,1.062,223,812092,251,12.264,0.31,5.108,0,0,768294912,0,5,1,cloister
11.161,14.32,1.267,0.0,20.705,1.062,223,812092,251,12.309,0.31,5.107,0,0,768294912,0,5,1,cloister
11.176,14.47,1.02,0.0,20.705,1.062,223,813556,251,12.354,0.31,5.105,0,0,768294912,0,5,1,cloister
11.191,14.56,1.01,0.0,20.705,1.062,223,813556,251,12.399,0.31,5.104,0,0,768294912,0,5,1,cloister
11.206,14.879,0.991,0.0,20.705,1.062,223,813556,251,12.444,0.31,5.103,0,0,768294912,0,5,1,cloister
11.22,13.396,1.099,0.0,20.705,1.062,223,813556,251,12.489,0.31,5.102,0,0,768294912,0,5,1,cloister
11.235,15.244,0.718,0.0,20.705,1.062,223,813556,251,12.533,0.31,5.101,0,0,768294912,0,5,1,cloister
11.25,13.478,0.704,0.0,20.705,1.062,223,813556,251,12.578,0.31,5.099,0,0,768294912,0,5,1,cloister
11.265,13.481,1.012,0.0,20.705,1.062,223,813556,251,12.578,0.31,5.099,0,0,768294912,0,5,1,cloister
11.28,15.612,0.652,0.0,20.705,1.062,223,813556,251,12.623,0.31,5.098,0,0,768294912,0,5,1,cloister
11.294,14.264,0.81,0.0,20.705,1.062,223,813556,251,12.668,0.31,5.097,0,0,768294912,0,5,1,cloister
11.309,14.35,1.06,0.0,20.705,1.062,223,813556,251,12.713,0.31,5.096,0,0,768294912,0,5,1,cloister
11.324,15.15,1.003,0.0,20.705,1.062,224,838212,252,12.758,0.31,5.095,0,0,768294912,0,5,1,cloister
11.339,13.95,1.117,0.0,20.705,1.062,224,838212,252,12.803,0.31,5.093,0,0,768294912,0,5,1,cloister
11.354,14.736,1.105,0.0,20.705,1.062,224,838212,252,12.848,0.31,5.092,0,0,768294912,0,5,1,cloister
11.369,14.383,1.006,0.0,20.705,1.062,224,838212,252,12.893,0.31,5.091,0,0,768294912,0,5,1,cloister
11.383,13.738,0.74,0.0,20.705,1.062,224,838212,252,12.893,0.31,5.091,0,0,768294912,0,5,1,cloister
11.397,14.699,0.565,0.0,20.705,1.062,224,838212,252,12.938,0.31,5.09,0,0,768294912,0,5,1,cloister
11.412,14.534,0.538,0.0,20.705,1.062,224,838212,252,12.983,0.31,5.088,0,0,768294912,0,5,1,cloister
11.426,14.748,0.409,0.0,20.705,1.062,224,838212,252,13.028,0.31,5.087,0,0,768294912,0,5,1,cloister
11.441,14.284,0.447,0.0,20.705,1.062,224,838212,252,13.073,0.31,5.086,0,0,768294912,0,5,1,cloister
11.455,14.306,0.492,0.0,20.705,1.062,224,838212,252,13.118,0.31,5.085,0,0,768294912,0,5,1,cloister
11.47,14.584,0.482,0.0,20.705,1.062,223,835520,251,13.163,0.31,5.084,0,0,768294912,0,5,1,cloister
11.484,14.322,0.487,0.0,20.705,1.062,223,835520,251,13.208,0.31,5.082,0,0,768294912,0,5,1,cloister
11.498,13.569,0.57,0.0,20.705,1.062,223,835520,251,13.208,0.31,5.082,0,0,768294912,0,5,1,cloister
11.512,14.937,0.513,0.0,20.705,1.062,223,835520,251,13.253,0.31,5.081,0,0,768294912,0,5,1,cloister
11.526,13.947,0.627,0.0,20.705,1.062,223,835520,251,13.298,0.31,5.08,0,0,768294912,0,5,1,cloister
11.541,14.203,0.528,0.0,20.705,1.062,222,832828,250,13.343,0.31,5.079,0,0,768294912,0,5,1,cloister
11.555,14.468,0.505,0.0,20.705,1.062,223,834604,251,13.388,0.31,5.078,0,0,768294912,0,5,1,cloister
11.569,14.053,0.509,0.0,20.705,1.062,223,834604,251,13.433,0.31,5.076,0,0,768294912,0,5,1,cloister
11.583,13.271,0.674,0.0,20.705,1.062,223,831984,251,13.433,0.31,5.076,0,0,768294912,0,5,1,cloister
11.597,15.723,0.587,0.0,20.705,1.062,223,831984,251,13.478,0.31,5.075,0,0,768294912,0,5,1,cloister
11.61,14.255,0.684,0.0,20.705,1.062,224,832008,252,13.523,0.31,5.074,0,0,768294912,0,5,1,cloister
11.624,13.928,0.809,0.0,20.705,1.062,224,832008,252,13.568,0.31,5.073,0,0,768294912,0,5,1,cloister
11.638,14.79,1.313,0.0,20.705,1.062,223,829916,251,13.613,0.31,5.072,0,0,768294912,0,5,1,cloister
11.652,13.895,1.095,0.0,20.705,1.062,223,829916,251,13.658,0.31,5.07,0,0,768294912,0,5,1,cloister
11.666,13.554,1.183,0.0,20.705,1.062,223,829916,251,13.658,0.31,5.07,0,0,768294912,0,5,1,cloister
11.68,14.785,1.208,0.0,20.705,1.062,223,829916,251,13.703,0.31,5.069,0,0,768294912,0,5,1,cloister
11.694,14.755,1.083,0.0,20.705,1.062,223,829916,251,13.748,0.31,5.068,0,0,768294912,0,5,1,cloister
11.708,13.874,1.103,0.0,20.705,1.062,223,829916,251,13.793,0.31,5.067,0,0,768294912,0,5,1,cloister
11.722,14.566,1.335,0.0,20.705,1.062,223,829916,251,13.838,0.31,5.066,0,0,768294912,0,5,1,cloister
11.735,13.514,1.131,0.0,20.705,1.062,223,829916,251,13.883,0.31,5.064,0,0,768294912,0,5,1,cloister
11.75,21.47,1.209,0.0,20.705,1.062,223,829916,251,13.928,0.31,5.063,0,0,768294912,0,5,1,cloister
11.764,13.085,0.72,0.0,20.705,1.062,223,829916,251,13.928,0.31,5.063,0,0,768294912,0,5,1,cloister
11.779,14.972,1.418,0.0,20.705,1.062,223,829916,251,13.973,0.31,5.062,0,0,768294912,0,5,1,cloister
11.793,13.894,1.071,0.0,20.705,1.062,223,829916,251,14.018,0.31,5.061,0,0,768294912,0,5,1,cloister
11.807,15.176,1.031,0.0,20.705,1.062,224,829918,252,14.063,0.31,5.059,0,0,768294912,0,5,1,cloister
11.821,14.227,0.818,0.0,20.705,1.062,224,829918,252,14.108,0.31,5.058,0,0,768294912,0,5,1,cloister
11.836,13.008,1.074,0.0,20.705,1.062,224,829918,252,14.153,0.31,5.057,0,0,768294912,0,5,1,cloister
11.85,14.594,1.732,0.0,20.705,1.062,224,829918,252,14.198,0.31,5.056,0,0,768294912,0,5,1,cloister
11.864,13.852,0.364,0.0,20.705,1.062,224,829918,252,14.198,0.31,5.056,0,0,768294912,0,5,1,cloister
11.879,15.761,0.414,0.0,20.705,1.062,224,829918,252,14.243,0.31,5.055,0,0,768294912,0,5,1,cloister
11.893,14.44,0.654,0.0,20.705,1.062,224,829918,252,14.288,0.31,5.053,0,0,768294912,0,5,1,cloister
11.907,14.241,0.979,0.0,20.705,1.062,224,829918,252,14.333,0.31,5.052,0,0,768294912,0,5,1,cloister
11.921,15.323,1.194,0.0,20.705,1.062,224,829918,252,14.378,0.31,5.051,0,0,768294912,0,5,1,cloister
11.936,13.347,1.218,0.0,20.705,1.062,224,829918,252,14.423,0.31,5.05,0,0,768294912,0,5,1,cloister
11.95,14.078,1.115,0.0,20.705,1.062,224,829918,252,14.468,0.31,5.049,0,0,768294912,0,5,1,cloister
11.964,13.605,0.778,0.0,20.705,1.062,223,827134,251,14.468,0.31,5.049,0,0,768294912,0,5,1,cloister
11.979,14.687,0.467,0.0,20.705,1.062,223,827134,251,14.513,0.31,5.047,0,0,768294912,0,5,1,cloister
11.993,14.476,0.604,0.0,20.705,1.062,223,827134,251,14.558,0.31,5.046,0,0,768294912,0,5,1,cloister
12.007,14.449,0.491,0.0,20.705,1.062,223,827134,251,14.603,0.31,5.045,0,0,768294912,0,5,1,cloister
12.021,13.994,0.565,0.0,20.705,1.062,223,827134,251,14.648,0.31,5.044,0,0,768294912,0,5,1,cloister
12.036,14.475,0.512,0.0,20.705,1.062,223,827134,251,14.693,0.31,5.043,0,0,768294912,0,5,1,cloister
12.05,14.318,0.545,0.0,20.705,1.062,223,827134,251,14.738,0.31,5.041,0,0,768294912,0,5,1,cloister
12.064,13.528,0.519,0.0,20.705,1.062,223,827134,251,14.738,0.31,5.041,0,0,768294912,0,5,1,cloister
12.079,15.177,0.58,0.0,20.705,1.062,223,827134,251,14.783,0.31,5.04,0,0,768294912,0,5,1,cloister
12.093,14.661,0.553,0.0,20.705,1.062,223,827134,251,14.828,0.31,5.039,0,0,768294912,0,5,1,cloister
12.107,14.471,0.537,0.0,20.705,1.062,223,827134,251,14.873,0.31,5.038,0,0,768294912,0,5,1,cloister
12.123,20.994,0.698,0.0,20.705,1.062,223,827134,251,14.918,0.31,5.037,0,0,768294912,0,5,1,cloister
12.138,14.396,0.622,0.0,19.843,1.556,223,827134,251,14.963,0.31,5.035,0,0,768294912,0,5,1,cloister
12.152,14.602,0.987,0.0,19.843,1.556,223,827134,251,15.008,0.31,5.034,0,0,768294912,0,5,1,cloister
12.166,13.437,1.138,0.0,19.843,1.556,223,827134,251,15.008,0.31,5.034,0,0,768294912,0,5,1,cloister
12.181,15.535,1.108,0.0,19.843,1.556,223,827134,251,15.053,0.31,5.033,0,0,768294912,0,5,1,cloister
12.195,13.996,1.102,0.0,19.843,1.556,223,827134,251,15.098,0.31,5.032,0,0,768294912,0,5,1,cloister
12.209,14.255,2.227,0.0,19.843,1.556,223,827134,251,15.143,0.31,5.03,0,0,768294912,0,5,1,cloister
12.224,13.908,1.101,0.0,19.843,1.556,223,827134,251,15.188,0.31,5.029,0,0,768294912,0,5,1,cloister
12.238,13.972,1.079,0.0,19.843,1.556,222,827054,250,15.233,0.31,5.028,0,0,768294912,0,5,1,cloister
12.252,13.925,1.231,0.0,19.843,1.556,222,827054,250,15.278,0.31,5.027,0,0,768294912,0,5,1,cloister
12.267,13.453,0.671,0.0,19.843,1.556,222,827054,250,15.278,0.31,5.027,0,0,768294912,0,5,1,cloister
12.281,15.488,0.508,0.0,19.843,1.556,222,827054,250,15.322,0.31,5.026,0,0,768294912,0,5,1,cloister
12.295,13.894,0.79,0.0,19.843,1.556,222,827054,250,15.367,0.31,5.024,0,0,768294912,0,5,1,cloister
12.309,14.746,0.603,0.0,19.843,1.556,222,827054,250,15.412,0.31,5.023,0,0,768294912,0,5,1,cloister
12.324,14.451,0.665,0.0,19.843,1.556,222,827054,250,15.457,0.31,5.022,0,0,768294912,0,5,1,cloister
12.344,21.289,1.818,0.0,19.843,1.556,222,827054,250,15.502,0.31,5.021,0,0,768294912,0,5,1,cloister
12.359,12.805,0.874,0.0,19.843,1.556,222,827054,250,15.547,0.31,5.02,0,0,768294912,0,5,1,cloister
12.373,14.177,1.309,0.0,19.843,1.556,222,827054,250,15.592,0.31,5.018,0,0,768294912,0,5,1,cloister
12.388,15.016,0.982,0.0,19.843,1.556,223,827102,251,15.637,0.31,5.017,0,0,768294912,0,5,1,cloister
12.403,13.914,1.015,0.0,19.843,1.556,223,827102,251,15.682,0.31,5.016,0,0,768294912,0,5,1,cloister
12.417,14.002,1.106,0.0,19.843,1.556,223,827102,251,15.682,0.31,5.016,0,0,768294912,0,5,1,cloister
12.432,15.376,1.181,0.0,19.843,1.556,223,827102,251,15.727,0.31,5.015,0,0,768294912,0,5,1,cloister
12.447,13.745,1.181,0.0,19.843,1.556,223,827102,251,15.772,0.31,5.014,0,0,768294912,0,5,1,cloister
12.462,14.806,1.106,0.0,19.843,1.556,223,827102,251,15.817,0.31,5.012,0,0,768294912,0,5,1,cloister
12.477,14.407,1.132,0.0,19.843,1.556,223,827102,251,15.862,0.31,5.011,0,0,768294912,0,5,1,cloister
12.492,14.387,1.164,0.0,19.843,1.556,223,827102,251,15.907,0.31,5.01,0,0,768294912,0,5,1,cloister
12.507,14.496,0.695,0.0,19.843,1.556,223,827102,251,15.952,0.31,5.009,0,0,768294912,0,5,1,cloister
12.522,14.083,1.693,0.0,19.843,1.556,223,827102,251,15.997,0.31,5.008,0,0,768294912,0,5,1,cloister
12.537,14.205,1.083,0.0,19.843,1.556,223,827102,251,16.042,0.31,5.006,0,0,768294912,0,5,1,cloister
12.552,14.214,1.153,0.0,19.843,1.556,223,827102,251,16.087,0.31,5.005,0,0,768294912,0,5,1,cloister
12.567,13.477,0.734,0.0,19.843,1.556,223,827102,251,16.087,0.31,5.005,0,0,768294912,0,5,1,cloister
12.581,15.1,1.212,0.0,19.843,1.556,223,827102,251,16.132,0.31,5.004,0,0,768294912,0,5,1,cloister
12.596,14.302,0.97,0.0,19.843,1.556,223,827102,251,16.177,0.31,5.003,0,0,768294912,0,5,1,cloister
12.611,13.943,1.042,0.0,19.843,1.556,224,827114,252,16.222,0.31,5.001,0,0,768294912,0,5,1,cloister
12.626,14.294,1.244,0.0,19.843,1.556,224,827114,252,16.267,0.31,5.0,0,0,768294912,0,5,1,cloister
12.641,14.129,0.985,0.0,19.843,1.556,224,827114,252,16.312,0.31,4.999,0,0,768294912,0,5,1,cloister
12.656,14.257,0.961,0.0,19.843,1.556,224,827114,252,16.357,0.31,4.998,0,0,768294912,0,5,1,cloister
12.67,14.005,0.659,0.0,19.843,1.556,224,827114,252,16.402,0.31,4.997,0,0,768294912,0,5,1,cloister
12.685,14.045,0.713,0.0,19.843,1.556,224,827114,252,16.447,0.31,4.995,0,0,768294912,0,5,1,cloister
12.7,13.479,0.556,0.0,19.843,1.556,224,827114,252,16.447,0.31,4.995,0,0,768294912,0,5,1,cloister
12.715,15.089,0.653,0.0,19.843,1.556,224,827114,252,16.492,0.31,4.994,0,0,768294912,0,5,1,cloister
12.73,14.353,0.56,0.0,19.843,1.556,224,827114,252,16.537,0.31,4.993,0,0,768294912,0,5,1,cloister
12.744,14.279,0.529,0.0,19.843,1.556,224,827114,252,16.582,0.31,4.992,0,0,768294912,0,5,1,cloister
12.759,14.46,0.641,0.0,19.843,1.556,224,827114,252,16.627,0.31,4.991,0,0,768294912,0,5,1,cloister
12.774,13.918,0.762,0.0,19.843,1.556,224,827114,252,16.672,0.31,4.989,0,0,768294912,0,5,1,cloister
12.789,14.853,0.661,0.0,19.843,1.556,224,827114,252,16.717,0.31,4.988,0,0,768294912,0,5,1,cloister
12.803,13.974,0.555,0.0,19.843,1.556,224,827114,252,16.762,0.31,4.987,0,0,768294912,0,5,1,cloister
12.817,14.928,1.024,0.0,19.843,1.556,224,827114,252,16.807,0.31,4.986,0,0,768294912,0,5,1,cloister
12.832,13.375,0.845,0.0,19.843,1.556,224,827114,252,16.807,0.31,4.986,0,0,768294912,0,5,1,cloister
12.847,19.538,0.954,0.0,19.843,1.556,224,827114,252,16.852,0.31,4.985,0,0,768294912,0,5,1,cloister
12.861,14.697,2.258,0.0,19.843,1.556,224,827114,252,16.897,0.31,4.983,0,0,768294912,0,5,1,cloister
12.876,14.353,0.462,0.0,19.843,1.556,224,827114,252,16.942,0.31,4.982,0,0,768294912,0,5,1,cloister
12.891,14.468,0.649,0.0,19.843,1.556,223,827034,251,16.987,0.31,4.981,0,0,768294912,0,5,1,cloister
12.906,14.082,1.141,0.0,19.843,1.556,223,827034,251,17.032,0.31,4.98,0,0,768294912,0,5,1,cloister
12.921,15.287,1.107,0.0,19.843,1.556,223,827034,251,17.077,0.31,4.979,0,0,768294912,0,5,1,cloister
12.935,18.794,1.365,0.0,19.843,1.556,223,827034,251,17.122,0.31,4.977,0,0,768294912,0,5,1,cloister
12.95,15.871,1.107,0.0,19.843,1.556,223,827034,251,17.167,0.31,4.976,0,0,768294912,0,5,1,cloister
12.965,12.32,0.488,0.0,19.843,1.556,223,827034,251,17.167,0.31,4.976,0,0,768294912,0,5,1,cloister
12.98,15.448,0.973,0.0,19.843,1.556,223,827034,251,17.212,0.31,4.975,0,0,768294912,0,5,1,cloister
12.995,14.237,0.573,0.0,19.843,1.556,223,827034,251,17.257,0.31,4.974,0,0,768294912,0,5,1,cloister
13.009,14.045,0.619,0.0,19.843,1.556,223,827034,251,17.302,0.31,4.972,0,0,768294912,0,5,1,cloister
13.024,14.445,0.549,0.0,19.843,1.556,223,827034,251,17.347,0.31,4.971,0,0,768294912,0,5,1,cloister
13.039,15.113,0.49,0.0,19.843,1.556,222,827032,250,17.392,0.31,4.97,0,0,768294912,0,5,1,cloister
13.054,14.044,0.563,0.0,19.843,1.556,220,826872,248,17.437,0.31,4.969,0,0,768294912,0,5,1,cloister
13.069,15.744,1.1,0.0,19.843,1.556,220,826872,248,17.482,0.31,4.968,0,0,768294912,0,5,1,cloister
13.084,13.301,0.732,0.0,19.843,1.556,220,826872,248,17.527,0.31,4.966,0,0,768294912,0,5,1,cloister
13.098,13.349,1.2,0.0,19.843,1.556,220,826872,248,17.527,0.31,4.966,0,0,768294912,0,5,1,cloister
13.113,15.396,0.996,0.0,19.843,1.556,220,826872,248,17.572,0.31,4.965,0,0,768294912,0,5,1,cloister
13.128,14.256,1.029,0.0,19.843,1.556,220,826872,248,17.617,0.31,4.964,0,0,768294912,0,5,1,cloister
13.143,14.099,1.216,0.0,20.246,1.285,220,826872,248,17.662,0.31,4.963,0,0,768294912,0,5,1,cloister
13.158,15.577,1.091,0.0,20.246,1.285,220,826872,248,17.707,0.31,4.962,0,0,768294912,0,5,1,cloister
13.172,13.56,0.989,0.0,20.246,1.285,220,826872,248,17.752,0.31,4.96,0,0,768294912,0,5,1,cloister
13.187,14.349,1.301,0.0,20.246,1.285,220,831022,248,17.797,0.31,4.959,0,0,768294912,0,5,1,cloister
13.202,14.792,1.1,0.0,20.246,1.285,220,831022,248,17.842,0.31,4.958,0,0,768294912,0,5,1,cloister
13.216,13.638,0.992,0.0,20.246,1.285,219,830986,247,17.842,0.31,4.958,0,0,768294912,0,5,1,cloister
13.231,15.069,0.815,0.0,20.246,1.285,219,830986,247,17.887,0.31,4.957,0,0,768294912,0,5,1,cloister
13.245,14.515,1.517,0.0,20.246,1.285,219,830986,247,17.932,0.31,4.956,0,0,768294912,0,5,1,cloister
13.259,13.847,1.104,0.0,20.246,1.285,219,830986,247,17.976,0.31,4.954,0,0,768294912,0,5,1,cloister
13.274,14.4,0.856,0.0,20.246,1.285,219,830986,247,18.021,0.31,4.953,0,0,768294912,0,5,1,cloister
13.288,15.164,0.762,0.0,20.246,1.285,219,830986,247,18.066,0.31,4.952,0,0,768294912,0,5,1,cloister
13.303,21.089,0.806,0.0,20.246,1.285,219,830986,247,18.111,0.31,4.951,0,0,768294912,0,5,1,cloister
13.318,13.378,0.993,0.0,20.246,1.285,219,830986,247,18.156,0.31,4.95,0,0,768294912,0,5,1,cloister
13.332,14.141,1.177,0.0,20.246,1.285,218,830906,246,18.156,0.31,4.95,0,0,768294912,0,5,1,cloister
13.347,15.364,1.066,0.0,20.246,1.285,218,830906,246,18.201,0.31,4.948,0,0,768294912,0,5,1,cloister
13.361,14.326,1.076,0.0,20.246,1.285,218,830906,246,18.246,0.31,4.947,0,0,768294912,0,5,1,cloister
13.376,14.508,1.052,0.0,20.246,1.285,218,830906,246,18.291,0.31,4.946,0,0,768294912,0,5,1,cloister
13.39,14.356,1.015,0.0,20.246,1.285,218,830906,246,18.336,0.31,4.945,0,0,768294912,0,5,1,cloister
13.405,14.566,1.3,0.0,20.246,1.285,218,830906,246,18.381,0.31,4.943,0,0,768294912,0,5,1,cloister
13.42,14.712,1.049,0.0,20.246,1.285,218,830906,246,18.426,0.31,4.942,0,0,768294912,0,5,1,cloister
13.434,14.61,0.978,0.0,20.246,1.285,218,830906,246,18.471,0.31,4.941,0,0,768294912,0,5,1,cloister
13.449,13.778,1.458,0.0,20.246,1.285,218,830906,246,18.471,0.31,4.941,0,0,768294912,0,5,1,cloister
13.463,14.985,1.098,0.0,20.246,1.285,218,830906,246,18.516,0.31,4.94,0,0,768294912,0,5,1,cloister
13.478,15.092,1.049,0.0,20.246,1.285,217,830786,245,18.561,0.31,4.939,0,0,768294912,0,5,1,cloister
13.493,14.066,1.142,0.0,20.246,1.285,217,830786,245,18.606,0.31,4.937,0,0,768294912,0,5,1,cloister
13.507,14.86,1.548,0.0,20.246,1.285,217,830786,245,18.651,0.31,4.936,0,0,768294912,0,5,1,cloister
13.522,20.936,0.947,0.0,20.246,1.285,217,830786,245,18.696,0.31,4.935,0,0,768294912,0,5,1,cloister
13.537,13.976,1.095,0.0,20.246,1.285,217,830786,245,18.741,0.31,4.934,0,0,768294912,0,5,1,cloister
13.552,14.438,1.026,0.0,20.246,1.285,216,830784,244,18.786,0.31,4.933,0,0,768294912,0,5,1,cloister
13.567,14.789,1.078,0.0,20.246,1.285,216,830784,244,18.831,0.31,4.931,0,0,768294912,0,5,1,cloister
13.581,13.856,1.265,0.0,20.246,1.285,216,830784,244,18.831,0.31,4.931,0,0,768294912,0,5,1,cloister
13.596,15.764,1.175,0.0,20.246,1.285,216,830784,244,18.876,0.31,4.93,0,0,768294912,0,5,1,cloister
13.611,13.982,1.174,0.0,20.246,1.285,216,830784,244,18.921,0.31,4.929,0,0,768294912,0,5,1,cloister
13.626,14.62,1.116,0.0,20.246,1.285,216,830784,244,18.966,0.31,4.928,0,0,768294912,0,5,1,cloister
13.641,14.338,1.08,0.0,20.246,1.285,216,830784,244,19.011,0.31,4.927,0,0,768294912,0,5,1,cloister
13.656,14.747,1.097,0.0,20.246,1.285,216,830784,244,19.056,0.31,4.925,0,0,768294912,0,5,1,cloister
13.67,14.412,1.013,0.0,20.246,1.285,216,830784,244,19.101,0.31,4.924,0,0,768294912,0,5,1,cloister
13.685,15.004,1.055,0.0,20.246,1.285,216,830784,244,19.146,0.31,4.923,0,0,768294912,0,5,1,cloister
13.7,13.271,1.285,0.0,20.246,1.285,216,830784,244,19.146,0.31,4.923,0,0,768294912,0,5,1,cloister
13.714,14.894,1.105,0.0,20.246,1.285,216,830784,244,19.191,0.31,4.922,0,0,768294912,0,5,1,cloister
13.729,14.942,1.084,0.0,20.246,1.285,216,830784,244,19.236,0.31,4.921,0,0,768294912,0,5,1,cloister
13.743,14.46,1.096,0.0,20.246,1.285,216,830784,244,19.281,0.31,4.919,0,0,768294912,0,5,1,cloister
13.758,14.936,1.14,0.0,20.246,1.285,216,830784,244,19.326,0.31,4.918,0,0,768294912,0,5,1,cloister
13.773,12.802,1.074,0.0,20.246,1.285,216,830784,244,19.371,0.31,4.917,0,0,768294912,0,5,1,cloister
13.787,14.512,1.247,0.0,20.246,1.285,216,830784,244,19.416,0.31,4.916,0,0,768294912,0,5,1,cloister
13.802,15.66,0.471,0.0,20.246,1.285,215,830704,243,19.461,0.31,4.914,0,0,768294912,0,5,1,cloister
13.816,13.213,0.655,0.0,20.246,1.285,215,830704,243,19.461,0.31,4.914,0,0,768294912,0,5,1,cloister
13.831,14.933,1.615,0.0,20.246,1.285,215,830704,243,19.506,0.31,4.913,0,0,768294912,0,5,1,cloister
13.846,14.478,1.875,0.0,20.246,1.285,214,830668,242,19.551,0.31,4.912,0,0,768294912,0,5,1,cloister
13.86,14.187,1.113,0.0,20.246,1.285,214,830668,242,19.596,0.31,4.911,0,0,768294912,0,5,1,cloister
13.875,14.65,1.683,0.0,20.246,1.285,214,830668,242,19.641,0.31,4.91,0,0,768294912,0,5,1,cloister
13.889,14.205,1.223,0.0,20.246,1.285,214,830668,242,19.686,0.31,4.908,0,0,768294912,0,5,1,cloister
13.904,14.644,1.262,0.0,20.246,1.285,214,830668,242,19.731,0.31,4.907,0,0,768294912,0,5,1,cloister
13.918,14.597,1.117,0.0,20.246,1.285,213,828600,241,19.776,0.31,4.906,0,0,768294912,0,5,1,cloister
13.933,14.274,1.115,0.0,20.246,1.285,213,828600,241,19.776,0.31,4.906,0,0,768294912,0,5,1,cloister
13.948,14.531,1.029,0.0,20.246,1.285,213,828600,241,19.821,0.31,4.904,0,0,768294912,0,5,1,cloister
13.962,14.68,1.231,0.0,20.246,1.285,213,828600,241,19.866,0.31,4.903,0,0,768294912,0,5,1,cloister
13.977,14.309,0.832,0.0,20.246,1.285,213,828600,241,19.911,0.31,4.901,0,0,768294912,0,5,1,cloister
13.991,14.41,0.958,0.0,20.246,1.285,213,828600,241,19.956,0.31,4.9,0,0,768294912,0,5,1,cloister
14.006,14.29,1.023,0.0,20.246,1.285,213,828600,241,20.001,0.31,4.898,0,0,768294912,0,5,1,cloister
14.021,14.568,0.606,0.0,20.246,1.285,213,828600,241,20.046,0.31,4.897,0,0,768294912,0,5,1,cloister
14.035,14.514,0.542,0.0,20.246,1.285,211,828484,239,20.091,0.31,4.895,0,0,768294912,0,5,1,cloister
14.05,13.886,0.523,0.0,20.246,1.285,210,828364,238,20.091,0.31,4.895,0,0,768294912,0,5,1,cloister
14.064,15.411,0.504,0.0,20.246,1.285,210,828364,238,20.136,0.31,4.894,0,0,768294912,0,5,1,cloister
14.079,14.473,0.548,0.0,20.246,1.285,209,828328,237,20.181,0.31,4.892,0,0,768294912,0,5,1,cloister
14.093,15.131,0.508,0.0,20.246,1.285,208,828326,236,20.226,0.31,4.891,0,0,768294912,0,5,1,cloister
14.108,14.213,0.612,0.0,20.246,1.285,208,828326,236,20.271,0.31,4.889,0,0,768294912,0,5,1,cloister
14.123,21.474,0.753,0.0,20.246,1.285,208,828326,236,20.315,0.31,4.888,0,0,768294912,0,5,1,cloister
14.138,14.107,0.71,0.0,20.257,1.439,208,828326,236,20.36,0.31,4.886,0,0,768294912,0,5,1,cloister
14.153,15.65,1.023,0.0,20.257,1.439,208,828326,236,20.405,0.31,4.884,0,0,768294912,0,5,1,cloister
14.167,13.256,1.347,0.0,20.257,1.439,208,828326,236,20.45,0.31,4.883,0,0,768294912,0,5,1,cloister
14.182,13.835,1.497,0.0,20.257,1.439,207,828324,235,20.45,0.31,4.883,0,0,768294912,0,5,1,cloister
14.197,14.275,1.614,0.0,20.257,1.439,207,828324,235,20.495,0.31,4.881,0,0,768294912,0,5,1,cloister
14.212,14.327,1.043,0.0,20.257,1.439,207,828206,235,20.54,0.31,4.879,0,0,768294912,0,5,1,cloister
14.226,15.332,0.423,0.0,20.257,1.439,207,828206,235,20.585,0.31,4.878,0,0,768294912,0,5,1,cloister
14.241,14.689,0.527,0.0,20.257,1.439,207,828206,235,20.63,0.31,4.876,0,0,768294912,0,5,1,cloister
14.256,14.232,1.355,0.0,20.257,1.439,207,828206,235,20.675,0.31,4.874,0,0,768294912,0,5,1,cloister
14.27,15.691,0.755,0.0,20.257,1.439,207,828206,235,20.72,0.31,4.873,0,0,768294912,0,5,1,cloister
14.285,13.884,1.12,0.0,20.257,1.439,207,828206,235,20.765,0.31,4.871,0,0,768294912,0,5,1,cloister
14.299,13.031,1.218,0.0,20.257,1.439,206,828086,234,20.765,0.31,4.871,0,0,768294912,0,5,1,cloister
14.314,15.175,0.71,0.0,20.257,1.439,206,828086,234,20.81,0.31,4.869,0,0,768294912,0,5,1,cloister
14.329,14.335,0.669,0.0,20.257,1.439,205,828062,233,20.855,0.31,4.867,0,0,768294912,0,5,1,cloister
14.343,19.901,0.466,0.0,20.257,1.439,205,828062,233,20.9,0.31,4.866,0,0,768294912,0,5,1,cloister
14.358,14.569,0.531,0.0,20.257,1.439,205,828062,233,20.945,0.31,4.864,0,0,768294912,0,5,1,cloister
14.373,14.755,0.418,0.0,20.257,1.439,205,828128,233,20.99,0.31,4.862,0,0,768294912,0,5,1,cloister
14.388,14.56,0.389,0.0,20.257,1.439,205,828128,233,21.035,0.31,4.86,0,0,768294912,0,5,1,cloister
14.403,14.673,0.49,0.0,20.257,1.439,205,828128,233,21.08,0.31,4.859,0,0,768294912,0,5,1,cloister
14.418,15.187,0.422,0.0,20.257,1.439,204,828112,232,21.125,0.31,4.857,0,0,768294912,0,5,1,cloister
14.432,13.592,0.495,0.0,20.257,1.439,204,828112,232,21.125,0.31,4.857,0,0,768294912,0,5,1,cloister
14.447,15.131,0.547,0.0,20.257,1.439,204,828112,232,21.17,0.31,4.855,0,0,768294912,0,5,1,cloister
14.462,14.745,0.5,0.0,20.257,1.439,204,828112,232,21.215,0.31,4.853,0,0,768294912,0,5,1,cloister
14.477,14.539,0.533,0.0,20.257,1.439,204,828112,232,21.26,0.31,4.852,0,0,768294912,0,5,1,cloister
14.492,20.598,0.711,0.0,20.257,1.439,204,828112,232,21.305,0.31,4.85,0,0,768294912,0,5,1,cloister
14.507,15.1,0.602,0.0,20.257,1.439,204,828112,232,21.35,0.31,4.848,0,0,768294912,0,5,1,cloister
14.521,14.358,0.668,0.0,20.257,1.439,204,828112,232,21.395,0.31,4.846,0,0,768294912,0,5,1,cloister
14.536,14.195,0.777,0.0,20.257,1.439,204,828112,232,21.44,0.31,4.845,0,0,768294912,0,5,1,cloister
14.551,13.969,1.095,0.0,20.257,1.439,204,828112,232,21.485,0.31,4.843,0,0,768294912,0,5,1,cloister
14.566,15.054,0.539,0.0,20.257,1.439,204,828112,232,21.485,0.31,4.843,0,0,768294912,0,5,1,cloister
14.581,14.13,0.511,0.0,20.257,1.439,204,828112,232,21.53,0.31,4.841,0,0,768294912,0,5,1,cloister
14.595,14.255,1.461,0.0,20.257,1.439,204,828112,232,21.575,0.31,4.839,0,0,768294912,0,5,1,cloister
14.61,14.907,0.792,0.0,20.257,1.439,204,828112,232,21.62,0.31,4.838,0,0,768294912,0,5,1,cloister
14.625,14.381,1.151,0.0,20.257,1.439,204,828112,232,21.664,0.31,4.836,0,0,768294912,0,5,1,cloister
14.64,14.818,1.423,0.0,20.257,1.439,204,828112,232,21.709,0.31,4.834,0,0,768294912,0,5,1,cloister
14.655,13.619,1.038,0.0,20.257,1.439,204,828112,232,21.754,0.31,4.832,0,0,768294912,0,5,1,cloister
14.67,14.521,1.06,0.0,20.257,1.439,204,828112,232,21.799,0.31,4.83,0,0,768294912,0,5,1,cloister
14.684,14.565,0.758,0.0,20.257,1.439,204,828112,232,21.844,0.31,4.829,0,0,768294912,0,5,1,cloister
14.699,12.644,0.947,0.0,20.257,1.439,204,828112,232,21.844,0.31,4.829,0,0,768294912,0,5,1,cloister
14.714,22.062,1.106,0.0,20.257,1.439,204,828112,232,21.889,0.31,4.827,0,0,768294912,0,5,1,cloister
14.729,13.733,0.864,0.0,20.257,1.439,204,828112,232,21.934,0.31,4.825,0,0,768294912,0,5,1,cloister
14.744,13.353,0.95,0.0,20.257,1.439,204,828112,232,21.979,0.31,4.823,0,0,768294912,0,5,1,cloister
14.758,14.783,1.105,0.0,20.257,1.439,204,828112,232,22.024,0.31,4.822,0,0,768294912,0,5,1,cloister
14.773,14.336,0.413,0.0,20.257,1.439,205,852768,233,22.069,0.31,4.82,0,0,768294912,0,5,1,cloister
14.788,13.9,0.356,0.0,20.257,1.439,203,852360,231,22.114,0.31,4.818,0,0,768294912,0,5,1,cloister
14.803,14.174,0.366,0.0,20.257,1.439,203,852360,231,22.159,0.31,4.816,0,0,768294912,0,5,1,cloister
14.818,14.255,0.305,0.0,20.257,1.439,203,852360,231,22.204,0.31,4.814,0,0,768294912,0,5,1,cloister
14.833,13.599,0.276,0.0,20.257,1.439,203,852360,231,22.204,0.31,4.814,0,0,768294912,0,5,1,cloister
14.847,14.635,0.423,0.0,20.257,1.439,203,852360,231,22.249,0.31,4.813,0,0,768294912,0,5,1,cloister
14.862,14.359,0.345,0.0,20.257,1.439,203,852360,231,22.294,0.31,4.811,0,0,768294912,0,5,1,cloister
14.877,14.401,0.288,0.0,20.257,1.439,203,852360,231,22.339,0.31,4.809,0,0,768294912,0,5,1,cloister
14.892,14.121,0.405,0.0,20.257,1.439,203,852360,231,22.384,0.31,4.807,0,0,768294912,0,5,1,cloister
14.907,14.224,0.328,0.0,20.257,1.439,203,852360,231,22.429,0.31,4.806,0,0,768294912,0,5,1,cloister
14.921,14.644,0.299,0.0,20.257,1.439,202,852344,230,22.474,0.31,4.804,0,0,768294912,0,5,1,cloister
14.936,14.04,0.42,0.0,20.257,1.439,202,852344,230,22.519,0.31,4.802,0,0,768294912,0,5,1,cloister
14.95,13.765,0.421,0.0,20.257,1.439,202,852344,230,22.519,0.31,4.802,0,0,768294912,0,5,1,cloister
14.965,14.926,0.366,0.0,20.257,1.439,202,852344,230,22.564,0.31,4.8,0,0,768294912,0,5,1,cloister
14.979,14.114,0.369,0.0,20.257,1.439,202,852344,230,22.609,0.31,4.798,0,0,768294912,0,5,1,cloister
14.994,14.276,0.418,0.0,20.257,1.439,202,852344,230,22.654,0.31,4.797,0,0,768294912,0,5,1,cloister
15.009,20.161,0.521,0.0,20.257,1.439,202,852344,230,22.699,0.31,4.795,0,0,768294912,0,5,1,cloister
15.023,13.664,0.468,0.0,20.257,1.439,202,852344,230,22.744,0.31,4.793,0,0,768294912,0,5,1,cloister
15.038,14.604,0.487,0.0,20.257,1.439,202,852344,230,22.789,0.31,4.791,0,0,768294912,0,5,1,cloister
15.053,14.504,0.438,0.0,20.257,1.439,203,852416,231,22.834,0.31,4.789,0,0,768294912,0,5,1,cloister
15.068,14.044,0.538,0.0,20.257,1.439,203,852416,231,22.879,0.31,4.788,0,0,768294912,0,5,1,cloister
15.083,13.721,0.542,0.0,20.257,1.439,203,852416,231,22.879,0.31,4.788,0,0,768294912,0,5,1,cloister
15.097,14.72,0.431,0.0,20.257,1.439,203,852416,231,22.923,0.31,4.786,0,0,768294912,0,5,1,cloister
15.112,13.997,0.472,0.0,20.257,1.439,203,852416,231,22.968,0.31,4.784,0,0,768294912,0,5,1,cloister
15.127,13.944,0.427,0.0,20.257,1.439,201,852352,229,23.013,0.31,4.782,0,0,768294912,0,5,1,cloister
15.141,13.971,0.388,0.0,20.585,1.708,202,854128,230,23.058,0.31,4.781,0,0,768294912,0,5,1,cloister
15.156,14.006,0.437,0.0,20.585,1.708,202,854128,230,23.103,0.31,4.779,0,0,768294912,0,5,1,cloister
15.17,14.618,0.361,0.0,20.585,1.708,199,853712,227,23.148,0.31,4.777,0,0,768294912,0,5,1,cloister
15.185,14.909,0.341,0.0,20.585,1.708,199,853712,227,23.193,0.31,4.775,0,0,768294912,0,5,1,cloister
15.2,13.003,0.565,0.0,20.585,1.708,199,853712,227,23.193,0.31,4.775,0,0,768294912,0,5,1,cloister
15.214,14.989,1.196,0.0,20.585,1.708,199,853712,227,23.238,0.31,4.773,0,0,768294912,0,5,1,cloister
15.229,13.971,1.094,0.0,20.585,1.708,199,853712,227,23.283,0.31,4.772,0,0,768294912,0,5,1,cloister
15.244,19.939,1.149,0.0,20.585,1.708,199,853712,227,23.328,0.31,4.77,0,0,768294912,0,5,1,cloister
15.258,13.962,0.592,0.0,20.585,1.708,199,853712,227,23.373,0.31,4.768,0,0,768294912,0,5,1,cloister
15.273,14.838,0.544,0.0,20.585,1.708,199,853712,227,23.418,0.31,4.766,0,0,768294912,0,5,1,cloister
15.288,13.628,1.032,0.0,20.585,1.708,200,853736,228,23.463,0.31,4.764,0,0,768294912,0,5,1,cloister
15.303,20.646,1.27,0.0,20.585,1.708,202,853740,230,23.508,0.31,4.763,0,0,768294912,0,5,1,cloister
15.317,13.701,1.065,0.0,20.585,1.708,202,853740,230,23.553,0.31,4.761,0,0,768294912,0,5,1,cloister
15.332,13.505,1.101,0.0,20.585,1.708,202,853740,230,23.553,0.31,4.761,0,0,768294912,0,5,1,cloister
15.347,14.511,1.431,0.0,20.585,1.708,202,853740,230,23.598,0.31,4.759,0,0,768294912,0,5,1,cloister
15.362,13.931,0.974,0.0,20.585,1.708,202,853740,230,23.643,0.31,4.757,0,0,768294912,0,5,1,cloister
15.377,14.25,1.041,0.0,20.585,1.708,202,853740,230,23.688,0.31,4.756,0,0,768294912,0,5,1,cloister
15.392,14.227,1.028,0.0,20.585,1.708,200,853672,228,23.733,0.31,4.754,0,0,768294912,0,5,1,cloister
15.406,13.544,1.083,0.0,20.585,1.708,200,853658,228,23.778,0.31,4.752,0,0,768294912,0,5,1,cloister
15.421,14.467,1.057,0.0,20.585,1.708,200,853658,228,23.823,0.31,4.75,0,0,768294912,0,5,1,cloister
15.435,14.325,0.991,0.0,20.585,1.708,200,853658,228,23.868,0.31,4.748,0,0,768294912,0,5,1,cloister
15.45,13.218,0.986,0.0,20.585,1.708,200,853658,228,23.868,0.31,4.748,0,0,768294912,0,5,1,cloister
15.464,14.363,1.017,0.0,20.585,1.708,200,853658,228,23.913,0.31,4.747,0,0,768294912,0,5,1,cloister
15.479,13.712,0.95,0.0,20.585,1.708,200,853658,228,23.958,0.31,4.745,0,0,768294912,0,5,1,cloister
15.494,14.217,1.067,0.0,20.585,1.708,200,853658,228,24.003,0.31,4.743,0,0,768294912,0,5,1,cloister
15.508,13.893,0.972,0.0,20.585,1.708,200,853658,228,24.048,0.31,4.741,0,0,768294912,0,5,1,cloister
15.523,13.605,0.987,0.0,20.585,1.708,199,853538,227,24.093,0.31,4.739,0,0,768294912,0,5,1,cloister
15.537,13.984,0.985,0.0,20.585,1.708,199,853538,227,24.138,0.31,4.738,0,0,768294912,0,5,1,cloister
15.552,13.763,1.054,0.0,20.585,1.708,199,853538,227,24.182,0.31,4.736,0,0,768294912,0,5,1,cloister
15.567,13.28,0.952,0.0,20.585,1.708,199,853538,227,24.182,0.31,4.736,0,0,768294912,0,5,1,cloister
15.581,14.898,0.96,0.0,20.585,1.708,199,853538,227,24.227,0.31,4.734,0,0,768294912,0,5,1,cloister
15.595,13.259,1.007,0.0,20.585,1.708,199,853538,227,24.272,0.31,4.732,0,0,768294912,0,5,1,cloister
15.609,13.939,0.981,0.0,20.585,1.708,199,853538,227,24.317,0.31,4.731,0,0,768294912,0,5,1,cloister
15.623,14.288,1.009,0.0,20.585,1.708,199,853538,227,24.362,0.31,4.729,0,0,768294912,0,5,1,cloister
15.637,13.615,1.017,0.0,20.585,1.708,198,853526,226,24.407,0.31,4.727,0,0,768294912,0,5,1,cloister
15.651,13.871,0.967,0.0,20.585,1.708,199,853528,227,24.452,0.31,4.725,0,0,768294912,0,5,1,cloister
15.667,20.157,1.113,0.0,20.585,1.708,200,856524,228,24.497,0.31,4.723,0,0,768294912,0,5,1,cloister
15.681,13.59,0.768,0.0,20.585,1.708,201,857500,229,24.497,0.31,4.723,0,0,768294912,0,5,1,cloister
15.696,15.634,0.99,0.0,20.585,1.708,201,857500,229,24.542,0.31,4.722,0,0,768294912,0,5,1,cloister
15.71,12.695,1.628,0.0,20.585,1.708,201,857500,229,24.587,0.31,4.72,0,0,768294912,0,5,1,cloister
15.725,13.717,1.026,0.0,20.585,1.708,201,857500,229,24.632,0.31,4.718,0,0,768294912,0,5,1,cloister
15.74,13.912,0.983,0.0,20.585,1.708,201,857500,229,24.677,0.31,4.716,0,0,768294912,0,5,1,cloister
15.754,13.751,1.052,0.0,20.585,1.708,201,857500,229,24.722,0.31,4.714,0,0,768294912,0,5,1,cloister
15.768,13.96,0.757,0.0,20.585,1.708,199,857476,227,24.767,0.31,4.713,0,0,768294912,0,5,1,cloister
15.782,12.84,1.02,0.0,20.585,1.708,199,857476,227,24.767,0.31,4.713,0,0,768294912,0,5,1,cloister
15.796,14.836,0.763,0.0,20.585,1.708,199,857476,227,24.812,0.31,4.711,0,0,768294912,0,5,1,cloister
15.81,13.898,0.696,0.0,20.585,1.708,199,857476,227,24.857,0.31,4.709,0,0,768294912,0,5,1,cloister
15.824,13.964,0.999,0.0,20.585,1.708,199,857476,227,24.902,0.31,4.707,0,0,768294912,0,5,1,cloister
15.838,14.213,0.98,0.0,20.585,1.708,199,857476,227,24.947,0.31,4.705,0,0,768294912,0,5,1,cloister
15.851,13.482,1.011,0.0,20.585,1.708,198,857452,226,24.992,0.31,4.704,0,0,768294912,0,5,1,cloister
15.865,12.992,0.906,0.0,20.585,1.708,199,857454,227,24.992,0.31,4.704,0,0,768294912,0,5,1,cloister
15.879,14.525,1.07,0.0,20.585,1.708,199,857454,227,25.037,0.31,4.702,0,0,768294912,0,5,1,cloister
15.893,13.78,0.971,0.0,20.585,1.708,200,857502,228,25.082,0.31,4.7,0,0,768294912,0,5,1,cloister
15.907,20.676,1.277,0.0,20.585,1.708,200,857502,228,25.127,0.31,4.698,0,0,768294912,0,5,1,cloister
15.92,14.132,1.076,0.0,20.585,1.708,200,857502,228,25.172,0.31,4.697,0,0,768294912,0,5,1,cloister
15.934,14.053,0.998,0.0,20.585,1.708,200,857502,228,25.217,0.31,4.695,0,0,768294912,0,5,1,cloister
15.948,13.496,0.956,0.0,20.585,1.708,200,857502,228,25.217,0.31,4.695,0,0,768294912,0,5,1,cloister
15.962,14.574,1.118,0.0,20.585,1.708,200,857502,228,25.262,0.31,4.693,0,0,768294912,0,5,1,cloister
15.976,14.021,1.013,0.0,20.585,1.708,200,857502,228,25.307,0.31,4.691,0,0,768294912,0,5,1,cloister
15.99,14.43,0.983,0.0,20.585,1.708,200,857502,228,25.352,0.31,4.689,0,0,768294912,0,5,1,cloister
16.004,14.135,1.566,0.0,20.585,1.708,200,857502,228,25.397,0.31,4.688,0,0,768294912,0,5,1,cloister
16.018,13.785,0.974,0.0,20.585,1.708,200,857396,228,25.441,0.31,4.686,0,0,768294912,0,5,1,cloister
16.032,13.063,1.16,0.0,20.585,1.708,200,857396,228,25.441,0.31,4.686,0,0,768294912,0,5,1,cloister
16.046,13.904,0.908,0.0,20.585,1.708,200,857396,228,25.486,0.31,4.684,0,0,768294912,0,5,1,cloister
16.06,13.793,0.426,0.0,20.585,1.708,200,857396,228,25.531,0.31,4.682,0,0,768294912,0,5,1,cloister
16.073,14.659,0.416,0.0,20.585,1.708,200,857396,228,25.576,0.31,4.68,0,0,768294912,0,5,1,cloister
16.087,13.861,0.46,0.0,20.585,1.708,200,857396,228,25.621,0.31,4.679,0,0,768294912,0,5,1,cloister
16.101,13.865,0.987,0.0,20.585,1.708,200,857396,228,25.666,0.31,4.677,0,0,768294912,0,5,1,cloister
16.115,13.317,0.968,0.0,20.585,1.708,200,857396,228,25.666,0.31,4.677,0,0,768294912,0,5,1,cloister
16.129,14.362,0.974,0.0,20.585,1.708,200,857396,228,25.711,0.31,4.675,0,0,768294912,0,5,1,cloister
16.143,13.719,1.179,0.0,19.865,1.133,200,857396,228,25.756,0.31,4.673,0,0,768294912,0,5,1,cloister
16.157,13.642,1.088,0.0,19.865,1.133,200,857396,228,25.801,0.31,4.672,0,0,768294912,0,5,1,cloister
16.171,13.749,0.948,0.0,19.865,1.133,199,857360,227,25.846,0.31,4.67,0,0,768294912,0,5,1,cloister
16.185,13.813,1.058,0.0,19.865,1.133,199,857360,227,25.891,0.31,4.668,0,0,768294912,0,5,1,cloister
16.198,13.292,0.96,0.0,19.865,1.133,199,857360,227,25.891,0.31,4.668,0,0,768294912,0,5,1,cloister
16.212,14.354,0.974,0.0,19.865,1.133,199,857360,227,25.936,0.31,4.666,0,0,768294912,0,5,1,cloister
16.226,13.933,0.989,0.0,19.865,1.133,199,857360,227,25.981,0.31,4.664,0,0,768294912,0,5,1,cloister
16.24,14.188,1.144,0.0,19.865,1.133,199,857360,227,26.026,0.31,4.663,0,0,768294912,0,5,1,cloister
16.254,13.31,0.694,0.0,19.865,1.133,199,857360,227,26.071,0.31,4.661,0,0,768294912,0,5,1,cloister
16.268,14.254,0.981,0.0,19.865,1.133,199,857360,227,26.116,0.31,4.659,0,0,768294912,0,5,1,cloister
16.282,13.312,0.584,0.0,19.865,1.133,199,857360,227,26.116,0.31,4.659,0,0,768294912,0,5,1,cloister
16.296,14.735,0.664,0.0,19.865,1.133,199,857360,227,26.161,0.31,4.657,0,0,768294912,0,5,1,cloister
16.31,14.345,0.958,0.0,19.865,1.133,199,857360,227,26.206,0.31,4.655,0,0,768294912,0,5,1,cloister
16.323,13.559,0.994,0.0,19.865,1.133,199,857360,227,26.251,0.31,4.654,0,0,768294912,0,5,1,cloister
16.337,14.164,0.988,0.0,19.865,1.133,199,857360,227,26.296,0.31,4.652,0,0,768294912,0,5,1,cloister
16.351,14.163,0.97,0.0,19.865,1.133,198,857336,226,26.341,0.31,4.65,0,0,768294912,0,5,1,cloister
16.365,13.93,0.972,0.0,19.865,1.133,198,857336,226,26.341,0.31,4.65,0,0,768294912,0,5,1,cloister
16.38,14.727,1.117,0.0,19.865,1.133,198,857336,226,26.386,0.31,4.648,0,0,768294912,0,5,1,cloister
16.394,14.084,0.947,0.0,19.865,1.133,198,857336,226,26.431,0.31,4.646,0,0,768294912,0,5,1,cloister
16.408,14.121,0.955,0.0,19.865,1.133,198,857336,226,26.476,0.31,4.645,0,0,768294912,0,5,1,cloister
16.422,14.375,0.952,0.0,19.865,1.133,198,857336,226,26.521,0.31,4.643,0,0,768294912,0,5,1,cloister
16.436,14.202,0.997,0.0,19.865,1.133,197,855560,225,26.566,0.31,4.641,0,0,768294912,0,5,1,cloister
16.45,13.886,1.046,0.0,19.865,1.133,197,855560,225,26.611,0.31,4.639,0,0,768294912,0,5,1,cloister
16.464,13.064,1.114,0.0,19.865,1.133,197,855560,225,26.611,0.31,4.639,0,0,768294912,0,5,1,cloister
16.478,20.572,1.118,0.0,19.865,1.133,197,855560,225,26.655,0.31,4.638,0,0,768294912,0,5,1,cloister
16.493,13.843,1.059,0.0,19.865,1.133,196,855558,224,26.7,0.31,4.636,0,0,768294912,0,5,1,cloister
16.507,14.214,0.981,0.0,19.865,1.133,195,855556,223,26.745,0.31,4.634,0,0,768294912,0,5,1,cloister
16.521,13.429,0.971,0.0,19.865,1.133,195,855556,223,26.79,0.31,4.632,0,0,768294912,0,5,1,cloister
16.536,13.98,1.091,0.0,19.865,1.133,195,855556,223,26.835,0.31,4.63,0,0,768294912,0,5,1,cloister
16.55,13.638,0.744,0.0,19.865,1.133,191,855376,219,26.88,0.31,4.629,0,0,768294912,0,5,1,cloister
16.564,13.239,1.043,0.0,19.865,1.133,191,855376,219,26.88,0.31,4.629,0,0,768294912,0,5,1,cloister
16.579,14.714,1.136,0.0,19.865,1.133,191,855376,219,26.925,0.31,4.627,0,0,768294912,0,5,1,cloister
16.593,13.674,0.982,0.0,19.865,1.133,191,855376,219,26.97,0.31,4.625,0,0,768294912,0,5,1,cloister
16.607,13.838,0.74,0.0,19.865,1.133,191,855376,219,27.015,0.31,4.623,0,0,768294912,0,5,1,cloister
16.621,13.66,1.312,0.0,19.865,1.133,191,855376,219,27.06,0.31,4.621,0,0,768294912,0,5,1,cloister
16.636,14.298,1.07,0.0,19.865,1.133,191,855376,219,27.105,0.31,4.62,0,0,768294912,0,5,1,cloister
16.65,12.826,1.193,0.0,19.865,1.133,191,855376,219,27.105,0.31,4.62,0,0,768294912,0,5,1,cloister
16.664,14.233,1.359,0.0,19.865,1.133,191,855376,219,27.148,0.31,4.617,0,0,768294912,0,5,1,cloister
16.678,13.852,0.92,0.0,19.865,1.133,223,861736,251,27.189,0.31,4.614,0,0,768294912,0,5,1,cloister
16.692,14.265,0.999,0.0,19.865,1.133,227,864676,255,27.229,0.31,4.609,0,0,768294912,0,5,1,cloister
16.706,13.991,1.134,0.0,19.865,1.133,243,873237,271,27.268,0.31,4.603,0,0,768294912,0,5,1,cloister
16.72,13.681,1.251,0.0,19.865,1.133,244,873395,272,27.306,0.31,4.595,0,0,768294912,0,5,1,cloister
16.734,14.599,1.033,0.0,19.865,1.133,250,873547,278,27.344,0.31,4.586,0,0,768294912,0,5,1,cloister
16.748,13.358,0.637,0.0,19.865,1.133,263,882050,291,27.344,0.31,4.586,0,0,768294912,0,5,1,cloister
16.762,15.113,1.394,0.0,19.865,1.133,263,882050,291,27.381,0.31,4.575,0,0,768294912,0,5,1,cloister
16.776,13.724,1.216,0.0,19.865,1.133,266,884756,294,27.417,0.31,4.561,0,0,768294912,0,5,1,cloister
16.79,14.092,1.237,0.0,19.865,1.133,264,882956,292,27.453,0.31,4.546,0,0,768294912,0,5,1,cloister
16.804,13.662,1.349,0.0,19.865,1.133,265,883036,293,27.489,0.31,4.53,0,0,768294912,0,5,1,cloister
16.818,13.208,1.236,0.0,19.865,1.133,265,883036,293,27.523,0.31,4.511,0,0,768294912,0,5,1,cloister
16.832,14.782,1.193,0.0,19.865,1.133,265,881960,293,27.523,0.31,4.511,0,0,768294912,0,5,1,cloister
16.846,14.081,0.86,0.0,19.865,1.133,265,881960,293,27.557,0.31,4.491,0,0,768294912,0,5,1,cloister
16.86,14.187,1.177,0.0,19.865,1.133,268,882044,296,27.591,0.31,4.469,0,0,768294912,0,5,1,cloister
16.874,13.055,1.239,0.0,19.865,1.133,268,882044,296,27.623,0.31,4.445,0,0,768294912,0,5,1,cloister
16.888,13.798,0.923,0.0,19.865,1.133,267,851100,295,27.655,0.31,4.42,0,0,768294912,0,5,1,cloister
16.902,21.528,0.774,0.0,19.865,1.133,267,851100,295,27.686,0.31,4.394,0,0,768294912,0,5,1,cloister
16.917,12.497,0.744,0.0,19.865,1.133,264,851048,292,27.717,0.31,4.366,0,0,768294912,0,5,1,cloister
16.931,13.098,1.426,0.0,19.865,1.133,264,851048,292,27.717,0.31,4.366,0,0,768294912,0,5,1,cloister
16.945,14.97,1.205,0.0,19.865,1.133,264,851048,292,27.746,0.31,4.337,0,0,768294912,0,5,1,cloister
16.96,13.266,1.088,0.0,19.865,1.133,264,851048,292,27.775,0.31,4.307,0,0,768294912,0,5,1,cloister
16.974,14.151,1.25,0.0,19.865,1.133,265,851192,293,27.802,0.31,4.275,0,0,768294912,0,5,1,cloister
16.988,13.964,1.047,0.0,19.865,1.133,265,851192,293,27.829,0.31,4.243,0,0,768294912,0,5,1,cloister
17.002,13.86,1.332,0.0,19.865,1.133,265,851280,293,27.856,0.31,4.21,0,0,768294912,0,5,1,cloister
17.017,13.784,1.134,0.0,19.865,1.133,268,851974,296,27.881,0.31,4.176,0,0,768294912,0,5,1,cloister
17.031,13.32,1.214,0.0,19.865,1.133,268,851994,296,27.881,0.31,4.176,0,0,768294912,0,5,1,cloister
17.045,14.544,1.04,0.0,19.865,1.133,268,851994,296,27.905,0.31,4.14,0,0,768294912,0,5,1,cloister
17.06,13.772,1.077,0.0,19.865,1.133,269,857308,297,27.929,0.31,4.105,0,0,768294912,0,5,1,cloister
17.074,13.994,0.723,0.0,19.865,1.133,270,857828,298,27.951,0.31,4.068,0,0,768294912,0,5,1,cloister
17.088,14.341,0.605,0.0,19.865,1.133,271,858547,299,27.973,0.31,4.031,0,0,768294912,0,5,1,cloister
17.102,13.632,0.552,0.0,19.865,1.133,271,858895,299,27.993,0.31,3.993,0,0,768294912,0,5,1,cloister
17.116,13.195,0.605,0.0,19.865,1.133,269,858891,297,27.993,0.31,3.993,0,0,768294912,0,5,1,cloister
17.13,21.501,0.574,0.0,20.564,1.223,269,858891,297,28.013,0.31,3.955,0,0,768294912,0,5,1,cloister
17.145,13.828,0.682,0.0,20.564,1.223,274,861908,302,28.032,0.31,3.916,0,0,768294912,0,5,1,cloister
17.159,14.171,0.619,0.0,20.564,1.223,275,862353,303,28.05,0.31,3.876,0,0,768294912,0,5,1,cloister
17.173,14.594,0.604,0.0,20.564,1.223,274,861954,302,28.067,0.31,3.836,0,0,768294912,0,5,1,cloister
17.187,14.065,0.571,0.0,20.564,1.223,275,862353,303,28.083,0.31,3.796,0,0,768294912,0,5,1,cloister
17.202,14.06,0.658,0.0,20.564,1.223,275,862353,303,28.099,0.31,3.756,0,0,768294912,0,5,1,cloister
17.216,13.227,0.534,0.0,20.564,1.223,272,862435,300,28.099,0.31,3.756,0,0,768294912,0,5,1,cloister
17.23,15.239,0.46,0.0,20.564,1.223,272,862435,300,28.113,0.31,3.715,0,0,768294912,0,5,1,cloister
17.245,13.474,0.591,0.0,20.564,1.223,272,859213,300,28.126,0.31,3.674,0,0,768294912,0,5,1,cloister
17.259,14.316,1.148,0.0,20.564,1.223,272,858927,300,28.139,0.31,3.632,0,0,768294912,0,5,1,cloister
17.273,14.081,0.615,0.0,20.564,1.223,271,858925,299,28.15,0.31,3.59,0,0,768294912,0,5,1,cloister
17.287,13.977,1.131,0.0,20.564,1.223,270,858923,298,28.161,0.31,3.548,0,0,768294912,0,5,1,cloister
17.302,14.226,1.232,0.0,20.564,1.223,267,854971,295,28.17,0.31,3.505,0,0,768294912,0,5,1,cloister
17.316,13.69,1.18,0.0,20.564,1.223,269,854995,297,28.17,0.31,3.505,0,0,768294912,0,5,1,cloister
17.33,14.746,1.176,0.0,20.564,1.223,269,854995,297,28.179,0.31,3.463,0,0,768294912,0,5,1,cloister
17.345,13.826,1.402,0.0,20.564,1.223,265,853867,293,28.187,0.31,3.419,0,0,768294912,0,5,1,cloister
17.359,13.89,1.158,0.0,20.564,1.223,262,856327,290,28.194,0.31,3.376,0,0,768294912,0,5,1,cloister
17.373,14.758,1.172,0.0,20.564,1.223,261,856657,289,28.2,0.31,3.332,0,0,768294912,0,5,1,cloister
17.387,13.05,2.26,0.0,20.564,1.223,260,856665,288,28.206,0.31,3.289,0,0,768294912,0,5,1,cloister
17.402,21.814,1.325,0.0,20.564,1.223,258,853667,286,28.211,0.31,3.245,0,0,768294912,0,5,1,cloister
17.416,12.246,0.923,0.0,20.564,1.223,255,852687,283,28.211,0.31,3.245,0,0,768294912,0,5,1,cloister
17.43,15.62,1.379,0.0,20.564,1.223,255,852687,283,28.216,0.31,3.201,0,0,768294912,0,5,1,cloister
17.445,13.329,1.192,0.0,20.564,1.223,251,852411,279,28.219,0.31,3.156,0,0,768294912,0,5,1,cloister
17.459,13.823,1.225,0.0,20.564,1.223,246,848433,274,28.223,0.31,3.112,0,0,768294912,0,5,1,cloister
17.478,20.25,1.301,0.0,20.564,1.223,245,848431,273,28.225,0.31,3.068,0,0,768294912,0,5,1,cloister
17.492,13.558,1.058,0.0,20.564,1.223,244,848429,272,28.227,0.297,3.023,0,0,768294912,0,5,1,cloister
17.506,14.742,1.082,0.0,20.564,1.223,242,848599,270,28.229,0.286,2.978,0,0,768294912,0,5,1,cloister
17.521,13.463,1.235,0.0,20.564,1.223,241,848467,269,28.23,0.268,2.933,0,0,768294912,0,5,1,cloister
17.536,13.833,1.21,0.0,20.564,1.223,240,848443,268,28.231,0.241,2.89,0,0,768294912,0,5,1,cloister
17.55,13.517,1.128,0.0,20.564,1.223,239,848419,267,28.231,0.241,2.89,0,0,768294912,0,5,1,cloister
17.565,14.592,1.248,0.0,20.564,1.223,239,848419,267,28.231,0.241,2.84,0,0,768294912,0,5,1,cloister
17.58,14.166,1.243,0.0,20.564,1.223,237,848383,265,28.231,0.234,2.795,0,0,768294912,0,5,1,cloister
17.594,14.118,1.122,0.0,20.564,1.223,235,848335,263,28.231,0.227,2.773,0,0,768294912,0,5,1,cloister
17.609,14.166,1.166,0.0,20.564,1.223,233,845859,261,28.231,0.213,2.782,0,0,768294912,0,5,1,cloister
17.624,14.642,1.215,0.0,20.564,1.223,232,844223,260,28.231,0.194,2.793,0,0,768294912,0,5,1,cloister
17.639,13.815,1.168,0.0,20.564,1.223,230,844175,258,28.231,0.167,2.806,0,0,768294912,0,5,1,cloister
17.654,14.111,1.035,0.0,20.564,1.223,230,844175,258,28.231,0.145,2.807,0,0,768294912,0,5,1,cloister
17.669,13.841,1.157,0.0,20.564,1.223,230,844175,258,28.217,0.317,2.658,0,0,768294912,0,5,1,cloister
17.683,13.064,0.672,0.0,20.564,1.223,230,844057,258,28.217,0.317,2.658,0,0,768294912,0,5,1,cloister
17.698,15.184,0.455,0.0,20.564,1.223,230,844057,258,28.216,0.326,2.654,0,0,768294912,0,5,1,cloister
17.712,13.972,0.471,0.0,20.564,1.223,230,844057,258,28.215,0.333,2.642,0,0,768294912,0,5,1,cloister
17.727,14.371,0.632,0.0,20.564,1.223,229,843985,257,28.214,0.34,2.625,0,0,768294912,0,5,1,cloister
17.742,14.236,0.524,0.0,20.564,1.223,229,843985,257,28.212,0.348,2.602,0,0,768294912,0,5,1,cloister
17.756,14.351,0.561,0.0,20.564,1.223,229,843985,257,28.209,0.354,2.575,0,0,768294912,0,5,1,cloister
17.771,14.326,0.598,0.0,20.564,1.223,229,843985,257,28.207,0.358,2.544,0,0,768294912,0,5,1,cloister
17.785,27.537,0.557,0.0,20.564,1.223,229,843985,257,28.204,0.351,2.51,0,0,768294912,0,6,1,church
17.8,3.879,0.743,0.0,20.564,1.223,247,876232,322,28.201,0.359,2.475,0,0,770048000,0,6,1,church
17.815,14.959,0.644,0.0,20.564,1.223,245,876208,320,28.201,0.359,2.475,0,0,770048000,0,6,1,church
17.83,15.033,0.431,0.0,20.564,1.223,245,876208,320,28.197,0.36,2.437,0,0,770048000,0,6,1,church
17.845,14.446,0.535,0.0,20.564,1.223,245,877250,320,28.194,0.36,2.398,0,0,770048000,0,6,1,church
17.859,13.844,0.556,0.0,20.564,1.223,245,877250,320,28.19,0.36,2.359,0,0,770048000,0,6,1,church
17.874,20.5,0.802,0.0,20.564,1.223,242,852570,317,28.186,0.36,2.318,0,0,770048000,0,6,1,church
17.889,14.225,0.596,0.0,20.564,1.223,241,852550,316,28.182,0.36,2.276,0,0,770048000,0,6,1,church
17.904,14.043,0.577,0.0,20.564,1.223,240,850774,315,28.178,0.36,2.234,0,0,770048000,0,6,1,church
17.919,14.355,0.516,0.0,20.564,1.223,239,848682,314,28.174,0.36,2.192,0,0,770048000,0,6,1,church
17.933,13.613,0.515,0.0,20.564,1.223,237,848632,312,28.17,0.36,2.149,0,0,770048000,0,6,1,church
17.948,13.869,0.427,0.0,20.564,1.223,237,848632,312,28.17,0.36,2.149,0,0,770048000,0,6,1,church
17.963,14.715,0.319,0.0,20.564,1.223,237,848632,312,28.166,0.36,2.106,0,0,770048000,0,6,1,church
17.978,13.986,0.418,0.0,20.564,1.223,235,848516,310,28.161,0.36,2.062,0,0,770048000,0,6,1,church
17.993,14.245,0.384,0.0,20.564,1.223,235,848516,310,28.157,0.36,2.018,0,0,770048000,0,6,1,church
18.007,14.256,0.345,0.0,20.564,1.223,233,845518,308,28.152,0.36,1.974,0,0,770048000,0,6,1,church
18.022,13.948,0.381,0.0,20.564,1.223,233,845518,308,28.147,0.36,1.93,0,0,770048000,0,6,1,church
18.036,14.442,0.353,0.0,20.564,1.223,228,844301,303,28.143,0.36,1.886,0,0,770048000,0,6,1,church
18.051,14.71,0.403,0.0,20.564,1.223,228,844301,303,28.138,0.36,1.842,0,0,770048000,0,6,1,church
18.066,13.981,0.481,0.0,20.564,1.223,225,844007,300,28.138,0.36,1.842,0,0,770048000,0,6,1,church
18.08,14.97,0.455,0.0,20.564,1.223,225,844007,300,28.132,0.36,1.798,0,0,770048000,0,6,1,church
18.095,14.107,0.607,0.0,20.564,1.223,223,849566,298,28.126,0.36,1.755,0,0,770048000,0,6,1,church
18.109,14.377,0.531,0.0,20.564,1.223,220,849434,295,28.119,0.36,1.711,0,0,770048000,0,6,1,church
18.124,14.024,0.393,0.0,20.564,1.223,217,824142,292,28.112,0.36,1.668,0,0,770048000,0,6,1,church
18.138,14.383,0.462,0.0,19.84,14.15,216,823862,291,28.104,0.36,1.624,0,0,770048000,0,6,1,church
18.153,14.609,0.482,0.0,19.84,14.15,212,823710,287,28.096,0.36,1.581,0,0,770048000,0,6,1,church
18.168,14.823,0.425,0.0,19.84,14.15,210,820806,285,28.086,0.36,1.537,0,0,770048000,0,6,1,church
18.183,20.12,0.509,0.0,19.84,14.15,210,820806,285,28.077,0.36,1.494,0,0,770048000,0,6,1,church
18.198,13.769,0.54,0.0,19.84,14.15,209,820804,284,28.077,0.36,1.494,0,0,770048000,0,6,1,church
18.213,15.496,0.457,0.0,19.84,14.15,209,820804,284,28.066,0.36,1.451,0,0,770048000,0,6,1,church
18.228,14.841,0.568,0.0,19.84,14.15,206,815972,281,28.055,0.36,1.408,0,0,770048000,0,6,1,church
18.243,14.201,0.577,0.0,19.84,14.15,206,815972,281,28.043,0.36,1.365,0,0,770048000,0,6,1,church
18.257,14.537,0.805,0.0,19.84,14.15,200,811027,275,28.031,0.36,1.323,0,0,770048000,0,6,1,church
18.272,14.651,0.596,0.0,19.84,14.15,198,811009,273,28.018,0.36,1.28,0,0,770048000,0,6,1,church
18.287,14.382,0.646,0.0,19.84,14.15,192,804865,267,28.005,0.36,1.237,0,0,770048000,0,6,1,church
18.302,14.227,0.667,0.0,19.84,14.15,192,804865,267,27.991,0.36,1.195,0,0,770048000,0,6,1,church
18.316,14.313,0.585,0.0,19.84,14.15,191,810637,266,27.991,0.36,1.195,0,0,770048000,0,6,1,church
18.331,21.801,0.595,0.0,19.84,14.15,191,810637,266,27.977,0.36,1.152,0,0,770048000,0,6,1,church
18.346,14.691,0.559,0.0,19.84,14.15,184,809657,259,27.963,0.36,1.11,0,0,770048000,0,6,1,church
18.361,14.421,0.676,0.0,19.84,14.15,184,809657,259,27.948,0.36,1.068,0,0,770048000,0,6,1,church
18.375,14.364,0.612,0.0,19.84,14.15,182,806659,257,27.933,0.36,1.026,0,0,770048000,0,6,1,church
18.39,14.597,0.593,0.0,19.84,14.15,179,806075,254,27.917,0.36,0.984,0,0,770048000,0,6,1,church
18.405,14.515,0.462,0.0,19.84,14.15,178,805378,253,27.902,0.36,0.942,0,0,770048000,0,6,1,church
18.42,16.108,0.409,0.0,19.84,14.15,176,776492,251,27.886,0.36,0.9,0,0,770048000,0,6,1,church
18.435,14.229,0.492,0.0,19.84,14.15,176,776492,251,27.869,0.36,0.858,0,0,770048000,0,6,1,church
18.45,13.995,1.102,0.0,19.84,14.15,176,776492,251,27.869,0.36,0.858,0,0,770048000,0,6,1,church
18.464,14.998,0.761,0.0,19.84,14.15,176,776492,251,27.853,0.36,0.816,0,0,770048000,0,6,1,church
18.479,14.786,1.247,0.0,19.84,14.15,173,773492,248,27.836,0.36,0.774,0,0,770048000,0,6,1,church
18.494,13.819,1.081,0.0,19.84,14.15,172,773142,247,27.82,0.36,0.733,0,0,770048000,0,6,1,church
18.51,21.738,1.524,0.0,19.84,14.15,171,772445,246,27.803,0.36,0.691,0,0,770048000,0,6,1,church
18.525,14.024,1.017,0.0,19.84,14.15,171,772445,246,27.785,0.36,0.649,0,0,770048000,0,6,1,church
18.54,14.687,1.243,0.0,19.84,14.15,170,768583,245,27.768,0.36,0.608,0,0,770048000,0,6,1,church
18.555,14.037,1.178,0.0,19.84,14.15,169,768571,244,27.751,0.36,0.567,0,0,770048000,0,6,1,church
18.569,15.545,1.101,0.0,19.84,14.15,169,768571,244,27.733,0.36,0.525,0,0,770048000,0,6,1,church
18.584,14.579,0.711,0.0,19.84,14.15,167,719259,242,27.716,0.36,0.484,0,0,770048000,0,6,1,church
18.599,13.379,1.116,0.0,19.84,14.15,167,719259,242,27.716,0.36,0.484,0,0,770048000,0,6,1,church
18.614,15.002,0.935,0.0,19.84,14.15,167,719259,242,27.698,0.36,0.442,0,0,770048000,0,6,1,church
18.629,14.996,0.592,0.0,19.84,14.15,167,719259,242,27.68,0.36,0.401,0,0,770048000,0,6,1,church
18.644,14.777,0.551,0.0,19.84,14.15,167,719259,242,27.662,0.36,0.36,0,0,770048000,0,6,1,church
18.659,16.927,0.429,0.0,19.84,14.15,166,716595,241,27.644,0.36,0.319,0,0,770048000,0,6,1,church
18.674,12.586,0.451,0.0,19.84,14.15,165,711072,240,27.626,0.36,0.277,0,0,770048000,0,6,1,church
18.689,15.07,0.407,0.0,19.84,14.15,165,711072,240,27.608,0.36,0.236,0,0,770048000,0,6,1,church
18.704,15.012,0.392,0.0,19.84,14.15,165,711072,240,27.59,0.36,0.195,0,0,770048000,0,6,1,church
18.719,14.454,0.422,0.0,19.84,14.15,165,711072,240,27.572,0.36,0.154,0,0,770048000,0,6,1,church
18.734,14.777,0.443,0.0,19.84,14.15,165,711072,240,27.554,0.36,0.113,0,0,770048000,0,6,1,church
18.749,14.373,0.444,0.0,19.84,14.15,165,711072,240,27.554,0.36,0.113,0,0,770048000,0,6,1,church
18.764,15.119,0.435,0.0,19.84,14.15,165,711072,240,27.535,0.36,0.072,0,0,770048000,0,6,1,church
18.779,15.246,0.48,0.0,19.84,14.15,163,711014,238,27.517,0.36,0.031,0,0,770048000,0,6,1,church
18.794,14.665,0.433,0.0,19.84,14.15,163,711014,238,27.499,0.36,-0.011,0,0,770048000,0,6,1,church
18.809,14.661,0.43,0.0,19.84,14.15,163,711014,238,27.48,0.36,-0.052,0,0,770048000,0,6,1,church
18.824,14.93,0.417,0.0,19.84,14.15,163,711014,238,27.462,0.36,-0.093,0,0,770048000,0,6,1,church
18.839,14.849,0.477,0.0,19.84,14.15,162,710998,237,27.443,0.36,-0.134,0,0,770048000,0,6,1,church
18.854,13.971,0.511,0.0,19.84,14.15,162,710998,237,27.425,0.36,-0.175,0,0,770048000,0,6,1,church
18.869,14.205,0.466,0.0,19.84,14.15,161,709938,236,27.406,0.36,-0.216,0,0,770048000,0,6,1,church
18.884,14.31,0.338,0.0,19.84,14.15,160,709890,235,27.388,0.36,-0.257,0,0,770048000,0,6,1,church
18.899,14.293,0.264,0.0,19.84,14.15,160,709890,235,27.388,0.36,-0.257,0,0,770048000,0,6,1,church
18.914,14.662,0.302,0.0,19.84,14.15,160,709890,235,27.369,0.36,-0.298,0,0,770048000,0,6,1,church
18.929,14.248,0.329,0.0,19.84,14.15,159,709874,234,27.351,0.36,-0.339,0,0,770048000,0,6,1,church
18.944,14.625,0.396,0.0,19.84,14.15,159,709874,234,27.332,0.36,-0.38,0,0,770048000,0,6,1,church
18.959,14.13,0.321,0.0,19.84,14.15,159,709874,234,27.313,0.36,-0.421,0,0,770048000,0,6,1,church
18.974,14.046,0.345,0.0,19.84,14.15,159,709874,234,27.295,0.36,-0.462,0,0,770048000,0,6,1,church
18.989,14.529,0.395,0.0,19.84,14.15,158,707806,233,27.276,0.36,-0.503,0,0,770048000,0,6,1,church
19.003,13.908,0.35,0.0,19.84,14.15,158,707806,233,27.257,0.36,-0.543,0,0,770048000,0,6,1,church
19.018,14.496,0.347,0.0,19.84,14.15,156,707710,231,27.239,0.36,-0.584,0,0,770048000,0,6,1,church
19.033,13.655,0.376,0.0,19.84,14.15,156,707710,231,27.239,0.36,-0.584,0,0,770048000,0,6,1,church
19.048,14.171,0.436,0.0,19.84,14.15,156,707710,231,27.22,0.36,-0.625,0,0,770048000,0,6,1,church
19.063,14.106,0.412,0.0,19.84,14.15,156,707710,231,27.201,0.36,-0.666,0,0,770048000,0,6,1,church
19.077,13.953,0.381,0.0,19.84,14.15,156,707710,231,27.183,0.36,-0.707,0,0,770048000,0,6,1,church
19.092,14.284,0.392,0.0,19.84,14.15,156,707710,231,27.164,0.36,-0.748,0,0,770048000,0,6,1,church
19.107,19.739,0.525,0.0,19.84,14.15,156,707710,231,27.145,0.36,-0.789,0,0,770048000,0,6,1,church
19.122,13.555,0.441,0.0,19.84,14.15,156,707710,231,27.127,0.36,-0.83,0,0,770048000,0,6,1,church
19.137,13.795,0.483,0.0,20.92,1.328,155,675646,230,27.108,0.36,-0.871,0,0,770048000,0,6,1,church
19.151,13.447,0.4,0.0,20.92,1.328,155,675646,230,27.089,0.36,-0.912,0,0,770048000,0,6,1,church
19.166,12.787,0.456,0.0,20.92,1.328,155,675646,230,27.089,0.36,-0.912,0,0,770048000,0,6,1,church
19.18,13.862,0.338,0.0,20.92,1.328,155,675646,230,27.07,0.36,-0.953,0,0,770048000,0,6,1,church
19.194,13.307,0.474,0.0,20.92,1.328,155,675646,230,27.052,0.36,-0.994,0,0,770048000,0,6,1,church
19.207,13.154,0.447,0.0,20.92,1.328,155,675646,230,27.033,0.36,-1.035,0,0,770048000,0,6,1,church
19.22,13.195,0.483,0.0,20.92,1.328,155,675646,230,27.014,0.36,-1.075,0,0,770048000,0,6,1,church
19.235,20.158,0.477,0.0,20.92,1.328,155,675646,230,26.995,0.36,-1.116,0,0,770048000,0,6,1,church
19.25,13.3,0.416,0.0,20.92,1.328,155,675646,230,26.984,0.38,-1.152,0,0,770048000,0,6,1,church
19.264,12.558,0.509,0.0,20.92,1.328,155,675646,230,26.984,0.38,-1.152,0,0,770048000,0,6,1,church
19.279,14.086,0.542,0.0,20.92,1.328,155,675646,230,26.972,0.405,-1.186,0,0,770048000,0,6,1,church
19.293,13.928,0.629,0.0,20.92,1.328,155,675646,230,26.958,0.425,-1.224,0,0,770048000,0,6,1,church
19.307,12.936,0.526,0.0,20.92,1.328,155,675646,230,26.969,0.426,-1.235,0,0,770048000,0,6,1,church
19.32,13.007,0.659,0.0,20.92,1.328,155,675646,230,26.976,0.429,-1.25,0,0,770048000,0,6,1,church
19.334,13.422,0.484,0.0,20.92,1.328,155,675646,230,26.979,0.434,-1.269,0,0,770048000,0,6,1,church
19.347,12.876,0.427,0.0,20.92,1.328,155,675646,230,26.979,0.434,-1.269,0,0,770048000,0,6,1,church
19.36,14.188,0.399,0.0,20.92,1.328,155,675646,230,26.99,0.435,-1.281,0,0,770048000,0,6,1,church
19.374,13.23,0.464,0.0,20.92,1.328,155,675646,230,26.997,0.438,-1.297,0,0,770048000,0,6,1,church
19.387,13.596,0.569,0.0,20.92,1.328,155,675646,230,27.008,0.438,-1.312,0,0,770048000,0,6,1,church
19.401,13.622,0.589,0.0,20.92,1.328,155,675646,230,27.018,0.439,-1.327,0,0,770048000,0,6,1,church
19.414,12.842,0.509,0.0,20.92,1.328,155,675646,230,27.018,0.439,-1.327,0,0,770048000,0,6,1,church
19.427,13.635,0.532,0.0,20.92,1.328,155,675646,230,27.028,0.44,-1.345,0,0,770048000,0,6,1,church
19.441,13.454,0.623,0.0,20.92,1.328,153,671510,228,27.037,0.44,-1.365,0,0,770048000,0,6,1,church
19.455,13.93,0.49,0.0,20.92,1.328,153,671510,228,27.041,0.43,-1.389,0,0,770048000,0,6,1,church
19.468,13.506,0.421,0.0,20.92,1.328,152,668818,227,27.052,0.438,-1.413,0,0,770048000,0,6,1,church
19.482,12.686,0.532,0.0,20.92,1.328,152,668818,227,27.052,0.438,-1.413,0,0,770048000,0,6,1,church
19.495,14.717,0.497,0.0,20.92,1.328,152,668818,227,27.06,0.438,-1.439,0,0,770048000,0,6,1,church
19.508,13.618,0.454,0.0,20.92,1.328,152,668818,227,27.062,0.438,-1.468,0,0,770048000,0,6,1,church
19.522,13.911,0.478,0.0,20.92,1.328,151,668558,226,27.072,0.441,-1.496,0,0,770048000,0,6,1,church
19.535,13.866,0.509,0.0,20.92,1.328,151,668558,226,27.081,0.441,-1.525,0,0,770048000,0,6,1,church
19.548,13.142,0.48,0.0,20.92,1.328,151,668558,226,27.081,0.441,-1.525,0,0,770048000,0,6,1,church
19.562,14.874,0.477,0.0,20.92,1.328,151,668558,226,27.083,0.441,-1.556,0,0,770048000,0,6,1,church
19.575,14.236,0.553,0.0,20.92,1.328,151,668558,226,27.095,0.443,-1.586,0,0,770048000,0,6,1,church
19.588,14.28,0.611,0.0,20.92,1.328,151,668558,226,27.108,0.437,-1.615,0,0,770048000,0,6,1,church
19.602,14.353,0.499,0.0,20.92,1.328,152,668568,227,27.117,0.438,-1.646,0,0,770048000,0,6,1,church
19.615,13.211,0.707,0.0,20.92,1.328,152,668568,227,27.117,0.438,-1.646,0,0,770048000,0,6,1,church
19.628,15.733,0.62,0.0,20.92,1.328,152,668568,227,27.12,0.438,-1.679,0,0,770048000,0,6,1,church
19.642,14.664,0.663,0.0,20.92,1.328,150,668408,225,27.128,0.44,-1.711,0,0,770048000,0,6,1,church
19.655,13.994,0.999,0.0,20.92,1.328,150,668408,225,27.131,0.441,-1.745,0,0,770048000,0,6,1,church
19.669,14.606,1.022,0.0,20.92,1.328,150,668408,225,27.13,0.433,-1.78,0,0,770048000,0,6,1,church
19.683,14.932,0.639,0.0,20.92,1.328,150,668408,225,27.129,0.429,-1.816,0,0,770048000,0,6,1,church
19.697,14.886,0.579,0.0,20.92,1.328,150,668408,225,27.129,0.429,-1.816,0,0,770048000,0,6,1,church
19.711,14.933,0.94,0.0,20.92,1.328,150,668408,225,27.124,0.436,-1.854,0,0,770048000,0,6,1,church
19.724,14.749,0.883,0.0,20.92,1.328,150,668408,225,27.113,0.436,-1.891,0,0,770048000,0,6,1,church
19.738,14.867,0.657,0.0,20.92,1.328,148,667796,223,27.102,0.438,-1.929,0,0,770048000,0,6,1,church
19.753,15.307,1.172,0.0,20.92,1.328,148,667796,223,27.091,0.438,-1.968,0,0,770048000,0,6,1,church
19.769,15.708,1.035,0.0,20.92,1.328,148,667796,223,27.079,0.438,-2.007,0,0,770048000,0,6,1,church
19.784,15.161,0.968,0.0,20.92,1.328,148,667796,223,27.068,0.439,-2.047,0,0,770048000,0,6,1,church
19.804,20.179,1.051,0.0,20.92,1.328,147,665012,222,27.056,0.439,-2.087,0,0,770048000,0,6,1,church
19.82,15.921,0.628,0.0,20.92,1.328,146,663890,221,27.043,0.44,-2.127,0,0,770048000,0,6,1,church
19.835,15.945,0.75,0.0,20.92,1.328,145,663888,220,27.03,0.43,-2.168,0,0,770048000,0,6,1,church
19.851,15.207,0.727,0.0,20.92,1.328,145,663888,220,27.017,0.425,-2.209,0,0,770048000,0,6,1,church
19.866,14.785,1.243,0.0,20.92,1.328,144,660552,219,27.017,0.425,-2.209,0,0,770048000,0,6,1,church
19.882,17.16,1.263,0.0,20.92,1.328,144,660552,219,27.003,0.415,-2.25,0,0,770048000,0,6,1,church
19.897,14.502,1.217,0.0,20.92,1.328,143,660364,218,26.987,0.406,-2.292,0,0,770048000,0,6,1,church
19.912,15.817,1.471,0.0,20.92,1.328,143,660364,218,26.972,0.394,-2.334,0,0,770048000,0,6,1,church
19.928,15.299,1.038,0.0,20.92,1.328,143,660364,218,26.956,0.38,-2.375,0,0,770048000,0,6,1,church
19.943,14.886,1.138,0.0,20.92,1.328,141,656358,216,26.94,0.365,-2.417,0,0,770048000,0,6,1,church
19.96,17.177,1.123,0.0,20.92,1.328,139,652104,214,26.923,0.36,-2.459,0,0,770048000,0,6,1,church
19.975,14.067,0.914,0.0,20.92,1.328,139,652104,214,26.902,0.36,-2.498,0,0,770048000,0,6,1,church
19.99,15.503,0.94,0.0,20.92,1.328,139,652104,214,26.881,0.36,-2.537,0,0,770048000,0,6,1,church
20.005,15.389,1.12,0.0,20.92,1.328,139,652104,214,26.859,0.36,-2.576,0,0,770048000,0,6,1,church
20.021,15.387,1.117,0.0,20.92,1.328,139,652104,214,26.836,0.36,-2.615,0,0,770048000,0,6,1,church
20.036,15.509,1.057,0.0,20.92,1.328,139,652104,214,26.814,0.36,-2.653,0,0,770048000,0,6,1,church
20.059,23.468,1.03,0.0,20.92,1.328,139,652104,214,26.791,0.36,-2.692,0,0,770048000,0,6,1,church
20.076,14.013,1.126,0.0,20.92,1.328,139,652104,214,26.768,0.36,-2.73,0,0,770048000,0,6,1,church
20.093,15.9,1.119,0.0,20.92,1.328,139,652104,214,26.745,0.36,-2.769,0,0,770048000,0,6,1,church
20.109,16.271,0.501,0.0,20.92,1.328,139,652104,214,26.722,0.36,-2.807,0,0,770048000,0,6,1,church
20.126,16.046,0.628,0.0,20.92,1.328,140,657627,215,26.699,0.36,-2.845,0,0,770048000,0,6,1,church
20.143,15.842,0.702,0.0,21.884,1.539,140,657627,215,26.675,0.36,-2.884,0,0,770048000,0,6,1,church
20.159,15.352,1.134,0.0,21.884,1.539,140,657627,215,26.652,0.36,-2.922,0,0,770048000,0,6,1,church
20.176,15.446,0.937,0.0,21.884,1.539,141,663049,216,26.628,0.36,-2.96,0,0,770048000,0,6,1,church
20.193,15.619,0.392,0.0,21.884,1.539,142,665713,217,26.604,0.36,-2.998,0,0,770048000,0,6,1,church
20.209,16.479,0.398,0.0,21.884,1.539,142,665713,217,26.58,0.36,-3.036,0,0,770048000,0,6,1,church
20.225,15.562,0.501,0.0,21.884,1.539,142,665713,217,26.556,0.36,-3.074,0,0,770048000,0,6,1,church
20.24,15.055,1.126,0.0,21.884,1.539,142,665713,217,26.532,0.36,-3.112,0,0,770048000,0,6,1,church
20.255,15.034,1.229,0.0,21.884,1.539,142,665713,217,26.508,0.36,-3.15,0,0,770048000,0,6,1,church
20.271,15.672,1.109,0.0,21.884,1.539,142,665713,217,26.484,0.36,-3.188,0,0,770048000,0,6,1,church
20.287,15.622,0.734,0.0,21.884,1.539,142,665713,217,26.46,0.36,-3.226,0,0,770048000,0,6,1,church
20.302,16.299,0.419,0.0,21.884,1.539,142,665713,217,26.436,0.36,-3.264,0,0,770048000,0,6,1,church
20.318,16.163,0.5,0.0,21.884,1.539,143,665725,218,26.412,0.36,-3.302,0,0,770048000,0,6,1,church
20.334,15.446,0.963,0.0,21.884,1.539,143,665725,218,26.387,0.36,-3.34,0,0,770048000,0,6,1,church
20.35,14.954,1.312,0.0,21.884,1.539,143,665725,218,26.387,0.36,-3.34,0,0,770048000,0,6,1,church
20.366,23.541,1.279,0.0,21.884,1.539,143,665725,218,26.363,0.36,-3.378,0,0,770048000,0,6,1,church
20.383,14.915,1.117,0.0,21.884,1.539,142,673701,217,26.339,0.36,-3.416,0,0,770048000,0,6,1,church
20.4,15.334,1.013,0.0,21.884,1.539,142,673701,217,26.315,0.36,-3.454,0,0,770048000,0,6,1,church
20.416,15.706,0.993,0.0,21.884,1.539,142,673701,217,26.29,0.36,-3.491,0,0,770048000,0,6,1,church
20.433,15.363,1.021,0.0,21.884,1.539,142,673701,217,26.266,0.36,-3.529,0,0,770048000,0,6,1,church
20.45,15.691,0.944,0.0,21.884,1.539,142,673701,217,26.241,0.36,-3.567,0,0,770048000,0,6,1,church
20.465,15.611,1.03,0.0,21.884,1.539,142,673701,217,26.217,0.36,-3.605,0,0,770048000,0,6,1,church
20.481,16.113,0.926,0.0,21.884,1.539,142,673701,217,26.192,0.36,-3.643,0,0,770048000,0,6,1,church
20.497,15.892,1.045,0.0,21.884,1.539,142,673701,217,26.168,0.36,-3.68,0,0,770048000,0,6,1,church
20.513,15.783,0.944,0.0,21.884,1.539,142,673701,217,26.143,0.36,-3.718,0,0,770048000,0,6,1,church
20.528,15.347,0.958,0.0,21.884,1.539,142,673701,217,26.119,0.36,-3.756,0,0,770048000,0,6,1,church
20.544,15.473,0.96,0.0,21.884,1.539,141,673593,216,26.094,0.36,-3.794,0,0,770048000,0,6,1,church
20.559,15.41,0.934,0.0,21.884,1.539,141,673593,216,26.07,0.36,-3.831,0,0,770048000,0,6,1,church
20.575,15.581,0.956,0.0,21.884,1.539,141,673593,216,26.045,0.36,-3.869,0,0,770048000,0,6,1,church
20.591,15.736,0.933,0.0,21.884,1.539,141,673593,216,26.021,0.36,-3.907,0,0,770048000,0,6,1,church
20.606,15.766,0.936,0.0,21.884,1.539,141,673593,216,25.996,0.36,-3.944,0,0,770048000,0,6,1,church
20.622,15.489,1.064,0.0,21.884,1.539,141,673593,216,25.971,0.36,-3.982,0,0,770048000,0,6,1,church
20.637,15.308,1.028,0.0,21.884,1.539,141,673593,216,25.947,0.36,-4.02,0,0,770048000,0,6,1,church
20.652,15.215,0.915,0.0,21.884,1.539,141,673593,216,25.922,0.36,-4.057,0,0,770048000,0,6,1,church
20.669,21.293,1.177,0.0,21.884,1.539,141,673593,216,25.898,0.36,-4.095,0,0,770048000,0,6,1,church
20.686,15.427,0.752,0.0,21.884,1.539,141,673593,216,25.873,0.36,-4.133,0,0,770048000,0,6,1,church
20.702,15.474,0.882,0.0,21.884,1.539,140,673591,215,25.848,0.36,-4.17,0,0,770048000,0,6,1,church
20.719,15.367,0.935,0.0,21.884,1.539,140,673591,215,25.824,0.36,-4.208,0,0,770048000,0,6,1,church
20.735,15.215,0.726,0.0,21.884,1.539,140,673591,215,25.799,0.36,-4.246,0,0,770048000,0,6,1,church
20.752,21.551,0.773,0.0,21.884,1.539,138,665131,213,25.774,0.36,-4.283,0,0,770048000,0,6,1,church
20.768,15.192,1.028,0.0,21.884,1.539,138,665131,213,25.75,0.36,-4.321,0,0,770048000,0,6,1,church
20.785,15.178,0.919,0.0,21.884,1.539,134,665029,162,25.725,0.36,-4.359,0,0,770048000,0,6,1,church
20.802,15.343,0.901,0.0,21.884,1.539,134,665029,162,25.7,0.36,-4.396,0,0,770048000,0,6,1,church
20.818,15.368,1.069,0.0,21.884,1.539,134,665029,162,25.676,0.36,-4.434,0,0,770048000,0,6,1,church
20.833,14.784,0.701,0.0,21.884,1.539,132,659645,160,25.676,0.36,-4.434,0,0,770048000,0,6,1,church
20.848,15.554,1.038,0.0,21.884,1.539,132,659645,160,25.651,0.36,-4.471,0,0,770048000,0,6,1,church
20.864,15.424,1.016,0.0,21.884,1.539,132,659645,160,25.626,0.36,-4.509,0,0,770048000,0,6,1,church
20.879,15.064,0.909,0.0,21.884,1.539,131,659621,159,25.602,0.36,-4.547,0,0,770048000,0,6,1,church
20.894,15.263,0.981,0.0,21.884,1.539,131,659621,159,25.577,0.36,-4.584,0,0,770048000,0,6,1,church
20.909,15.31,0.91,0.0,21.884,1.539,131,659621,159,25.552,0.36,-4.622,0,0,770048000,0,6,1,church
20.925,15.163,0.983,0.0,21.884,1.539,131,659621,159,25.528,0.36,-4.66,0,0,770048000,0,6,1,church
20.94,15.139,0.913,0.0,21.884,1.539,131,659621,159,25.503,0.36,-4.697,0,0,770048000,0,6,1,church
20.955,15.238,0.906,0.0,21.884,1.539,131,659621,159,25.478,0.36,-4.735,0,0,770048000,0,6,1,church
20.971,14.68,0.997,0.0,21.884,1.539,129,658533,157,25.453,0.36,-4.772,0,0,770048000,0,6,1,church
20.986,15.254,0.989,0.0,21.884,1.539,129,658533,157,25.429,0.36,-4.81,0,0,770048000,0,6,1,church
21.001,15.296,0.412,0.0,21.884,1.539,129,658533,157,25.404,0.36,-4.848,0,0,770048000,0,6,1,church
21.016,15.149,0.426,0.0,21.884,1.539,126,653149,154,25.404,0.36,-4.848,0,0,770048000,0,6,1,church
21.032,15.837,0.518,0.0,21.884,1.539,126,653149,154,25.379,0.36,-4.885,0,0,770048000,0,6,1,church
21.047,15.116,0.946,0.0,21.884,1.539,126,653149,154,25.354,0.36,-4.923,0,0,770048000,0,6,1,church
21.062,15.679,1.008,0.0,21.884,1.539,125,653137,153,25.33,0.36,-4.96,0,0,770048000,0,6,1,church
21.078,14.86,0.928,0.0,21.884,1.539,124,649133,152,25.305,0.36,-4.998,0,0,770048000,0,6,1,church
21.093,15.162,0.812,0.0,21.884,1.539,124,649133,152,25.28,0.36,-5.035,0,0,770048000,0,6,1,church
21.108,15.204,0.681,0.0,21.884,1.539,124,649133,152,25.255,0.36,-5.073,0,0,770048000,0,6,1,church
21.123,14.947,1.026,0.0,21.884,1.539,124,649133,152,25.231,0.36,-5.11,0,0,770048000,0,6,1,church
21.139,14.943,0.968,0.0,22.205,1.152,122,640369,150,25.206,0.36,-5.147,0,0,770048000,0,6,1,church
21.154,15.578,0.582,0.0,22.205,1.152,122,640301,150,25.181,0.36,-5.183,0,0,770048000,0,6,1,church
21.169,15.012,0.503,0.0,22.205,1.152,121,580863,149,25.155,0.36,-5.218,0,0,770048000,0,6,1,church
21.184,15.701,0.559,0.0,22.205,1.152,120,580399,148,25.129,0.36,-5.254,0,0,770048000,0,6,1,church
21.201,21.508,0.5,0.0,22.205,1.152,119,577527,147,25.102,0.36,-5.288,0,0,770048000,0,6,1,church
21.218,15.714,0.471,0.0,22.205,1.152,118,577405,146,25.074,0.36,-5.322,0,0,770048000,0,6,1,church
21.234,15.961,0.469,0.0,22.205,1.152,119,577429,147,25.046,0.36,-5.356,0,0,770048000,0,6,1,church
21.251,15.289,1.037,0.0,22.205,1.152,119,567751,147,25.017,0.36,-5.389,0,0,770048000,0,6,1,church
21.267,15.311,1.122,0.0,22.205,1.152,118,563889,146,24.988,0.36,-5.422,0,0,770048000,0,6,1,church
21.283,15.223,1.027,0.0,22.205,1.152,118,563889,146,24.988,0.36,-5.422,0,0,770048000,0,6,1,church
21.298,16.343,0.527,0.0,22.205,1.152,118,563889,146,24.958,0.36,-5.454,0,0,770048000,0,6,1,church
21.314,15.752,0.864,0.0,22.205,1.152,117,563877,145,24.927,0.36,-5.486,0,0,770048000,0,6,1,church
21.329,15.237,1.118,0.0,22.205,1.152,118,563879,146,24.896,0.36,-5.517,0,0,770048000,0,6,1,church
21.345,15.518,1.512,0.0,22.205,1.152,118,563879,146,24.864,0.36,-5.548,0,0,770048000,0,6,1,church
21.361,16.063,0.974,0.0,22.205,1.152,120,568015,148,24.832,0.36,-5.579,0,0,770048000,0,6,1,church
21.376,15.45,0.909,0.0,22.205,1.152,121,568159,149,24.799,0.36,-5.609,0,0,770048000,0,6,1,church
21.392,15.436,1.132,0.0,22.205,1.152,124,569315,152,24.766,0.36,-5.639,0,0,770048000,0,6,1,church
21.408,22.528,1.143,0.0,22.205,1.152,123,563987,151,24.732,0.36,-5.668,0,0,770048000,0,6,1,church
21.425,15.268,1.016,0.0,22.205,1.152,122,558464,150,24.699,0.36,-5.697,0,0,770048000,0,6,1,church
21.442,15.352,1.176,0.0,22.205,1.152,122,558464,150,24.664,0.36,-5.726,0,0,770048000,0,6,1,church
21.458,16.5,0.93,0.0,22.205,1.152,123,558466,151,24.63,0.36,-5.755,0,0,770048000,0,6,1,church
21.475,14.558,0.986,0.0,22.205,1.152,123,558466,151,24.595,0.36,-5.783,0,0,770048000,0,6,1,church
21.492,15.8,1.137,0.0,22.205,1.152,123,558466,151,24.56,0.36,-5.811,0,0,770048000,0,6,1,church
21.507,15.353,0.967,0.0,22.205,1.152,123,558466,151,24.525,0.36,-5.839,0,0,770048000,0,6,1,church
21.524,22.818,1.416,0.0,22.205,1.152,123,558466,151,24.49,0.36,-5.866,0,0,770048000,0,6,1,church
21.541,15.629,1.026,0.0,22.205,1.152,122,558456,150,24.454,0.36,-5.894,0,0,770048000,0,6,1,church
21.557,14.888,1.013,0.0,22.205,1.152,122,558456,150,24.419,0.36,-5.921,0,0,770048000,0,6,1,church
21.574,15.89,0.911,0.0,22.205,1.152,122,558456,150,24.383,0.36,-5.948,0,0,770048000,0,6,1,church
21.591,15.455,0.993,0.0,22.205,1.152,123,558572,151,24.347,0.36,-5.975,0,0,770048000,0,6,1,church
21.607,15.319,1.248,0.0,22.205,1.152,124,558662,152,24.311,0.36,-6.002,0,0,770048000,0,6,1,church
21.623,15.677,0.993,0.0,22.205,1.152,124,558662,152,24.275,0.36,-6.029,0,0,770048000,0,6,1,church
21.638,15.335,1.065,0.0,22.205,1.152,124,558662,152,24.239,0.36,-6.055,0,0,770048000,0,6,1,church
21.654,16.027,1.02,0.0,22.205,1.152,124,569714,152,24.202,0.36,-6.082,0,0,770048000,0,6,1,church
21.669,14.944,0.964,0.0,22.205,1.152,124,569714,152,24.166,0.36,-6.108,0,0,770048000,0,6,1,church
21.686,16.306,0.727,0.0,22.205,1.152,125,569726,153,24.129,0.36,-6.134,0,0,770048000,0,6,1,church
21.701,15.081,0.725,0.0,22.205,1.152,127,570314,155,24.093,0.36,-6.16,0,0,770048000,0,6,1,church
21.716,14.515,0.64,0.0,22.205,1.152,127,570314,155,24.093,0.36,-6.16,0,0,770048000,0,6,1,church
21.731,16.046,0.692,0.0,22.205,1.152,127,570314,155,24.056,0.36,-6.186,0,0,770048000,0,6,1,church
21.747,15.335,1.131,0.0,22.205,1.152,127,570314,155,24.019,0.36,-6.212,0,0,770048000,0,6,1,church
21.762,15.233,1.047,0.0,22.205,1.152,126,569254,154,23.983,0.36,-6.238,0,0,770048000,0,6,1,church
21.777,15.655,0.999,0.0,22.205,1.152,126,569254,154,23.946,0.36,-6.264,0,0,770048000,0,6,1,church
21.794,22.313,1.189,0.0,22.205,1.152,126,569254,154,23.909,0.36,-6.29,0,0,770048000,0,6,1,church
21.811,14.718,1.062,0.0,22.205,1.152,126,569254,154,23.872,0.36,-6.315,0,0,770048000,0,6,1,church
21.827,14.835,1.458,0.0,22.205,1.152,126,569254,154,23.835,0.36,-6.341,0,0,770048000,0,6,1,church
21.844,18.398,1.137,0.0,22.205,1.152,126,569254,154,23.798,0.36,-6.367,0,0,770048000,0,6,1,church
21.86,12.079,0.905,0.0,22.205,1.152,126,570982,154,23.761,0.36,-6.392,0,0,770048000,0,6,1,church
21.875,15.501,0.866,0.0,22.205,1.152,127,576298,155,23.724,0.36,-6.418,0,0,770048000,0,6,1,church
21.891,16.924,0.439,0.0,22.205,1.152,127,576298,155,23.687,0.36,-6.443,0,0,770048000,0,6,1,church
21.906,14.515,0.774,0.0,22.205,1.152,127,576298,155,23.65,0.36,-6.469,0,0,770048000,0,6,1,church
21.922,14.804,1.026,0.0,22.205,1.152,126,576296,154,23.613,0.36,-6.494,0,0,770048000,0,6,1,church
21.937,15.115,0.993,0.0,22.205,1.152,126,576296,154,23.576,0.36,-6.52,0,0,770048000,0,6,1,church
21.954,17.068,0.955,0.0,22.205,1.152,126,576296,154,23.538,0.36,-6.545,0,0,770048000,0,6,1,church
21.969,14.816,0.835,0.0,22.205,1.152,127,577336,155,23.501,0.36,-6.571,0,0,770048000,0,6,1,church
21.983,12.878,0.739,0.0,22.205,1.152,127,577336,155,23.501,0.36,-6.571,0,0,770048000,0,6,1,church
21.999,16.024,0.846,0.0,22.205,1.152,127,577336,155,23.464,0.36,-6.596,0,0,770048000,0,6,1,church
22.014,16.172,0.367,0.0,22.205,1.152,127,577336,155,23.427,0.36,-6.621,0,0,770048000,0,6,1,church
22.029,13.85,0.486,0.0,22.205,1.152,127,577336,155,23.39,0.36,-6.646,0,0,770048000,0,6,1,church
22.044,15.346,2.042,0.0,22.205,1.152,125,573200,153,23.352,0.36,-6.672,0,0,770048000,0,6,1,church
22.06,16.275,0.337,0.0,22.205,1.152,125,573200,153,23.315,0.36,-6.697,0,0,770048000,0,6,1,church
22.075,16.134,0.395,0.0,22.205,1.152,125,573200,153,23.278,0.36,-6.722,0,0,770048000,0,6,1,church
22.09,13.277,0.633,0.0,22.205,1.152,125,573200,153,23.241,0.36,-6.748,0,0,770048000,0,6,1,church
22.106,15.348,1.113,0.0,22.205,1.152,125,573200,153,23.203,0.36,-6.773,0,0,770048000,0,6,1,church
22.121,15.67,0.304,0.0,22.205,1.152,125,573200,153,23.166,0.36,-6.798,0,0,770048000,0,6,1,church
22.136,16.278,0.312,0.0,21.343,1.175,125,573200,153,23.129,0.36,-6.823,0,0,770048000,0,6,1,church
22.153,20.602,0.704,0.0,21.343,1.175,125,573200,153,23.092,0.36,-6.848,0,0,770048000,0,6,1,church
22.169,14.936,1.708,0.0,21.343,1.175,125,573200,153,23.054,0.36,-6.874,0,0,770048000,0,6,1,church
22.186,15.226,0.524,0.0,21.343,1.175,123,573104,151,23.017,0.36,-6.899,0,0,770048000,0,6,1,church
22.202,14.736,0.466,0.0,21.343,1.175,123,573104,151,22.98,0.36,-6.924,0,0,770048000,0,6,1,church
22.217,14.801,0.327,0.0,21.343,1.175,123,573104,151,22.942,0.36,-6.949,0,0,770048000,0,6,1,church
22.232,14.722,0.333,0.0,21.343,1.175,123,573104,151,22.942,0.36,-6.949,0,0,770048000,0,6,1,church
22.248,15.697,0.372,0.0,21.343,1.175,123,573104,151,22.905,0.36,-6.974,0,0,770048000,0,6,1,church
22.263,15.134,0.45,0.0,21.343,1.175,123,573104,151,22.868,0.36,-7.0,0,0,770048000,0,6,1,church
22.278,14.925,0.454,0.0,21.343,1.175,123,573104,151,22.831,0.36,-7.025,0,0,770048000,0,6,1,church
22.293,14.87,0.43,0.0,21.343,1.175,123,573104,151,22.793,0.36,-7.05,0,0,770048000,0,6,1,church
22.309,15.15,0.523,0.0,21.343,1.175,123,573104,151,22.756,0.36,-7.075,0,0,770048000,0,6,1,church
22.324,14.776,0.416,0.0,21.343,1.175,123,573104,151,22.719,0.36,-7.1,0,0,770048000,0,6,1,church
22.339,15.066,0.451,0.0,21.343,1.175,123,573104,151,22.681,0.36,-7.125,0,0,770048000,0,6,1,church
22.355,14.616,0.486,0.0,21.343,1.175,123,573104,151,22.644,0.36,-7.15,0,0,770048000,0,6,1,church
22.37,14.775,0.525,0.0,21.343,1.175,122,570412,150,22.607,0.36,-7.176,0,0,770048000,0,6,1,church
22.385,15.018,0.45,0.0,21.343,1.175,122,570412,150,22.569,0.36,-7.201,0,0,770048000,0,6,1,church
22.4,14.689,0.457,0.0,21.343,1.175,122,570412,150,22.532,0.36,-7.226,0,0,770048000,0,6,1,church
22.416,13.941,0.494,0.0,21.343,1.175,122,570412,150,22.532,0.36,-7.226,0,0,770048000,0,6,1,church
22.431,15.047,0.518,0.0,21.343,1.175,122,570412,150,22.495,0.36,-7.251,0,0,770048000,0,6,1,church
22.446,17.069,0.532,0.0,21.343,1.175,122,570412,150,22.457,0.36,-7.276,0,0,770048000,0,6,1,church
22.461,12.988,0.858,0.0,21.343,1.175,122,570412,150,22.42,0.36,-7.301,0,0,770048000,0,6,1,church
22.477,14.395,1.19,0.0,21.343,1.175,122,570412,150,22.383,0.36,-7.326,0,0,770048000,0,6,1,church
22.492,15.059,0.969,0.0,21.343,1.175,122,570412,150,22.345,0.36,-7.351,0,0,770048000,0,6,1,church
22.507,20.552,0.984,0.0,21.343,1.175,122,570412,150,22.308,0.36,-7.377,0,0,770048000,0,6,1,church
22.523,14.544,0.987,0.0,21.343,1.175,122,570412,150,22.271,0.36,-7.402,0,0,770048000,0,6,1,church
22.538,14.637,1.037,0.0,21.343,1.175,122,570412,150,22.233,0.36,-7.427,0,0,770048000,0,6,1,church
22.555,21.924,1.063,0.0,21.343,1.175,123,570436,151,22.196,0.36,-7.452,0,0,770048000,0,6,1,church
22.57,14.314,0.967,0.0,21.343,1.175,123,570436,151,22.159,0.36,-7.477,0,0,770048000,0,6,1,church
22.585,14.663,0.991,0.0,21.343,1.175,123,570436,151,22.121,0.36,-7.502,0,0,770048000,0,6,1,church
22.6,14.552,1.152,0.0,21.343,1.175,123,570436,151,22.121,0.36,-7.502,0,0,770048000,0,6,1,church
22.615,14.905,1.038,0.0,21.343,1.175,123,570436,151,22.084,0.36,-7.527,0,0,770048000,0,6,1,church
22.631,14.623,1.087,0.0,21.343,1.175,124,570446,152,22.047,0.36,-7.552,0,0,770048000,0,6,1,church
22.646,14.8,1.0,0.0,21.343,1.175,124,570446,152,22.009,0.36,-7.578,0,0,770048000,0,6,1,church
22.661,15.111,1.012,0.0,21.343,1.175,124,570446,152,21.972,0.36,-7.603,0,0,770048000,0,6,1,church
22.676,14.856,1.219,0.0,21.343,1.175,124,570446,152,21.935,0.36,-7.628,0,0,770048000,0,6,1,church
22.692,15.847,1.275,0.0,21.343,1.175,124,570446,152,21.897,0.36,-7.653,0,0,770048000,0,6,1,church
22.707,14.037,1.05,0.0,21.343,1.175,124,570446,152,21.86,0.36,-7.678,0,0,770048000,0,6,1,church
22.722,15.204,0.947,0.0,21.343,1.175,124,570446,152,21.823,0.36,-7.703,0,0,770048000,0,6,1,church
22.738,14.669,1.045,0.0,21.343,1.175,124,570446,152,21.785,0.36,-7.728,0,0,770048000,0,6,1,church
22.753,15.801,1.277,0.0,21.343,1.175,123,567754,151,21.748,0.36,-7.753,0,0,770048000,0,6,1,church
22.768,14.15,1.067,0.0,21.343,1.175,123,567754,151,21.711,0.36,-7.778,0,0,770048000,0,6,1,church
22.783,15.254,1.594,0.0,21.343,1.175,123,567754,151,21.711,0.36,-7.778,0,0,770048000,0,6,1,church
22.799,14.877,0.921,0.0,21.343,1.175,123,567754,151,21.673,0.36,-7.803,0,0,770048000,0,6,1,church
22.814,15.084,1.146,0.0,21.343,1.175,123,567754,151,21.636,0.36,-7.829,0,0,770048000,0,6,1,church
22.829,15.215,1.328,0.0,21.343,1.175,123,567754,151,21.598,0.36,-7.854,0,0,770048000,0,6,1,church
22.844,14.177,1.008,0.0,21.343,1.175,123,567754,151,21.561,0.36,-7.879,0,0,770048000,0,6,1,church
22.86,21.501,1.985,0.0,21.343,1.175,122,566714,150,21.524,0.36,-7.904,0,0,770048000,0,6,1,church
22.875,16.345,0.456,0.0,21.343,1.175,122,566714,150,21.486,0.36,-7.929,0,0,770048000,0,6,1,church
22.891,15.561,0.483,0.0,21.343,1.175,122,566714,150,21.449,0.36,-7.954,0,0,770048000,0,6,1,church
22.906,13.503,0.956,0.0,21.343,1.175,120,561386,148,21.412,0.36,-7.979,0,0,770048000,0,6,1,church
22.921,14.309,0.956,0.0,21.343,1.175,121,561398,149,21.374,0.36,-8.004,0,0,770048000,0,6,1,church
22.937,14.789,1.043,0.0,21.343,1.175,121,572435,149,21.337,0.36,-8.029,0,0,770048000,0,6,1,church
22.953,21.79,0.49,0.0,21.343,1.175,121,572435,149,21.3,0.36,-8.055,0,0,770048000,0,6,1,church
22.97,14.18,0.433,0.0,21.343,1.175,121,572435,149,21.262,0.36,-8.08,0,0,770048000,0,6,1,church
22.985,14.408,1.034,0.0,21.343,1.175,122,576297,150,21.225,0.36,-8.105,0,0,770048000,0,6,1,church
23.0,14.179,1.04,0.0,21.343,1.175,122,576297,150,21.225,0.36,-8.105,0,0,770048000,0,6,1,church
23.015,16.311,1.562,0.0,21.343,1.175,122,576297,150,21.188,0.36,-8.13,0,0,770048000,0,6,1,church
23.031,14.248,1.006,0.0,21.343,1.175,122,576297,150,21.15,0.36,-8.155,0,0,770048000,0,6,1,church
23.046,14.696,1.23,0.0,21.343,1.175,122,581577,150,21.113,0.36,-8.18,0,0,770048000,0,6,1,church
23.061,15.236,1.016,0.0,21.343,1.175,122,581577,150,21.076,0.36,-8.205,0,0,770048000,0,6,1,church
23.076,14.379,0.919,0.0,21.343,1.175,122,581577,150,21.038,0.36,-8.23,0,0,770048000,0,6,1,church
23.092,15.132,1.74,0.0,21.343,1.175,122,581577,150,21.001,0.36,-8.255,0,0,770048000,0,6,1,church
23.107,14.258,0.83,0.0,21.343,1.175,122,581577,150,20.964,0.36,-8.28,0,0,770048000,0,6,1,church
23.122,15.553,0.968,0.0,21.343,1.175,122,581577,150,20.926,0.36,-8.306,0,0,770048000,0,6,1,church
23.138,14.457,1.013,0.0,20.712,1.318,122,581577,150,20.889,0.36,-8.331,0,0,770048000,0,6,1,church
23.153,14.598,0.9,0.0,20.712,1.318,123,581601,151,20.852,0.36,-8.356,0,0,770048000,0,6,1,church
23.168,13.713,0.911,0.0,20.712,1.318,123,581601,151,20.814,0.36,-8.381,0,0,770048000,0,6,1,church
23.183,14.517,1.083,0.0,20.712,1.318,123,581601,151,20.814,0.36,-8.381,0,0,770048000,0,6,1,church
23.199,15.333,0.456,0.0,20.712,1.318,123,581601,151,20.777,0.36,-8.406,0,0,770048000,0,6,1,church
23.214,14.968,0.322,0.0,20.712,1.318,123,581601,151,20.739,0.36,-8.431,0,0,770048000,0,6,1,church
23.229,22.708,0.707,0.0,20.712,1.318,123,581601,151,20.702,0.36,-8.456,0,0,770048000,0,6,1,church
23.244,14.384,0.506,0.0,20.712,1.318,123,581601,151,20.665,0.36,-8.481,0,0,770048000,0,6,1,church
23.26,14.16,0.909,0.0,20.712,1.318,122,581585,150,20.627,0.36,-8.506,0,0,770048000,0,6,1,church
23.275,14.96,1.023,0.0,20.712,1.318,122,581585,150,20.59,0.36,-8.531,0,0,770048000,0,6,1,church
23.29,14.58,0.804,0.0,20.712,1.318,122,581585,150,20.553,0.36,-8.557,0,0,770048000,0,6,1,church
23.306,15.279,0.664,0.0,20.712,1.318,122,581585,150,20.515,0.36,-8.582,0,0,770048000,0,6,1,church
23.321,14.665,0.682,0.0,20.712,1.318,122,581585,150,20.478,0.36,-8.607,0,0,770048000,0,6,1,church
23.336,15.004,0.922,0.0,20.712,1.318,122,581585,150,20.441,0.36,-8.632,0,0,770048000,0,6,1,church
23.351,14.544,0.966,0.0,20.712,1.318,122,581585,150,20.403,0.36,-8.657,0,0,770048000,0,6,1,church
23.367,14.316,0.991,0.0,20.712,1.318,122,581585,150,20.403,0.36,-8.657,0,0,770048000,0,6,1,church
23.382,16.087,1.011,0.0,20.712,1.318,122,581585,150,20.366,0.36,-8.682,0,0,770048000,0,6,1,church
23.397,13.84,1.152,0.0,20.712,1.318,121,581469,149,20.329,0.36,-8.707,0,0,770048000,0,6,1,church
23.413,14.964,1.311,0.0,20.712,1.318,121,581469,149,20.291,0.36,-8.732,0,0,770048000,0,6,1,church
23.428,14.948,0.987,0.0,20.712,1.318,120,581453,148,20.254,0.36,-8.757,0,0,770048000,0,6,1,church
23.443,14.596,0.952,0.0,20.712,1.318,120,581453,148,20.217,0.36,-8.782,0,0,770048000,0,6,1,church
23.458,14.816,1.072,0.0,20.712,1.318,120,581453,148,20.179,0.36,-8.808,0,0,770048000,0,6,1,church
23.472,14.784,0.987,0.0,20.712,1.318,120,581453,148,20.142,0.36,-8.833,0,0,770048000,0,6,1,church
23.487,14.245,1.009,0.0,20.712,1.318,120,581453,148,20.105,0.36,-8.858,0,0,770048000,0,6,1,church
23.501,14.816,1.146,0.0,20.712,1.318,120,581453,148,20.067,0.36,-8.883,0,0,770048000,0,6,1,church
23.516,13.631,0.977,0.0,20.712,1.318,119,580301,147,20.067,0.36,-8.883,0,0,770048000,0,6,1,church
23.53,15.359,1.146,0.0,20.712,1.318,119,580301,147,20.03,0.36,-8.908,0,0,770048000,0,6,1,church
23.545,13.834,1.16,0.0,20.712,1.318,119,580301,147,19.992,0.36,-8.933,0,0,770048000,0,6,1,church
23.559,14.93,1.166,0.0,20.712,1.318,119,580301,147,19.955,0.36,-8.958,0,0,770048000,0,6,1,church
23.574,20.897,1.245,0.0,20.712,1.318,119,580301,147,19.918,0.36,-8.983,0,0,770048000,0,6,1,church
23.589,15.266,1.047,0.0,20.712,1.318,120,580303,148,19.88,0.36,-9.008,0,0,770048000,0,6,1,church
23.604,13.693,1.326,0.0,20.712,1.318,120,580303,148,19.843,0.36,-9.033,0,0,770048000,0,6,1,church
23.62,21.442,1.264,0.0,20.712,1.318,120,580303,148,19.806,0.36,-9.059,0,0,770048000,0,6,1,church
23.635,14.04,1.017,0.0,20.712,1.318,119,577519,147,19.768,0.36,-9.084,0,0,770048000,0,6,1,church
23.65,14.398,1.202,0.0,20.712,1.318,119,577519,147,19.731,0.36,-9.109,0,0,770048000,0,6,1,church
23.665,13.721,0.989,0.0,20.712,1.318,119,577519,147,19.731,0.36,-9.109,0,0,770048000,0,6,1,church
23.68,15.701,0.867,0.0,20.712,1.318,119,577519,147,19.694,0.36,-9.134,0,0,770048000,0,6,1,church
23.695,13.974,0.903,0.0,20.712,1.318,119,577519,147,19.656,0.36,-9.159,0,0,770048000,0,6,1,church
23.71,14.834,1.142,0.0,20.712,1.318,119,577519,147,19.619,0.36,-9.184,0,0,770048000,0,6,1,church
23.725,14.638,0.992,0.0,20.712,1.318,118,545455,146,19.582,0.36,-9.209,0,0,770048000,0,6,1,church
23.74,14.135,1.004,0.0,20.712,1.318,118,545455,146,19.544,0.36,-9.234,0,0,770048000,0,6,1,church
23.755,14.745,1.08,0.0,20.712,1.318,118,545455,146,19.507,0.36,-9.259,0,0,770048000,0,6,1,church
23.77,14.663,0.982,0.0,20.712,1.318,118,545455,146,19.47,0.36,-9.284,0,0,770048000,0,6,1,church
23.785,13.633,1.231,0.0,20.712,1.318,118,545455,146,19.432,0.36,-9.31,0,0,770048000,0,6,1,church
23.8,14.919,1.072,0.0,20.712,1.318,118,545455,146,19.395,0.36,-9.335,0,0,770048000,0,6,1,church
23.815,13.121,1.045,0.0,20.712,1.318,118,545455,146,19.395,0.36,-9.335,0,0,770048000,0,6,1,church
23.83,16.081,1.039,0.0,20.712,1.318,118,545455,146,19.358,0.36,-9.36,0,0,770048000,0,6,1,church
23.845,12.392,1.002,0.0,20.712,1.318,118,545455,146,19.32,0.36,-9.385,0,0,770048000,0,6,1,church
23.86,14.789,1.282,0.0,20.712,1.318,118,545455,146,19.283,0.36,-9.41,0,0,770048000,0,6,1,church
23.875,15.989,0.475,0.0,20.712,1.318,118,545455,146,19.246,0.36,-9.436,0,0,770048000,0,6,1,church
23.89,14.132,0.59,0.0,20.712,1.318,118,545455,146,19.209,0.36,-9.461,0,0,770048000,0,6,1,church
23.905,14.344,1.103,0.0,20.712,1.318,117,545365,145,19.172,0.36,-9.487,0,0,770048000,0,6,1,church
23.92,14.613,0.982,0.0,20.712,1.318,116,545363,144,19.135,0.36,-9.512,0,0,770048000,0,6,1,church
23.935,20.536,1.053,0.0,20.712,1.318,116,545363,144,19.098,0.36,-9.538,0,0,770048000,0,6,1,church
23.95,13.811,1.101,0.0,20.712,1.318,116,545363,144,19.061,0.36,-9.563,0,0,770048000,0,6,1,church
23.965,13.488,1.508,0.0,20.712,1.318,116,545363,144,19.061,0.36,-9.563,0,0,770048000,0,6,1,church
23.98,15.609,1.756,0.0,20.712,1.318,116,545363,144,19.024,0.36,-9.589,0,0,770048000,0,6,1,church
23.995,14.727,0.869,0.0,20.712,1.318,115,545219,143,18.987,0.36,-9.615,0,0,770048000,0,6,1,church
24.01,14.071,1.113,0.0,20.712,1.318,114,545203,142,18.951,0.36,-9.641,0,0,770048000,0,6,1,church
24.025,14.424,0.669,0.0,20.712,1.318,114,545203,142,18.914,0.36,-9.667,0,0,770048000,0,6,1,church
24.04,14.83,0.928,0.0,20.712,1.318,114,545203,142,18.877,0.36,-9.693,0,0,770048000,0,6,1,church
24.055,15.184,0.931,0.0,20.712,1.318,114,545203,142,18.841,0.36,-9.719,0,0,770048000,0,6,1,church
24.07,14.753,1.014,0.0,20.712,1.318,114,545203,142,18.804,0.36,-9.746,0,0,770048000,0,6,1,church
24.085,15.18,1.156,0.0,20.712,1.318,114,545203,142,18.767,0.36,-9.772,0,0,770048000,0,6,1,church
24.1,14.639,0.98,0.0,20.712,1.318,113,544943,141,18.731,0.36,-9.798,0,0,770048000,0,6,1,church
24.115,14.655,1.024,0.0,20.712,1.318,113,544943,141,18.731,0.36,-9.798,0,0,770048000,0,6,1,church
24.13,16.048,0.904,0.0,20.712,1.318,113,544943,141,18.695,0.36,-9.825,0,0,770048000,0,6,1,church
24.145,15.528,0.91,0.0,20.661,1.237,113,544943,141,18.658,0.36,-9.851,0,0,770048000,0,6,1,church
24.16,14.078,0.907,0.0,20.661,1.237,113,544943,141,18.622,0.36,-9.877,0,0,770048000,0,6,1,church
24.175,14.78,0.999,0.0,20.661,1.237,113,544943,141,18.585,0.36,-9.904,0,0,770048000,0,6,1,church
24.19,14.788,0.943,0.0,20.661,1.237,113,544943,141,18.549,0.36,-9.931,0,0,770048000,0,6,1,church
24.205,14.881,1.016,0.0,20.661,1.237,113,544943,141,18.513,0.36,-9.957,0,0,770048000,0,6,1,church
24.22,14.482,0.604,0.0,20.661,1.237,113,544943,141,18.476,0.36,-9.984,0,0,770048000,0,6,1,church
24.235,15.151,0.62,0.0,20.661,1.237,113,544943,141,18.44,0.36,-10.01,0,0,770048000,0,6,1,church
24.25,14.873,0.482,0.0,20.661,1.237,113,544943,141,18.404,0.36,-10.037,0,0,770048000,0,6,1,church
24.265,14.262,0.583,0.0,20.661,1.237,113,544943,141,18.404,0.36,-10.037,0,0,770048000,0,6,1,church
24.28,15.599,0.483,0.0,20.661,1.237,113,544943,141,18.368,0.36,-10.064,0,0,770048000,0,6,1,church
24.295,14.626,0.652,0.0,20.661,1.237,113,544943,141,18.331,0.36,-10.09,0,0,770048000,0,6,1,church
24.31,21.392,0.708,0.0,20.661,1.237,113,544943,141,18.295,0.36,-10.117,0,0,770048000,0,6,1,church
24.325,14.721,0.458,0.0,20.661,1.237,113,544943,141,18.259,0.36,-10.144,0,0,770048000,0,6,1,church
24.34,15.03,0.39,0.0,20.661,1.237,113,544943,141,18.223,0.36,-10.17,0,0,770048000,0,6,1,church
24.355,15.298,0.463,0.0,20.661,1.237,113,544943,141,18.186,0.36,-10.197,0,0,770048000,0,6,1,church
24.37,14.383,0.543,0.0,20.661,1.237,113,544943,141,18.15,0.36,-10.224,0,0,770048000,0,6,1,church
24.385,15.087,0.71,0.0,20.661,1.237,113,544943,141,18.114,0.36,-10.251,0,0,770048000,0,6,1,church
24.4,15.692,0.551,0.0,20.661,1.237,113,544943,141,18.078,0.36,-10.277,0,0,770048000,0,6,1,church
24.415,13.889,0.625,0.0,20.661,1.237,113,544943,141,18.078,0.36,-10.277,0,0,770048000,0,6,1,church
24.43,15.55,0.986,0.0,20.661,1.237,113,544943,141,18.042,0.36,-10.304,0,0,770048000,0,6,1,church
24.445,14.913,1.044,0.0,20.661,1.237,114,544945,142,18.006,0.36,-10.331,0,0,770048000,0,6,1,church
24.46,14.762,1.006,0.0,20.661,1.237,113,541083,141,17.97,0.36,-10.358,0,0,770048000,0,6,1,church
24.475,14.745,0.938,0.0,20.661,1.237,112,541067,140,17.933,0.36,-10.385,0,0,770048000,0,6,1,church
24.49,14.857,1.072,0.0,20.661,1.237,112,541067,140,17.897,0.36,-10.412,0,0,770048000,0,6,1,church
24.505,15.732,0.947,0.0,20.661,1.237,111,541055,139,17.861,0.36,-10.438,0,0,770048000,0,6,1,church
24.52,19.828,1.21,0.0,20.661,1.237,111,541055,139,17.825,0.36,-10.465,0,0,770048000,0,6,1,church
24.535,14.221,1.073,0.0,20.661,1.237,111,541055,139,17.789,0.36,-10.492,0,0,770048000,0,6,1,church
24.55,14.675,1.264,0.0,20.661,1.237,112,541057,140,17.753,0.36,-10.519,0,0,770048000,0,6,1,church
24.566,14.292,0.995,0.0,20.661,1.237,110,540653,138,17.753,0.36,-10.519,0,0,770048000,0,6,1,church
24.581,15.009,0.929,0.0,20.661,1.237,110,540653,138,17.717,0.36,-10.546,0,0,770048000,0,6,1,church
24.596,14.979,0.972,0.0,20.661,1.237,109,540651,137,17.681,0.36,-10.573,0,0,770048000,0,6,1,church
24.611,14.677,1.116,0.0,20.661,1.237,108,533041,136,17.645,0.36,-10.6,0,0,770048000,0,6,1,church
24.626,15.301,1.545,0.0,20.661,1.237,108,533041,136,17.609,0.36,-10.627,0,0,770048000,0,6,1,church
24.641,15.345,0.952,0.0,20.661,1.237,108,533041,136,17.573,0.36,-10.653,0,0,770048000,0,6,1,church
24.656,18.917,0.969,0.0,20.661,1.237,108,533041,136,17.536,0.36,-10.68,0,0,770048000,0,6,1,church
24.672,20.983,0.918,0.0,20.661,1.237,108,533041,136,17.5,0.36,-10.707,0,0,770048000,0,6,1,church
24.687,14.454,0.678,0.0,20.661,1.237,108,533041,136,17.464,0.36,-10.734,0,0,770048000,0,6,1,church
24.702,15.092,1.08,0.0,20.661,1.237,108,533041,136,17.428,0.36,-10.761,0,0,770048000,0,6,1,church
24.718,13.937,0.969,0.0,20.661,1.237,108,533041,136,17.392,0.36,-10.788,0,0,770048000,0,6,1,church
24.733,13.842,1.159,0.0,20.661,1.237,108,533041,136,17.392,0.36,-10.788,0,0,770048000,0,6,1,church
24.748,15.732,0.996,0.0,20.661,1.237,108,533041,136,17.356,0.36,-10.815,0,0,770048000,0,6,1,church
24.763,14.039,0.968,0.0,20.661,1.237,108,533041,136,17.32,0.36,-10.842,0,0,770048000,0,6,1,church
24.778,14.52,1.384,0.0,20.661,1.237,108,533041,136,17.284,0.36,-10.869,0,0,770048000,0,6,1,church
24.793,14.678,0.882,0.0,20.661,1.237,108,533041,136,17.248,0.36,-10.896,0,0,770048000,0,6,1,church
24.809,14.556,0.912,0.0,20.661,1.237,107,533039,135,17.212,0.36,-10.923,0,0,770048000,0,6,1,church
24.824,15.07,1.065,0.0,20.661,1.237,105,532427,133,17.176,0.36,-10.95,0,0,770048000,0,6,1,church
24.839,13.722,0.969,0.0,20.661,1.237,105,540155,133,17.14,0.36,-10.976,0,0,770048000,0,6,1,church
24.854,14.838,1.524,0.0,20.661,1.237,103,524703,131,17.104,0.36,-11.003,0,0,770048000,0,6,1,church
24.869,15.649,0.449,0.0,20.661,1.237,101,524679,129,17.068,0.36,-11.03,0,0,770048000,0,6,1,church
24.884,14.075,0.582,0.0,20.661,1.237,100,519351,128,17.032,0.36,-11.057,0,0,770048000,0,6,1,church
24.899,13.728,1.114,0.0,20.661,1.237,100,519351,128,17.032,0.36,-11.057,0,0,770048000,0,6,1,church
24.914,16.314,0.943,0.0,20.661,1.237,100,519351,128,16.996,0.36,-11.084,0,0,770048000,0,6,1,church
24.929,13.487,0.969,0.0,20.661,1.237,98,519219,126,16.96,0.36,-11.111,0,0,770048000,0,6,1,church
24.944,15.087,1.378,0.0,20.661,1.237,97,508170,125,16.923,0.36,-11.138,0,0,770048000,0,6,1,church
24.959,14.094,0.984,0.0,20.661,1.237,97,508170,125,16.887,0.36,-11.165,0,0,770048000,0,6,1,church
24.974,14.689,1.091,0.0,20.661,1.237,97,508170,125,16.851,0.36,-11.192,0,0,770048000,0,6,1,church
24.989,14.436,1.056,0.0,20.661,1.237,97,508170,125,16.815,0.36,-11.219,0,0,770048000,0,6,1,church
25.004,15.508,0.884,0.0,20.661,1.237,97,508170,125,16.779,0.36,-11.246,0,0,770048000,0,6,1,church
25.019,14.05,0.867,0.0,20.661,1.237,97,508170,125,16.743,0.36,-11.273,0,0,770048000,0,6,1,church
25.034,21.198,1.402,0.0,20.661,1.237,96,508168,124,16.707,0.36,-11.3,0,0,770048000,0,6,1,church
25.05,13.541,1.046,0.0,20.661,1.237,96,508168,124,16.671,0.36,-11.327,0,0,770048000,0,6,1,church
25.065,13.541,1.043,0.0,20.661,1.237,96,508168,124,16.671,0.36,-11.327,0,0,770048000,0,6,1,church
25.08,15.007,0.753,0.0,20.661,1.237,96,508168,124,16.635,0.36,-11.354,0,0,770048000,0,6,1,church
25.095,14.452,1.117,0.0,20.661,1.237,95,504832,123,16.599,0.36,-11.381,0,0,770048000,0,6,1,church
25.11,13.816,1.188,0.0,20.661,1.237,95,504832,123,16.563,0.36,-11.408,0,0,770048000,0,6,1,church
25.125,14.579,0.953,0.0,20.661,1.237,95,504832,123,16.527,0.36,-11.434,0,0,770048000,0,6,1,church
25.14,13.867,1.019,0.0,20.635,1.297,95,504832,123,16.491,0.36,-11.461,0,0,770048000,0,6,1,church
25.155,15.249,0.876,0.0,20.635,1.297,95,504832,123,16.455,0.36,-11.488,0,0,770048000,0,6,1,church
25.17,12.301,0.97,0.0,20.635,1.297,95,504832,123,16.419,0.36,-11.515,0,0,770048000,0,6,1,church
25.185,14.548,1.237,0.0,20.635,1.297,95,504832,123,16.383,0.36,-11.542,0,0,770048000,0,6,1,church
25.2,14.185,0.291,0.0,20.635,1.297,95,504832,123,16.347,0.36,-11.569,0,0,770048000,0,6,1,church
25.215,13.615,0.447,0.0,20.635,1.297,94,504822,122,16.347,0.36,-11.569,0,0,770048000,0,6,1,church
25.23,14.683,0.501,0.0,20.635,1.297,94,504822,122,16.311,0.36,-11.596,0,0,770048000,0,6,1,church
25.244,14.19,0.512,0.0,20.635,1.297,94,504822,122,16.275,0.36,-11.623,0,0,770048000,0,6,1,church
25.259,15.431,0.416,0.0,20.635,1.297,94,504822,122,16.239,0.36,-11.65,0,0,770048000,0,6,1,church
25.274,19.884,0.413,0.0,20.635,1.297,94,504822,122,16.203,0.36,-11.677,0,0,770048000,0,6,1,church
25.289,13.79,0.839,0.0,20.635,1.297,94,504822,122,16.167,0.36,-11.704,0,0,770048000,0,6,1,church
25.304,14.322,0.991,0.0,20.635,1.297,94,504822,122,16.131,0.36,-11.731,0,0,770048000,0,6,1,church
25.319,14.337,0.939,0.0,20.635,1.297,93,503762,121,16.095,0.36,-11.758,0,0,770048000,0,6,1,church
25.334,14.189,1.43,0.0,20.635,1.297,91,503742,119,16.059,0.36,-11.785,0,0,770048000,0,6,1,church
25.349,13.108,1.304,0.0,20.635,1.297,91,503742,119,16.059,0.36,-11.785,0,0,770048000,0,6,1,church
25.363,15.507,1.033,0.0,20.635,1.297,91,503742,119,16.023,0.36,-11.812,0,0,770048000,0,6,1,church
25.378,14.044,0.87,0.0,20.635,1.297,91,503742,119,15.986,0.36,-11.839,0,0,770048000,0,6,1,church
25.391,13.189,1.037,0.0,20.635,1.297,91,503742,119,15.95,0.36,-11.866,0,0,770048000,0,6,1,church
25.406,22.713,1.155,0.0,20.635,1.297,90,503566,118,15.914,0.36,-11.893,0,0,770048000,0,6,1,church
25.421,10.561,0.994,0.0,20.635,1.297,93,503722,194,15.878,0.36,-11.92,0,0,770048000,0,6,1,church
25.436,15.411,0.484,0.0,20.635,1.297,93,503722,194,15.842,0.36,-11.947,0,0,770048000,0,6,1,church
25.45,13.915,0.415,0.0,20.635,1.297,93,503722,194,15.806,0.36,-11.974,0,0,770048000,0,6,1,church
25.467,13.771,1.029,0.0,20.635,1.297,93,503722,194,15.77,0.36,-12.0,0,0,770048000,0,6,1,church
25.481,13.042,0.935,0.0,20.635,1.297,93,503722,194,15.77,0.36,-12.0,0,0,770048000,0,6,1,church
25.495,14.712,0.955,0.0,20.635,1.297,93,503722,194,15.736,0.36,-12.027,0,0,770048000,0,6,1,church
25.509,13.771,0.875,0.0,20.635,1.297,90,500442,191,15.703,0.36,-12.054,0,0,770048000,0,6,1,church
25.523,14.209,1.079,0.0,20.635,1.297,93,504470,194,15.671,0.36,-12.082,0,0,770048000,0,6,1,church
25.536,13.155,1.279,0.0,20.635,1.297,102,544469,203,15.64,0.36,-12.11,0,0,770048000,0,6,1,church
25.55,12.708,0.984,0.0,20.635,1.297,103,547805,204,15.64,0.36,-12.11,0,0,770048000,0,6,1,church
25.563,14.022,1.029,0.0,20.635,1.297,103,547805,204,15.611,0.36,-12.139,0,0,770048000,0,6,1,church
25.576,13.341,0.971,0.0,20.635,1.297,108,556263,209,15.583,0.36,-12.169,0,0,770048000,0,6,1,church
25.59,13.265,1.58,0.0,20.635,1.297,108,556263,209,15.556,0.36,-12.2,0,0,770048000,0,6,1,church
25.603,13.014,1.081,0.0,20.635,1.297,108,556263,209,15.53,0.36,-12.232,0,0,770048000,0,6,1,church
25.617,21.761,1.006,0.0,20.635,1.297,110,566203,211,15.505,0.36,-12.265,0,0,770048000,0,5,1,skull
25.63,8.716,1.004,0.0,20.635,1.297,108,553837,310,15.505,0.36,-12.265,0,0,770048000,0,5,1,skull
25.644,16.024,0.378,0.0,20.635,1.297,108,553837,310,15.482,0.36,-12.299,0,0,769736704,0,5,1,skull
25.658,13.032,0.33,0.0,20.635,1.297,112,650611,314,15.46,0.36,-12.335,0,0,769736704,0,5,1,skull
25.671,13.337,1.056,0.0,20.635,1.297,114,650683,316,15.439,0.36,-12.371,0,0,769736704,0,5,1,skull
25.685,13.288,0.965,0.0,20.635,1.297,119,660503,321,15.419,0.36,-12.407,0,0,769736704,0,5,1,skull
25.699,12.589,0.997,0.0,20.635,1.297,121,660603,323,15.419,0.36,-12.407,0,0,769736704,0,5,1,skull
25.712,14.257,0.963,0.0,20.635,1.297,121,660603,323,15.401,0.36,-12.445,0,0,769736704,0,5,1,skull
25.726,12.805,0.965,0.0,20.635,1.297,126,677114,328,15.383,0.36,-12.483,0,0,769736704,0,5,1,skull
25.74,13.192,1.061,0.0,20.635,1.297,129,684854,331,15.367,0.36,-12.523,0,0,769736704,0,5,1,skull
25.753,13.206,0.965,0.0,20.635,1.297,132,689458,334,15.352,0.36,-12.562,0,0,769736704,0,5,1,skull
25.767,13.677,0.986,0.0,20.635,1.297,136,690120,338,15.338,0.36,-12.603,0,0,769736704,0,5,1,skull
25.78,12.497,0.94,0.0,20.635,1.297,135,690004,337,15.338,0.36,-12.603,0,0,769736704,0,5,1,skull
25.794,13.935,0.989,0.0,20.635,1.297,135,690004,337,15.325,0.36,-12.643,0,0,769736704,0,5,1,skull
25.808,12.982,1.143,0.0,20.635,1.297,137,690408,339,15.313,0.36,-12.685,0,0,769736704,0,5,1,skull
25.821,13.752,0.943,0.0,20.635,1.297,137,721414,339,15.302,0.36,-12.726,0,0,769736704,0,5,1,skull
25.835,13.092,0.931,0.0,20.635,1.297,142,722524,344,15.292,0.36,-12.768,0,0,769736704,0,5,1,skull
25.848,12.702,1.035,0.0,20.635,1.297,150,745557,352,15.292,0.36,-12.768,0,0,769736704,0,5,1,skull
25.861,13.856,0.945,0.0,20.635,1.297,150,745557,352,15.283,0.36,-12.811,0,0,769736704,0,5,1,skull
25.875,13.639,1.003,0.0,20.635,1.297,154,754337,356,15.275,0.36,-12.854,0,0,769736704,0,5,1,skull
25.888,12.845,1.014,0.0,20.635,1.297,157,754521,359,15.268,0.36,-12.896,0,0,769736704,0,5,1,skull
25.901,13.23,1.004,0.0,20.635,1.297,164,761055,366,15.262,0.36,-12.94,0,0,769736704,0,5,1,skull
25.914,13.059,1.017,0.0,20.635,1.297,169,765345,371,15.262,0.36,-12.94,0,0,769736704,0,5,1,skull
25.928,14.175,0.964,0.0,20.635,1.297,169,765345,371,15.257,0.36,-12.983,0,0,769736704,0,5,1,skull
25.941,12.785,1.297,0.0,20.635,1.297,180,773317,382,15.253,0.36,-13.026,0,0,769736704,0,5,1,skull
25.954,13.014,1.069,0.0,20.635,1.297,184,780771,386,15.25,0.36,-13.07,0,0,769736704,0,5,1,skull
25.967,13.542,0.828,0.0,20.635,1.297,184,780771,386,15.247,0.36,-13.114,0,0,769736704,0,5,1,skull
25.981,12.49,0.679,0.0,20.635,1.297,184,780771,386,15.247,0.36,-13.114,0,0,769736704,0,5,1,skull
25.994,14.282,0.794,0.0,20.635,1.297,184,780771,386,15.245,0.36,-13.158,0,0,769736704,0,5,1,skull
26.007,13.187,0.721,0.0,20.635,1.297,185,807423,387,15.243,0.36,-13.202,0,0,769736704,0,5,1,skull
26.021,13.124,0.984,0.0,20.635,1.297,186,807425,388,15.242,0.36,-13.247,0,0,769736704,0,5,1,skull
26.034,13.179,1.045,0.0,20.635,1.297,185,807413,387,15.241,0.36,-13.291,0,0,769736704,0,5,1,skull
26.047,12.947,1.26,0.0,20.635,1.297,185,807413,387,15.241,0.36,-13.291,0,0,769736704,0,5,1,skull
26.06,13.4,0.905,0.0,20.635,1.297,185,807413,387,15.241,0.36,-13.336,0,0,769736704,0,5,1,skull
26.074,14.014,1.751,0.0,20.635,1.297,185,807413,387,15.241,0.36,-13.38,0,0,769736704,0,5,1,skull
26.087,14.623,0.724,0.0,20.635,1.297,185,807413,387,15.241,0.36,-13.425,0,0,769736704,0,5,1,skull
26.1,11.329,1.014,0.0,20.635,1.297,185,807413,387,15.241,0.36,-13.47,0,0,769736704,0,5,1,skull
26.114,12.767,0.706,0.0,20.635,1.297,184,807401,386,15.241,0.36,-13.47,0,0,769736704,0,5,1,skull
26.127,13.79,0.677,0.0,20.635,1.297,184,807401,386,15.242,0.36,-13.514,0,0,769736704,0,5,1,skull
26.14,12.943,1.042,0.0,19.168,3.968,184,807401,386,15.243,0.36,-13.559,0,0,769736704,0,5,1,skull
26.153,14.309,1.003,0.0,19.168,3.968,185,807425,387,15.243,0.36,-13.604,0,0,769736704,0,5,1,skull
26.166,10.593,1.236,0.0,19.168,3.968,185,807425,387,15.243,0.36,-13.604,0,0,769736704,0,5,1,skull
26.179,14.744,0.849,0.0,19.168,3.968,185,807425,387,15.244,0.36,-13.649,0,0,769736704,0,5,1,skull
26.192,13.026,0.493,0.0,19.168,3.968,185,807425,387,15.246,0.36,-13.694,0,0,769736704,0,5,1,skull
26.205,12.905,1.105,0.0,19.168,3.968,185,807425,387,15.247,0.36,-13.739,0,0,769736704,0,5,1,skull
26.218,13.235,1.09,0.0,19.168,3.968,185,807425,387,15.248,0.36,-13.784,0,0,769736704,0,5,1,skull
26.231,11.998,0.682,0.0,19.168,3.968,186,807427,388,15.248,0.36,-13.784,0,0,769736704,0,5,1,skull
26.244,13.693,1.069,0.0,19.168,3.968,186,807427,388,15.25,0.36,-13.829,0,0,769736704,0,5,1,skull
26.256,12.729,0.68,0.0,19.168,3.968,186,807427,388,15.252,0.36,-13.873,0,0,769736704,0,5,1,skull
26.269,18.85,0.63,0.0,19.168,3.968,186,807427,388,15.253,0.36,-13.918,0,0,769736704,0,5,1,skull
26.282,12.263,0.543,0.0,19.168,3.968,186,807427,388,15.253,0.36,-13.918,0,0,769736704,0,5,1,skull
26.295,13.841,0.625,0.0,19.168,3.968,186,807427,388,15.255,0.36,-13.963,0,0,769736704,0,5,1,skull
26.308,12.959,0.627,0.0,19.168,3.968,186,807427,388,15.257,0.36,-14.008,0,0,769736704,0,5,1,skull
26.321,12.885,0.548,0.0,19.168,3.968,186,807427,388,15.259,0.357,-14.053,0,0,769736704,0,5,1,skull
26.334,12.99,0.606,0.0,19.168,3.968,186,807427,388,15.261,0.351,-14.098,0,0,769736704,0,5,1,skull
26.347,11.985,0.627,0.0,19.168,3.968,186,807427,388,15.261,0.351,-14.098,0,0,769736704,0,5,1,skull
26.36,13.88,0.554,0.0,19.168,3.968,186,807427,388,15.263,0.347,-14.143,0,0,769736704,0,5,1,skull
26.373,12.732,0.521,0.0,19.168,3.968,186,807427,388,15.265,0.334,-14.188,0,0,769736704,0,5,1,skull
26.386,12.946,0.56,0.0,19.168,3.968,186,807427,388,15.267,0.315,-14.234,0,0,769736704,0,5,1,skull
26.399,12.291,0.545,0.0,19.168,3.968,186,807427,388,15.267,0.315,-14.234,0,0,769736704,0,5,1,skull
26.412,14.217,0.521,0.0,19.168,3.968,186,807427,388,15.269,0.289,-14.277,0,0,769736704,0,5,1,skull
26.425,12.308,0.592,0.0,19.168,3.968,186,807427,388,15.271,0.263,-14.32,0,0,769736704,0,5,1,skull
26.438,12.988,0.725,0.0,19.168,3.968,186,807427,388,15.273,0.238,-14.363,0,0,769736704,0,5,1,skull
26.451,12.992,0.647,0.0,19.168,3.968,186,807427,388,15.275,0.212,-14.406,0,0,769736704,0,5,1,skull
26.464,12.079,0.634,0.0,19.168,3.968,186,807427,388,15.275,0.212,-14.406,0,0,769736704,0,5,1,skull
26.477,13.479,0.61,0.0,19.168,3.968,186,807427,388,15.277,0.187,-14.449,0,0,769736704,0,5,1,skull
26.49,12.877,0.529,0.0,19.168,3.968,186,807427,388,15.279,0.162,-14.492,0,0,769736704,0,5,1,skull
26.503,12.726,0.487,0.0,19.168,3.968,186,807427,388,15.281,0.136,-14.535,0,0,769736704,0,5,1,skull
26.516,12.066,0.475,0.0,19.168,3.968,186,807427,388,15.281,0.136,-14.535,0,0,769736704,0,5,1,skull
26.529,13.347,0.375,0.0,19.168,3.968,186,807427,388,15.283,0.111,-14.578,0,0,769736704,0,5,1,skull
26.542,12.992,0.34,0.0,19.168,3.968,186,807427,388,15.286,0.085,-14.621,0,0,769736704,0,5,1,skull
26.555,12.404,0.39,0.0,19.168,3.968,186,807427,388,15.288,0.06,-14.664,0,0,769736704,0,5,1,skull
26.568,12.505,0.44,0.0,19.168,3.968,186,807427,388,15.29,0.035,-14.708,0,0,769736704,0,5,1,skull
26.581,12.154,0.476,0.0,19.168,3.968,186,807427,388,15.29,0.035,-14.708,0,0,769736704,0,5,1,skull
26.594,13.508,0.401,0.0,19.168,3.968,186,807427,388,15.292,0.009,-14.751,0,0,769736704,0,5,1,skull
26.606,12.605,0.415,0.0,19.168,3.968,184,807319,313,15.295,-0.016,-14.794,0,0,769736704,0,5,1,skull
26.619,12.349,0.409,0.0,19.168,3.968,184,807319,313,15.297,-0.042,-14.837,0,0,769736704,0,5,1,skull
26.632,11.868,0.396,0.0,19.168,3.968,184,807319,313,15.297,-0.042,-14.837,0,0,769736704,0,5,1,skull
26.645,18.723,0.607,0.0,19.168,3.968,184,807319,313,15.299,-0.067,-14.88,0,0,769736704,0,5,1,skull
26.658,12.033,0.497,0.0,19.168,3.968,184,807319,313,15.302,-0.092,-14.923,0,0,769736704,0,5,1,skull
26.671,12.226,0.485,0.0,19.168,3.968,185,809387,314,15.304,-0.118,-14.966,0,0,769736704,0,5,1,skull
26.684,11.466,0.561,0.0,19.168,3.968,185,809387,314,15.306,-0.143,-15.009,0,0,769736704,0,5,1,skull
26.698,17.063,0.754,0.0,19.168,3.968,185,809387,314,15.306,-0.143,-15.009,0,0,769736704,0,5,1,skull
26.711,12.199,0.537,0.0,19.168,3.968,185,809387,314,15.309,-0.168,-15.052,0,0,769736704,0,5,1,skull
26.724,11.781,0.535,0.0,19.168,3.968,185,864637,314,15.311,-0.194,-15.096,0,0,769736704,0,5,1,skull
26.736,12.596,0.571,0.0,19.168,3.968,185,864637,314,15.314,-0.219,-15.139,0,0,769736704,0,4,1,ossuary
26.749,8.969,0.543,0.0,19.168,3.968,159,734781,240,15.314,-0.219,-15.139,0,0,769736704,0,4,1,ossuary
26.762,12.996,0.589,0.0,19.168,3.968,159,734781,240,15.316,-0.245,-15.182,0,0,765444096,0,4,1,ossuary
26.775,10.3,0.501,0.0,19.168,3.968,159,734781,240,15.319,-0.27,-15.225,0,0,765444096,0,4,1,ossuary
26.786,10.853,0.54,0.0,19.168,3.968,158,734317,239,15.321,-0.295,-15.268,0,0,765444096,0,4,1,ossuary
26.797,10.48,0.515,0.0,19.168,3.968,158,734317,239,15.321,-0.295,-15.268,0,0,765444096,0,4,1,ossuary
26.808,12.034,0.541,0.0,19.168,3.968,158,734317,239,15.324,-0.321,-15.311,0,0,765444096,0,4,1,ossuary
26.819,11.091,0.585,0.0,19.168,3.968,158,734317,239,15.327,-0.346,-15.354,0,0,765444096,0,4,1,ossuary
26.83,10.521,0.48,0.0,19.168,3.968,158,734317,239,15.327,-0.346,-15.354,0,0,765444096,0,4,1,ossuary
26.842,12.081,0.529,0.0,19.168,3.968,158,734317,239,15.329,-0.371,-15.397,0,0,765444096,0,4,1,ossuary
26.853,11.375,0.475,0.0,19.168,3.968,158,734317,239,15.332,-0.397,-15.44,0,0,765444096,0,4,1,ossuary
26.864,10.345,0.559,0.0,19.168,3.968,158,734317,239,15.332,-0.397,-15.44,0,0,765444096,0,4,1,ossuary
26.876,17.994,0.553,0.0,19.168,3.968,158,734317,239,15.334,-0.422,-15.483,0,0,765444096,0,4,1,ossuary
26.888,11.228,0.513,0.0,19.168,3.968,157,733993,238,15.337,-0.448,-15.526,0,0,765444096,0,4,1,ossuary
26.9,11.826,0.497,0.0,19.168,3.968,157,733993,238,15.339,-0.473,-15.569,0,0,765444096,0,4,1,ossuary
26.912,10.211,0.62,0.0,19.168,3.968,157,731949,238,15.339,-0.473,-15.569,0,0,765444096,0,4,1,ossuary
26.923,12.888,0.987,0.0,19.168,3.968,157,731949,238,15.341,-0.498,-15.613,0,0,765444096,0,4,1,ossuary
26.935,11.24,0.717,0.0,19.168,3.968,155,669885,236,15.343,-0.524,-15.656,0,0,765444096,0,4,1,ossuary
26.947,10.605,1.044,0.0,19.168,3.968,154,669883,235,15.343,-0.524,-15.656,0,0,765444096,0,4,1,ossuary
26.958,12.197,1.079,0.0,19.168,3.968,154,669883,235,15.345,-0.549,-15.699,0,0,765444096,0,4,1,ossuary
26.97,11.012,1.579,0.0,19.168,3.968,154,669883,235,15.347,-0.574,-15.742,0,0,765444096,0,4,1,ossuary
26.982,11.155,1.146,0.0,19.168,3.968,152,665887,233,15.347,-0.574,-15.742,0,0,765444096,0,4,1,ossuary
26.993,11.206,0.655,0.0,19.168,3.968,152,665887,233,15.349,-0.6,-15.785,0,0,765444096,0,4,1,ossuary
27.005,11.785,1.025,0.0,19.168,3.968,151,664847,232,15.351,-0.625,-15.828,0,0,765444096,0,4,1,ossuary
27.017,10.36,0.675,0.0,19.168,3.968,151,664847,232,15.353,-0.651,-15.871,0,0,765444096,0,4,1,ossuary
27.028,10.273,0.959,0.0,19.168,3.968,149,656269,230,15.353,-0.651,-15.871,0,0,765444096,0,4,1,ossuary
27.04,12.287,0.634,0.0,19.168,3.968,149,656269,230,15.354,-0.676,-15.914,0,0,765444096,0,4,1,ossuary
27.051,11.274,0.56,0.0,19.168,3.968,146,650929,227,15.355,-0.701,-15.957,0,0,765444096,0,4,1,ossuary
27.062,16.899,0.588,0.0,19.168,3.968,146,650929,227,15.355,-0.701,-15.957,0,0,765444096,0,4,1,ossuary
27.074,11.962,0.737,0.0,19.168,3.968,146,650929,227,15.357,-0.727,-16.001,0,0,765444096,0,4,1,ossuary
27.086,11.34,1.771,0.0,19.168,3.968,146,650929,227,15.358,-0.752,-16.044,0,0,765444096,0,4,1,ossuary
27.097,10.185,1.046,0.0,19.168,3.968,145,650785,226,15.358,-0.752,-16.044,0,0,765444096,0,4,1,ossuary
27.109,12.345,1.002,0.0,19.168,3.968,145,650785,226,15.359,-0.777,-16.087,0,0,765444096,0,4,1,ossuary
27.121,10.603,0.983,0.0,19.168,3.968,144,648093,225,15.36,-0.803,-16.13,0,0,765444096,0,4,1,ossuary
27.133,11.749,0.947,0.0,17.839,2.182,144,648093,225,15.361,-0.828,-16.173,0,0,765444096,0,4,1,ossuary
27.145,10.425,0.651,0.0,17.839,2.182,143,647053,224,15.361,-0.828,-16.173,0,0,765444096,0,4,1,ossuary
27.157,12.107,0.959,0.0,17.839,2.182,143,647053,224,15.362,-0.854,-16.216,0,0,765444096,0,4,1,ossuary
27.168,11.586,0.901,0.0,17.839,2.182,143,647053,224,15.363,-0.879,-16.259,0,0,765444096,0,4,1,ossuary
27.18,9.797,1.024,0.0,17.839,2.182,143,647053,224,15.363,-0.879,-16.259,0,0,765444096,0,4,1,ossuary
27.192,12.028,1.437,0.0,17.839,2.182,143,647053,224,15.364,-0.904,-16.303,0,0,765444096,0,4,1,ossuary
27.205,30.161,0.426,0.0,17.839,2.182,140,641713,221,15.365,-0.93,-16.346,0,0,765444096,0,4,1,ossuary
27.217,3.131,0.617,0.0,17.839,2.182,140,641713,221,15.365,-0.955,-16.389,0,0,765444096,0,4,1,ossuary
27.229,11.32,0.681,0.0,17.839,2.182,139,639645,220,15.365,-0.955,-16.389,0,0,765444096,0,4,1,ossuary
27.24,11.988,0.373,0.0,17.839,2.182,139,639645,220,15.366,-0.981,-16.432,0,0,765444096,0,4,1,ossuary
27.252,12.011,0.483,0.0,17.839,2.182,139,639645,220,15.367,-1.006,-16.475,0,0,765444096,0,4,1,ossuary
27.264,9.521,0.516,0.0,17.839,2.182,141,639795,295,15.367,-1.006,-16.475,0,0,765444096,0,4,1,ossuary
27.275,12.132,0.479,0.0,17.839,2.182,141,639795,295,15.367,-1.032,-16.518,0,0,765444096,0,4,1,ossuary
27.287,11.121,0.405,0.0,17.839,2.182,141,639795,295,15.368,-1.057,-16.561,0,0,765444096,0,4,1,ossuary
27.299,10.584,0.403,0.0,17.839,2.182,141,639795,295,15.368,-1.057,-16.561,0,0,765444096,0,4,1,ossuary
27.31,11.86,0.393,0.0,17.839,2.182,141,639795,295,15.368,-1.082,-16.605,0,0,765444096,0,4,1,ossuary
27.322,10.611,0.391,0.0,17.839,2.182,141,639795,295,15.369,-1.108,-16.648,0,0,765444096,0,4,1,ossuary
27.334,11.303,0.345,0.0,17.839,2.182,141,639795,295,15.369,-1.133,-16.691,0,0,765444096,0,4,1,ossuary
27.345,10.325,0.364,0.0,17.839,2.182,140,639793,294,15.369,-1.133,-16.691,0,0,765444096,0,4,1,ossuary
27.357,11.822,0.301,0.0,17.839,2.182,140,639793,294,15.37,-1.159,-16.734,0,0,765444096,0,4,1,ossuary
27.369,11.349,0.372,0.0,17.839,2.182,140,639793,294,15.37,-1.184,-16.777,0,0,765444096,0,4,1,ossuary
27.38,10.08,0.442,0.0,17.839,2.182,140,639793,294,15.37,-1.184,-16.777,0,0,765444096,0,4,1,ossuary
27.392,12.122,0.479,0.0,17.839,2.182,140,639793,294,15.37,-1.209,-16.82,0,0,765444096,0,4,1,ossuary
27.404,10.916,0.338,0.0,17.839,2.182,140,639793,294,15.371,-1.235,-16.864,0,0,765444096,0,4,1,ossuary
27.417,22.114,0.677,0.0,17.839,2.182,140,639793,294,15.371,-1.25,-16.907,0,0,765444096,0,4,1,ossuary
27.429,10.143,0.494,0.0,17.839,2.182,140,639793,294,15.371,-1.25,-16.907,0,0,765444096,0,4,1,ossuary
27.44,11.819,0.538,0.0,17.839,2.182,140,639793,294,15.371,-1.283,-16.946,0,0,765444096,0,4,1,ossuary
27.452,11.035,0.492,0.0,17.839,2.182,140,639793,294,15.371,-1.309,-16.989,0,0,765444096,0,4,1,ossuary
27.464,10.23,0.531,0.0,17.839,2.182,140,639793,294,15.371,-1.309,-16.989,0,0,765444096,0,4,1,ossuary
27.475,11.92,0.427,0.0,17.839,2.182,140,639793,294,15.371,-1.334,-17.032,0,0,765444096,0,4,1,ossuary
27.487,10.958,0.524,0.0,17.839,2.182,140,639793,294,15.372,-1.36,-17.075,0,0,765444096,0,4,1,ossuary
27.5,16.378,0.559,0.0,17.839,2.182,139,638753,293,15.372,-1.385,-17.119,0,0,765444096,0,4,1,ossuary
27.512,10.277,0.454,0.0,17.839,2.182,137,635711,291,15.372,-1.385,-17.119,0,0,765444096,0,4,1,ossuary
27.523,11.903,0.556,0.0,17.839,2.182,137,635711,291,15.372,-1.41,-17.162,0,0,765444096,0,4,1,ossuary
27.535,10.812,0.517,0.0,17.839,2.182,136,635261,290,15.372,-1.436,-17.205,0,0,765444096,0,4,1,ossuary
27.547,10.473,0.541,0.0,17.839,2.182,133,628781,287,15.372,-1.436,-17.205,0,0,765444096,0,4,1,ossuary
27.558,11.848,0.485,0.0,17.839,2.182,133,628781,287,15.372,-1.461,-17.248,0,0,765444096,0,4,1,ossuary
27.57,11.03,0.437,0.0,17.839,2.182,131,628072,285,15.372,-1.487,-17.291,0,0,765444096,0,4,1,ossuary
27.582,10.181,0.524,0.0,17.839,2.182,131,628072,285,15.372,-1.487,-17.291,0,0,765444096,0,4,1,ossuary
27.593,12.039,0.509,0.0,17.839,2.182,131,628072,285,15.372,-1.512,-17.334,0,0,765444096,0,4,1,ossuary
27.605,11.035,0.562,0.0,17.839,2.182,131,628072,285,15.372,-1.537,-17.377,0,0,765444096,0,4,1,ossuary
27.617,11.018,0.421,0.0,17.839,2.182,132,628074,286,15.373,-1.563,-17.421,0,0,765444096,0,4,1,ossuary
27.628,10.168,0.498,0.0,17.839,2.182,132,628074,286,15.373,-1.563,-17.421,0,0,765444096,0,4,1,ossuary
27.64,11.871,0.605,0.0,17.839,2.182,132,628074,286,15.373,-1.588,-17.464,0,0,765444096,0,4,1,ossuary
27.652,10.804,0.483,0.0,17.839,2.182,131,627675,285,15.373,-1.614,-17.507,0,0,765444096,0,4,1,ossuary
27.663,10.278,0.411,0.0,17.839,2.182,130,627559,284,15.373,-1.614,-17.507,0,0,765444096,0,4,1,ossuary
27.675,11.886,0.416,0.0,17.839,2.182,130,627559,284,15.373,-1.639,-17.55,0,0,765444096,0,4,1,ossuary
27.686,11.078,0.426,0.0,17.839,2.182,128,624339,282,15.373,-1.664,-17.593,0,0,765444096,0,4,1,ossuary
27.697,10.115,0.561,0.0,17.839,2.182,127,621740,281,15.373,-1.664,-17.593,0,0,765444096,0,4,1,ossuary
27.708,12.002,0.495,0.0,17.839,2.182,127,621740,281,15.373,-1.69,-17.636,0,0,765444096,0,4,1,ossuary
27.719,10.724,0.471,0.0,17.839,2.182,127,621740,281,15.373,-1.715,-17.68,0,0,765444096,0,4,1,ossuary
27.73,10.325,0.505,0.0,17.839,2.182,127,621740,281,15.373,-1.715,-17.68,0,0,765444096,0,4,1,ossuary
27.741,12.22,0.453,0.0,17.839,2.182,127,621740,281,15.373,-1.741,-17.723,0,0,765444096,0,4,1,ossuary
27.752,11.785,0.527,0.0,17.839,2.182,127,621740,281,15.373,-1.766,-17.766,0,0,765444096,0,4,1,ossuary
27.763,9.11,0.898,0.0,17.839,2.182,127,621740,281,15.373,-1.766,-17.766,0,0,765444096,0,4,1,ossuary
27.774,12.763,0.871,0.0,17.839,2.182,127,621740,281,15.372,-1.792,-17.809,0,0,765444096,0,4,1,ossuary
27.785,10.397,0.678,0.0,17.839,2.182,127,621740,281,15.372,-1.817,-17.852,0,0,765444096,0,4,1,ossuary
27.796,9.999,1.04,0.0,17.839,2.182,127,621740,281,15.372,-1.817,-17.852,0,0,765444096,0,4,1,ossuary
27.807,11.838,0.937,0.0,17.839,2.182,127,621740,281,15.372,-1.842,-17.895,0,0,765444096,0,4,1,ossuary
27.817,10.803,0.921,0.0,17.839,2.182,126,621624,280,15.372,-1.868,-17.939,0,0,765444096,0,4,1,ossuary
27.828,10.11,0.9,0.0,17.839,2.182,126,621624,280,15.372,-1.868,-17.939,0,0,765444096,0,4,1,ossuary
27.839,11.535,1.027,0.0,17.839,2.182,126,621624,280,15.372,-1.893,-17.982,0,0,765444096,0,4,1,ossuary
27.85,9.698,1.007,0.0,17.839,2.182,126,621624,280,15.372,-1.893,-17.982,0,0,765444096,0,4,1,ossuary
27.86,12.788,1.098,0.0,17.839,2.182,126,621624,280,15.372,-1.919,-18.025,0,0,765444096,0,4,1,ossuary
27.871,9.918,0.64,0.0,17.839,2.182,126,621624,280,15.372,-1.944,-18.068,0,0,765444096,0,4,1,ossuary
27.882,16.691,1.128,0.0,17.839,2.182,126,621624,280,15.372,-1.944,-18.068,0,0,765444096,0,4,1,ossuary
27.892,11.201,0.648,0.0,17.839,2.182,126,621624,280,15.372,-1.969,-18.111,0,0,765444096,0,4,1,ossuary
27.903,10.46,1.474,0.0,17.839,2.182,126,621624,280,15.372,-1.995,-18.154,0,0,765444096,0,4,1,ossuary
27.913,10.538,0.751,0.0,17.839,2.182,126,621624,280,15.372,-1.995,-18.154,0,0,765444096,0,4,1,ossuary
27.924,11.419,0.679,0.0,17.839,2.182,126,621624,280,15.372,-2.02,-18.198,0,0,765444096,0,4,1,ossuary
27.935,10.835,1.048,0.0,17.839,2.182,126,621624,280,15.372,-2.046,-18.241,0,0,765444096,0,4,1,ossuary
27.945,10.055,1.012,0.0,17.839,2.182,125,621534,279,15.372,-2.046,-18.241,0,0,765444096,0,4,1,ossuary
27.956,11.878,1.14,0.0,17.839,2.182,125,621534,279,15.372,-2.071,-18.284,0,0,765444096,0,4,1,ossuary
27.966,9.515,1.208,0.0,17.839,2.182,125,621534,279,15.372,-2.071,-18.284,0,0,765444096,0,4,1,ossuary
27.977,11.275,0.968,0.0,17.839,2.182,125,621534,279,15.372,-2.096,-18.327,0,0,765444096,0,4,1,ossuary
27.988,10.683,1.246,0.0,17.839,2.182,125,621534,279,15.372,-2.122,-18.37,0,0,765444096,0,4,1,ossuary
27.999,10.04,1.152,0.0,17.839,2.182,125,621534,279,15.372,-2.122,-18.37,0,0,765444096,0,4,1,ossuary
28.009,11.213,0.98,0.0,17.839,2.182,125,621534,279,15.372,-2.147,-18.413,0,0,765444096,0,4,1,ossuary
28.02,10.782,1.105,0.0,17.839,2.182,125,621534,279,15.372,-2.173,-18.456,0,0,765444096,0,4,1,ossuary
28.03,9.382,0.59,0.0,17.839,2.182,124,619064,278,15.372,-2.173,-18.456,0,0,765444096,0,4,1,ossuary
28.041,11.737,0.543,0.0,17.839,2.182,124,619064,278,15.372,-2.198,-18.5,0,0,765444096,0,4,1,ossuary
28.052,11.124,0.553,0.0,17.839,2.182,124,619064,278,15.372,-2.224,-18.543,0,0,765444096,0,4,1,ossuary
28.062,8.808,1.134,0.0,17.839,2.182,124,619064,278,15.372,-2.224,-18.543,0,0,765444096,0,4,1,ossuary
28.073,11.312,0.892,0.0,17.839,2.182,124,619064,278,15.372,-2.249,-18.586,0,0,765444096,0,4,1,ossuary
28.083,9.604,0.953,0.0,17.839,2.182,123,618974,277,15.372,-2.249,-18.586,0,0,765444096,0,4,1,ossuary
28.094,10.736,1.041,0.0,17.839,2.182,123,618974,277,15.371,-2.274,-18.629,0,0,765444096,0,4,1,ossuary
28.105,10.521,0.927,0.0,17.839,2.182,123,618974,277,15.371,-2.3,-18.672,0,0,765444096,0,4,1,ossuary
28.116,15.642,0.677,0.0,17.839,2.182,123,618974,277,15.371,-2.3,-18.672,0,0,765444096,0,4,1,ossuary
28.127,10.816,0.669,0.0,21.201,1.481,123,618974,277,15.371,-2.325,-18.715,0,0,765444096,0,4,1,ossuary
28.138,9.245,1.25,0.0,21.201,1.481,122,617822,276,15.371,-2.351,-18.759,0,0,765444096,0,4,1,ossuary
28.149,9.772,0.922,0.0,21.201,1.481,122,617822,276,15.371,-2.351,-18.759,0,0,765444096,0,4,1,ossuary
28.16,12.037,0.607,0.0,21.201,1.481,122,617822,276,15.371,-2.376,-18.802,0,0,765444096,0,4,1,ossuary
28.17,8.829,0.547,0.0,21.201,1.481,122,617822,276,15.371,-2.401,-18.845,0,0,765444096,0,4,1,ossuary
28.181,9.338,0.825,0.0,21.201,1.481,122,617822,276,15.371,-2.401,-18.845,0,0,765444096,0,4,1,ossuary
28.192,17.969,0.611,0.0,21.201,1.481,122,617822,276,15.371,-2.427,-18.888,0,0,765444096,0,4,1,ossuary
28.203,8.248,0.674,0.0,21.201,1.481,121,616782,275,15.371,-2.452,-18.931,0,0,765444096,0,4,1,ossuary
28.214,9.678,1.198,0.0,21.201,1.481,121,616782,275,15.371,-2.452,-18.931,0,0,765444096,0,4,1,ossuary
28.225,10.605,0.59,0.0,21.201,1.481,121,616782,275,15.371,-2.478,-18.974,0,0,765444096,0,4,1,ossuary
28.236,9.729,1.248,0.0,21.201,1.481,121,616782,275,15.371,-2.503,-19.018,0,0,765444096,0,4,1,ossuary
28.246,9.069,0.853,0.0,21.201,1.481,121,616782,275,15.371,-2.503,-19.018,0,0,765444096,0,4,1,ossuary
28.257,11.151,0.605,0.0,21.201,1.481,121,616782,275,15.371,-2.528,-19.061,0,0,765444096,0,4,1,ossuary
28.267,8.852,0.694,0.0,21.201,1.481,121,616782,275,15.371,-2.528,-19.061,0,0,765444096,0,4,1,ossuary
28.277,10.478,1.131,0.0,21.201,1.481,121,616782,275,15.371,-2.554,-19.104,0,0,765444096,0,4,1,ossuary
28.288,9.836,0.633,0.0,21.201,1.481,120,616770,274,15.371,-2.579,-19.147,0,0,765444096,0,4,1,ossuary
28.298,9.147,0.615,0.0,21.201,1.481,117,606830,271,15.371,-2.579,-19.147,0,0,765444096,0,4,1,ossuary
28.309,10.522,0.51,0.0,21.201,1.481,117,606830,271,15.371,-2.605,-19.19,0,0,765444096,0,4,1,ossuary
28.32,10.11,0.537,0.0,21.201,1.481,115,601502,269,15.371,-2.63,-19.233,0,0,765444096,0,4,1,ossuary
28.33,8.877,0.458,0.0,21.201,1.481,117,601802,419,15.371,-2.63,-19.233,0,0,765444096,0,4,1,ossuary
28.341,11.516,0.454,0.0,21.201,1.481,117,601802,419,15.371,-2.656,-19.277,0,0,765444096,0,4,1,ossuary
28.352,9.935,0.513,0.0,21.201,1.481,116,601452,418,15.371,-2.681,-19.32,0,0,765444096,0,4,1,ossuary
28.362,8.997,0.418,0.0,21.201,1.481,116,601452,418,15.371,-2.681,-19.32,0,0,765444096,0,4,1,ossuary
28.373,10.797,0.478,0.0,21.201,1.481,116,601452,418,15.371,-2.706,-19.363,0,0,765444096,0,4,1,ossuary
28.383,9.173,0.395,0.0,21.201,1.481,115,601002,417,15.371,-2.706,-19.363,0,0,765444096,0,4,1,ossuary
28.393,11.016,0.456,0.0,21.201,1.481,115,601002,417,15.371,-2.732,-19.406,0,0,765444096,0,4,1,ossuary
28.403,9.965,0.561,0.0,21.201,1.481,124,611518,426,15.371,-2.757,-19.449,0,0,765444096,0,4,1,ossuary
28.412,8.621,0.5,0.0,21.201,1.481,128,617210,430,15.371,-2.757,-19.449,0,0,765444096,0,4,1,ossuary
28.422,10.463,0.615,0.0,21.201,1.481,128,617210,430,15.371,-2.782,-19.492,0,0,765444096,0,4,1,ossuary
28.432,9.008,0.593,0.0,21.201,1.481,137,625321,439,15.371,-2.782,-19.492,0,0,765444096,0,4,1,ossuary
28.441,10.233,0.539,0.0,21.201,1.481,137,625321,439,15.372,-2.797,-19.535,0,0,765444096,0,4,1,ossuary
28.451,9.491,0.638,0.0,21.201,1.481,141,639877,443,15.373,-2.791,-19.58,0,0,765444096,0,4,1,ossuary
28.46,8.84,0.508,0.0,21.201,1.481,145,641035,447,15.373,-2.791,-19.58,0,0,765444096,0,4,1,ossuary
28.47,10.395,0.498,0.0,21.201,1.481,145,641035,447,15.375,-2.79,-19.624,0,0,765444096,0,4,1,ossuary
28.48,8.744,0.477,0.0,21.201,1.481,145,641035,447,15.375,-2.79,-19.624,0,0,765444096,0,4,1,ossuary
28.489,10.578,0.528,0.0,21.201,1.481,145,641035,447,15.377,-2.79,-19.669,0,0,765444096,0,4,1,ossuary
28.499,8.691,0.463,0.0,21.201,1.481,147,647952,449,15.377,-2.79,-19.669,0,0,765444096,0,4,1,ossuary
28.508,10.441,0.522,0.0,21.201,1.481,147,647952,449,15.38,-2.79,-19.713,0,0,765444096,0,4,1,ossuary
28.518,9.045,0.573,0.0,21.201,1.481,154,657298,456,15.383,-2.79,-19.758,0,0,765444096,0,4,1,ossuary
28.527,8.797,0.492,0.0,21.201,1.481,157,657662,459,15.383,-2.79,-19.758,0,0,765444096,0,4,1,ossuary
28.537,10.226,0.511,0.0,21.201,1.481,157,657662,459,15.387,-2.79,-19.802,0,0,765444096,0,4,1,ossuary
28.546,8.809,0.539,0.0,21.201,1.481,157,658700,459,15.387,-2.79,-19.802,0,0,765444096,0,4,1,ossuary
28.556,10.031,0.531,0.0,21.201,1.481,157,658700,459,15.391,-2.79,-19.847,0,0,765444096,0,4,1,ossuary
28.565,8.901,0.473,0.0,21.201,1.481,162,683904,464,15.391,-2.79,-19.847,0,0,765444096,0,4,1,ossuary
28.575,10.503,0.467,0.0,21.201,1.481,162,683904,464,15.396,-2.79,-19.891,0,0,765444096,0,4,1,ossuary
28.584,9.391,0.469,0.0,21.201,1.481,166,689218,468,15.401,-2.79,-19.935,0,0,765444096,0,4,1,ossuary
28.593,8.421,0.501,0.0,21.201,1.481,168,691042,470,15.401,-2.79,-19.935,0,0,765444096,0,4,1,ossuary
28.603,10.374,0.588,0.0,21.201,1.481,168,691042,470,15.407,-2.79,-19.979,0,0,765444096,0,4,1,ossuary
28.612,8.426,0.471,0.0,21.201,1.481,170,691438,472,15.407,-2.79,-19.979,0,0,765444096,0,4,1,ossuary
28.622,10.294,0.469,0.0,21.201,1.481,170,691438,472,15.413,-2.79,-20.024,0,0,765444096,0,4,1,ossuary
28.631,8.695,0.465,0.0,21.201,1.481,173,691466,475,15.413,-2.79,-20.024,0,0,765444096,0,4,1,ossuary
28.64,10.23,0.657,0.0,21.201,1.481,173,691466,475,15.42,-2.79,-20.068,0,0,765444096,0,4,1,ossuary
28.65,8.375,0.506,0.0,21.201,1.481,175,694160,477,15.42,-2.79,-20.068,0,0,765444096,0,4,1,ossuary
28.659,10.584,0.539,0.0,21.201,1.481,175,694160,477,15.427,-2.79,-20.112,0,0,765444096,0,4,1,ossuary
28.668,8.962,0.613,0.0,21.201,1.481,177,698392,479,15.435,-2.79,-20.156,0,0,765444096,0,4,1,ossuary
28.677,8.533,0.622,0.0,21.201,1.481,177,698392,479,15.435,-2.79,-20.156,0,0,765444096,0,4,1,ossuary
28.687,10.131,0.562,0.0,21.201,1.481,177,698392,479,15.442,-2.79,-20.193,0,0,765444096,0,4,1,ossuary
28.696,8.467,0.522,0.0,21.201,1.481,198,746338,500,15.442,-2.79,-20.193,0,0,765444096,0,4,1,ossuary
28.705,9.78,0.508,0.0,21.201,1.481,198,746338,500,15.448,-2.79,-20.225,0,0,765444096,0,4,1,ossuary
28.715,8.558,0.536,0.0,21.201,1.481,216,813380,518,15.448,-2.79,-20.225,0,0,765444096,0,4,1,ossuary
28.724,14.601,0.554,0.0,21.201,1.481,216,813380,518,15.455,-2.79,-20.252,0,0,765444096,0,4,1,ossuary
28.733,7.905,0.525,0.0,21.201,1.481,219,838754,521,15.455,-2.79,-20.252,0,0,765444096,0,4,1,ossuary
28.742,9.688,0.517,0.0,21.201,1.481,219,838754,521,15.462,-2.79,-20.275,0,0,765444096,0,4,1,ossuary
28.752,8.692,0.586,0.0,21.201,1.481,227,857508,529,15.47,-2.79,-20.295,0,0,765444096,0,4,1,ossuary
28.761,8.003,0.683,0.0,21.201,1.481,230,884246,532,15.47,-2.79,-20.295,0,0,765444096,0,4,1,ossuary
28.77,10.145,0.652,0.0,21.201,1.481,230,884246,532,15.477,-2.79,-20.31,0,0,765444096,0,4,1,ossuary
28.779,8.302,0.632,0.0,21.201,1.481,232,890148,534,15.477,-2.79,-20.31,0,0,765444096,0,4,1,ossuary
28.789,11.302,0.666,0.0,21.201,1.481,232,890148,534,15.485,-2.79,-20.323,0,0,765444096,0,4,1,ossuary
28.798,8.065,0.698,0.0,21.201,1.481,208,795685,510,15.485,-2.79,-20.323,0,0,765444096,0,4,1,ossuary
28.807,11.005,1.233,0.0,21.201,1.481,208,795685,510,15.493,-2.79,-20.333,0,0,765444096,0,4,1,ossuary
28.816,9.116,0.733,0.0,21.201,1.481,192,739770,494,15.493,-2.79,-20.333,0,0,765444096,0,4,1,ossuary
28.826,11.695,0.836,0.0,21.201,1.481,192,739770,494,15.502,-2.79,-20.341,0,0,765444096,0,4,1,ossuary
28.835,9.12,0.779,0.0,21.201,1.481,179,726720,481,15.513,-2.79,-20.345,0,0,765444096,0,4,1,ossuary
28.844,10.026,1.22,0.0,21.201,1.481,166,721516,468,15.513,-2.79,-20.345,0,0,765444096,0,4,1,ossuary
28.854,12.163,0.493,0.0,21.201,1.481,166,721516,468,15.525,-2.79,-20.346,0,0,765444096,0,4,1,ossuary
28.863,10.329,0.489,0.0,21.201,1.481,157,675738,459,15.525,-2.79,-20.346,0,0,765444096,0,4,1,ossuary
28.873,11.48,1.006,0.0,21.201,1.481,157,675738,459,15.538,-2.79,-20.345,0,0,765444096,0,4,1,ossuary
28.882,10.203,1.361,0.0,21.201,1.481,146,610440,448,15.538,-2.79,-20.345,0,0,765444096,0,4,1,ossuary
28.892,12.476,1.008,0.0,21.201,1.481,146,610440,448,15.553,-2.79,-20.339,0,0,765444096,0,4,1,ossuary
28.903,11.604,0.656,0.0,21.201,1.481,143,598066,445,15.569,-2.79,-20.33,0,0,765444096,0,4,1,ossuary
28.915,11.761,0.588,0.0,21.201,1.481,145,598080,447,15.569,-2.79,-20.33,0,0,765444096,0,4,1,ossuary
28.927,11.822,0.73,0.0,21.201,1.481,145,598080,447,15.585,-2.79,-20.318,0,0,765444096,0,4,1,ossuary
28.939,12.176,0.727,0.0,21.201,1.481,155,611985,457,15.603,-2.79,-20.303,0,0,765444096,0,4,1,ossuary
28.95,11.44,0.668,0.0,21.201,1.481,157,612483,459,15.62,-2.79,-20.284,0,0,765444096,0,4,1,ossuary
28.962,11.152,0.784,0.0,21.201,1.481,155,612393,457,15.62,-2.79,-20.284,0,0,765444096,0,4,1,ossuary
28.974,13.477,0.641,0.0,21.201,1.481,155,612393,457,15.637,-2.79,-20.263,0,0,765444096,0,4,1,ossuary
28.986,11.082,0.674,0.0,21.201,1.481,159,616896,461,15.654,-2.79,-20.239,0,0,765444096,0,4,1,ossuary
28.998,11.49,1.15,0.0,21.201,1.481,161,619012,463,15.654,-2.79,-20.239,0,0,765444096,0,4,1,ossuary
29.01,12.482,1.093,0.0,21.201,1.481,161,619012,463,15.67,-2.79,-20.212,0,0,765444096,0,4,1,ossuary
29.022,12.029,1.062,0.0,21.201,1.481,164,621708,466,15.686,-2.79,-20.184,0,0,765444096,0,4,1,ossuary
29.034,11.456,1.097,0.0,21.201,1.481,160,613754,462,15.7,-2.79,-20.153,0,0,765444096,0,4,1,ossuary
29.046,11.225,1.015,0.0,21.201,1.481,160,613754,462,15.7,-2.79,-20.153,0,0,765444096,0,4,1,ossuary
29.058,12.843,0.754,0.0,21.201,1.481,160,613754,462,15.714,-2.79,-20.12,0,0,765444096,0,4,1,ossuary
29.07,12.253,1.164,0.0,21.201,1.481,157,613660,459,15.727,-2.79,-20.086,0,0,765444096,0,4,1,ossuary
29.081,10.324,0.874,0.0,21.201,1.481,158,613790,460,15.727,-2.79,-20.086,0,0,765444096,0,4,1,ossuary
29.093,12.908,0.954,0.0,21.201,1.481,158,613790,460,15.738,-2.79,-20.05,0,0,765444096,0,4,1,ossuary
29.105,11.855,0.705,0.0,21.201,1.481,154,612655,456,15.748,-2.79,-20.013,0,0,765444096,0,4,1,ossuary
29.117,11.682,0.776,0.0,21.201,1.481,151,612019,453,15.758,-2.79,-19.975,0,0,765444096,0,4,1,ossuary
29.129,10.862,1.045,0.0,15.57,1.402,141,607413,443,15.758,-2.79,-19.975,0,0,765444096,0,4,1,ossuary
29.145,18.293,0.912,0.0,15.57,1.402,141,607413,443,15.766,-2.79,-19.936,0,0,765444096,0,4,1,ossuary
29.157,11.545,0.775,0.0,15.57,1.402,151,612066,453,15.773,-2.79,-19.896,0,0,765444096,0,4,1,ossuary
29.169,11.774,0.731,0.0,15.57,1.402,150,611924,452,15.778,-2.79,-19.855,0,0,765444096,0,4,1,ossuary
29.182,10.721,0.632,0.0,15.57,1.402,149,587268,451,15.778,-2.79,-19.855,0,0,765444096,0,4,1,ossuary
29.194,12.568,0.714,0.0,15.57,1.402,149,587268,451,15.783,-2.79,-19.814,0,0,765444096,0,4,1,ossuary
29.206,11.541,0.663,0.0,15.57,1.402,147,562618,449,15.787,-2.79,-19.772,0,0,765444096,0,4,1,ossuary
29.217,10.993,0.61,0.0,15.57,1.402,146,513308,448,15.787,-2.79,-19.772,0,0,765444096,0,4,1,ossuary
29.229,12.524,0.564,0.0,15.57,1.402,146,513308,448,15.79,-2.79,-19.73,0,0,765444096,0,4,1,ossuary
29.241,11.98,0.518,0.0,15.57,1.402,134,497480,436,15.791,-2.79,-19.687,0,0,765444096,0,4,1,ossuary
29.253,11.967,0.495,0.0,15.57,1.402,131,496416,433,15.792,-2.79,-19.644,0,0,765444096,0,4,1,ossuary
29.265,10.796,0.463,0.0,15.57,1.402,131,496416,433,15.792,-2.79,-19.644,0,0,765444096,0,4,1,ossuary
29.277,12.556,0.618,0.0,15.57,1.402,131,496416,433,15.769,-2.79,-19.62,0,0,765444096,0,4,1,ossuary
29.289,11.895,0.703,0.0,15.57,1.402,129,488052,431,15.751,-2.79,-19.59,0,0,765444096,0,4,1,ossuary
29.302,11.575,0.555,0.0,15.57,1.402,129,488052,431,15.735,-2.79,-19.558,0,0,765444096,0,4,1,ossuary
29.314,11.047,0.48,0.0,15.57,1.402,129,488052,431,15.735,-2.79,-19.558,0,0,765444096,0,4,1,ossuary
29.326,11.968,0.44,0.0,15.57,1.402,129,488052,431,15.721,-2.79,-19.524,0,0,765444096,0,4,1,ossuary
29.338,11.713,0.364,0.0,15.57,1.402,129,488052,431,15.709,-2.783,-19.492,0,0,765444096,0,4,1,ossuary
29.35,11.132,0.361,0.0,15.57,1.402,129,488052,431,15.709,-2.783,-19.492,0,0,765444096,0,4,1,ossuary
29.362,12.552,0.356,0.0,15.57,1.402,129,488052,431,15.696,-2.754,-19.462,0,0,765444096,0,4,1,ossuary
29.374,11.701,0.401,0.0,15.57,1.402,129,488052,431,15.685,-2.735,-19.429,0,0,765444096,0,4,1,ossuary
29.386,11.821,0.381,0.0,15.57,1.402,129,488052,431,15.674,-2.715,-19.394,0,0,765444096,0,4,1,ossuary
29.398,10.977,0.486,0.0,15.57,1.402,127,443854,429,15.674,-2.715,-19.394,0,0,765444096,0,4,1,ossuary
29.411,12.073,0.467,0.0,15.57,1.402,127,443854,429,15.664,-2.694,-19.36,0,0,765444096,0,4,1,ossuary
29.423,11.631,0.443,0.0,15.57,1.402,127,443854,429,15.654,-2.674,-19.324,0,0,765444096,0,4,1,ossuary
29.435,12.307,0.332,0.0,15.57,1.402,127,443854,429,15.645,-2.653,-19.288,0,0,765444096,0,4,1,ossuary
29.447,10.742,0.439,0.0,15.57,1.402,127,443854,429,15.645,-2.653,-19.288,0,0,765444096,0,4,1,ossuary
29.459,12.36,0.494,0.0,15.57,1.402,127,443854,429,15.636,-2.631,-19.252,0,0,765444096,0,4,1,ossuary
29.471,11.609,0.39,0.0,15.57,1.402,127,443854,429,15.627,-2.61,-19.216,0,0,765444096,0,4,1,ossuary
29.483,11.367,0.408,0.0,15.57,1.402,127,443854,429,15.627,-2.61,-19.216,0,0,765444096,0,4,1,ossuary
29.495,12.329,0.363,0.0,15.57,1.402,127,443854,429,15.619,-2.588,-19.179,0,0,765444096,0,4,1,ossuary
29.507,11.509,0.487,0.0,15.57,1.402,127,443854,429,15.61,-2.566,-19.142,0,0,765444096,0,4,1,ossuary
29.518,11.676,0.444,0.0,15.57,1.402,127,443854,429,15.601,-2.544,-19.105,0,0,765444096,0,4,1,ossuary
29.53,11.562,0.346,0.0,15.57,1.402,127,443854,429,15.601,-2.544,-19.105,0,0,765444096,0,4,1,ossuary
29.542,12.204,0.548,0.0,15.57,1.402,127,443854,429,15.593,-2.522,-19.067,0,0,765444096,0,4,1,ossuary
29.554,11.573,0.554,0.0,15.57,1.402,125,443554,279,15.584,-2.5,-19.03,0,0,765444096,0,4,1,ossuary
29.566,10.912,0.344,0.0,15.57,1.402,125,443554,279,15.584,-2.5,-19.03,0,0,765444096,0,4,1,ossuary
29.578,12.123,0.444,0.0,15.57,1.402,125,443554,279,15.576,-2.478,-18.992,0,0,765444096,0,4,1,ossuary
29.59,11.709,0.4,0.0,15.57,1.402,125,443554,279,15.567,-2.456,-18.954,0,0,765444096,0,4,1,ossuary
29.602,12.12,0.399,0.0,15.57,1.402,125,443554,279,15.559,-2.433,-18.916,0,0,765444096,0,4,1,ossuary
29.614,10.87,0.352,0.0,15.57,1.402,125,443554,279,15.559,-2.433,-18.916,0,0,765444096,0,4,1,ossuary
29.626,12.423,0.437,0.0,15.57,1.402,125,443554,279,15.55,-2.411,-18.879,0,0,765444096,0,4,1,ossuary
29.637,11.829,0.411,0.0,15.57,1.402,125,443554,279,15.542,-2.389,-18.841,0,0,765444096,0,4,1,ossuary
29.649,10.797,0.567,0.0,15.57,1.402,125,443554,279,15.542,-2.389,-18.841,0,0,765444096,0,4,1,ossuary
29.661,12.368,0.491,0.0,15.57,1.402,125,443554,279,15.533,-2.367,-18.803,0,0,765444096,0,4,1,ossuary
29.673,12.046,0.55,0.0,15.57,1.402,126,444594,280,15.525,-2.344,-18.765,0,0,765444096,0,4,1,ossuary
29.685,11.258,0.473,0.0,15.57,1.402,126,444594,280,15.516,-2.322,-18.727,0,0,765444096,0,4,1,ossuary
29.697,11.236,0.552,0.0,15.57,1.402,126,444594,280,15.516,-2.322,-18.727,0,0,765444096,0,4,1,ossuary
29.709,12.447,0.406,0.0,15.57,1.402,126,444594,280,15.508,-2.3,-18.689,0,0,765444096,0,4,1,ossuary
29.721,11.85,0.423,0.0,15.57,1.402,127,445634,281,15.499,-2.277,-18.651,0,0,765444096,0,4,1,ossuary
29.733,11.101,0.463,0.0,15.57,1.402,123,445520,224,15.499,-2.277,-18.651,0,0,765444096,0,4,1,ossuary
29.745,12.094,0.503,0.0,15.57,1.402,123,445520,224,15.491,-2.255,-18.613,0,0,765444096,0,4,1,ossuary
29.757,11.71,0.479,0.0,15.57,1.402,123,445520,224,15.482,-2.233,-18.575,0,0,765444096,0,4,1,ossuary
29.768,12.038,0.492,0.0,15.57,1.402,123,445520,224,15.474,-2.21,-18.537,0,0,765444096,0,4,1,ossuary
29.78,11.037,0.445,0.0,15.57,1.402,123,445520,224,15.474,-2.21,-18.537,0,0,765444096,0,4,1,ossuary
29.792,12.452,0.478,0.0,15.57,1.402,123,445520,224,15.465,-2.188,-18.499,0,0,765444096,0,4,1,ossuary
29.804,11.616,0.513,0.0,15.57,1.402,123,445520,224,15.457,-2.165,-18.461,0,0,765444096,0,4,1,ossuary
29.816,11.084,0.498,0.0,15.57,1.402,123,445520,224,15.457,-2.165,-18.461,0,0,765444096,0,4,1,ossuary
29.828,12.602,0.441,0.0,15.57,1.402,123,445520,224,15.448,-2.143,-18.423,0,0,765444096,0,4,1,ossuary
29.84,11.481,0.571,0.0,15.57,1.402,123,445520,224,15.44,-2.121,-18.385,0,0,765444096,0,4,1,ossuary
29.852,11.676,0.429,0.0,15.57,1.402,123,445520,224,15.432,-2.098,-18.347,0,0,765444096,0,4,1,ossuary
29.864,16.283,0.6,0.0,15.57,1.402,123,445520,224,15.432,-2.098,-18.347,0,0,765444096,0,4,1,ossuary
29.876,12.433,0.701,0.0,15.57,1.402,123,445520,224,15.424,-2.076,-18.309,0,0,765444096,0,4,1,ossuary
29.887,12.135,0.54,0.0,15.57,1.402,123,445520,224,15.416,-2.053,-18.271,0,0,765444096,0,4,1,ossuary
29.899,10.984,0.407,0.0,15.57,1.402,123,445520,224,15.416,-2.053,-18.271,0,0,765444096,0,4,1,ossuary
29.911,12.957,0.577,0.0,15.57,1.402,123,445520,224,15.409,-2.031,-18.233,0,0,765444096,0,4,1,ossuary
29.923,11.154,0.628,0.0,15.57,1.402,122,445412,223,15.402,-2.009,-18.195,0,0,765444096,0,4,1,ossuary
29.935,17.629,0.771,0.0,15.57,1.402,121,442076,222,15.396,-1.986,-18.157,0,0,765444096,0,4,1,ossuary
29.947,10.751,0.527,0.0,15.57,1.402,121,442076,222,15.396,-1.986,-18.157,0,0,765444096,0,4,1,ossuary
29.96,12.724,0.605,0.0,15.57,1.402,121,442076,222,15.39,-1.964,-18.119,0,0,765444096,0,4,1,ossuary
29.972,11.696,0.589,0.0,15.57,1.402,121,442076,222,15.384,-1.942,-18.081,0,0,765444096,0,4,1,ossuary
29.984,12.129,0.609,0.0,15.57,1.402,122,442088,223,15.379,-1.919,-18.043,0,0,765444096,0,4,1,ossuary
29.996,11.436,0.632,0.0,15.57,1.402,122,442088,223,15.379,-1.919,-18.043,0,0,765444096,0,4,1,ossuary
30.008,12.43,0.606,0.0,15.57,1.402,122,442088,223,15.374,-1.897,-18.005,0,0,765444096,0,4,1,ossuary
30.02,11.091,0.999,0.0,15.57,1.402,122,442088,223,15.37,-1.874,-17.966,0,0,765444096,0,4,1,ossuary
30.032,12.121,1.007,0.0,15.57,1.402,122,442088,223,15.37,-1.874,-17.966,0,0,765444096,0,4,1,ossuary
30.044,12.36,0.589,0.0,15.57,1.402,122,442088,223,15.366,-1.852,-17.928,0,0,765444096,0,4,1,ossuary
30.057,11.522,1.104,0.0,15.57,1.402,121,433512,222,15.362,-1.829,-17.89,0,0,765444096,0,4,1,ossuary
30.069,12.047,1.57,0.0,15.57,1.402,123,433536,224,15.358,-1.807,-17.852,0,0,765444096,0,4,1,ossuary
30.081,10.96,0.705,0.0,15.57,1.402,123,433536,224,15.358,-1.807,-17.852,0,0,765444096,0,4,1,ossuary
30.093,13.146,0.684,0.0,15.57,1.402,123,433536,224,15.355,-1.784,-17.813,0,0,765444096,0,4,1,ossuary
30.105,11.703,0.649,0.0,15.57,1.402,123,433546,224,15.352,-1.761,-17.775,0,0,765444096,0,4,1,ossuary
30.117,11.048,1.144,0.0,15.57,1.402,123,433556,224,15.352,-1.761,-17.775,0,0,765444096,0,4,1,ossuary
30.129,12.65,1.002,0.0,17.194,1.02,123,433556,224,15.349,-1.739,-17.736,0,0,765444096,0,4,1,ossuary
30.14,11.605,1.09,0.0,17.194,1.02,125,433756,226,15.347,-1.716,-17.698,0,0,765444096,0,4,1,ossuary
30.152,12.206,0.909,0.0,17.194,1.02,125,433756,226,15.345,-1.694,-17.66,0,0,765444096,0,4,1,ossuary
30.164,10.62,0.72,0.0,17.194,1.02,125,433756,226,15.345,-1.694,-17.66,0,0,765444096,0,4,1,ossuary
30.176,14.317,0.788,0.0,17.194,1.02,125,433756,226,15.343,-1.671,-17.621,0,0,765444096,0,4,1,ossuary
30.188,10.648,0.64,0.0,17.194,1.02,125,433756,226,15.341,-1.648,-17.583,0,0,765444096,0,4,1,ossuary
30.2,11.049,0.919,0.0,17.194,1.02,125,433756,226,15.341,-1.648,-17.583,0,0,765444096,0,4,1,ossuary
30.212,18.888,0.709,0.0,17.194,1.02,125,433756,226,15.339,-1.626,-17.544,0,0,765444096,0,4,1,ossuary
30.224,11.823,0.605,0.0,17.194,1.02,125,436762,226,15.338,-1.603,-17.506,0,0,765444096,0,4,1,ossuary
30.236,11.899,1.09,0.0,17.194,1.02,125,436762,226,15.336,-1.58,-17.467,0,0,765444096,0,4,1,ossuary
30.248,10.633,1.017,0.0,17.194,1.02,125,436762,226,15.336,-1.58,-17.467,0,0,765444096,0,4,1,ossuary
30.261,13.589,1.264,0.0,17.194,1.02,125,436762,226,15.335,-1.558,-17.429,0,0,765444096,0,4,1,ossuary
30.273,10.857,0.709,0.0,17.194,1.02,125,436762,226,15.334,-1.535,-17.39,0,0,765444096,0,4,1,ossuary
30.285,11.945,0.994,0.0,17.194,1.02,125,436762,226,15.333,-1.512,-17.352,0,0,765444096,0,4,1,ossuary
30.297,12.714,0.509,0.0,17.194,1.02,125,436762,226,15.333,-1.512,-17.352,0,0,765444096,0,4,1,ossuary
30.309,11.484,0.54,0.0,17.194,1.02,125,436762,226,15.333,-1.49,-17.313,0,0,765444096,0,4,1,ossuary
30.321,11.916,1.914,0.0,17.194,1.02,125,436762,226,15.332,-1.467,-17.275,0,0,765444096,0,4,1,ossuary
30.333,11.442,0.506,0.0,17.194,1.02,126,436774,227,15.332,-1.467,-17.275,0,0,765444096,0,4,1,ossuary
30.345,12.58,0.375,0.0,17.194,1.02,126,436774,227,15.331,-1.444,-17.236,0,0,765444096,0,4,1,ossuary
30.358,12.682,0.311,0.0,17.194,1.02,126,436774,227,15.331,-1.421,-17.198,0,0,765444096,0,4,1,ossuary
30.37,11.487,0.443,0.0,17.194,1.02,126,436774,227,15.33,-1.399,-17.159,0,0,765444096,0,4,1,ossuary
30.382,12.28,0.914,0.0,17.194,1.02,126,436774,227,15.33,-1.399,-17.159,0,0,765444096,0,4,1,ossuary
30.394,12.666,0.574,0.0,17.194,1.02,126,436774,227,15.33,-1.376,-17.121,0,0,765444096,0,4,1,ossuary
30.406,11.949,1.215,0.0,17.194,1.02,126,436774,227,15.33,-1.353,-17.082,0,0,765444096,0,4,1,ossuary
30.418,11.726,1.214,0.0,17.194,1.02,126,436774,227,15.33,-1.331,-17.043,0,0,765444096,0,4,1,ossuary
30.43,11.779,1.222,0.0,17.194,1.02,125,374998,226,15.33,-1.331,-17.043,0,0,765444096,0,4,1,ossuary
30.442,13.018,0.971,0.0,17.194,1.02,125,374998,226,15.33,-1.308,-17.005,0,0,765444096,0,4,1,ossuary
30.455,12.137,0.988,0.0,17.194,1.02,124,436624,152,15.33,-1.285,-16.966,0,0,765444096,0,4,1,ossuary
30.467,11.858,1.069,0.0,17.194,1.02,124,374860,152,15.33,-1.285,-16.966,0,0,765444096,0,4,1,ossuary
30.479,13.141,0.999,0.0,17.194,1.02,124,374860,152,15.33,-1.263,-16.928,0,0,765444096,0,4,1,ossuary
30.491,12.667,1.333,0.0,17.194,1.02,125,436636,153,15.33,-1.24,-16.889,0,0,765444096,0,4,1,ossuary
30.503,11.614,1.34,0.0,17.194,1.02,124,374860,152,15.33,-1.217,-16.851,0,0,765444096,0,4,1,ossuary
30.515,10.734,1.116,0.0,17.194,1.02,124,374860,152,15.33,-1.217,-16.851,0,0,765444096,0,4,1,ossuary
30.527,12.86,1.14,0.0,17.194,1.02,124,374860,152,15.33,-1.195,-16.812,0,0,765444096,0,4,1,ossuary
30.539,12.311,0.46,0.0,17.194,1.02,124,374860,152,15.33,-1.172,-16.774,0,0,765444096,0,4,1,ossuary
30.552,11.99,0.48,0.0,17.194,1.02,124,374860,152,15.33,-1.148,-16.735,0,0,765444096,0,4,1,ossuary
30.566,17.243,0.588,0.0,17.194,1.02,124,374860,152,15.33,-1.148,-16.735,0,0,765444096,0,4,1,ossuary
30.578,12.967,0.345,0.0,17.194,1.02,124,374860,152,15.33,-1.126,-16.697,0,0,765444096,0,4,1,ossuary
30.59,12.297,0.395,0.0,17.194,1.02,124,374860,152,15.331,-1.104,-16.658,0,0,765444096,0,4,1,ossuary
30.603,12.373,0.384,0.0,17.194,1.02,124,374860,152,15.331,-1.081,-16.62,0,0,765444096,0,4,1,ossuary
30.615,12.144,0.417,0.0,17.194,1.02,124,374860,152,15.331,-1.081,-16.62,0,0,765444096,0,4,1,ossuary
30.628,12.896,0.493,0.0,17.194,1.02,124,374860,152,15.331,-1.058,-16.581,0,0,765444096,0,4,1,ossuary
30.64,12.511,0.701,0.0,17.194,1.02,124,374860,152,15.332,-1.036,-16.542,0,0,765444096,0,4,1,ossuary
30.653,12.676,0.505,0.0,17.194,1.02,124,374860,152,15.332,-1.013,-16.504,0,0,765444096,0,4,1,ossuary
30.666,12.167,0.505,0.0,17.194,1.02,124,374860,152,15.332,-1.013,-16.504,0,0,765444096,0,4,1,ossuary
30.678,13.173,0.472,0.0,17.194,1.02,124,374860,152,15.333,-0.99,-16.465,0,0,765444096,0,4,1,ossuary
30.691,12.806,0.536,0.0,17.194,1.02,124,374860,152,15.333,-0.968,-16.427,0,0,765444096,0,4,1,ossuary
30.704,12.798,0.535,0.0,17.194,1.02,124,374860,152,15.333,-0.945,-16.388,0,0,765444096,0,4,1,ossuary
30.717,13.042,0.487,0.0,17.194,1.02,124,374860,152,15.334,-0.922,-16.35,0,0,765444096,0,4,1,ossuary
30.73,12.682,0.624,0.0,17.194,1.02,124,374860,152,15.334,-0.922,-16.35,0,0,765444096,0,4,1,ossuary
30.743,13.757,0.602,0.0,17.194,1.02,124,374860,152,15.334,-0.9,-16.311,0,0,765444096,0,4,1,ossuary
30.756,13.009,0.786,0.0,17.194,1.02,124,374860,152,15.335,-0.877,-16.273,0,0,765444096,0,4,1,ossuary
30.769,12.609,0.747,0.0,17.194,1.02,124,374860,152,15.335,-0.854,-16.234,0,0,765444096,0,4,1,ossuary
30.782,13.134,0.539,0.0,17.194,1.02,124,374860,152,15.335,-0.854,-16.234,0,0,765444096,0,4,1,ossuary
30.8,19.189,1.086,0.0,17.194,1.02,124,374860,152,15.336,-0.809,-16.157,0,0,765444096,0,4,1,ossuary
30.817,12.428,1.015,0.0,17.194,1.02,124,374860,152,15.337,-0.786,-16.118,0,0,765444096,0,4,1,ossuary
30.834,12.975,0.986,0.0,17.194,1.02,124,374860,152,15.337,-0.763,-16.08,0,0,765444096,0,4,1,ossuary
30.85,13.153,1.011,0.0,17.194,1.02,124,374860,152,15.338,-0.741,-16.041,0,0,765444096,0,4,1,ossuary
30.867,12.765,1.279,0.0,17.194,1.02,124,374860,152,15.338,-0.718,-16.003,0,0,765444096,0,4,1,ossuary
30.882,12.2,0.943,0.0,17.194,1.02,124,374860,152,15.338,-0.718,-16.003,0,0,765444096,0,4,1,ossuary
30.895,13.521,0.95,0.0,17.194,1.02,124,374860,152,15.339,-0.695,-15.964,0,0,765444096,0,4,1,ossuary
30.908,13.527,1.016,0.0,17.194,1.02,124,374860,152,15.34,-0.673,-15.926,0,0,765444096,0,4,1,ossuary
30.922,18.003,1.052,0.0,17.194,1.02,124,374860,152,15.34,-0.65,-15.887,0,0,765444096,0,4,1,ossuary
30.937,12.706,1.03,0.0,17.194,1.02,124,374860,152,15.341,-0.627,-15.849,0,0,765444096,0,4,1,ossuary
30.952,12.927,0.959,0.0,17.194,1.02,124,374860,152,15.341,-0.605,-15.81,0,0,765444096,0,4,1,ossuary
30.965,12.26,1.062,0.0,17.194,1.02,124,374860,152,15.341,-0.605,-15.81,0,0,765444096,0,4,1,ossuary
30.977,13.633,0.642,0.0,17.194,1.02,124,374860,152,15.342,-0.582,-15.772,0,0,765444096,0,4,1,ossuary
30.99,12.641,0.992,0.0,17.194,1.02,124,374860,152,15.343,-0.559,-15.733,0,0,765444096,0,4,1,ossuary
31.003,13.042,1.119,0.0,17.194,1.02,124,374860,152,15.343,-0.536,-15.695,0,0,765444096,0,4,1,ossuary
31.017,13.589,0.961,0.0,17.194,1.02,124,374860,152,15.344,-0.514,-15.656,0,0,765444096,0,4,1,ossuary
31.029,11.646,1.021,0.0,17.194,1.02,124,374860,152,15.344,-0.514,-15.656,0,0,765444096,0,4,1,ossuary
31.042,13.43,0.977,0.0,17.194,1.02,124,374860,152,15.344,-0.491,-15.617,0,0,765444096,0,4,1,ossuary
31.055,13.474,1.07,0.0,17.194,1.02,124,374860,152,15.345,-0.468,-15.579,0,0,765444096,0,4,1,ossuary
31.068,12.406,1.05,0.0,17.194,1.02,127,375016,228,15.345,-0.446,-15.54,0,0,765444096,0,4,1,ossuary
31.08,11.944,1.032,0.0,17.194,1.02,127,375016,228,15.345,-0.446,-15.54,0,0,765444096,0,4,1,ossuary
31.093,13.704,1.176,0.0,17.194,1.02,127,375016,228,15.346,-0.423,-15.502,0,0,765444096,0,4,1,ossuary
31.106,13.201,1.035,0.0,17.194,1.02,127,375016,228,15.347,-0.4,-15.463,0,0,765444096,0,4,1,ossuary
31.119,12.241,1.153,0.0,17.194,1.02,127,375016,228,15.347,-0.378,-15.425,0,0,765444096,0,4,1,ossuary
31.132,12.944,0.948,0.0,17.194,1.02,127,375016,228,15.347,-0.378,-15.425,0,0,765444096,0,4,1,ossuary
31.144,13.52,0.52,0.0,18.108,1.438,127,375016,228,15.348,-0.355,-15.386,0,0,765444096,0,4,1,ossuary
31.157,12.803,1.276,0.0,18.108,1.438,127,375016,228,15.348,-0.332,-15.348,0,0,765444096,0,4,1,ossuary
31.169,12.446,0.943,0.0,18.108,1.438,127,375016,228,15.349,-0.31,-15.309,0,0,765444096,0,4,1,ossuary
31.182,12.009,0.53,0.0,18.108,1.438,127,375016,228,15.349,-0.31,-15.309,0,0,765444096,0,4,1,ossuary
31.194,13.527,0.995,0.0,18.108,1.438,127,375016,228,15.35,-0.287,-15.271,0,0,765444096,0,4,1,ossuary
31.207,13.011,1.011,0.0,18.108,1.438,127,375016,228,15.35,-0.264,-15.232,0,0,765444096,0,4,1,ossuary
31.219,12.539,1.026,0.0,18.108,1.438,127,375016,228,15.351,-0.241,-15.193,0,0,765444096,0,4,1,ossuary
31.232,12.211,0.949,0.0,18.108,1.438,127,375016,228,15.351,-0.241,-15.193,0,0,765444096,0,4,1,ossuary
31.245,19.64,1.084,0.0,18.108,1.438,127,375016,228,15.351,-0.219,-15.155,0,0,765444096,0,4,1,ossuary
31.258,85.215,1.162,0.0,18.108,1.438,127,375016,228,15.352,-0.196,-15.116,0,0,765444096,0,5,1,skull
31.333,3.508,1.116,0.0,18.108,1.438,174,503440,376,15.354,-0.105,-14.962,0,0,769736704,0,5,1,skull
31.352,17.606,0.461,0.0,18.108,1.438,174,503440,376,15.356,-0.06,-14.885,0,0,769736704,0,5,1,skull
31.379,18.191,0.397,0.0,18.108,1.438,174,503440,376,15.356,-0.037,-14.847,0,0,769736704,0,5,1,skull
31.383,12.851,0.463,0.0,18.108,1.438,174,503440,376,15.357,-0.015,-14.808,0,0,769736704,0,5,1,skull
31.404,13.408,0.387,0.0,18.108,1.438,172,503208,374,15.357,0.008,-14.769,0,0,769736704,0,5,1,skull
31.418,13.28,0.395,0.0,18.108,1.438,171,503206,373,15.358,0.031,-14.731,0,0,769736704,0,5,1,skull
31.432,13.169,0.391,0.0,18.108,1.438,169,500208,371,15.358,0.031,-14.731,0,0,769736704,0,5,1,skull
31.445,14.037,0.404,0.0,18.108,1.438,169,500208,371,15.358,0.054,-14.692,0,0,769736704,0,5,1,skull
31.459,13.318,0.483,0.0,18.108,1.438,169,500208,371,15.359,0.076,-14.654,0,0,769736704,0,5,1,skull
31.472,13.625,0.461,0.0,18.108,1.438,169,500208,371,15.36,0.099,-14.615,0,0,769736704,0,5,1,skull
31.486,13.523,0.473,0.0,18.108,1.438,168,499744,370,15.36,0.122,-14.577,0,0,769736704,0,5,1,skull
31.499,12.793,0.533,0.0,18.108,1.438,168,499744,370,15.36,0.122,-14.577,0,0,769736704,0,5,1,skull
31.513,14.32,0.494,0.0,18.108,1.438,168,499744,370,15.361,0.144,-14.538,0,0,769736704,0,5,1,skull
31.527,13.714,0.453,0.0,18.108,1.438,168,499744,370,15.361,0.167,-14.5,0,0,769736704,0,5,1,skull
31.54,14.024,0.429,0.0,18.108,1.438,168,499744,370,15.362,0.19,-14.461,0,0,769736704,0,5,1,skull
31.554,19.891,0.598,0.0,18.108,1.438,167,499394,369,15.362,0.212,-14.423,0,0,769736704,0,5,1,skull
31.568,13.553,0.586,0.0,18.108,1.438,167,499394,369,15.363,0.235,-14.384,0,0,769736704,0,5,1,skull
31.582,13.407,0.513,0.0,18.108,1.438,166,498697,368,15.363,0.235,-14.384,0,0,769736704,0,5,1,skull
31.596,20.615,0.534,0.0,18.108,1.438,166,498697,368,15.363,0.258,-14.345,0,0,769736704,0,5,1,skull
31.61,14.535,0.536,0.0,18.108,1.438,166,498697,368,15.364,0.281,-14.307,0,0,769736704,0,5,1,skull
31.623,14.939,0.458,0.0,18.108,1.438,166,498697,368,15.364,0.303,-14.268,0,0,769736704,0,5,1,skull
31.637,14.085,0.638,0.0,18.108,1.438,166,498697,368,15.365,0.326,-14.23,0,0,769736704,0,5,1,skull
31.651,14.115,0.668,0.0,18.108,1.438,166,498697,368,15.365,0.334,-14.188,0,0,769736704,0,5,1,skull
31.665,13.755,0.548,0.0,18.108,1.438,166,498697,368,15.365,0.334,-14.188,0,0,769736704,0,5,1,skull
31.679,15.097,0.406,0.0,18.108,1.438,166,498697,368,15.366,0.349,-14.147,0,0,769736704,0,5,1,skull
31.693,14.069,0.378,0.0,18.108,1.438,166,498697,368,15.366,0.358,-14.102,0,0,769736704,0,5,1,skull
31.707,14.027,0.422,0.0,18.108,1.438,166,498697,368,15.367,0.349,-14.057,0,0,769736704,0,5,1,skull
31.721,14.27,0.418,0.0,18.108,1.438,166,498697,368,15.367,0.358,-14.013,0,0,769736704,0,5,1,skull
31.735,14.204,0.522,0.0,18.108,1.438,165,489017,367,15.368,0.351,-13.968,0,0,769736704,0,5,1,skull
31.749,13.907,0.476,0.0,18.108,1.438,166,489019,368,15.368,0.351,-13.968,0,0,769736704,0,5,1,skull
31.763,14.351,0.503,0.0,18.108,1.438,166,489019,368,15.368,0.359,-13.923,0,0,769736704,0,5,1,skull
31.777,14.269,0.534,0.0,18.108,1.438,166,489019,368,15.368,0.36,-13.878,0,0,769736704,0,5,1,skull
31.791,14.414,0.362,0.0,18.108,1.438,166,489019,368,15.369,0.36,-13.833,0,0,769736704,0,5,1,skull
31.806,14.336,0.463,0.0,18.108,1.438,166,489019,368,15.369,0.36,-13.788,0,0,769736704,0,5,1,skull
31.82,13.855,0.404,0.0,18.108,1.438,166,489019,368,15.369,0.36,-13.743,0,0,769736704,0,5,1,skull
31.834,14.791,0.438,0.0,18.108,1.438,163,486843,365,15.37,0.36,-13.698,0,0,769736704,0,5,1,skull
31.849,13.61,0.417,0.0,18.108,1.438,163,486843,365,15.37,0.36,-13.698,0,0,769736704,0,5,1,skull
31.863,14.994,0.352,0.0,18.108,1.438,163,486843,365,15.37,0.36,-13.653,0,0,769736704,0,5,1,skull
31.877,13.623,0.466,0.0,18.108,1.438,161,484763,363,15.37,0.36,-13.608,0,0,769736704,0,5,1,skull
31.892,13.888,0.409,0.0,18.108,1.438,161,484763,363,15.37,0.36,-13.563,0,0,769736704,0,5,1,skull
31.906,14.629,0.345,0.0,18.108,1.438,161,484763,363,15.371,0.36,-13.518,0,0,769736704,0,5,1,skull
31.926,20.37,0.474,0.0,18.108,1.438,160,484761,362,15.371,0.36,-13.473,0,0,769736704,0,5,1,skull
31.94,14.441,0.373,0.0,18.108,1.438,159,484437,361,15.371,0.36,-13.428,0,0,769736704,0,5,1,skull
31.955,14.375,0.416,0.0,18.108,1.438,156,473517,358,15.371,0.36,-13.383,0,0,769736704,0,5,1,skull
31.969,14.089,0.392,0.0,18.108,1.438,156,473517,358,15.371,0.36,-13.338,0,0,769736704,0,5,1,skull
31.983,13.406,0.476,0.0,18.108,1.438,151,473341,353,15.371,0.36,-13.338,0,0,769736704,0,5,1,skull
31.998,14.687,0.4,0.0,18.108,1.438,151,473341,353,15.372,0.36,-13.293,0,0,769736704,0,5,1,skull
32.013,13.918,0.417,0.0,18.108,1.438,149,473317,351,15.372,0.36,-13.248,0,0,769736704,0,5,1,skull
32.028,14.23,0.437,0.0,18.108,1.438,149,473317,351,15.372,0.36,-13.203,0,0,769736704,0,5,1,skull
32.043,14.489,0.431,0.0,18.108,1.438,149,473317,351,15.372,0.36,-13.158,0,0,769736704,0,5,1,skull
32.057,13.994,0.414,0.0,18.108,1.438,148,473664,350,15.372,0.36,-13.113,0,0,769736704,0,5,1,skull
32.072,14.055,0.469,0.0,18.108,1.438,148,473615,350,15.372,0.36,-13.068,0,0,769736704,0,5,1,skull
32.087,13.862,0.591,0.0,18.108,1.438,146,473591,348,15.372,0.36,-13.023,0,0,769736704,0,5,1,skull
32.102,13.791,0.494,0.0,18.108,1.438,146,473591,348,15.372,0.36,-12.978,0,0,769736704,0,5,1,skull
32.117,13.514,0.551,0.0,18.108,1.438,146,473591,348,15.372,0.36,-12.978,0,0,769736704,0,5,1,skull
32.131,14.393,0.537,0.0,19.789,73.524,146,473591,348,15.372,0.36,-12.933,0,0,769736704,0,5,1,skull
32.146,13.518,0.547,0.0,19.789,73.524,146,473591,348,15.372,0.36,-12.888,0,0,769736704,0,5,1,skull
32.16,14.117,0.63,0.0,19.789,73.524,146,473591,348,15.372,0.36,-12.843,0,0,769736704,0,5,1,skull
32.175,14.293,0.598,0.0,19.789,73.524,146,473591,348,15.372,0.36,-12.798,0,0,769736704,0,5,1,skull
32.19,13.316,0.606,0.0,19.789,73.524,146,473591,348,15.372,0.36,-12.753,0,0,769736704,0,5,1,skull
32.204,14.126,0.632,0.0,19.789,73.524,146,473591,348,15.372,0.36,-12.708,0,0,769736704,0,5,1,skull
32.219,14.337,0.63,0.0,19.789,73.524,146,473591,348,15.372,0.36,-12.663,0,0,769736704,0,5,1,skull
32.233,12.154,0.94,0.0,19.789,73.524,145,473589,347,15.372,0.36,-12.663,0,0,769736704,0,5,1,skull
32.248,15.408,1.041,0.0,19.789,73.524,145,473589,347,15.372,0.36,-12.618,0,0,769736704,0,5,1,skull
32.263,13.808,0.734,0.0,19.789,73.524,145,473589,347,15.372,0.36,-12.573,0,0,769736704,0,5,1,skull
32.277,13.218,0.66,0.0,19.789,73.524,145,476433,274,15.372,0.36,-12.528,0,0,769736704,0,5,1,skull
32.291,13.999,1.254,0.0,19.789,73.524,142,475448,271,15.372,0.36,-12.483,0,0,769736704,0,5,1,skull
32.305,13.712,1.008,0.0,19.789,73.524,142,475448,271,15.372,0.36,-12.44,0,0,769736704,0,5,1,skull
32.319,13.601,0.665,0.0,19.789,73.524,130,469952,259,15.373,0.36,-12.399,0,0,769736704,0,5,1,skull
32.333,13.157,0.568,0.0,19.789,73.524,131,534636,260,15.373,0.36,-12.399,0,0,769736704,0,5,1,skull
32.347,15.602,0.598,0.0,19.789,73.524,131,534636,260,15.376,0.36,-12.358,0,0,769736704,0,5,1,skull
32.361,13.732,0.64,0.0,19.789,73.524,135,555902,264,15.38,0.36,-12.318,0,0,769736704,0,5,1,skull
32.375,13.655,1.361,0.0,19.789,73.524,137,605214,266,15.385,0.36,-12.279,0,0,769736704,0,5,1,skull
32.389,31.582,0.451,0.0,19.789,73.524,138,633204,267,15.392,0.36,-12.24,0,0,769736704,0,6,1,church
32.404,2.798,0.622,0.0,19.789,73.524,176,666888,251,15.401,0.36,-12.201,0,0,770048000,0,6,1,church
32.418,14.096,0.84,0.0,19.789,73.524,176,671062,251,15.411,0.36,-12.162,0,0,770048000,0,6,1,church
32.432,12.667,0.399,0.0,19.789,73.524,180,671812,255,15.411,0.36,-12.162,0,0,770048000,0,6,1,church
32.446,13.9,0.451,0.0,19.789,73.524,180,671812,255,15.423,0.36,-12.123,0,0,770048000,0,6,1,church
32.461,13.148,0.508,0.0,19.789,73.524,186,672748,261,15.436,0.36,-12.085,0,0,770048000,0,6,1,church
32.475,13.244,0.469,0.0,19.789,73.524,186,672748,261,15.452,0.36,-12.047,0,0,770048000,0,6,1,church
32.489,13.071,0.463,0.0,19.789,73.524,185,672746,260,15.468,0.36,-12.009,0,0,770048000,0,6,1,church
32.503,13.077,0.586,0.0,19.789,73.524,189,680758,264,15.487,0.36,-11.972,0,0,770048000,0,6,1,church
32.516,12.628,0.469,0.0,19.789,73.524,182,681892,257,15.487,0.36,-11.972,0,0,770048000,0,6,1,church
32.53,20.489,0.491,0.0,19.789,73.524,182,681892,257,15.506,0.36,-11.935,0,0,770048000,0,6,1,church
32.544,14.285,0.427,0.0,19.789,73.524,183,681916,258,15.527,0.36,-11.898,0,0,770048000,0,6,1,church
32.558,14.295,0.606,0.0,19.789,73.524,181,681840,256,15.549,0.36,-11.861,0,0,770048000,0,6,1,church
32.572,14.872,0.436,0.0,19.789,73.524,181,681840,256,15.572,0.36,-11.825,0,0,770048000,0,6,1,church
32.585,14.287,0.556,0.0,19.789,73.524,178,681682,253,15.596,0.36,-11.789,0,0,770048000,0,6,1,church
32.6,13.872,0.536,0.0,19.789,73.524,177,681680,252,15.596,0.36,-11.789,0,0,770048000,0,6,1,church
32.614,14.917,0.632,0.0,19.789,73.524,177,681680,252,15.621,0.36,-11.754,0,0,770048000,0,6,1,church
32.628,14.249,0.581,0.0,19.789,73.524,175,681582,250,15.646,0.36,-11.719,0,0,770048000,0,6,1,church
32.642,14.09,0.593,0.0,19.789,73.524,175,681582,250,15.673,0.36,-11.684,0,0,770048000,0,6,1,church
32.657,14.955,0.478,0.0,19.789,73.524,175,681582,250,15.7,0.36,-11.65,0,0,770048000,0,6,1,church
32.671,14.601,0.523,0.0,19.789,73.524,175,681582,250,15.728,0.36,-11.615,0,0,770048000,0,6,1,church
32.685,14.282,0.72,0.0,19.789,73.524,176,682154,251,15.756,0.36,-11.582,0,0,770048000,0,6,1,church
32.7,13.372,0.696,0.0,19.789,73.524,175,682130,250,15.756,0.36,-11.582,0,0,770048000,0,6,1,church
32.714,16.466,0.659,0.0,19.789,73.524,175,682130,250,15.785,0.36,-11.548,0,0,770048000,0,6,1,church
32.728,13.367,0.891,0.0,19.789,73.524,177,682134,252,15.815,0.36,-11.515,0,0,770048000,0,6,1,church
32.742,14.494,1.279,0.0,19.789,73.524,177,682174,252,15.844,0.36,-11.482,0,0,770048000,0,6,1,church
32.757,15.026,0.945,0.0,19.789,73.524,177,682174,252,15.875,0.36,-11.449,0,0,770048000,0,6,1,church
32.771,13.967,1.128,0.0,19.789,73.524,177,682174,252,15.905,0.36,-11.417,0,0,770048000,0,6,1,church
32.785,14.48,1.032,0.0,19.789,73.524,177,682174,252,15.936,0.36,-11.385,0,0,770048000,0,6,1,church
32.8,14.006,0.774,0.0,19.789,73.524,177,682174,252,15.936,0.36,-11.385,0,0,770048000,0,6,1,church
32.814,14.853,0.829,0.0,19.789,73.524,177,682174,252,15.967,0.36,-11.353,0,0,770048000,0,6,1,church
32.828,14.266,1.097,0.0,19.789,73.524,176,682154,251,15.999,0.36,-11.321,0,0,770048000,0,6,1,church
32.842,14.746,1.158,0.0,19.789,73.524,176,682154,251,16.031,0.36,-11.289,0,0,770048000,0,6,1,church
32.857,13.8,1.179,0.0,19.789,73.524,176,682154,251,16.063,0.36,-11.258,0,0,770048000,0,6,1,church
32.871,14.612,1.15,0.0,19.789,73.524,176,682154,251,16.095,0.36,-11.227,0,0,770048000,0,6,1,church
32.885,14.304,1.155,0.0,19.789,73.524,176,682154,251,16.127,0.36,-11.196,0,0,770048000,0,6,1,church
32.9,13.67,1.37,0.0,19.789,73.524,176,682154,251,16.127,0.36,-11.196,0,0,770048000,0,6,1,church
32.914,21.336,1.332,0.0,19.789,73.524,176,682154,251,16.16,0.36,-11.165,0,0,770048000,0,6,1,church
32.928,13.441,1.217,0.0,19.789,73.524,176,682154,251,16.192,0.36,-11.134,0,0,770048000,0,6,1,church
32.942,14.065,1.362,0.0,19.789,73.524,176,682154,251,16.225,0.36,-11.103,0,0,770048000,0,6,1,church
32.957,14.168,1.374,0.0,19.789,73.524,176,682154,251,16.258,0.36,-11.073,0,0,770048000,0,6,1,church
32.971,14.379,1.111,0.0,19.789,73.524,176,682154,251,16.291,0.36,-11.042,0,0,770048000,0,6,1,church
32.985,13.946,1.011,0.0,19.789,73.524,176,682154,251,16.324,0.36,-11.012,0,0,770048000,0,6,1,church
33.0,13.693,1.242,0.0,19.789,73.524,176,682154,251,16.324,0.36,-11.012,0,0,770048000,0,6,1,church
33.014,14.538,1.189,0.0,19.789,73.524,176,682154,251,16.357,0.36,-10.982,0,0,770048000,0,6,1,church
33.028,14.436,1.261,0.0,19.789,73.524,176,682154,251,16.391,0.36,-10.951,0,0,770048000,0,6,1,church
33.042,12.995,1.163,0.0,19.789,73.524,176,682154,251,16.424,0.36,-10.921,0,0,770048000,0,6,1,church
33.057,14.34,1.102,0.0,19.789,73.524,176,682154,251,16.457,0.36,-10.891,0,0,770048000,0,6,1,church
33.071,15.253,0.547,0.0,19.789,73.524,176,682154,251,16.491,0.36,-10.861,0,0,770048000,0,6,1,church
33.085,12.986,1.056,0.0,19.789,73.524,175,679462,250,16.525,0.36,-10.831,0,0,770048000,0,6,1,church
33.1,13.429,1.044,0.0,19.789,73.524,175,679462,250,16.525,0.36,-10.831,0,0,770048000,0,6,1,church
33.114,14.514,1.123,0.0,19.789,73.524,175,679462,250,16.558,0.36,-10.802,0,0,770048000,0,6,1,church
33.128,13.863,1.299,0.0,19.788,17.959,175,679462,250,16.592,0.36,-10.772,0,0,770048000,0,6,1,church
33.142,13.505,1.111,0.0,19.788,17.959,175,679462,250,16.626,0.36,-10.742,0,0,770048000,0,6,1,church
33.157,13.607,0.901,0.0,19.788,17.959,175,679462,250,16.659,0.36,-10.712,0,0,770048000,0,6,1,church
33.171,13.451,0.982,0.0,19.788,17.959,175,679462,250,16.693,0.36,-10.683,0,0,770048000,0,6,1,church
33.185,14.006,1.119,0.0,19.788,17.959,175,679462,250,16.727,0.36,-10.653,0,0,770048000,0,6,1,church
33.2,13.048,0.673,0.0,19.788,17.959,175,679462,250,16.727,0.36,-10.653,0,0,770048000,0,6,1,church
33.214,14.308,1.274,0.0,19.788,17.959,175,679462,250,16.761,0.36,-10.623,0,0,770048000,0,6,1,church
33.228,13.409,1.035,0.0,19.788,17.959,175,679462,250,16.795,0.36,-10.594,0,0,770048000,0,6,1,church
33.242,14.378,0.791,0.0,19.788,17.959,175,679462,250,16.829,0.36,-10.564,0,0,770048000,0,6,1,church
33.256,13.031,0.722,0.0,19.788,17.959,175,679462,250,16.863,0.36,-10.535,0,0,770048000,0,6,1,church
33.27,19.571,1.135,0.0,19.788,17.959,175,679462,250,16.897,0.36,-10.505,0,0,770048000,0,6,1,church
33.285,13.373,0.74,0.0,19.788,17.959,175,679462,250,16.931,0.36,-10.476,0,0,770048000,0,6,1,church
33.299,12.786,0.823,0.0,19.788,17.959,174,679442,249,16.931,0.36,-10.476,0,0,770048000,0,6,1,church
33.313,14.53,0.749,0.0,19.788,17.959,174,679442,249,16.965,0.36,-10.446,0,0,770048000,0,6,1,church
33.327,13.338,0.732,0.0,19.788,17.959,174,679442,249,16.999,0.36,-10.417,0,0,770048000,0,6,1,church
33.342,14.243,1.201,0.0,19.788,17.959,174,679442,249,17.033,0.36,-10.388,0,0,770048000,0,6,1,church
33.356,13.333,0.756,0.0,19.788,17.959,174,679442,249,17.067,0.36,-10.358,0,0,770048000,0,6,1,church
33.37,21.26,1.535,0.0,19.788,17.959,174,679442,249,17.101,0.36,-10.329,0,0,770048000,0,6,1,church
33.385,13.69,0.681,0.0,19.788,17.959,174,679442,249,17.135,0.36,-10.299,0,0,770048000,0,6,1,church
33.399,12.756,0.625,0.0,19.788,17.959,175,679444,250,17.135,0.36,-10.299,0,0,770048000,0,6,1,church
33.413,14.326,0.595,0.0,19.788,17.959,175,679444,250,17.169,0.36,-10.27,0,0,770048000,0,6,1,church
33.427,13.268,0.541,0.0,19.788,17.959,175,679444,250,17.203,0.36,-10.241,0,0,770048000,0,6,1,church
33.442,13.466,0.512,0.0,19.788,17.959,175,679444,250,17.238,0.36,-10.211,0,0,770048000,0,6,1,church
33.456,13.945,0.51,0.0,19.788,17.959,175,679444,250,17.272,0.36,-10.182,0,0,770048000,0,6,1,church
33.47,13.59,0.552,0.0,19.788,17.959,176,679446,251,17.306,0.36,-10.153,0,0,770048000,0,6,1,church
33.485,13.421,0.707,0.0,19.788,17.959,176,679446,251,17.34,0.36,-10.123,0,0,770048000,0,6,1,church
33.499,12.408,0.704,0.0,19.788,17.959,175,679444,250,17.34,0.36,-10.123,0,0,770048000,0,6,1,church
33.513,14.311,0.584,0.0,19.788,17.959,175,679444,250,17.374,0.36,-10.094,0,0,770048000,0,6,1,church
33.527,13.582,0.549,0.0,19.788,17.959,175,679444,250,17.407,0.378,-10.074,0,0,770048000,0,6,1,church
33.541,13.374,0.525,0.0,19.788,17.959,175,679444,250,17.44,0.4,-10.054,0,0,770048000,0,6,1,church
33.555,13.635,0.657,0.0,19.788,17.959,175,679444,250,17.475,0.418,-10.031,0,0,770048000,0,6,1,church
33.569,13.83,0.635,0.0,19.788,17.959,175,679444,250,17.508,0.426,-10.006,0,0,770048000,0,6,1,church
33.583,12.308,0.764,0.0,19.788,17.959,175,679444,250,17.508,0.426,-10.006,0,0,770048000,0,6,1,church
33.596,14.69,0.642,0.0,19.788,17.959,175,679444,250,17.537,0.433,-10.013,0,0,770048000,0,6,1,church
33.61,13.589,0.614,0.0,19.788,17.959,174,679420,249,17.568,0.426,-10.011,0,0,770048000,0,6,1,church
33.624,14.366,0.666,0.0,19.788,17.959,174,679420,249,17.6,0.425,-10.007,0,0,770048000,0,6,1,church
33.638,13.322,0.645,0.0,19.788,17.959,174,679420,249,17.634,0.435,-10.0,0,0,770048000,0,6,1,church
33.652,12.904,0.772,0.0,19.788,17.959,174,679420,249,17.667,0.437,-9.987,0,0,770048000,0,6,1,church
33.666,13.513,1.055,0.0,19.788,17.959,174,679420,249,17.667,0.437,-9.987,0,0,770048000,0,6,1,church
33.68,14.365,0.69,0.0,19.788,17.959,174,679420,249,17.702,0.437,-9.978,0,0,770048000,0,6,1,church
33.694,14.097,1.21,0.0,19.788,17.959,173,679418,248,17.736,0.437,-9.965,0,0,770048000,0,6,1,church
33.708,13.673,1.049,0.0,19.788,17.959,173,679418,248,17.773,0.438,-9.956,0,0,770048000,0,6,1,church
33.721,13.896,1.641,0.0,19.788,17.959,172,679310,247,17.809,0.438,-9.942,0,0,770048000,0,6,1,church
33.735,13.736,1.459,0.0,19.788,17.959,172,679310,247,17.846,0.44,-9.934,0,0,770048000,0,6,1,church
33.749,13.509,1.244,0.0,19.788,17.959,172,679310,247,17.846,0.44,-9.934,0,0,770048000,0,6,1,church
33.763,15.352,1.0,0.0,19.788,17.959,172,679310,247,17.884,0.44,-9.924,0,0,770048000,0,6,1,church
33.777,13.216,1.014,0.0,19.788,17.959,172,679310,247,17.92,0.44,-9.91,0,0,770048000,0,6,1,church
33.791,14.347,0.758,0.0,19.788,17.959,172,679310,247,17.958,0.443,-9.897,0,0,770048000,0,6,1,church
33.805,15.232,0.776,0.0,19.788,17.959,172,679310,247,17.994,0.431,-9.879,0,0,770048000,0,6,1,church
33.819,12.789,1.001,0.0,19.788,17.959,169,679304,244,18.031,0.425,-9.86,0,0,770048000,0,6,1,church
33.833,13.104,1.168,0.0,19.788,17.959,169,679304,244,18.031,0.425,-9.86,0,0,770048000,0,6,1,church
33.847,23.448,0.726,0.0,19.788,17.959,169,679304,244,18.069,0.428,-9.84,0,0,770048000,0,6,1,church
33.861,13.268,0.556,0.0,19.788,17.959,169,679304,244,18.103,0.414,-9.817,0,0,770048000,0,6,1,church
33.875,13.574,1.151,0.0,19.788,17.959,169,679304,244,18.14,0.409,-9.794,0,0,770048000,0,6,1,church
33.89,13.923,0.834,0.0,19.788,17.959,169,677648,244,18.177,0.404,-9.771,0,0,770048000,0,6,1,church
33.904,14.273,0.98,0.0,19.788,17.959,169,677648,244,18.214,0.398,-9.747,0,0,770048000,0,6,1,church
33.918,15.068,0.955,0.0,19.788,17.959,168,677646,243,18.251,0.392,-9.723,0,0,770048000,0,6,1,church
33.933,13.451,0.66,0.0,19.788,17.959,167,674954,242,18.251,0.392,-9.723,0,0,770048000,0,6,1,church
33.947,15.84,1.264,0.0,19.788,17.959,167,674954,242,18.288,0.386,-9.698,0,0,770048000,0,6,1,church
33.961,14.178,1.067,0.0,19.788,17.959,167,674954,242,18.325,0.379,-9.672,0,0,770048000,0,6,1,church
33.975,13.707,1.149,0.0,19.788,17.959,167,674954,242,18.362,0.37,-9.647,0,0,770048000,0,6,1,church
33.99,14.817,1.068,0.0,19.788,17.959,167,674954,242,18.399,0.352,-9.622,0,0,770048000,0,6,1,church
34.004,14.737,0.717,0.0,19.788,17.959,167,674954,242,18.435,0.36,-9.593,0,0,770048000,0,6,1,church
34.018,14.327,0.686,0.0,19.788,17.959,167,674954,242,18.468,0.36,-9.563,0,0,770048000,0,6,1,church
34.036,20.257,1.113,0.0,19.788,17.959,168,674990,243,18.501,0.36,-9.533,0,0,770048000,0,6,1,church
34.051,13.845,0.96,0.0,19.788,17.959,167,674980,242,18.534,0.36,-9.502,0,0,770048000,0,6,1,church
34.065,13.648,2.4,0.0,19.788,17.959,167,674980,242,18.534,0.36,-9.502,0,0,770048000,0,6,1,church
34.08,15.865,0.49,0.0,19.788,17.959,167,674980,242,18.566,0.36,-9.472,0,0,770048000,0,6,1,church
34.095,14.441,0.716,0.0,19.788,17.959,167,674980,242,18.599,0.36,-9.441,0,0,770048000,0,6,1,church
34.11,14.054,1.024,0.0,19.788,17.959,167,674980,242,18.631,0.36,-9.41,0,0,770048000,0,6,1,church
34.125,14.762,1.123,0.0,20.696,1.766,168,699636,243,18.663,0.36,-9.379,0,0,770048000,0,6,1,church
34.144,21.385,1.208,0.0,20.696,1.766,168,699636,243,18.696,0.36,-9.348,0,0,770048000,0,6,1,church
34.158,14.317,0.815,0.0,20.696,1.766,169,699716,244,18.728,0.36,-9.316,0,0,770048000,0,6,1,church
34.173,14.281,0.954,0.0,20.696,1.766,169,699716,244,18.76,0.36,-9.285,0,0,770048000,0,6,1,church
34.188,15.402,1.125,0.0,20.696,1.766,169,699716,244,18.792,0.36,-9.254,0,0,770048000,0,6,1,church
34.203,13.551,1.039,0.0,20.696,1.766,167,699644,242,18.824,0.36,-9.222,0,0,770048000,0,6,1,church
34.217,14.55,1.161,0.0,20.696,1.766,167,699644,242,18.824,0.36,-9.222,0,0,770048000,0,6,1,church
34.232,16.165,0.731,0.0,20.696,1.766,167,699644,242,18.856,0.36,-9.191,0,0,770048000,0,6,1,church
34.247,13.61,1.344,0.0,20.696,1.766,167,699644,242,18.888,0.36,-9.159,0,0,770048000,0,6,1,church
34.262,14.521,1.199,0.0,20.696,1.766,168,699724,243,18.92,0.36,-9.127,0,0,770048000,0,6,1,church
34.277,14.518,1.103,0.0,20.696,1.766,168,699724,243,18.952,0.36,-9.095,0,0,770048000,0,6,1,church
34.292,14.419,1.044,0.0,20.696,1.766,168,699724,243,18.984,0.36,-9.064,0,0,770048000,0,6,1,church
34.307,14.584,0.682,0.0,20.696,1.766,168,699724,243,19.015,0.36,-9.032,0,0,770048000,0,6,1,church
34.322,14.836,0.621,0.0,20.696,1.766,168,699724,243,19.047,0.36,-9.0,0,0,770048000,0,6,1,church
34.337,15.34,0.609,0.0,20.696,1.766,169,699726,244,19.079,0.36,-8.968,0,0,770048000,0,6,1,church
34.352,15.605,0.785,0.0,20.696,1.766,169,699726,244,19.111,0.36,-8.936,0,0,770048000,0,6,1,church
34.367,13.682,1.13,0.0,20.696,1.766,169,699726,244,19.111,0.36,-8.936,0,0,770048000,0,6,1,church
34.382,15.225,1.36,0.0,20.696,1.766,169,699726,244,19.142,0.36,-8.904,0,0,770048000,0,6,1,church
34.397,14.823,1.101,0.0,20.696,1.766,169,699726,244,19.174,0.36,-8.872,0,0,770048000,0,6,1,church
34.412,14.908,1.144,0.0,20.696,1.766,169,699726,244,19.206,0.36,-8.84,0,0,770048000,0,6,1,church
34.427,15.333,0.569,0.0,20.696,1.766,169,700622,244,19.237,0.36,-8.808,0,0,770048000,0,6,1,church
34.442,14.765,0.453,0.0,20.696,1.766,169,700622,244,19.269,0.36,-8.776,0,0,770048000,0,6,1,church
34.457,15.237,0.487,0.0,20.696,1.766,170,703618,245,19.301,0.36,-8.744,0,0,770048000,0,6,1,church
34.475,21.201,0.557,0.0,20.696,1.766,170,703618,245,19.332,0.36,-8.712,0,0,770048000,0,6,1,church
34.49,14.965,0.538,0.0,20.696,1.766,170,703618,245,19.364,0.36,-8.68,0,0,770048000,0,6,1,church
34.505,14.914,0.584,0.0,20.696,1.766,170,703618,245,19.395,0.36,-8.648,0,0,770048000,0,6,1,church
34.521,15.732,0.543,0.0,20.696,1.766,170,703618,245,19.427,0.36,-8.616,0,0,770048000,0,6,1,church
34.536,14.689,0.592,0.0,20.696,1.766,170,703618,245,19.458,0.36,-8.584,0,0,770048000,0,6,1,church
34.553,14.98,0.608,0.0,20.696,1.766,170,703618,245,19.49,0.36,-8.552,0,0,770048000,0,6,1,church
34.569,15.159,0.673,0.0,20.696,1.766,170,703618,245,19.521,0.36,-8.52,0,0,770048000,0,6,1,church
34.586,15.217,0.648,0.0,20.696,1.766,170,703618,245,19.553,0.36,-8.487,0,0,770048000,0,6,1,church
34.603,15.143,0.628,0.0,20.696,1.766,170,703618,245,19.584,0.36,-8.455,0,0,770048000,0,6,1,church
34.619,14.932,1.122,0.0,20.696,1.766,171,703654,246,19.616,0.36,-8.423,0,0,770048000,0,6,1,church
34.634,14.529,1.053,0.0,20.696,1.766,171,703654,246,19.647,0.36,-8.391,0,0,770048000,0,6,1,church
34.649,14.754,1.086,0.0,20.696,1.766,172,703726,247,19.647,0.36,-8.391,0,0,770048000,0,6,1,church
34.665,15.529,1.024,0.0,20.696,1.766,172,703726,247,19.679,0.36,-8.359,0,0,770048000,0,6,1,church
34.68,14.952,0.982,0.0,20.696,1.766,172,703726,247,19.71,0.36,-8.327,0,0,770048000,0,6,1,church
34.695,15.383,1.904,0.0,20.696,1.766,172,703726,247,19.742,0.36,-8.294,0,0,770048000,0,6,1,church
34.71,14.635,0.728,0.0,20.696,1.766,172,703726,247,19.773,0.36,-8.262,0,0,770048000,0,6,1,church
34.726,14.286,1.104,0.0,20.696,1.766,171,703654,246,19.804,0.36,-8.23,0,0,770048000,0,6,1,church
34.741,16.029,1.176,0.0,20.696,1.766,170,701562,245,19.836,0.36,-8.198,0,0,770048000,0,6,1,church
34.756,14.312,0.567,0.0,20.696,1.766,169,698778,244,19.867,0.36,-8.166,0,0,770048000,0,6,1,church
34.771,15.325,1.204,0.0,20.696,1.766,169,698778,244,19.899,0.36,-8.133,0,0,770048000,0,6,1,church
34.787,15.21,1.028,0.0,20.696,1.766,169,698778,244,19.93,0.36,-8.101,0,0,770048000,0,6,1,church
34.802,14.777,0.989,0.0,20.696,1.766,169,698778,244,19.962,0.36,-8.069,0,0,770048000,0,6,1,church
34.817,14.7,1.25,0.0,20.696,1.766,168,698698,243,19.993,0.36,-8.037,0,0,770048000,0,6,1,church
34.833,14.239,1.029,0.0,20.696,1.766,167,698662,242,19.993,0.36,-8.037,0,0,770048000,0,6,1,church
34.848,15.464,0.999,0.0,20.696,1.766,167,698662,242,20.024,0.36,-8.005,0,0,770048000,0,6,1,church
34.863,14.47,1.032,0.0,20.696,1.766,166,698582,241,20.056,0.36,-7.972,0,0,770048000,0,6,1,church
34.878,15.135,1.026,0.0,20.696,1.766,166,698582,241,20.087,0.36,-7.94,0,0,770048000,0,6,1,church
34.894,21.696,1.203,0.0,20.696,1.766,166,698648,241,20.119,0.36,-7.908,0,0,770048000,0,6,1,church
34.909,14.096,0.991,0.0,20.696,1.766,166,698648,241,20.15,0.36,-7.876,0,0,770048000,0,6,1,church
34.924,14.889,1.164,0.0,20.696,1.766,166,698648,241,20.181,0.36,-7.843,0,0,770048000,0,6,1,church
34.94,15.051,1.085,0.0,20.696,1.766,166,698648,241,20.213,0.36,-7.811,0,0,770048000,0,6,1,church
34.955,14.725,1.138,0.0,20.696,1.766,166,698648,241,20.244,0.36,-7.779,0,0,770048000,0,6,1,church
34.971,22.043,1.233,0.0,20.696,1.766,166,698648,241,20.275,0.36,-7.747,0,0,770048000,0,6,1,church
34.988,14.48,1.258,0.0,20.696,1.766,164,696436,239,20.307,0.36,-7.714,0,0,770048000,0,6,1,church
35.004,14.739,1.071,0.0,20.696,1.766,163,696434,238,20.338,0.36,-7.682,0,0,770048000,0,6,1,church
35.02,15.441,1.054,0.0,20.696,1.766,163,696434,238,20.37,0.36,-7.65,0,0,770048000,0,6,1,church
35.035,14.44,1.089,0.0,20.696,1.766,163,696434,238,20.401,0.36,-7.617,0,0,770048000,0,6,1,church
35.05,14.264,1.149,0.0,20.696,1.766,163,696434,238,20.401,0.36,-7.617,0,0,770048000,0,6,1,church
35.065,16.056,1.087,0.0,20.696,1.766,163,696434,238,20.432,0.36,-7.585,0,0,770048000,0,6,1,church
35.081,14.624,1.238,0.0,20.696,1.766,163,696434,238,20.464,0.36,-7.553,0,0,770048000,0,6,1,church
35.096,15.263,1.267,0.0,20.696,1.766,163,696434,238,20.495,0.36,-7.521,0,0,770048000,0,6,1,church
35.111,14.438,1.267,0.0,20.696,1.766,164,696436,239,20.526,0.36,-7.488,0,0,770048000,0,6,1,church
35.126,14.923,1.116,0.0,20.696,1.766,163,696400,238,20.558,0.36,-7.456,0,0,770048000,0,6,1,church
35.142,15.179,1.07,0.0,20.828,1.245,163,696400,238,20.589,0.36,-7.424,0,0,770048000,0,6,1,church
35.157,14.793,1.189,0.0,20.828,1.245,163,696400,238,20.62,0.36,-7.392,0,0,770048000,0,6,1,church
35.172,15.411,1.072,0.0,20.828,1.245,162,696280,237,20.652,0.36,-7.359,0,0,770048000,0,6,1,church
35.187,14.576,0.991,0.0,20.828,1.245,162,696280,237,20.683,0.36,-7.327,0,0,770048000,0,6,1,church
35.203,15.12,1.351,0.0,20.828,1.245,162,696280,237,20.715,0.36,-7.295,0,0,770048000,0,6,1,church
35.218,14.58,0.882,0.0,20.828,1.245,161,696278,236,20.746,0.36,-7.263,0,0,770048000,0,6,1,church
35.233,14.449,1.121,0.0,20.828,1.245,161,696278,236,20.746,0.36,-7.263,0,0,770048000,0,6,1,church
35.249,16.05,1.093,0.0,20.828,1.245,161,696278,236,20.778,0.36,-7.231,0,0,770048000,0,6,1,church
35.264,14.71,0.975,0.0,20.828,1.245,161,696278,236,20.81,0.36,-7.199,0,0,770048000,0,6,1,church
35.279,15.065,1.23,0.0,20.828,1.245,161,696278,236,20.842,0.36,-7.168,0,0,770048000,0,6,1,church
35.296,26.867,1.364,0.0,20.828,1.245,161,696278,236,20.874,0.36,-7.136,0,0,770048000,0,6,1,church
35.312,15.949,1.121,0.0,20.828,1.245,161,696278,236,20.906,0.36,-7.105,0,0,770048000,0,6,1,church
35.329,13.856,1.31,0.0,20.828,1.245,161,696278,236,20.939,0.36,-7.074,0,0,770048000,0,6,1,church
35.345,15.252,1.115,0.0,20.828,1.245,161,696278,236,20.971,0.36,-7.043,0,0,770048000,0,6,1,church
35.361,15.077,1.18,0.0,20.828,1.245,161,696278,236,21.004,0.36,-7.012,0,0,770048000,0,6,1,church
35.376,15.413,1.098,0.0,20.828,1.245,161,696278,236,21.037,0.36,-6.982,0,0,770048000,0,6,1,church
35.392,16.132,1.077,0.0,20.828,1.245,157,696176,185,21.07,0.36,-6.951,0,0,770048000,0,6,1,church
35.407,14.549,0.955,0.0,20.828,1.245,157,696176,185,21.103,0.36,-6.921,0,0,770048000,0,6,1,church
35.422,14.664,0.534,0.0,20.828,1.245,157,696176,185,21.136,0.36,-6.89,0,0,770048000,0,6,1,church
35.438,15.138,0.869,0.0,20.828,1.245,156,696140,184,21.169,0.36,-6.86,0,0,770048000,0,6,1,church
35.453,15.336,0.432,0.0,20.828,1.245,156,696140,184,21.203,0.36,-6.83,0,0,770048000,0,6,1,church
35.468,15.858,0.648,0.0,20.828,1.245,156,696140,184,21.236,0.36,-6.8,0,0,770048000,0,6,1,church
35.485,20.923,0.514,0.0,20.828,1.245,158,696308,186,21.27,0.36,-6.77,0,0,770048000,0,6,1,church
35.502,15.113,0.633,0.0,20.828,1.245,158,696308,186,21.303,0.36,-6.74,0,0,770048000,0,6,1,church
35.518,15.821,0.975,0.0,20.828,1.245,158,696308,186,21.337,0.36,-6.71,0,0,770048000,0,6,1,church
35.535,14.877,1.365,0.0,20.828,1.245,159,698400,187,21.371,0.36,-6.68,0,0,770048000,0,6,1,church
35.55,14.801,0.578,0.0,20.828,1.245,159,698400,187,21.371,0.36,-6.68,0,0,770048000,0,6,1,church
35.565,15.784,1.107,0.0,20.828,1.245,159,698400,187,21.404,0.36,-6.651,0,0,770048000,0,6,1,church
35.58,15.149,0.981,0.0,20.828,1.245,160,698436,188,21.438,0.36,-6.621,0,0,770048000,0,6,1,church
35.596,15.33,1.011,0.0,20.828,1.245,162,700252,190,21.472,0.36,-6.591,0,0,770048000,0,6,1,church
35.611,15.092,0.992,0.0,20.828,1.245,162,700252,190,21.506,0.36,-6.562,0,0,770048000,0,6,1,church
35.626,15.321,0.977,0.0,20.828,1.245,162,700252,190,21.54,0.36,-6.532,0,0,770048000,0,6,1,church
35.642,15.069,0.982,0.0,20.828,1.245,162,700252,190,21.574,0.36,-6.503,0,0,770048000,0,6,1,church
35.657,14.596,0.731,0.0,20.828,1.245,162,700252,190,21.608,0.36,-6.474,0,0,770048000,0,6,1,church
35.672,15.233,1.086,0.0,20.828,1.245,162,700252,190,21.642,0.36,-6.444,0,0,770048000,0,6,1,church
35.687,15.273,1.018,0.0,20.828,1.245,162,700252,190,21.676,0.36,-6.415,0,0,770048000,0,6,1,church
35.703,15.176,1.021,0.0,20.828,1.245,163,700254,191,21.71,0.36,-6.385,0,0,770048000,0,6,1,church
35.718,15.096,1.022,0.0,20.828,1.245,163,700254,191,21.745,0.36,-6.356,0,0,770048000,0,6,1,church
35.735,20.239,1.255,0.0,20.828,1.245,162,699930,190,21.779,0.36,-6.327,0,0,770048000,0,6,1,church
35.751,14.791,1.027,0.0,20.828,1.245,161,699642,189,21.813,0.36,-6.298,0,0,770048000,0,6,1,church
35.767,15.268,0.979,0.0,20.828,1.245,161,699642,189,21.847,0.36,-6.268,0,0,770048000,0,6,1,church
35.783,21.326,1.106,0.0,20.828,1.245,161,699642,189,21.881,0.36,-6.239,0,0,770048000,0,6,1,church
35.8,15.107,1.003,0.0,20.828,1.245,161,699642,189,21.916,0.36,-6.21,0,0,770048000,0,6,1,church
35.817,15.517,0.98,0.0,20.828,1.245,161,699642,189,21.95,0.36,-6.181,0,0,770048000,0,6,1,church
35.833,14.039,0.998,0.0,20.828,1.245,161,699642,189,21.95,0.36,-6.181,0,0,770048000,0,6,1,church
35.849,15.781,1.008,0.0,20.828,1.245,161,699642,189,21.984,0.36,-6.152,0,0,770048000,0,6,1,church
35.864,14.838,1.149,0.0,20.828,1.245,161,699642,189,22.018,0.36,-6.122,0,0,770048000,0,6,1,church
35.879,14.921,1.044,0.0,20.828,1.245,159,693344,187,22.053,0.36,-6.093,0,0,770048000,0,6,1,church
35.894,15.117,0.97,0.0,20.828,1.245,159,693344,187,22.087,0.36,-6.064,0,0,770048000,0,6,1,church
35.91,14.877,1.011,0.0,20.828,1.245,159,693344,187,22.121,0.36,-6.035,0,0,770048000,0,6,1,church
35.925,15.221,0.982,0.0,20.828,1.245,159,693344,187,22.156,0.36,-6.006,0,0,770048000,0,6,1,church
35.94,14.747,0.968,0.0,20.828,1.245,158,668688,186,22.19,0.36,-5.977,0,0,770048000,0,6,1,church
35.956,15.41,1.19,0.0,20.828,1.245,158,668688,186,22.224,0.36,-5.948,0,0,770048000,0,6,1,church
35.971,14.794,0.965,0.0,20.828,1.245,158,668688,186,22.259,0.36,-5.919,0,0,770048000,0,6,1,church
35.986,15.009,1.021,0.0,20.828,1.245,158,668688,186,22.293,0.36,-5.89,0,0,770048000,0,6,1,church
36.001,14.922,0.979,0.0,20.828,1.245,158,668688,186,22.327,0.36,-5.861,0,0,770048000,0,6,1,church
36.017,14.477,1.015,0.0,20.828,1.245,157,665692,185,22.327,0.36,-5.861,0,0,770048000,0,6,1,church
36.032,15.488,1.458,0.0,20.828,1.245,157,665692,185,22.362,0.36,-5.832,0,0,770048000,0,6,1,church
36.047,14.969,0.961,0.0,20.828,1.245,156,664716,184,22.396,0.36,-5.803,0,0,770048000,0,6,1,church
36.062,15.036,1.016,0.0,20.828,1.245,156,664716,184,22.43,0.36,-5.773,0,0,770048000,0,6,1,church
36.078,14.786,1.251,0.0,20.828,1.245,156,664716,184,22.465,0.36,-5.744,0,0,770048000,0,6,1,church
36.093,15.117,0.997,0.0,20.828,1.245,156,664716,184,22.499,0.36,-5.715,0,0,770048000,0,6,1,church
36.108,14.971,1.153,0.0,20.828,1.245,157,664728,185,22.534,0.36,-5.686,0,0,770048000,0,6,1,church
36.124,14.983,0.984,0.0,20.828,1.245,157,664728,185,22.568,0.36,-5.657,0,0,770048000,0,6,1,church
36.139,15.061,0.999,0.0,25.752,1.292,157,664728,185,22.602,0.36,-5.628,0,0,770048000,0,6,1,church
36.154,14.921,1.016,0.0,25.752,1.292,156,662660,184,22.637,0.36,-5.599,0,0,770048000,0,6,1,church
36.169,14.902,0.983,0.0,25.752,1.292,156,662660,184,22.671,0.36,-5.57,0,0,770048000,0,6,1,church
36.185,21.063,0.885,0.0,25.752,1.292,156,662660,184,22.705,0.36,-5.541,0,0,770048000,0,6,1,church
36.2,14.35,0.555,0.0,25.752,1.292,153,659244,181,22.705,0.36,-5.541,0,0,770048000,0,6,1,church
36.215,15.818,0.964,0.0,25.752,1.292,153,659244,181,22.74,0.36,-5.512,0,0,770048000,0,6,1,church
36.231,15.15,0.961,0.0,25.752,1.292,153,659244,181,22.774,0.36,-5.483,0,0,770048000,0,6,1,church
36.246,14.995,1.008,0.0,25.752,1.292,153,659244,181,22.809,0.36,-5.454,0,0,770048000,0,6,1,church
36.261,14.723,1.034,0.0,25.752,1.292,153,659244,181,22.843,0.36,-5.425,0,0,770048000,0,6,1,church
36.276,14.945,1.008,0.0,25.752,1.292,153,659244,181,22.877,0.36,-5.396,0,0,770048000,0,6,1,church
36.292,14.521,1.026,0.0,25.752,1.292,153,659244,181,22.912,0.36,-5.367,0,0,770048000,0,6,1,church
36.307,15.213,0.967,0.0,25.752,1.292,153,659244,181,22.946,0.36,-5.338,0,0,770048000,0,6,1,church
36.322,15.165,0.568,0.0,25.752,1.292,153,659244,181,22.981,0.36,-5.309,0,0,770048000,0,6,1,church
36.337,14.572,0.938,0.0,25.752,1.292,152,659232,180,23.015,0.36,-5.28,0,0,770048000,0,6,1,church
36.353,15.397,0.991,0.0,25.752,1.292,152,659232,180,23.049,0.36,-5.251,0,0,770048000,0,6,1,church
36.368,15.051,0.982,0.0,25.752,1.292,152,659232,180,23.084,0.36,-5.222,0,0,770048000,0,6,1,church
36.383,14.672,1.05,0.0,25.752,1.292,152,659232,180,23.084,0.36,-5.222,0,0,770048000,0,6,1,church
36.399,16.16,0.978,0.0,25.752,1.292,152,659232,180,23.118,0.36,-5.193,0,0,770048000,0,6,1,church
36.414,14.586,1.009,0.0,25.752,1.292,152,659232,180,23.153,0.36,-5.164,0,0,770048000,0,6,1,church
36.429,14.842,0.97,0.0,25.752,1.292,151,659196,179,23.187,0.36,-5.135,0,0,770048000,0,6,1,church
36.444,14.51,1.066,0.0,25.752,1.292,152,659220,180,23.221,0.36,-5.106,0,0,770048000,0,6,1,church
36.46,15.312,1.016,0.0,25.752,1.292,152,659220,180,23.256,0.36,-5.077,0,0,770048000,0,6,1,church
36.475,20.622,0.468,0.0,25.752,1.292,152,659220,180,23.29,0.36,-5.048,0,0,770048000,0,6,1,church
36.49,14.858,0.432,0.0,25.752,1.292,152,659220,180,23.325,0.36,-5.019,0,0,770048000,0,6,1,church
36.506,14.869,0.973,0.0,25.752,1.292,153,659222,181,23.359,0.36,-4.99,0,0,770048000,0,6,1,church
36.521,14.901,1.001,0.0,25.752,1.292,150,658942,178,23.393,0.36,-4.961,0,0,770048000,0,6,1,church
36.536,14.878,1.03,0.0,25.752,1.292,150,658942,178,23.428,0.36,-4.932,0,0,770048000,0,6,1,church
36.551,14.855,1.059,0.0,25.752,1.292,148,658820,176,23.462,0.36,-4.903,0,0,770048000,0,6,1,church
36.568,21.841,1.113,0.0,25.752,1.292,148,658820,176,23.497,0.36,-4.874,0,0,770048000,0,6,1,church
36.585,14.832,1.041,0.0,25.752,1.292,148,658820,176,23.531,0.36,-4.845,0,0,770048000,0,6,1,church
36.601,14.723,0.982,0.0,25.752,1.292,148,658820,176,23.565,0.36,-4.816,0,0,770048000,0,6,1,church
36.616,13.845,1.169,0.0,25.752,1.292,148,658820,176,23.565,0.36,-4.816,0,0,770048000,0,6,1,church
36.631,15.555,0.967,0.0,25.752,1.292,148,658820,176,23.6,0.36,-4.787,0,0,770048000,0,6,1,church
36.646,14.449,0.963,0.0,25.752,1.292,148,658820,176,23.634,0.36,-4.758,0,0,770048000,0,6,1,church
36.663,20.641,1.113,0.0,25.752,1.292,148,658820,176,23.669,0.36,-4.729,0,0,770048000,0,6,1,church
36.679,14.656,1.039,0.0,25.752,1.292,146,658796,174,23.703,0.36,-4.7,0,0,770048000,0,6,1,church
36.695,14.9,1.14,0.0,25.752,1.292,146,658796,174,23.738,0.36,-4.671,0,0,770048000,0,6,1,church
36.71,14.11,0.666,0.0,25.752,1.292,147,658798,175,23.772,0.36,-4.642,0,0,770048000,0,6,1,church
36.725,14.746,0.601,0.0,25.752,1.292,147,658798,175,23.806,0.36,-4.613,0,0,770048000,0,6,1,church
36.741,14.66,1.066,0.0,25.752,1.292,147,658798,175,23.841,0.36,-4.584,0,0,770048000,0,6,1,church
36.756,14.482,1.099,0.0,25.752,1.292,147,658798,175,23.875,0.36,-4.555,0,0,770048000,0,6,1,church
36.771,14.558,1.098,0.0,25.752,1.292,147,658798,175,23.91,0.36,-4.526,0,0,770048000,0,6,1,church
36.786,14.863,1.122,0.0,25.752,1.292,147,658798,175,23.944,0.36,-4.497,0,0,770048000,0,6,1,church
36.8,13.365,1.088,0.0,25.752,1.292,147,658798,175,23.944,0.36,-4.497,0,0,770048000,0,6,1,church
36.815,15.324,1.099,0.0,25.752,1.292,147,658798,175,23.978,0.36,-4.468,0,0,770048000,0,6,1,church
36.831,14.071,1.079,0.0,25.752,1.292,147,658798,175,24.013,0.36,-4.439,0,0,770048000,0,6,1,church
36.846,14.599,1.218,0.0,25.752,1.292,148,658800,176,24.047,0.36,-4.41,0,0,770048000,0,6,1,church
36.861,15.37,0.981,0.0,25.752,1.292,148,658800,176,24.082,0.36,-4.381,0,0,770048000,0,6,1,church
36.876,13.363,1.262,0.0,25.752,1.292,148,658800,176,24.116,0.36,-4.352,0,0,770048000,0,6,1,church
36.89,13.637,0.932,0.0,25.752,1.292,148,658800,176,24.15,0.36,-4.323,0,0,770048000,0,6,1,church
36.905,15.409,0.966,0.0,25.752,1.292,148,658800,176,24.185,0.36,-4.294,0,0,770048000,0,6,1,church
36.919,13.546,0.749,0.0,25.752,1.292,148,658800,176,24.219,0.36,-4.265,0,0,770048000,0,6,1,church
36.933,14.306,1.065,0.0,25.752,1.292,148,658800,176,24.254,0.36,-4.236,0,0,770048000,0,6,1,church
36.948,13.86,0.998,0.0,25.752,1.292,148,658800,176,24.254,0.36,-4.236,0,0,770048000,0,6,1,church
36.962,14.802,0.993,0.0,25.752,1.292,148,658800,176,24.288,0.36,-4.207,0,0,770048000,0,6,1,church
36.976,14.242,1.031,0.0,25.752,1.292,147,658798,175,24.322,0.36,-4.178,0,0,770048000,0,6,1,church
36.99,14.479,1.225,0.0,25.752,1.292,147,658798,175,24.357,0.36,-4.149,0,0,770048000,0,6,1,church
37.005,13.938,1.125,0.0,25.752,1.292,147,658798,175,24.391,0.36,-4.12,0,0,770048000,0,6,1,church
37.019,14.428,1.096,0.0,25.752,1.292,146,658762,174,24.426,0.36,-4.091,0,0,770048000,0,6,1,church
37.033,12.886,1.072,0.0,25.752,1.292,145,658738,173,24.426,0.36,-4.091,0,0,770048000,0,6,1,church
37.047,22.693,1.957,0.0,25.752,1.292,145,658738,173,24.46,0.36,-4.062,0,0,770048000,0,6,1,church
37.06,13.099,0.797,0.0,25.752,1.292,145,658738,173,24.495,0.36,-4.033,0,0,770048000,0,6,1,church
37.074,14.728,1.036,0.0,25.752,1.292,145,658738,173,24.529,0.36,-4.004,0,0,770048000,0,6,1,church
37.089,14.666,0.709,0.0,25.752,1.292,145,658738,173,24.563,0.36,-3.975,0,0,770048000,0,6,1,church
37.103,14.016,1.116,0.0,25.752,1.292,144,658690,172,24.598,0.36,-3.946,0,0,770048000,0,6,1,church
37.117,21.393,1.105,0.0,25.752,1.292,144,658690,172,24.632,0.36,-3.917,0,0,770048000,0,6,1,church
37.131,12.787,1.274,0.0,21.777,1.188,144,658690,172,24.632,0.36,-3.917,0,0,770048000,0,6,1,church
37.146,15.848,1.003,0.0,21.777,1.188,144,658690,172,24.667,0.36,-3.888,0,0,770048000,0,6,1,church
37.16,13.405,1.159,0.0,21.777,1.188,142,652698,170,24.701,0.36,-3.859,0,0,770048000,0,6,1,church
37.174,14.165,0.995,0.0,21.777,1.188,139,650638,167,24.735,0.36,-3.83,0,0,770048000,0,6,1,church
37.188,14.959,1.024,0.0,21.777,1.188,139,650638,167,24.77,0.36,-3.801,0,0,770048000,0,6,1,church
37.203,13.576,1.038,0.0,21.777,1.188,140,650640,168,24.804,0.36,-3.772,0,0,770048000,0,6,1,church
37.217,14.783,0.975,0.0,21.777,1.188,140,650640,168,24.839,0.36,-3.743,0,0,770048000,0,6,1,church
37.231,12.891,0.946,0.0,21.777,1.188,139,650592,167,24.839,0.36,-3.743,0,0,770048000,0,6,1,church
37.246,16.155,1.108,0.0,21.777,1.188,139,650592,167,24.873,0.36,-3.714,0,0,770048000,0,6,1,church
37.26,13.466,0.629,0.0,21.777,1.188,139,650592,167,24.907,0.36,-3.685,0,0,770048000,0,6,1,church
37.274,14.598,1.183,0.0,21.777,1.188,137,650588,165,24.942,0.36,-3.656,0,0,770048000,0,6,1,church
37.288,12.964,1.065,0.0,21.777,1.188,137,650588,165,24.976,0.36,-3.627,0,0,770048000,0,6,1,church
37.303,14.918,0.53,0.0,21.777,1.188,137,650588,165,25.011,0.36,-3.598,0,0,770048000,0,6,1,church
37.317,14.11,0.417,0.0,21.777,1.188,131,648752,159,25.045,0.36,-3.569,0,0,770048000,0,6,1,church
37.335,21.57,1.043,0.0,21.777,1.188,131,648752,159,25.079,0.36,-3.54,0,0,770048000,0,6,1,church
37.35,11.687,1.087,0.0,21.777,1.188,131,648738,159,25.079,0.36,-3.54,0,0,770048000,0,6,1,church
37.365,15.152,1.132,0.0,21.777,1.188,131,648738,159,25.114,0.36,-3.511,0,0,770048000,0,6,1,church
37.379,13.952,0.51,0.0,21.777,1.188,131,648738,159,25.148,0.36,-3.482,0,0,770048000,0,6,1,church
37.394,14.76,1.278,0.0,21.777,1.188,131,648738,159,25.183,0.36,-3.453,0,0,770048000,0,6,1,church
37.408,12.894,1.288,0.0,21.777,1.188,128,643410,156,25.217,0.36,-3.424,0,0,770048000,0,6,1,church
37.423,13.738,1.382,0.0,21.777,1.188,128,643410,156,25.252,0.36,-3.395,0,0,770048000,0,6,1,church
37.437,14.115,0.912,0.0,21.777,1.188,128,643410,156,25.286,0.36,-3.366,0,0,770048000,0,6,1,church
37.452,13.873,0.457,0.0,21.777,1.188,125,630720,153,25.32,0.36,-3.337,0,0,770048000,0,6,1,church
37.467,12.865,0.567,0.0,21.777,1.188,124,628628,152,25.32,0.36,-3.337,0,0,770048000,0,6,1,church
37.481,14.928,0.644,0.0,21.777,1.188,124,628628,152,25.355,0.36,-3.308,0,0,770048000,0,6,1,church
37.496,13.673,0.617,0.0,21.777,1.188,124,628628,152,25.389,0.36,-3.279,0,0,770048000,0,6,1,church
37.51,13.856,0.594,0.0,21.777,1.188,124,628628,152,25.424,0.36,-3.25,0,0,770048000,0,6,1,church
37.524,13.675,0.586,0.0,21.777,1.188,124,628628,152,25.458,0.36,-3.221,0,0,770048000,0,6,1,church
37.539,13.638,0.585,0.0,21.777,1.188,124,628628,152,25.492,0.36,-3.192,0,0,770048000,0,6,1,church
37.553,13.719,0.569,0.0,21.777,1.188,123,628612,151,25.527,0.36,-3.163,0,0,770048000,0,6,1,church
37.568,18.858,0.563,0.0,21.777,1.188,123,628612,151,25.561,0.36,-3.134,0,0,770048000,0,6,1,church
37.582,13.373,0.477,0.0,21.777,1.188,123,628612,151,25.561,0.36,-3.134,0,0,770048000,0,6,1,church
37.597,14.517,0.74,0.0,21.777,1.188,123,628612,151,25.596,0.36,-3.105,0,0,770048000,0,6,1,church
37.611,13.391,1.132,0.0,21.777,1.188,123,628612,151,25.63,0.36,-3.076,0,0,770048000,0,6,1,church
37.625,12.934,1.78,0.0,21.777,1.188,123,628612,151,25.664,0.36,-3.047,0,0,770048000,0,6,1,church
37.64,13.463,1.013,0.0,21.777,1.188,120,628468,148,25.699,0.36,-3.018,0,0,770048000,0,6,1,church
37.654,13.31,1.099,0.0,21.777,1.188,120,628468,148,25.733,0.36,-2.989,0,0,770048000,0,6,1,church
37.668,13.503,1.001,0.0,21.777,1.188,120,628468,148,25.768,0.36,-2.96,0,0,770048000,0,6,1,church
37.682,12.597,1.09,0.0,21.777,1.188,117,628252,145,25.768,0.36,-2.96,0,0,770048000,0,6,1,church
37.697,13.733,0.981,0.0,21.777,1.188,117,628252,145,25.802,0.36,-2.931,0,0,770048000,0,6,1,church
37.711,13.448,1.064,0.0,21.777,1.188,117,628252,145,25.837,0.36,-2.902,0,0,770048000,0,6,1,church
37.725,14.051,0.915,0.0,21.777,1.188,116,628250,144,25.871,0.36,-2.873,0,0,770048000,0,6,1,church
37.738,12.0,1.146,0.0,21.777,1.188,116,628250,144,25.905,0.36,-2.844,0,0,770048000,0,6,1,church
37.751,12.995,1.111,0.0,21.777,1.188,117,628252,145,25.94,0.36,-2.815,0,0,770048000,0,6,1,church
37.764,12.135,1.021,0.0,21.777,1.188,117,628252,145,25.94,0.36,-2.815,0,0,770048000,0,6,1,church
37.777,14.185,0.694,0.0,21.777,1.188,117,628252,145,25.974,0.36,-2.786,0,0,770048000,0,6,1,church
37.79,12.871,0.644,0.0,21.777,1.188,117,628252,145,26.009,0.36,-2.757,0,0,770048000,0,6,1,church
37.803,12.447,1.026,0.0,21.777,1.188,117,628252,145,26.043,0.36,-2.728,0,0,770048000,0,6,1,church
37.816,12.837,1.056,0.0,21.777,1.188,117,628252,145,26.043,0.36,-2.728,0,0,770048000,0,6,1,church
37.829,13.451,0.621,0.0,21.777,1.188,117,628252,145,26.077,0.36,-2.699,0,0,770048000,0,6,1,church
37.842,12.714,1.113,0.0,21.777,1.188,117,628252,145,26.11,0.366,-2.676,0,0,770048000,0,6,1,church
37.855,13.278,1.148,0.0,21.777,1.188,116,628216,144,26.143,0.391,-2.657,0,0,770048000,0,6,1,church
37.868,12.748,1.032,0.0,21.777,1.188,116,628216,144,26.177,0.411,-2.636,0,0,770048000,0,6,1,church
37.881,12.152,0.659,0.0,21.777,1.188,115,628214,143,26.177,0.411,-2.636,0,0,770048000,0,6,1,church
37.894,14.589,0.664,0.0,21.777,1.188,115,628214,143,26.21,0.419,-2.611,0,0,770048000,0,6,1,church
37.907,12.925,0.695,0.0,21.777,1.188,115,628214,143,26.235,0.426,-2.62,0,0,770048000,0,6,1,church
37.92,12.844,1.272,0.0,21.777,1.188,115,628214,143,26.263,0.43,-2.622,0,0,770048000,0,6,1,church
37.933,12.411,0.921,0.0,21.777,1.188,115,628214,143,26.263,0.43,-2.622,0,0,770048000,0,6,1,church
37.946,13.832,0.988,0.0,21.777,1.188,115,628214,143,26.291,0.434,-2.618,0,0,770048000,0,6,1,church
37.959,13.377,0.922,0.0,21.777,1.188,115,628214,143,26.321,0.436,-2.609,0,0,770048000,0,6,1,church
37.972,12.673,1.07,0.0,21.777,1.188,115,628214,143,26.353,0.437,-2.603,0,0,770048000,0,6,1,church
37.985,13.77,1.062,0.0,21.777,1.188,114,619638,142,26.386,0.427,-2.591,0,0,770048000,0,6,1,church
37.998,12.287,0.922,0.0,21.777,1.188,112,619590,140,26.386,0.427,-2.591,0,0,770048000,0,6,1,church
38.011,13.776,1.076,0.0,21.777,1.188,112,619590,140,26.42,0.436,-2.582,0,0,770048000,0,6,1,church
38.024,14.015,1.032,0.0,21.777,1.188,113,619592,141,26.455,0.437,-2.573,0,0,770048000,0,6,1,church
38.037,12.72,1.119,0.0,21.777,1.188,113,619592,141,26.489,0.437,-2.56,0,0,770048000,0,6,1,church
38.05,12.794,1.264,0.0,21.777,1.188,113,619592,141,26.489,0.437,-2.56,0,0,770048000,0,6,1,church
38.063,13.81,0.98,0.0,21.777,1.188,113,619592,141,26.525,0.438,-2.551,0,0,770048000,0,6,1,church
38.076,13.738,0.994,0.0,21.777,1.188,113,619592,141,26.561,0.438,-2.538,0,0,770048000,0,6,1,church
38.089,14.178,0.951,0.0,21.777,1.188,113,619592,141,26.598,0.44,-2.53,0,0,770048000,0,6,1,church
38.101,13.122,1.026,0.0,21.777,1.188,113,619592,141,26.635,0.44,-2.52,0,0,770048000,0,6,1,church
38.114,12.973,0.921,0.0,21.777,1.188,113,619592,141,26.635,0.44,-2.52,0,0,770048000,0,6,1,church
38.128,23.227,0.641,0.0,21.777,1.188,113,619592,141,26.671,0.44,-2.506,0,0,770048000,0,6,1,church
38.141,11.733,0.526,0.0,21.535,1.217,114,619628,142,26.707,0.433,-2.491,0,0,770048000,0,6,1,church
38.154,14.782,0.817,0.0,21.535,1.217,114,619628,142,26.743,0.428,-2.474,0,0,770048000,0,6,1,church
38.168,14.011,0.538,0.0,21.535,1.217,114,619628,142,26.779,0.422,-2.455,0,0,770048000,0,6,1,church
38.181,13.395,0.76,0.0,21.535,1.217,114,619628,142,26.779,0.422,-2.455,0,0,770048000,0,6,1,church
38.195,14.845,0.98,0.0,21.535,1.217,114,619628,142,26.816,0.417,-2.434,0,0,770048000,0,6,1,church
38.209,14.044,1.116,0.0,21.535,1.217,119,621462,147,26.851,0.412,-2.411,0,0,770048000,0,6,1,church
38.223,14.264,0.987,0.0,21.535,1.217,119,621462,147,26.886,0.408,-2.387,0,0,770048000,0,6,1,church
38.237,13.585,1.207,0.0,21.535,1.217,120,621478,148,26.921,0.404,-2.362,0,0,770048000,0,6,1,church
38.258,21.739,1.084,0.0,21.535,1.217,117,621418,145,26.955,0.401,-2.336,0,0,770048000,0,6,1,church
38.272,12.957,0.663,0.0,21.535,1.217,118,621466,146,26.989,0.408,-2.309,0,0,770048000,0,6,1,church
38.286,13.889,0.949,0.0,21.535,1.217,117,620870,145,27.019,0.408,-2.278,0,0,770048000,0,6,1,church
38.3,13.095,1.416,0.0,21.535,1.217,117,620870,145,27.019,0.408,-2.278,0,0,770048000,0,6,1,church
38.315,15.101,0.754,0.0,21.535,1.217,117,620870,145,27.05,0.409,-2.247,0,0,770048000,0,6,1,church
38.329,14.646,0.63,0.0,21.535,1.217,116,620738,144,27.079,0.396,-2.215,0,0,770048000,0,6,1,church
38.344,14.35,0.536,0.0,21.535,1.217,114,546806,142,27.112,0.384,-2.184,0,0,770048000,0,6,1,church
38.358,14.036,0.767,0.0,21.535,1.217,114,546806,142,27.143,0.363,-2.153,0,0,770048000,0,6,1,church
38.373,14.404,1.128,0.0,21.535,1.217,115,546854,143,27.175,0.353,-2.123,0,0,770048000,0,6,1,church
38.387,14.284,0.975,0.0,21.535,1.217,115,546854,143,27.203,0.359,-2.089,0,0,770048000,0,6,1,church
38.402,14.192,0.987,0.0,21.535,1.217,116,548946,144,27.23,0.36,-2.054,0,0,770048000,0,6,1,church
38.417,13.667,0.968,0.0,21.535,1.217,115,487170,143,27.23,0.36,-2.054,0,0,770048000,0,6,1,church
38.431,14.955,0.677,0.0,21.535,1.217,115,487170,143,27.256,0.36,-2.018,0,0,770048000,0,6,1,church
38.446,14.077,1.058,0.0,21.535,1.217,117,489358,145,27.282,0.36,-1.982,0,0,770048000,0,6,1,church
38.46,14.396,0.964,0.0,21.535,1.217,117,489358,145,27.308,0.36,-1.946,0,0,770048000,0,6,1,church
38.475,14.166,0.682,0.0,21.535,1.217,117,489358,145,27.333,0.36,-1.91,0,0,770048000,0,6,1,church
38.49,13.948,0.588,0.0,21.535,1.217,112,483664,140,27.357,0.36,-1.873,0,0,770048000,0,6,1,church
38.504,14.626,0.503,0.0,21.535,1.217,116,483782,144,27.381,0.36,-1.837,0,0,770048000,0,6,1,church
38.519,14.747,0.403,0.0,21.535,1.217,115,483318,143,27.403,0.36,-1.799,0,0,770048000,0,6,1,church
38.533,14.417,0.629,0.0,21.535,1.217,112,473634,140,27.403,0.36,-1.799,0,0,770048000,0,6,1,church
38.548,14.745,0.546,0.0,21.535,1.217,112,473634,140,27.425,0.36,-1.761,0,0,770048000,0,6,1,church
38.562,14.664,0.481,0.0,21.535,1.217,113,473688,141,27.446,0.36,-1.723,0,0,770048000,0,6,1,church
38.577,14.621,0.333,0.0,21.535,1.217,113,473688,141,27.466,0.36,-1.684,0,0,770048000,0,6,1,church
38.592,14.471,0.398,0.0,21.535,1.217,114,475756,142,27.486,0.36,-1.645,0,0,770048000,0,6,1,church
38.606,14.555,0.303,0.0,21.535,1.217,114,469272,142,27.504,0.36,-1.605,0,0,770048000,0,6,1,church
38.621,14.576,0.43,0.0,21.535,1.217,111,469228,139,27.522,0.36,-1.565,0,0,770048000,0,6,1,church
38.635,14.349,0.394,0.0,21.535,1.217,111,469228,139,27.539,0.36,-1.525,0,0,770048000,0,6,1,church
38.653,21.393,0.468,0.0,21.535,1.217,112,469264,140,27.556,0.36,-1.484,0,0,770048000,0,6,1,church
38.668,14.739,0.44,0.0,21.535,1.217,112,469264,140,27.571,0.36,-1.443,0,0,770048000,0,6,1,church
38.683,14.324,0.484,0.0,21.535,1.217,112,469264,140,27.571,0.36,-1.443,0,0,770048000,0,6,1,church
38.698,15.383,0.492,0.0,21.535,1.217,112,469264,140,27.587,0.36,-1.401,0,0,770048000,0,6,1,church
38.713,15.046,0.589,0.0,21.535,1.217,115,469464,143,27.601,0.36,-1.359,0,0,770048000,0,6,1,church
38.728,14.798,0.501,0.0,21.535,1.217,116,469504,144,27.615,0.36,-1.317,0,0,770048000,0,6,1,church
38.747,20.419,0.63,0.0,21.535,1.217,116,469504,144,27.628,0.36,-1.275,0,0,770048000,0,6,1,church
38.762,14.846,0.515,0.0,21.535,1.217,117,469540,145,27.641,0.36,-1.232,0,0,770048000,0,6,1,church
38.777,14.821,0.566,0.0,21.535,1.217,117,469540,145,27.654,0.36,-1.189,0,0,770048000,0,6,1,church
38.792,14.979,0.521,0.0,21.535,1.217,117,469540,145,27.666,0.36,-1.146,0,0,770048000,0,6,1,church
38.807,15.178,0.617,0.0,21.535,1.217,117,469540,145,27.677,0.36,-1.103,0,0,770048000,0,6,1,church
38.822,14.096,1.0,0.0,21.535,1.217,116,469484,144,27.688,0.36,-1.06,0,0,770048000,0,6,1,church
38.837,14.489,0.903,0.0,21.535,1.217,114,468836,142,27.699,0.36,-1.017,0,0,770048000,0,6,1,church
38.853,16.284,0.688,0.0,21.535,1.217,111,406484,139,27.71,0.36,-0.973,0,0,770048000,0,6,1,church
38.867,13.414,0.596,0.0,21.535,1.217,111,406484,139,27.71,0.36,-0.973,0,0,770048000,0,6,1,church
38.882,15.473,0.699,0.0,21.535,1.217,111,406484,139,27.72,0.36,-0.929,0,0,770048000,0,6,1,church
38.897,15.037,1.033,0.0,21.535,1.217,111,406484,139,27.729,0.36,-0.886,0,0,770048000,0,6,1,church
38.912,15.279,1.122,0.0,21.535,1.217,111,406484,139,27.739,0.36,-0.842,0,0,770048000,0,6,1,church
38.928,15.299,1.034,0.0,21.535,1.217,111,406484,139,27.748,0.36,-0.798,0,0,770048000,0,6,1,church
38.943,14.335,1.324,0.0,21.535,1.217,111,406484,139,27.757,0.36,-0.754,0,0,770048000,0,6,1,church
38.962,22.461,1.265,0.0,21.535,1.217,110,406482,138,27.766,0.36,-0.71,0,0,770048000,0,6,1,church
38.977,13.974,0.637,0.0,21.535,1.217,110,406482,138,27.774,0.36,-0.666,0,0,770048000,0,6,1,church
38.993,15.059,0.924,0.0,21.535,1.217,110,406482,138,27.783,0.36,-0.622,0,0,770048000,0,6,1,church
39.008,15.069,1.156,0.0,21.535,1.217,109,404012,137,27.791,0.36,-0.578,0,0,770048000,0,6,1,church
39.023,15.949,0.993,0.0,21.535,1.217,109,404012,137,27.799,0.36,-0.533,0,0,770048000,0,6,1,church
39.038,13.484,1.086,0.0,21.535,1.217,109,404012,137,27.806,0.36,-0.489,0,0,770048000,0,6,1,church
39.055,15.363,0.947,0.0,21.535,1.217,109,404012,137,27.814,0.36,-0.445,0,0,770048000,0,6,1,church
39.072,13.95,0.64,0.0,21.535,1.217,108,404010,136,27.821,0.36,-0.4,0,0,770048000,0,6,1,church
39.088,14.158,1.191,0.0,21.535,1.217,106,403794,134,27.829,0.36,-0.356,0,0,770048000,0,6,1,church
39.104,14.615,0.705,0.0,21.535,1.217,106,403794,134,27.836,0.36,-0.312,0,0,770048000,0,6,1,church
39.119,14.341,0.932,0.0,21.535,1.217,106,403794,134,27.843,0.36,-0.267,0,0,770048000,0,6,1,church
39.133,13.78,0.989,0.0,20.583,1.782,107,403796,135,27.843,0.36,-0.267,0,0,770048000,0,6,1,church
39.149,16.176,0.898,0.0,20.583,1.782,107,403796,135,27.85,0.36,-0.223,0,0,770048000,0,6,1,church
39.164,13.343,1.034,0.0,20.583,1.782,107,403796,135,27.857,0.36,-0.178,0,0,770048000,0,6,1,church
39.179,15.293,1.969,0.0,20.583,1.782,106,403332,134,27.864,0.36,-0.134,0,0,770048000,0,6,1,church
39.194,14.224,0.573,0.0,20.583,1.782,106,403332,134,27.87,0.36,-0.089,0,0,770048000,0,6,1,church
39.21,14.184,1.165,0.0,20.583,1.782,106,403332,134,27.877,0.36,-0.045,0,0,770048000,0,6,1,church
39.225,14.802,0.989,0.0,20.583,1.782,106,403332,134,27.883,0.36,0.0,0,0,770048000,0,6,1,church
39.24,14.154,0.991,0.0,20.583,1.782,106,403332,134,27.89,0.36,0.044,0,0,770048000,0,6,1,church
39.256,14.531,1.297,0.0,20.583,1.782,106,403332,134,27.896,0.36,0.089,0,0,770048000,0,6,1,church
39.27,14.358,0.896,0.0,20.583,1.782,105,393652,133,27.902,0.36,0.133,0,0,770048000,0,6,1,church
39.285,14.339,0.812,0.0,20.583,1.782,105,393652,133,27.908,0.36,0.178,0,0,770048000,0,6,1,church
39.299,13.198,1.269,0.0,20.583,1.782,105,393652,133,27.908,0.36,0.178,0,0,770048000,0,6,1,church
39.313,15.318,0.971,0.0,20.583,1.782,105,393652,133,27.915,0.36,0.222,0,0,770048000,0,6,1,church
39.327,13.827,0.527,0.0,20.583,1.782,105,393652,133,27.921,0.36,0.267,0,0,770048000,0,6,1,church
39.342,14.56,0.556,0.0,20.583,1.782,105,393652,133,27.927,0.36,0.311,0,0,770048000,0,6,1,church
39.356,13.908,0.56,0.0,20.583,1.782,105,393652,133,27.933,0.36,0.356,0,0,770048000,0,6,1,church
39.37,14.749,0.612,0.0,20.583,1.782,105,393652,133,27.938,0.36,0.401,0,0,770048000,0,6,1,church
39.384,14.099,0.608,0.0,20.583,1.782,105,393652,133,27.944,0.36,0.445,0,0,770048000,0,6,1,church
39.399,13.578,0.99,0.0,20.583,1.782,106,393692,134,27.944,0.36,0.445,0,0,770048000,0,6,1,church
39.413,15.133,1.404,0.0,20.583,1.782,106,393692,134,27.95,0.36,0.49,0,0,770048000,0,6,1,church
39.427,13.889,1.437,0.0,20.583,1.782,106,393692,134,27.956,0.36,0.535,0,0,770048000,0,6,1,church
39.441,14.059,0.941,0.0,20.583,1.782,106,393692,134,27.962,0.36,0.579,0,0,770048000,0,6,1,church
39.455,13.927,0.709,0.0,20.583,1.782,106,393692,134,27.967,0.36,0.624,0,0,770048000,0,6,1,church
39.469,14.066,1.194,0.0,20.583,1.782,106,393692,134,27.973,0.36,0.668,0,0,770048000,0,6,1,church
39.483,13.06,1.019,0.0,20.583,1.782,105,391624,133,27.973,0.36,0.668,0,0,770048000,0,6,1,church
39.497,14.379,1.093,0.0,20.583,1.782,105,391624,133,27.978,0.36,0.713,0,0,770048000,0,6,1,church
39.51,13.529,0.836,0.0,20.583,1.782,105,391624,133,27.984,0.36,0.758,0,0,770048000,0,6,1,church
39.524,13.846,0.589,0.0,20.583,1.782,105,391624,133,27.99,0.36,0.802,0,0,770048000,0,6,1,church
39.538,13.715,0.549,0.0,20.583,1.782,105,391624,133,27.995,0.36,0.847,0,0,770048000,0,6,1,church
39.552,14.371,0.539,0.0,20.583,1.782,105,391624,133,28.001,0.36,0.892,0,0,770048000,0,6,1,church
39.566,12.941,0.472,0.0,20.583,1.782,105,391624,133,28.001,0.36,0.892,0,0,770048000,0,6,1,church
39.58,14.798,0.587,0.0,20.583,1.782,105,391624,133,28.006,0.36,0.936,0,0,770048000,0,6,1,church
39.594,13.884,0.463,0.0,20.583,1.782,105,391624,133,28.011,0.36,0.981,0,0,770048000,0,6,1,church
39.607,13.821,0.537,0.0,20.583,1.782,105,391624,133,28.017,0.36,1.026,0,0,770048000,0,6,1,church
39.621,14.125,0.594,0.0,20.583,1.782,105,391624,133,28.022,0.36,1.07,0,0,770048000,0,6,1,church
39.635,19.568,0.663,0.0,20.583,1.782,105,391624,133,28.027,0.36,1.115,0,0,770048000,0,6,1,church
39.649,13.524,0.542,0.0,20.583,1.782,105,391624,133,28.027,0.36,1.115,0,0,770048000,0,6,1,church
39.663,14.022,0.645,0.0,20.583,1.782,105,391624,133,28.033,0.36,1.16,0,0,770048000,0,6,1,church
39.677,13.807,1.111,0.0,20.583,1.782,102,377342,130,28.038,0.36,1.204,0,0,770048000,0,6,1,church
39.691,13.482,0.994,0.0,20.583,1.782,102,377342,130,28.042,0.36,1.249,0,0,770048000,0,6,1,church
39.705,13.658,1.055,0.0,20.583,1.782,102,377342,130,28.047,0.36,1.294,0,0,770048000,0,6,1,church
39.719,13.271,2.214,0.0,20.583,1.782,100,377230,128,28.051,0.36,1.339,0,0,770048000,0,6,1,church
39.732,12.575,0.872,0.0,20.583,1.782,100,377230,128,28.051,0.36,1.339,0,0,770048000,0,6,1,church
39.746,14.585,0.918,0.0,20.583,1.782,100,377230,128,28.055,0.36,1.383,0,0,770048000,0,6,1,church
39.76,14.211,0.844,0.0,20.583,1.782,100,377230,128,28.059,0.36,1.428,0,0,770048000,0,6,1,church
39.774,12.832,1.261,0.0,20.583,1.782,98,360078,126,28.063,0.36,1.473,0,0,770048000,0,6,1,church
39.788,13.808,0.969,0.0,20.583,1.782,98,360078,126,28.066,0.36,1.518,0,0,770048000,0,6,1,church
39.802,13.02,0.992,0.0,20.583,1.782,98,360078,126,28.069,0.36,1.562,0,0,770048000,0,6,1,church
39.816,13.168,1.137,0.0,20.583,1.782,98,360078,126,28.069,0.36,1.562,0,0,770048000,0,6,1,church
39.83,13.987,0.956,0.0,20.583,1.782,98,360078,126,28.072,0.36,1.607,0,0,770048000,0,6,1,church
39.844,12.911,0.915,0.0,20.583,1.782,94,235598,122,28.075,0.36,1.652,0,0,770048000,0,6,1,church
39.857,13.449,0.983,0.0,20.583,1.782,94,235598,122,28.078,0.36,1.697,0,0,770048000,0,6,1,church
39.871,13.776,0.367,0.0,20.583,1.782,93,231594,121,28.08,0.36,1.742,0,0,770048000,0,6,1,church
39.885,15.207,0.322,0.0,20.583,1.782,92,230934,120,28.082,0.36,1.787,0,0,770048000,0,6,1,church
39.899,11.997,0.53,0.0,20.583,1.782,92,230934,120,28.082,0.36,1.787,0,0,770048000,0,6,1,church
39.913,14.945,0.976,0.0,20.583,1.782,92,230934,120,28.084,0.36,1.832,0,0,770048000,0,6,1,church
39.927,13.065,1.062,0.0,20.583,1.782,91,230746,119,28.086,0.36,1.877,0,0,770048000,0,6,1,church
39.94,13.912,1.043,0.0,20.583,1.782,91,230746,119,28.088,0.36,1.921,0,0,770048000,0,6,1,church
39.954,13.759,0.862,0.0,20.583,1.782,91,230746,119,28.089,0.36,1.966,0,0,770048000,0,6,1,church
39.968,13.622,0.979,0.0,20.583,1.782,91,230746,119,28.09,0.36,2.011,0,0,770048000,0,6,1,church
39.981,12.401,1.207,0.0,20.583,1.782,91,230746,119,28.09,0.36,2.011,0,0,770048000,0,6,1,church
39.995,22.242,1.184,0.0,20.583,1.782,91,230746,119,28.092,0.36,2.056,0,0,770048000,0,6,1,church
40.009,12.927,1.139,0.0,20.583,1.782,91,230746,119,28.093,0.36,2.101,0,0,770048000,0,6,1,church
40.023,14.531,0.943,0.0,20.583,1.782,91,230746,119,28.094,0.36,2.146,0,0,770048000,0,6,1,church
40.037,13.24,0.984,0.0,20.583,1.782,91,230746,119,28.095,0.36,2.191,0,0,770048000,0,6,1,church
40.051,14.202,0.971,0.0,20.583,1.782,91,230746,119,28.096,0.36,2.236,0,0,770048000,0,6,1,church
40.064,12.998,1.009,0.0,20.583,1.782,91,230746,119,28.096,0.36,2.236,0,0,770048000,0,6,1,church
40.078,14.983,0.991,0.0,20.583,1.782,91,230746,119,28.096,0.36,2.281,0,0,770048000,0,6,1,church
40.092,13.872,1.27,0.0,20.583,1.782,91,230746,119,28.097,0.36,2.326,0,0,770048000,0,6,1,church
40.106,14.248,1.082,0.0,20.583,1.782,91,230746,119,28.097,0.36,2.371,0,0,770048000,0,6,1,church
40.12,13.819,0.939,0.0,20.583,1.782,91,230746,119,28.098,0.36,2.416,0,0,770048000,0,6,1,church
40.134,14.315,1.482,0.0,20.158,1.292,91,230746,119,28.098,0.36,2.461,0,0,770048000,0,6,1,church
40.148,12.863,0.945,0.0,20.158,1.292,91,230746,119,28.098,0.36,2.461,0,0,770048000,0,6,1,church
40.162,16.326,0.83,0.0,20.158,1.292,91,230746,119,28.099,0.36,2.506,0,0,770048000,0,6,1,church
40.176,14.225,0.699,0.0,20.158,1.292,91,230746,119,28.099,0.349,2.551,0,0,770048000,0,5,1,cloister
40.19,13.223,0.911,0.0,20.158,1.292,95,230866,179,28.099,0.34,2.597,0,0,770048000,0,5,1,cloister
40.204,15.198,0.974,0.0,20.158,1.292,95,230866,179,28.099,0.325,2.642,0,0,768294912,0,5,1,cloister
40.218,13.232,1.209,0.0,20.158,1.292,95,230866,179,28.099,0.3,2.687,0,0,768294912,0,5,1,cloister
40.233,21.019,1.281,0.0,20.158,1.292,95,230866,179,28.099,0.266,2.729,0,0,768294912,0,5,1,cloister
40.248,13.357,0.918,0.0,20.158,1.292,95,230866,179,28.099,0.266,2.729,0,0,768294912,0,5,1,cloister
40.262,16.913,1.176,0.0,20.158,1.292,95,230866,179,28.099,0.266,2.78,0,0,768294912,0,5,1,cloister
40.276,12.21,1.063,0.0,20.158,1.292,95,230866,179,28.099,0.259,2.825,0,0,768294912,0,5,1,cloister
40.29,13.608,1.041,0.0,20.158,1.292,95,230866,179,28.099,0.246,2.87,0,0,768294912,0,5,1,cloister
40.305,14.635,0.847,0.0,20.158,1.292,95,230866,179,28.099,0.254,2.894,0,0,768294912,0,5,1,cloister
40.319,14.369,0.674,0.0,20.158,1.292,95,230866,179,28.099,0.277,2.932,0,0,768294912,0,5,1,cloister
40.333,14.459,0.525,0.0,20.158,1.292,95,230866,179,28.099,0.285,2.974,0,0,768294912,0,5,1,cloister
40.348,13.604,1.1,0.0,20.158,1.292,95,230866,179,28.099,0.285,2.974,0,0,768294912,0,5,1,cloister
40.362,14.563,1.163,0.0,20.158,1.292,95,230866,179,28.099,0.3,3.015,0,0,768294912,0,5,1,cloister
40.376,14.411,1.217,0.0,20.158,1.292,95,230866,179,28.099,0.309,3.06,0,0,768294912,0,5,1,cloister
40.39,14.384,0.864,0.0,20.158,1.292,95,230866,179,28.099,0.3,3.105,0,0,768294912,0,5,1,cloister
40.405,14.309,1.103,0.0,20.158,1.292,95,230866,179,28.098,0.309,3.15,0,0,768294912,0,5,1,cloister
40.419,14.328,0.945,0.0,20.158,1.292,96,230868,180,28.098,0.31,3.195,0,0,768294912,0,5,1,cloister
40.433,14.077,0.983,0.0,20.158,1.292,96,230868,180,28.098,0.31,3.24,0,0,768294912,0,5,1,cloister
40.448,13.773,1.345,0.0,20.158,1.292,96,230868,180,28.098,0.31,3.24,0,0,768294912,0,5,1,cloister
40.462,14.89,0.441,0.0,20.158,1.292,96,230868,180,28.097,0.31,3.285,0,0,768294912,0,5,1,cloister
40.476,15.254,0.419,0.0,20.158,1.292,96,230868,180,28.097,0.31,3.33,0,0,768294912,0,5,1,cloister
40.49,14.058,0.511,0.0,20.158,1.292,96,230868,180,28.096,0.31,3.375,0,0,768294912,0,5,1,cloister
40.505,13.297,1.185,0.0,20.158,1.292,96,230868,180,28.096,0.31,3.42,0,0,768294912,0,5,1,cloister
40.519,14.253,0.874,0.0,20.158,1.292,96,230868,180,28.095,0.31,3.465,0,0,768294912,0,5,1,cloister
40.533,14.405,0.495,0.0,20.158,1.292,96,230868,180,28.095,0.31,3.51,0,0,768294912,0,5,1,cloister
40.548,13.46,0.461,0.0,20.158,1.292,96,230868,180,28.095,0.31,3.51,0,0,768294912,0,5,1,cloister
40.562,16.269,0.643,0.0,20.158,1.292,96,230868,180,28.094,0.31,3.555,0,0,768294912,0,5,1,cloister
40.576,13.874,0.444,0.0,20.158,1.292,95,227412,179,28.094,0.31,3.6,0,0,768294912,0,5,1,cloister
40.59,14.866,1.218,0.0,20.158,1.292,94,227364,178,28.093,0.31,3.645,0,0,768294912,0,5,1,cloister
40.605,14.089,0.926,0.0,20.158,1.292,94,227364,178,28.093,0.31,3.69,0,0,768294912,0,5,1,cloister
40.619,14.989,1.028,0.0,20.158,1.292,94,227364,178,28.092,0.31,3.735,0,0,768294912,0,5,1,cloister
40.633,15.122,0.901,0.0,20.158,1.292,94,227364,178,28.092,0.31,3.78,0,0,768294912,0,5,1,cloister
40.648,13.372,1.829,0.0,20.158,1.292,94,227364,178,28.092,0.31,3.78,0,0,768294912,0,5,1,cloister
40.662,14.778,1.095,0.0,20.158,1.292,94,227364,178,28.091,0.31,3.825,0,0,768294912,0,5,1,cloister
40.676,14.251,1.183,0.0,20.158,1.292,94,227364,178,28.09,0.31,3.87,0,0,768294912,0,5,1,cloister
40.69,14.213,1.037,0.0,20.158,1.292,94,227364,178,28.09,0.31,3.915,0,0,768294912,0,5,1,cloister
40.705,14.388,1.04,0.0,20.158,1.292,94,227364,178,28.089,0.31,3.954,0,0,768294912,0,5,1,cloister
40.719,14.246,0.921,0.0,20.158,1.292,107,383748,191,28.088,0.31,3.989,0,0,768294912,0,5,1,cloister
40.733,14.556,1.258,0.0,20.158,1.292,112,402898,196,28.085,0.31,4.021,0,0,768294912,0,5,1,cloister
40.748,13.758,1.184,0.0,20.158,1.292,122,476508,206,28.085,0.31,4.021,0,0,768294912,0,5,1,cloister
40.767,20.28,1.058,0.0,20.158,1.292,122,476508,206,28.081,0.31,4.051,0,0,768294912,0,5,1,cloister
40.782,15.236,1.037,0.0,20.158,1.292,136,552852,220,28.074,0.31,4.08,0,0,768294912,0,5,1,cloister
40.796,14.6,0.963,0.0,20.158,1.292,149,536334,233,28.065,0.31,4.109,0,0,768294912,0,5,1,cloister
40.811,15.098,1.12,0.0,20.158,1.292,146,535670,230,28.053,0.31,4.137,0,0,768294912,0,5,1,cloister
40.826,14.478,1.102,0.0,20.158,1.292,145,288830,229,28.039,0.31,4.164,0,0,768294912,0,5,1,cloister
40.841,14.862,1.094,0.0,20.158,1.292,138,278728,222,28.022,0.31,4.191,0,0,768294912,0,5,1,cloister
40.856,15.262,1.019,0.0,20.158,1.292,151,536596,235,28.003,0.31,4.217,0,0,768294912,0,5,1,cloister
40.871,14.372,1.045,0.0,20.158,1.292,152,568660,236,27.981,0.31,4.242,0,0,768294912,0,5,1,cloister
40.892,20.96,1.048,0.0,20.158,1.292,164,603644,248,27.957,0.31,4.267,0,0,768294912,0,5,1,cloister
40.907,15.116,1.013,0.0,20.158,1.292,176,624223,260,27.931,0.31,4.29,0,0,768294912,0,5,1,cloister
40.922,14.599,1.041,0.0,20.158,1.292,178,624227,262,27.902,0.31,4.313,0,0,768294912,0,5,1,cloister
40.939,14.613,1.218,0.0,20.158,1.292,180,624231,264,27.872,0.31,4.335,0,0,768294912,0,5,1,cloister
40.955,14.231,1.072,0.0,20.158,1.292,188,626679,272,27.841,0.31,4.356,0,0,768294912,0,5,1,cloister
40.972,14.492,1.094,0.0,20.158,1.292,188,626679,272,27.807,0.31,4.376,0,0,768294912,0,5,1,cloister
40.987,14.285,1.207,0.0,20.158,1.292,188,626679,272,27.773,0.31,4.395,0,0,768294912,0,5,1,cloister
41.003,14.24,1.089,0.0,20.158,1.292,185,594539,269,27.737,0.31,4.413,0,0,768294912,0,5,1,cloister
41.017,13.919,1.051,0.0,20.158,1.292,184,594419,268,27.737,0.31,4.413,0,0,768294912,0,5,1,cloister
41.032,15.276,0.716,0.0,20.158,1.292,184,594419,268,27.7,0.31,4.43,0,0,768294912,0,5,1,cloister
41.047,14.595,1.12,0.0,20.158,1.292,184,594419,268,27.662,0.31,4.446,0,0,768294912,0,5,1,cloister
41.062,14.045,1.104,0.0,20.158,1.292,185,604099,269,27.623,0.31,4.462,0,0,768294912,0,5,1,cloister
41.078,14.263,1.216,0.0,20.158,1.292,181,603947,265,27.583,0.31,4.476,0,0,768294912,0,5,1,cloister
41.093,15.014,1.177,0.0,20.158,1.292,180,603763,264,27.543,0.31,4.489,0,0,768294912,0,5,1,cloister
41.108,13.803,1.073,0.0,20.158,1.292,180,603763,264,27.502,0.31,4.502,0,0,768294912,0,5,1,cloister
41.124,13.913,1.037,0.0,20.158,1.292,180,603763,264,27.46,0.31,4.513,0,0,768294912,0,5,1,cloister
41.139,14.938,0.819,0.0,20.209,1.935,180,603763,264,27.418,0.31,4.525,0,0,768294912,0,5,1,cloister
41.154,14.968,0.718,0.0,20.209,1.935,180,603763,264,27.376,0.31,4.535,0,0,768294912,0,5,1,cloister
41.169,14.734,0.842,0.0,20.209,1.935,179,603503,263,27.333,0.31,4.545,0,0,768294912,0,5,1,cloister
41.183,14.258,0.754,0.0,20.209,1.935,179,603503,263,27.29,0.31,4.554,0,0,768294912,0,5,1,cloister
41.198,14.019,1.614,0.0,20.209,1.935,179,603503,263,27.29,0.31,4.554,0,0,768294912,0,5,1,cloister
41.212,14.844,1.053,0.0,20.209,1.935,179,603503,263,27.247,0.31,4.563,0,0,768294912,0,5,1,cloister
41.227,14.661,1.06,0.0,20.209,1.935,179,603503,263,27.203,0.31,4.571,0,0,768294912,0,5,1,cloister
41.241,14.4,1.102,0.0,20.209,1.935,178,603501,262,27.16,0.31,4.579,0,0,768294912,0,5,1,cloister
41.256,14.658,1.068,0.0,20.209,1.935,177,603481,261,27.116,0.31,4.586,0,0,768294912,0,5,1,cloister
41.271,22.082,1.168,0.0,20.209,1.935,177,603481,261,27.072,0.31,4.593,0,0,768294912,0,5,1,cloister
41.287,13.608,0.832,0.0,20.209,1.935,177,603481,261,27.028,0.31,4.6,0,0,768294912,0,5,1,cloister
41.302,14.44,1.006,0.0,20.209,1.935,177,603481,261,26.983,0.31,4.606,0,0,768294912,0,5,1,cloister
41.317,14.354,1.03,0.0,20.209,1.935,177,603481,261,26.939,0.31,4.612,0,0,768294912,0,5,1,cloister
41.333,14.321,0.668,0.0,20.209,1.935,177,603481,261,26.895,0.31,4.618,0,0,768294912,0,5,1,cloister
41.348,13.706,0.625,0.0,20.209,1.935,176,600697,260,26.895,0.31,4.618,0,0,768294912,0,5,1,cloister
41.363,15.208,0.636,0.0,20.209,1.935,176,600697,260,26.85,0.31,4.623,0,0,768294912,0,5,1,cloister
41.378,14.8,0.637,0.0,20.209,1.935,176,600697,260,26.806,0.31,4.628,0,0,768294912,0,5,1,cloister
41.393,14.649,0.687,0.0,20.209,1.935,176,600697,260,26.761,0.31,4.633,0,0,768294912,0,5,1,cloister
41.408,14.519,1.053,0.0,20.209,1.935,176,600697,260,26.717,0.31,4.637,0,0,768294912,0,5,1,cloister
41.422,14.355,1.223,0.0,20.209,1.935,176,600697,260,26.672,0.31,4.642,0,0,768294912,0,5,1,cloister
41.436,13.947,1.342,0.0,20.209,1.935,177,600699,261,26.627,0.31,4.646,0,0,768294912,0,5,1,cloister
41.45,14.021,1.029,0.0,20.209,1.935,177,600699,261,26.583,0.31,4.65,0,0,768294912,0,5,1,cloister
41.465,13.546,0.633,0.0,20.209,1.935,177,600699,261,26.583,0.31,4.65,0,0,768294912,0,5,1,cloister
41.479,15.126,0.51,0.0,20.209,1.935,177,600699,261,26.538,0.31,4.654,0,0,768294912,0,5,1,cloister
41.493,14.494,0.703,0.0,20.209,1.935,176,600619,260,26.493,0.31,4.658,0,0,768294912,0,5,1,cloister
41.508,14.886,0.667,0.0,20.209,1.935,176,600619,260,26.448,0.31,4.662,0,0,768294912,0,5,1,cloister
41.523,15.168,0.714,0.0,20.209,1.935,176,600619,260,26.403,0.31,4.665,0,0,768294912,0,5,1,cloister
41.537,14.905,0.674,0.0,20.209,1.935,175,590939,259,26.359,0.31,4.669,0,0,768294912,0,5,1,cloister
41.552,14.704,1.306,0.0,20.209,1.935,175,590939,259,26.314,0.31,4.672,0,0,768294912,0,5,1,cloister
41.567,21.132,0.771,0.0,20.209,1.935,174,590903,258,26.269,0.31,4.675,0,0,768294912,0,5,1,cloister
41.581,13.964,0.612,0.0,20.209,1.935,173,590783,257,26.269,0.31,4.675,0,0,768294912,0,5,1,cloister
41.596,15.416,0.595,0.0,20.209,1.935,173,590783,257,26.224,0.31,4.678,0,0,768294912,0,5,1,cloister
41.611,15.295,0.535,0.0,20.209,1.935,173,590783,257,26.179,0.31,4.682,0,0,768294912,0,5,1,cloister
41.625,14.593,0.535,0.0,20.209,1.935,172,590727,256,26.134,0.31,4.685,0,0,768294912,0,5,1,cloister
41.64,14.891,0.637,0.0,20.209,1.935,172,590727,256,26.089,0.31,4.687,0,0,768294912,0,5,1,cloister
41.655,15.213,0.646,0.0,20.209,1.935,172,590727,256,26.044,0.31,4.69,0,0,768294912,0,5,1,cloister
41.67,14.796,0.738,0.0,20.209,1.935,172,590727,256,26.0,0.31,4.693,0,0,768294912,0,5,1,cloister
41.685,15.047,0.666,0.0,20.209,1.935,172,590727,256,25.955,0.31,4.696,0,0,768294912,0,5,1,cloister
41.699,13.945,0.634,0.0,20.209,1.935,172,590727,256,25.955,0.31,4.696,0,0,768294912,0,5,1,cloister
41.714,15.379,0.6,0.0,20.209,1.935,172,590727,256,25.91,0.31,4.699,0,0,768294912,0,5,1,cloister
41.729,14.916,0.618,0.0,20.209,1.935,172,590727,256,25.865,0.31,4.702,0,0,768294912,0,5,1,cloister
41.744,14.898,0.648,0.0,20.209,1.935,172,590727,256,25.82,0.31,4.704,0,0,768294912,0,5,1,cloister
41.759,15.304,0.493,0.0,20.209,1.935,172,590727,256,25.775,0.31,4.707,0,0,768294912,0,5,1,cloister
41.774,14.775,0.437,0.0,20.209,1.935,172,590727,256,25.73,0.31,4.709,0,0,768294912,0,5,1,cloister
41.788,14.765,0.625,0.0,20.209,1.935,172,590727,256,25.685,0.31,4.712,0,0,768294912,0,5,1,cloister
41.803,14.615,0.522,0.0,20.209,1.935,172,590727,256,25.64,0.31,4.715,0,0,768294912,0,5,1,cloister
41.818,14.756,0.568,0.0,20.209,1.935,172,590727,256,25.595,0.31,4.717,0,0,768294912,0,5,1,cloister
41.833,13.811,0.566,0.0,20.209,1.935,172,590727,256,25.595,0.31,4.717,0,0,768294912,0,5,1,cloister
41.848,15.628,0.597,0.0,20.209,1.935,172,590727,256,25.55,0.31,4.72,0,0,768294912,0,5,1,cloister
41.862,15.145,0.668,0.0,20.209,1.935,172,590727,256,25.505,0.31,4.722,0,0,768294912,0,5,1,cloister
41.877,14.982,0.606,0.0,20.209,1.935,172,590727,256,25.46,0.31,4.725,0,0,768294912,0,5,1,cloister
41.892,15.533,0.692,0.0,20.209,1.935,171,588635,255,25.416,0.31,4.727,0,0,768294912,0,5,1,cloister
41.907,14.62,0.62,0.0,20.209,1.935,171,588635,255,25.371,0.31,4.729,0,0,768294912,0,5,1,cloister
41.922,14.76,1.129,0.0,20.209,1.935,171,588635,255,25.326,0.31,4.732,0,0,768294912,0,5,1,cloister
41.936,14.751,1.155,0.0,20.209,1.935,171,588635,255,25.281,0.31,4.734,0,0,768294912,0,5,1,cloister
41.951,15.687,1.005,0.0,20.209,1.935,171,588635,255,25.236,0.31,4.737,0,0,768294912,0,5,1,cloister
41.966,13.664,1.038,0.0,20.209,1.935,171,588635,255,25.236,0.31,4.737,0,0,768294912,0,5,1,cloister
41.981,15.461,1.189,0.0,20.209,1.935,171,588635,255,25.191,0.31,4.739,0,0,768294912,0,5,1,cloister
41.996,14.705,1.119,0.0,20.209,1.935,171,588635,255,25.146,0.31,4.741,0,0,768294912,0,5,1,cloister
42.011,14.347,1.285,0.0,20.209,1.935,171,588635,255,25.101,0.31,4.744,0,0,768294912,0,5,1,cloister
42.025,13.977,1.136,0.0,20.209,1.935,171,588635,255,25.056,0.31,4.746,0,0,768294912,0,5,1,cloister
42.04,14.968,1.266,0.0,20.209,1.935,171,588635,255,25.011,0.31,4.748,0,0,768294912,0,5,1,cloister
42.055,14.377,1.274,0.0,20.209,1.935,171,588635,255,24.966,0.31,4.751,0,0,768294912,0,5,1,cloister
42.069,14.649,1.498,0.0,20.209,1.935,171,588635,255,24.921,0.31,4.753,0,0,768294912,0,5,1,cloister
42.084,14.397,1.103,0.0,20.209,1.935,171,588635,255,24.876,0.31,4.755,0,0,768294912,0,5,1,cloister
42.099,14.026,1.112,0.0,20.209,1.935,171,588635,255,24.876,0.31,4.755,0,0,768294912,0,5,1,cloister
42.113,15.672,1.055,0.0,20.209,1.935,171,588635,255,24.831,0.31,4.758,0,0,768294912,0,5,1,cloister
42.128,14.441,1.133,0.0,20.209,1.935,171,588635,255,24.786,0.31,4.76,0,0,768294912,0,5,1,cloister
42.142,14.621,1.121,0.0,20.973,1.158,171,588635,255,24.741,0.31,4.762,0,0,768294912,0,5,1,cloister
42.157,21.361,1.077,0.0,20.973,1.158,171,588635,255,24.697,0.31,4.765,0,0,768294912,0,5,1,cloister
42.172,14.348,0.729,0.0,20.973,1.158,171,588635,255,24.652,0.31,4.767,0,0,768294912,0,5,1,cloister
42.187,14.744,1.131,0.0,20.973,1.158,171,588635,255,24.607,0.31,4.769,0,0,768294912,0,5,1,cloister
42.202,14.458,1.095,0.0,20.973,1.158,171,588635,255,24.562,0.31,4.771,0,0,768294912,0,5,1,cloister
42.217,14.954,1.074,0.0,20.973,1.158,171,588635,255,24.517,0.31,4.774,0,0,768294912,0,5,1,cloister
42.231,13.477,1.145,0.0,20.973,1.158,171,588635,255,24.517,0.31,4.774,0,0,768294912,0,5,1,cloister
42.246,16.336,1.352,0.0,20.973,1.158,171,588635,255,24.472,0.31,4.776,0,0,768294912,0,5,1,cloister
42.261,13.808,1.067,0.0,20.973,1.158,171,588635,255,24.427,0.31,4.778,0,0,768294912,0,5,1,cloister
42.276,14.771,1.004,0.0,20.973,1.158,171,588635,255,24.382,0.31,4.781,0,0,768294912,0,5,1,cloister
42.291,14.679,1.13,0.0,20.973,1.158,171,588635,255,24.337,0.31,4.783,0,0,768294912,0,5,1,cloister
42.306,15.038,0.734,0.0,20.973,1.158,171,588635,255,24.292,0.31,4.785,0,0,768294912,0,5,1,cloister
42.32,14.937,0.644,0.0,20.973,1.158,171,588635,255,24.247,0.31,4.787,0,0,768294912,0,5,1,cloister
42.335,15.867,0.712,0.0,20.973,1.158,171,588635,255,24.202,0.31,4.79,0,0,768294912,0,5,1,cloister
42.35,14.743,0.556,0.0,20.973,1.158,171,588635,255,24.157,0.31,4.792,0,0,768294912,0,5,1,cloister
42.365,14.381,1.465,0.0,20.973,1.158,171,588635,255,24.157,0.31,4.792,0,0,768294912,0,5,1,cloister
42.38,15.931,1.017,0.0,20.973,1.158,171,588635,255,24.112,0.31,4.794,0,0,768294912,0,5,1,cloister
42.394,14.718,1.065,0.0,20.973,1.158,171,588635,255,24.067,0.31,4.796,0,0,768294912,0,5,1,cloister
42.409,15.084,1.337,0.0,20.973,1.158,171,588635,255,24.022,0.31,4.799,0,0,768294912,0,5,1,cloister
42.424,15.025,1.037,0.0,20.973,1.158,171,588635,255,23.977,0.31,4.801,0,0,768294912,0,5,1,cloister
42.439,15.227,1.126,0.0,20.973,1.158,171,588635,255,23.933,0.31,4.803,0,0,768294912,0,5,1,cloister
42.459,21.246,1.205,0.0,20.973,1.158,171,588635,255,23.888,0.31,4.806,0,0,768294912,0,5,1,cloister
42.474,14.58,1.169,0.0,20.973,1.158,171,588635,255,23.843,0.31,4.808,0,0,768294912,0,5,1,cloister
42.489,14.77,1.21,0.0,20.973,1.158,171,588635,255,23.798,0.31,4.81,0,0,768294912,0,5,1,cloister
42.504,14.727,1.254,0.0,20.973,1.158,171,588635,255,23.753,0.31,4.812,0,0,768294912,0,5,1,cloister
42.519,15.11,1.088,0.0,20.973,1.158,170,586543,254,23.708,0.31,4.815,0,0,768294912,0,5,1,cloister
42.533,14.354,1.093,0.0,20.973,1.158,170,586543,254,23.708,0.31,4.815,0,0,768294912,0,5,1,cloister
42.548,15.064,1.291,0.0,20.973,1.158,170,586543,254,23.663,0.31,4.817,0,0,768294912,0,5,1,cloister
42.564,14.833,1.282,0.0,20.973,1.158,170,586543,254,23.618,0.31,4.819,0,0,768294912,0,5,1,cloister
42.579,14.545,0.641,0.0,20.973,1.158,170,586543,254,23.573,0.31,4.821,0,0,768294912,0,5,1,cloister
42.594,14.804,0.575,0.0,20.973,1.158,170,586543,254,23.528,0.31,4.824,0,0,768294912,0,5,1,cloister
42.609,14.822,0.51,0.0,20.973,1.158,170,586543,254,23.483,0.31,4.826,0,0,768294912,0,5,1,cloister
42.624,15.01,0.575,0.0,20.973,1.158,169,584451,253,23.438,0.31,4.828,0,0,768294912,0,5,1,cloister
42.639,15.038,0.628,0.0,20.973,1.158,169,584451,253,23.393,0.31,4.83,0,0,768294912,0,5,1,cloister
42.655,14.528,0.601,0.0,20.973,1.158,169,584451,253,23.348,0.31,4.833,0,0,768294912,0,5,1,cloister
42.67,15.566,0.719,0.0,20.973,1.158,169,584451,253,23.303,0.31,4.835,0,0,768294912,0,5,1,cloister
42.685,14.782,0.536,0.0,20.973,1.158,168,584263,252,23.258,0.31,4.837,0,0,768294912,0,5,1,cloister
42.7,13.782,0.695,0.0,20.973,1.158,168,584263,252,23.258,0.31,4.837,0,0,768294912,0,5,1,cloister
42.715,15.955,0.77,0.0,20.973,1.158,168,584263,252,23.213,0.31,4.839,0,0,768294912,0,5,1,cloister
42.73,14.684,0.746,0.0,20.973,1.158,168,584263,252,23.168,0.31,4.842,0,0,768294912,0,5,1,cloister
42.745,14.841,0.739,0.0,20.973,1.158,168,584263,252,23.124,0.31,4.844,0,0,768294912,0,5,1,cloister
42.762,21.302,0.834,0.0,20.973,1.158,168,584263,252,23.079,0.31,4.846,0,0,768294912,0,5,1,cloister
42.777,14.318,0.854,0.0,20.973,1.158,168,584263,252,23.034,0.31,4.848,0,0,768294912,0,5,1,cloister
42.792,15.055,1.645,0.0,20.973,1.158,168,584263,252,22.989,0.31,4.851,0,0,768294912,0,5,1,cloister
42.808,15.461,1.092,0.0,20.973,1.158,168,584263,252,22.944,0.31,4.853,0,0,768294912,0,5,1,cloister
42.823,14.158,1.143,0.0,20.973,1.158,168,584263,252,22.899,0.31,4.855,0,0,768294912,0,5,1,cloister
42.838,14.248,1.062,0.0,20.973,1.158,168,584263,252,22.854,0.31,4.857,0,0,768294912,0,5,1,cloister
42.853,14.648,0.87,0.0,20.973,1.158,168,584263,252,22.809,0.31,4.86,0,0,768294912,0,5,1,cloister
42.867,13.629,0.9,0.0,20.973,1.158,168,584263,252,22.809,0.31,4.86,0,0,768294912,0,5,1,cloister
42.882,15.286,1.149,0.0,20.973,1.158,168,584263,252,22.764,0.31,4.862,0,0,768294912,0,5,1,cloister
42.897,14.433,1.073,0.0,20.973,1.158,168,584263,252,22.719,0.31,4.864,0,0,768294912,0,5,1,cloister
42.912,14.495,1.134,0.0,20.973,1.158,168,584263,252,22.674,0.31,4.866,0,0,768294912,0,5,1,cloister
42.927,14.713,1.13,0.0,20.973,1.158,168,584263,252,22.629,0.31,4.869,0,0,768294912,0,5,1,cloister
42.942,15.089,1.009,0.0,20.973,1.158,168,584263,252,22.584,0.31,4.871,0,0,768294912,0,5,1,cloister
42.958,14.579,1.174,0.0,20.973,1.158,168,584263,252,22.539,0.31,4.873,0,0,768294912,0,5,1,cloister
42.973,15.153,1.12,0.0,20.973,1.158,168,584263,252,22.494,0.31,4.875,0,0,768294912,0,5,1,cloister
42.988,14.98,1.411,0.0,20.973,1.158,168,584263,252,22.449,0.31,4.878,0,0,768294912,0,5,1,cloister
43.003,15.602,0.977,0.0,20.973,1.158,168,584263,252,22.404,0.31,4.88,0,0,768294912,0,5,1,cloister
43.018,14.23,1.085,0.0,20.973,1.158,168,584263,252,22.36,0.31,4.882,0,0,768294912,0,5,1,cloister
43.033,14.481,1.205,0.0,20.973,1.158,168,584263,252,22.36,0.31,4.882,0,0,768294912,0,5,1,cloister
43.048,21.177,1.134,0.0,20.973,1.158,168,584263,252,22.315,0.31,4.884,0,0,768294912,0,5,1,cloister
43.064,13.998,1.029,0.0,20.973,1.158,168,584263,252,22.27,0.31,4.887,0,0,768294912,0,5,1,cloister
43.079,15.078,0.977,0.0,20.973,1.158,168,584263,252,22.225,0.31,4.889,0,0,768294912,0,5,1,cloister
43.094,14.698,1.191,0.0,20.973,1.158,168,584263,252,22.18,0.31,4.891,0,0,768294912,0,5,1,cloister
43.109,15.228,1.123,0.0,20.973,1.158,168,584263,252,22.135,0.31,4.893,0,0,768294912,0,5,1,cloister
43.124,14.289,1.083,0.0,20.141,1.379,168,584263,252,22.09,0.31,4.896,0,0,768294912,0,5,1,cloister
43.139,15.282,1.063,0.0,20.141,1.379,168,584263,252,22.045,0.31,4.898,0,0,768294912,0,5,1,cloister
43.155,14.478,0.988,0.0,20.141,1.379,168,584263,252,22.0,0.31,4.9,0,0,768294912,0,5,1,cloister
43.17,14.7,1.239,0.0,20.141,1.379,164,584143,192,21.955,0.31,4.902,0,0,768294912,0,5,1,cloister
43.185,16.305,0.993,0.0,20.141,1.379,163,580139,191,21.91,0.31,4.905,0,0,768294912,0,5,1,cloister
43.2,12.475,1.161,0.0,20.141,1.379,163,580139,191,21.91,0.31,4.905,0,0,768294912,0,5,1,cloister
43.215,15.647,1.252,0.0,20.141,1.379,163,580139,191,21.865,0.31,4.907,0,0,768294912,0,5,1,cloister
43.23,14.802,0.994,0.0,20.141,1.379,163,580139,191,21.82,0.31,4.909,0,0,768294912,0,5,1,cloister
43.245,14.578,1.137,0.0,20.141,1.379,164,580163,192,21.775,0.31,4.911,0,0,768294912,0,5,1,cloister
43.261,14.659,1.103,0.0,20.141,1.379,164,580163,192,21.73,0.31,4.914,0,0,768294912,0,5,1,cloister
43.276,14.938,1.15,0.0,20.141,1.379,164,580163,192,21.685,0.31,4.916,0,0,768294912,0,5,1,cloister
43.291,14.773,1.098,0.0,20.141,1.379,164,580163,192,21.64,0.31,4.918,0,0,768294912,0,5,1,cloister
43.306,14.747,1.069,0.0,20.141,1.379,164,580163,192,21.595,0.31,4.92,0,0,768294912,0,5,1,cloister
43.321,14.622,1.04,0.0,20.141,1.379,165,580165,193,21.551,0.31,4.922,0,0,768294912,0,5,1,cloister
43.336,20.994,1.239,0.0,20.141,1.379,165,580165,193,21.506,0.31,4.925,0,0,768294912,0,5,1,cloister
43.352,14.658,1.098,0.0,20.141,1.379,165,580165,193,21.461,0.31,4.927,0,0,768294912,0,5,1,cloister
43.367,14.309,1.217,0.0,20.141,1.379,165,580165,193,21.461,0.31,4.927,0,0,768294912,0,5,1,cloister
43.382,15.282,0.902,0.0,20.141,1.379,165,580165,193,21.416,0.31,4.929,0,0,768294912,0,5,1,cloister
43.397,14.676,1.083,0.0,20.141,1.379,165,580165,193,21.371,0.31,4.931,0,0,768294912,0,5,1,cloister
43.412,14.567,1.054,0.0,20.141,1.379,165,580165,193,21.326,0.31,4.934,0,0,768294912,0,5,1,cloister
43.427,14.494,1.017,0.0,20.141,1.379,165,580165,193,21.281,0.31,4.936,0,0,768294912,0,5,1,cloister
43.442,14.942,1.262,0.0,20.141,1.379,165,580165,193,21.236,0.31,4.938,0,0,768294912,0,5,1,cloister
43.458,14.048,1.036,0.0,20.141,1.379,165,580165,193,21.191,0.31,4.94,0,0,768294912,0,5,1,cloister
43.473,14.933,0.994,0.0,20.141,1.379,165,580165,193,21.146,0.31,4.943,0,0,768294912,0,5,1,cloister
43.488,15.1,0.772,0.0,20.141,1.379,165,580165,193,21.101,0.31,4.945,0,0,768294912,0,5,1,cloister
43.503,14.484,1.105,0.0,20.141,1.379,165,580165,193,21.056,0.31,4.947,0,0,768294912,0,5,1,cloister
43.518,14.773,1.269,0.0,20.141,1.379,165,580165,193,21.011,0.31,4.949,0,0,768294912,0,5,1,cloister
43.533,13.773,0.882,0.0,20.141,1.379,165,580165,193,21.011,0.31,4.949,0,0,768294912,0,5,1,cloister
43.548,15.809,1.0,0.0,20.141,1.379,165,580165,193,20.966,0.31,4.952,0,0,768294912,0,5,1,cloister
43.563,14.667,1.498,0.0,20.141,1.379,165,580165,193,20.921,0.31,4.954,0,0,768294912,0,5,1,cloister
43.578,13.809,1.823,0.0,20.141,1.379,165,580165,193,20.876,0.31,4.956,0,0,768294912,0,5,1,cloister
43.593,14.666,1.032,0.0,20.141,1.379,165,580165,193,20.831,0.31,4.958,0,0,768294912,0,5,1,cloister
43.608,14.783,0.659,0.0,20.141,1.379,165,580165,193,20.786,0.31,4.961,0,0,768294912,0,5,1,cloister
43.623,14.84,0.473,0.0,20.141,1.379,165,580165,193,20.742,0.31,4.963,0,0,768294912,0,5,1,cloister
43.638,21.122,0.648,0.0,20.141,1.379,165,580165,193,20.697,0.31,4.965,0,0,768294912,0,5,1,cloister
43.654,14.533,0.51,0.0,20.141,1.379,165,580165,193,20.652,0.31,4.967,0,0,768294912,0,5,1,cloister
43.669,15.062,0.612,0.0,20.141,1.379,165,580165,193,20.607,0.31,4.97,0,0,768294912,0,5,1,cloister
43.684,14.803,0.531,0.0,20.141,1.379,165,580165,193,20.562,0.31,4.972,0,0,768294912,0,5,1,cloister
43.699,14.09,0.683,0.0,20.141,1.379,165,580165,193,20.562,0.31,4.972,0,0,768294912,0,5,1,cloister
43.714,15.306,0.78,0.0,20.141,1.379,165,580165,193,20.517,0.31,4.974,0,0,768294912,0,5,1,cloister
43.729,14.931,0.683,0.0,20.141,1.379,165,580165,193,20.472,0.31,4.976,0,0,768294912,0,5,1,cloister
43.745,15.12,0.696,0.0,20.141,1.379,165,580165,193,20.427,0.31,4.979,0,0,768294912,0,5,1,cloister
43.76,14.446,0.745,0.0,20.141,1.379,165,580165,193,20.382,0.31,4.981,0,0,768294912,0,5,1,cloister
43.775,15.199,1.305,0.0,20.141,1.379,164,580129,192,20.337,0.31,4.983,0,0,768294912,0,5,1,cloister
43.79,14.014,1.267,0.0,20.141,1.379,164,580129,192,20.292,0.31,4.985,0,0,768294912,0,5,1,cloister
43.805,14.713,1.03,0.0,20.141,1.379,164,580129,192,20.247,0.31,4.987,0,0,768294912,0,5,1,cloister
43.82,15.054,1.05,0.0,20.141,1.379,163,580093,191,20.202,0.31,4.989,0,0,768294912,0,5,1,cloister
43.835,13.601,1.062,0.0,20.141,1.379,163,580093,191,20.157,0.31,4.991,0,0,768294912,0,5,1,cloister
43.85,14.605,0.776,0.0,20.141,1.379,163,580093,191,20.157,0.31,4.991,0,0,768294912,0,5,1,cloister
43.865,15.025,1.234,0.0,20.141,1.379,163,580093,191,20.112,0.31,4.993,0,0,768294912,0,5,1,cloister
43.88,14.525,1.357,0.0,20.141,1.379,163,580093,191,20.067,0.31,4.994,0,0,768294912,0,5,1,cloister
43.895,14.959,1.047,0.0,20.141,1.379,163,580093,191,20.022,0.31,4.996,0,0,768294912,0,5,1,cloister
43.91,14.642,1.107,0.0,20.141,1.379,163,580093,191,19.977,0.31,4.997,0,0,768294912,0,5,1,cloister
43.925,14.425,1.115,0.0,20.141,1.379,162,572483,190,19.932,0.31,4.999,0,0,768294912,0,5,1,cloister
43.94,21.08,1.244,0.0,20.141,1.379,162,572483,190,19.887,0.31,5.0,0,0,768294912,0,5,1,cloister
43.955,14.839,1.085,0.0,20.141,1.379,162,572483,190,19.842,0.31,5.002,0,0,768294912,0,5,1,cloister
43.97,14.615,1.144,0.0,20.141,1.379,162,572483,190,19.797,0.31,5.003,0,0,768294912,0,5,1,cloister
43.985,14.517,0.786,0.0,20.141,1.379,162,572483,190,19.753,0.31,5.004,0,0,768294912,0,5,1,cloister
44.001,14.813,0.711,0.0,20.141,1.379,162,572483,190,19.708,0.31,5.005,0,0,768294912,0,5,1,cloister
44.016,14.2,1.667,0.0,20.141,1.379,162,572483,190,19.708,0.31,5.005,0,0,768294912,0,5,1,cloister
44.031,15.484,1.059,0.0,20.141,1.379,162,572483,190,19.663,0.31,5.007,0,0,768294912,0,5,1,cloister
44.046,14.761,1.008,0.0,20.141,1.379,162,572483,190,19.618,0.31,5.008,0,0,768294912,0,5,1,cloister
44.061,15.279,1.254,0.0,20.141,1.379,162,572483,190,19.573,0.31,5.009,0,0,768294912,0,5,1,cloister
44.076,14.766,1.077,0.0,20.141,1.379,162,572483,190,19.528,0.31,5.01,0,0,768294912,0,5,1,cloister
44.091,14.093,1.003,0.0,20.141,1.379,162,572483,190,19.483,0.31,5.011,0,0,768294912,0,5,1,cloister
44.106,14.636,1.072,0.0,20.141,1.379,162,572483,190,19.438,0.31,5.012,0,0,768294912,0,5,1,cloister
44.121,14.599,1.032,0.0,20.141,1.379,162,572483,190,19.393,0.31,5.013,0,0,768294912,0,5,1,cloister
44.136,14.488,1.152,0.0,20.25,1.388,160,572445,188,19.348,0.31,5.014,0,0,768294912,0,5,1,cloister
44.151,14.325,1.032,0.0,20.25,1.388,160,572445,188,19.303,0.31,5.014,0,0,768294912,0,5,1,cloister
44.166,13.754,0.689,0.0,20.25,1.388,160,572445,188,19.303,0.31,5.014,0,0,768294912,0,5,1,cloister
44.181,15.541,0.638,0.0,20.25,1.388,160,572445,188,19.258,0.31,5.015,0,0,768294912,0,5,1,cloister
44.196,14.887,0.681,0.0,20.25,1.388,160,572445,188,19.213,0.31,5.016,0,0,768294912,0,5,1,cloister
44.211,14.243,0.61,0.0,20.25,1.388,160,572445,188,19.168,0.31,5.017,0,0,768294912,0,5,1,cloister
44.226,15.351,0.882,0.0,20.25,1.388,160,572445,188,19.123,0.31,5.018,0,0,768294912,0,5,1,cloister
44.241,19.576,0.8,0.0,20.25,1.388,160,572445,188,19.078,0.31,5.019,0,0,768294912,0,5,1,cloister
44.256,15.339,1.252,0.0,20.25,1.388,159,572409,187,19.033,0.31,5.019,0,0,768294912,0,5,1,cloister
44.271,13.683,1.18,0.0,20.25,1.388,159,572409,187,18.988,0.31,5.02,0,0,768294912,0,5,1,cloister
44.286,14.297,1.131,0.0,20.25,1.388,159,572409,187,18.943,0.31,5.021,0,0,768294912,0,5,1,cloister
44.301,14.246,1.059,0.0,20.25,1.388,159,572409,187,18.898,0.31,5.022,0,0,768294912,0,5,1,cloister
44.316,13.036,0.826,0.0,20.25,1.388,159,572409,187,18.898,0.31,5.022,0,0,768294912,0,5,1,cloister
44.331,15.078,0.68,0.0,20.25,1.388,159,572409,187,18.853,0.31,5.023,0,0,768294912,0,5,1,cloister
44.346,15.005,0.654,0.0,20.25,1.388,159,572409,187,18.808,0.31,5.023,0,0,768294912,0,5,1,cloister
44.361,14.067,0.629,0.0,20.25,1.388,159,572409,187,18.763,0.31,5.024,0,0,768294912,0,5,1,cloister
44.376,13.976,1.053,0.0,20.25,1.388,159,572409,187,18.718,0.31,5.025,0,0,768294912,0,5,1,cloister
44.391,14.741,1.063,0.0,20.25,1.388,159,572409,187,18.673,0.31,5.025,0,0,768294912,0,5,1,cloister
44.406,13.706,1.277,0.0,20.25,1.388,159,572409,187,18.628,0.31,5.026,0,0,768294912,0,5,1,cloister
44.421,14.446,1.112,0.0,20.25,1.388,159,572387,187,18.583,0.31,5.027,0,0,768294912,0,5,1,cloister
44.436,14.403,1.021,0.0,20.25,1.388,158,572343,186,18.538,0.31,5.028,0,0,768294912,0,5,1,cloister
44.45,14.696,1.036,0.0,20.25,1.388,158,572343,186,18.493,0.31,5.028,0,0,768294912,0,5,1,cloister
44.464,13.248,0.767,0.0,20.25,1.388,158,572343,186,18.493,0.31,5.028,0,0,768294912,0,5,1,cloister
44.479,15.483,1.145,0.0,20.25,1.388,158,572343,186,18.448,0.31,5.029,0,0,768294912,0,5,1,cloister
44.493,13.978,1.082,0.0,20.25,1.388,158,572343,186,18.403,0.31,5.03,0,0,768294912,0,5,1,cloister
44.507,14.134,1.04,0.0,20.25,1.388,158,572343,186,18.358,0.31,5.03,0,0,768294912,0,5,1,cloister
44.522,14.445,1.092,0.0,20.25,1.388,158,572343,186,18.313,0.31,5.031,0,0,768294912,0,5,1,cloister
44.537,21.126,1.246,0.0,20.25,1.388,158,572343,186,18.268,0.31,5.032,0,0,768294912,0,5,1,cloister
44.552,13.428,0.763,0.0,20.25,1.388,158,572343,186,18.223,0.31,5.032,0,0,768294912,0,5,1,cloister
44.567,14.726,1.003,0.0,20.25,1.388,158,572343,186,18.178,0.31,5.033,0,0,768294912,0,5,1,cloister
44.583,14.939,0.969,0.0,20.25,1.388,158,572343,186,18.133,0.31,5.034,0,0,768294912,0,5,1,cloister
44.598,12.891,1.019,0.0,20.25,1.388,157,572341,185,18.133,0.31,5.034,0,0,768294912,0,5,1,cloister
44.613,14.54,1.022,0.0,20.25,1.388,157,572341,185,18.088,0.31,5.035,0,0,768294912,0,5,1,cloister
44.628,14.153,1.078,0.0,20.25,1.388,157,572341,185,18.043,0.31,5.035,0,0,768294912,0,5,1,cloister
44.642,14.317,0.687,0.0,20.25,1.388,157,572341,185,17.998,0.31,5.036,0,0,768294912,0,5,1,cloister
44.656,14.196,0.492,0.0,20.25,1.388,157,572341,185,17.953,0.31,5.037,0,0,768294912,0,5,1,cloister
44.671,14.439,0.52,0.0,20.25,1.388,157,572341,185,17.908,0.31,5.037,0,0,768294912,0,5,1,cloister
44.685,14.069,0.547,0.0,20.25,1.388,155,572181,183,17.863,0.31,5.038,0,0,768294912,0,5,1,cloister
44.699,13.775,0.53,0.0,20.25,1.388,154,572145,182,17.863,0.31,5.038,0,0,768294912,0,5,1,cloister
44.714,15.236,0.493,0.0,20.25,1.388,154,572145,182,17.818,0.31,5.039,0,0,768294912,0,5,1,cloister
44.728,14.081,0.523,0.0,20.25,1.388,153,572109,181,17.773,0.31,5.039,0,0,768294912,0,5,1,cloister
44.742,14.374,0.648,0.0,20.25,1.388,153,572109,181,17.728,0.31,5.04,0,0,768294912,0,5,1,cloister
44.756,14.962,0.655,0.0,20.25,1.388,153,572109,181,17.683,0.31,5.041,0,0,768294912,0,5,1,cloister
44.771,14.014,0.723,0.0,20.25,1.388,153,572109,181,17.638,0.31,5.041,0,0,768294912,0,5,1,cloister
44.785,14.636,1.02,0.0,20.25,1.388,153,572109,181,17.593,0.31,5.042,0,0,768294912,0,5,1,cloister
44.799,12.777,0.686,0.0,20.25,1.388,153,572109,181,17.593,0.31,5.042,0,0,768294912,0,5,1,cloister
44.814,23.117,1.23,0.0,20.25,1.388,153,572109,181,17.548,0.31,5.043,0,0,768294912,0,5,1,cloister
44.828,12.971,0.697,0.0,20.25,1.388,152,571989,180,17.503,0.31,5.043,0,0,768294912,0,5,1,cloister
44.842,14.136,1.054,0.0,20.25,1.388,152,571989,180,17.458,0.31,5.044,0,0,768294912,0,5,1,cloister
44.856,14.432,0.959,0.0,20.25,1.388,151,571965,179,17.413,0.31,5.045,0,0,768294912,0,5,1,cloister
44.871,14.359,0.869,0.0,20.25,1.388,151,571965,179,17.368,0.31,5.045,0,0,768294912,0,5,1,cloister
44.885,14.198,1.348,0.0,20.25,1.388,151,573165,179,17.323,0.31,5.046,0,0,768294912,0,5,1,cloister
44.899,13.588,1.04,0.0,20.25,1.388,151,573165,179,17.323,0.31,5.046,0,0,768294912,0,5,1,cloister
44.914,14.816,0.695,0.0,20.25,1.388,151,573165,179,17.278,0.31,5.047,0,0,768294912,0,5,1,cloister
44.928,14.347,1.182,0.0,20.25,1.388,151,573165,179,17.233,0.31,5.047,0,0,768294912,0,5,1,cloister
44.942,14.46,0.959,0.0,20.25,1.388,151,573165,179,17.188,0.31,5.048,0,0,768294912,0,5,1,cloister
44.956,13.779,1.314,0.0,20.25,1.388,150,573045,178,17.143,0.31,5.049,0,0,768294912,0,5,1,cloister
44.971,14.007,0.968,0.0,20.25,1.388,150,573045,178,17.098,0.31,5.049,0,0,768294912,0,5,1,cloister
44.985,14.371,1.11,0.0,20.25,1.388,150,573045,178,17.053,0.31,5.05,0,0,768294912,0,5,1,cloister
44.999,13.623,0.951,0.0,20.25,1.388,150,573045,178,17.053,0.31,5.05,0,0,768294912,0,5,1,cloister
45.014,16.096,1.087,0.0,20.25,1.388,150,573045,178,17.008,0.31,5.051,0,0,768294912,0,5,1,cloister
45.028,12.593,1.177,0.0,20.25,1.388,149,572965,177,16.963,0.31,5.051,0,0,768294912,0,5,1,cloister
45.042,14.655,1.055,0.0,20.25,1.388,149,572965,177,16.918,0.31,5.052,0,0,768294912,0,5,1,cloister
45.056,13.929,0.705,0.0,20.25,1.388,148,572929,176,16.873,0.31,5.053,0,0,768294912,0,5,1,cloister
45.071,15.071,1.266,0.0,20.25,1.388,148,572929,176,16.828,0.31,5.053,0,0,768294912,0,5,1,cloister
45.085,13.771,1.672,0.0,20.25,1.388,148,572929,176,16.783,0.31,5.054,0,0,768294912,0,5,1,cloister
45.099,13.664,1.036,0.0,20.25,1.388,148,572929,176,16.783,0.31,5.054,0,0,768294912,0,5,1,cloister
45.114,21.155,1.235,0.0,20.25,1.388,148,572929,176,16.738,0.31,5.055,0,0,768294912,0,5,1,cloister
45.128,14.071,1.174,0.0,21.104,1.372,148,572929,176,16.693,0.31,5.055,0,0,768294912,0,5,1,cloister
45.143,14.228,1.25,0.0,21.104,1.372,148,572929,176,16.648,0.31,5.056,0,0,768294912,0,5,1,cloister
45.158,14.367,0.969,0.0,21.104,1.372,148,572929,176,16.603,0.31,5.056,0,0,768294912,0,5,1,cloister
45.172,14.701,0.975,0.0,21.104,1.372,148,572929,176,16.558,0.31,5.057,0,0,768294912,0,5,1,cloister
45.187,15.154,1.048,0.0,21.104,1.372,148,572929,176,16.513,0.31,5.058,0,0,768294912,0,5,1,cloister
45.201,14.136,0.987,0.0,21.104,1.372,148,572929,176,16.468,0.31,5.058,0,0,768294912,0,5,1,cloister
45.216,13.132,0.872,0.0,21.104,1.372,148,572929,176,16.468,0.31,5.058,0,0,768294912,0,5,1,cloister
45.23,15.077,0.718,0.0,21.104,1.372,148,572929,176,16.423,0.31,5.059,0,0,768294912,0,5,1,cloister
45.245,14.478,0.991,0.0,21.104,1.372,148,572929,176,16.378,0.31,5.06,0,0,768294912,0,5,1,cloister
45.26,14.232,1.066,0.0,21.104,1.372,148,572929,176,16.333,0.31,5.06,0,0,768294912,0,5,1,cloister
45.274,14.2,1.028,0.0,21.104,1.372,147,572927,175,16.288,0.31,5.061,0,0,768294912,0,5,1,cloister
45.289,14.5,1.023,0.0,21.104,1.372,145,572805,173,16.243,0.31,5.062,0,0,768294912,0,5,1,cloister
45.303,14.07,1.113,0.0,21.104,1.372,145,572805,173,16.198,0.31,5.062,0,0,768294912,0,5,1,cloister
45.318,14.05,1.037,0.0,21.104,1.372,145,572805,173,16.153,0.31,5.063,0,0,768294912,0,5,1,cloister
45.332,13.658,0.676,0.0,21.104,1.372,145,572805,173,16.153,0.31,5.063,0,0,768294912,0,5,1,cloister
45.347,15.228,0.634,0.0,21.104,1.372,145,572805,173,16.108,0.31,5.064,0,0,768294912,0,5,1,cloister
45.361,13.593,0.564,0.0,21.104,1.372,145,572805,173,16.063,0.31,5.064,0,0,768294912,0,5,1,cloister
45.375,14.704,0.69,0.0,21.104,1.372,145,572805,173,16.018,0.31,5.065,0,0,768294912,0,5,1,cloister
45.389,14.303,0.523,0.0,21.104,1.372,146,572825,174,15.973,0.31,5.066,0,0,768294912,0,5,1,cloister
45.404,13.929,1.152,0.0,21.104,1.372,146,572825,174,15.928,0.31,5.066,0,0,768294912,0,5,1,cloister
45.418,19.642,1.144,0.0,21.104,1.372,146,572825,174,15.883,0.31,5.067,0,0,768294912,0,5,1,cloister
45.433,14.177,1.004,0.0,21.104,1.372,145,572501,173,15.838,0.31,5.068,0,0,768294912,0,5,1,cloister
45.448,13.623,1.246,0.0,21.104,1.372,144,572213,172,15.838,0.31,5.068,0,0,768294912,0,5,1,cloister
45.462,14.397,1.147,0.0,21.104,1.372,144,572213,172,15.793,0.31,5.068,0,0,768294912,0,5,1,cloister
45.477,14.208,1.045,0.0,21.104,1.372,144,572213,172,15.748,0.31,5.069,0,0,768294912,0,5,1,cloister
45.492,14.447,1.03,0.0,21.104,1.372,144,572213,172,15.703,0.31,5.07,0,0,768294912,0,5,1,cloister
45.506,14.1,1.027,0.0,21.104,1.372,144,572213,172,15.658,0.31,5.07,0,0,768294912,0,5,1,cloister
45.521,14.223,0.968,0.0,21.104,1.372,144,572213,172,15.613,0.31,5.071,0,0,768294912,0,5,1,cloister
45.535,15.261,1.059,0.0,21.104,1.372,143,572189,171,15.568,0.31,5.072,0,0,768294912,0,5,1,cloister
45.55,12.982,1.045,0.0,21.104,1.372,143,572189,171,15.523,0.31,5.072,0,0,768294912,0,5,1,cloister
45.564,13.333,1.299,0.0,21.104,1.372,142,572165,170,15.523,0.31,5.072,0,0,768294912,0,5,1,cloister
45.579,15.259,0.951,0.0,21.104,1.372,142,572165,170,15.478,0.31,5.073,0,0,768294912,0,5,1,cloister
45.593,12.971,1.073,0.0,21.104,1.372,144,572191,172,15.433,0.31,5.074,0,0,768294912,0,5,1,cloister
45.607,13.978,1.103,0.0,21.104,1.372,144,572191,172,15.388,0.31,5.074,0,0,768294912,0,5,1,cloister
45.621,13.692,1.027,0.0,21.104,1.372,144,572191,172,15.343,0.31,5.075,0,0,768294912,0,5,1,cloister
45.636,14.247,0.889,0.0,21.104,1.372,144,572191,172,15.298,0.31,5.076,0,0,768294912,0,5,1,cloister
45.65,14.225,0.578,0.0,21.104,1.372,144,572191,172,15.253,0.31,5.076,0,0,768294912,0,5,1,cloister
45.664,13.602,0.503,0.0,21.104,1.372,144,572191,172,15.253,0.31,5.076,0,0,768294912,0,5,1,cloister
45.679,15.862,0.543,0.0,21.104,1.372,144,572191,172,15.208,0.31,5.077,0,0,768294912,0,5,1,cloister
45.693,14.167,0.565,0.0,21.104,1.372,144,572191,172,15.163,0.31,5.078,0,0,768294912,0,5,1,cloister
45.707,14.106,0.958,0.0,21.104,1.372,144,572191,172,15.118,0.31,5.078,0,0,768294912,0,5,1,cloister
45.722,20.819,1.169,0.0,21.104,1.372,144,572191,172,15.073,0.31,5.079,0,0,768294912,0,5,1,cloister
45.736,13.725,1.208,0.0,21.104,1.372,144,572191,172,15.028,0.31,5.08,0,0,768294912,0,5,1,cloister
45.751,14.211,1.48,0.0,21.104,1.372,144,572191,172,14.983,0.31,5.08,0,0,768294912,0,5,1,cloister
45.767,14.406,1.031,0.0,21.104,1.372,144,572191,172,14.938,0.31,5.081,0,0,768294912,0,5,1,cloister
45.781,13.108,1.098,0.0,21.104,1.372,144,572191,172,14.938,0.31,5.081,0,0,768294912,0,5,1,cloister
45.796,14.744,1.093,0.0,21.104,1.372,144,572191,172,14.893,0.31,5.082,0,0,768294912,0,5,1,cloister
45.81,14.301,0.97,0.0,21.104,1.372,145,574790,173,14.848,0.31,5.082,0,0,768294912,0,5,1,cloister
45.825,14.016,0.964,0.0,21.104,1.372,144,571454,172,14.803,0.31,5.083,0,0,768294912,0,5,1,cloister
45.839,14.23,1.045,0.0,21.104,1.372,144,571454,172,14.758,0.31,5.084,0,0,768294912,0,5,1,cloister
45.853,14.069,0.959,0.0,21.104,1.372,144,571454,172,14.713,0.31,5.084,0,0,768294912,0,5,1,cloister
45.868,14.363,0.968,0.0,21.104,1.372,144,571454,172,14.668,0.31,5.085,0,0,768294912,0,5,1,cloister
45.882,13.582,1.28,0.0,21.104,1.372,144,571454,172,14.668,0.31,5.085,0,0,768294912,0,5,1,cloister
45.896,14.752,1.169,0.0,21.104,1.372,144,571454,172,14.623,0.31,5.086,0,0,768294912,0,5,1,cloister
45.911,14.342,1.05,0.0,21.104,1.372,144,571454,172,14.578,0.31,5.086,0,0,768294912,0,5,1,cloister
45.925,13.68,1.109,0.0,21.104,1.372,144,569459,172,14.533,0.31,5.087,0,0,768294912,0,5,1,cloister
45.939,14.294,0.978,0.0,21.104,1.372,144,569459,172,14.488,0.31,5.088,0,0,768294912,0,5,1,cloister
45.953,14.446,1.005,0.0,21.104,1.372,144,569459,172,14.443,0.31,5.088,0,0,768294912,0,5,1,cloister
45.968,13.823,1.316,0.0,21.104,1.372,144,569459,172,14.398,0.31,5.089,0,0,768294912,0,5,1,cloister
45.982,13.461,1.072,0.0,21.104,1.372,145,569483,173,14.398,0.31,5.089,0,0,768294912,0,5,1,cloister
45.997,21.49,2.277,0.0,21.104,1.372,145,569483,173,14.353,0.31,5.089,0,0,768294912,0,5,1,cloister
46.011,14.555,0.489,0.0,21.104,1.372,146,569833,174,14.308,0.31,5.09,0,0,768294912,0,5,1,cloister
46.026,14.168,0.506,0.0,21.104,1.372,147,570632,175,14.263,0.31,5.091,0,0,768294912,0,5,1,cloister
46.04,14.105,0.681,0.0,21.104,1.372,148,571082,176,14.218,0.31,5.091,0,0,768294912,0,5,1,cloister
46.055,14.507,1.022,0.0,21.104,1.372,148,571082,176,14.173,0.31,5.092,0,0,768294912,0,5,1,cloister
46.07,13.867,0.972,0.0,21.104,1.372,149,571106,177,14.128,0.31,5.093,0,0,768294912,0,5,1,cloister
46.084,14.011,0.997,0.0,21.104,1.372,149,571106,177,14.083,0.31,5.093,0,0,768294912,0,5,1,cloister
46.099,13.015,0.967,0.0,21.104,1.372,149,581506,177,14.083,0.31,5.093,0,0,768294912,0,5,1,cloister
46.113,15.104,1.077,0.0,21.104,1.372,149,581506,177,14.038,0.31,5.094,0,0,768294912,0,5,1,cloister
46.128,13.972,1.201,0.0,21.104,1.372,149,581506,177,13.993,0.31,5.095,0,0,768294912,0,5,1,cloister
46.142,14.407,1.01,0.0,20.711,1.199,149,581506,177,13.948,0.31,5.095,0,0,768294912,0,5,1,cloister
46.157,13.7,0.972,0.0,20.711,1.199,149,581506,177,13.903,0.31,5.096,0,0,768294912,0,5,1,cloister
46.171,14.135,0.999,0.0,20.711,1.199,149,581506,177,13.858,0.31,5.097,0,0,768294912,0,5,1,cloister
46.185,14.073,0.876,0.0,20.711,1.199,149,581506,177,13.813,0.31,5.097,0,0,768294912,0,5,1,cloister
46.2,13.182,1.11,0.0,20.711,1.199,149,584306,177,13.813,0.31,5.097,0,0,768294912,0,5,1,cloister
46.214,14.37,1.065,0.0,20.711,1.199,149,584306,177,13.768,0.31,5.098,0,0,768294912,0,5,1,cloister
46.228,14.001,0.995,0.0,20.711,1.199,149,584314,177,13.723,0.31,5.099,0,0,768294912,0,5,1,cloister
46.242,14.108,0.983,0.0,20.711,1.199,148,582246,176,13.678,0.31,5.099,0,0,768294912,0,5,1,cloister
46.257,13.667,0.943,0.0,20.711,1.199,148,582246,176,13.633,0.31,5.1,0,0,768294912,0,5,1,cloister
46.271,13.91,0.999,0.0,20.711,1.199,148,582246,176,13.588,0.31,5.101,0,0,768294912,0,5,1,cloister
46.285,13.506,0.931,0.0,20.711,1.199,148,582246,176,13.543,0.31,5.101,0,0,768294912,0,5,1,cloister
46.3,19.999,0.651,0.0,20.711,1.199,148,582246,176,13.498,0.31,5.102,0,0,768294912,0,5,1,cloister
46.315,13.201,0.494,0.0,20.711,1.199,148,582246,176,13.498,0.31,5.102,0,0,768294912,0,5,1,cloister
46.329,14.69,0.464,0.0,20.711,1.199,148,582246,176,13.453,0.31,5.103,0,0,768294912,0,5,1,cloister
46.344,13.96,0.406,0.0,20.711,1.199,148,582246,176,13.408,0.31,5.103,0,0,768294912,0,5,1,cloister
46.358,14.046,0.438,0.0,20.711,1.199,148,582246,176,13.363,0.31,5.104,0,0,768294912,0,5,1,cloister
46.373,14.233,0.536,0.0,20.711,1.199,147,582192,175,13.318,0.31,5.105,0,0,768294912,0,5,1,cloister
46.387,14.268,0.448,0.0,20.711,1.199,147,582192,175,13.273,0.31,5.105,0,0,768294912,0,5,1,cloister
46.401,14.107,0.522,0.0,20.711,1.199,147,582192,175,13.228,0.31,5.106,0,0,768294912,0,5,1,cloister
46.415,13.46,0.598,0.0,20.711,1.199,147,582192,175,13.228,0.31,5.106,0,0,768294912,0,5,1,cloister
46.43,14.77,0.552,0.0,20.711,1.199,147,582192,175,13.183,0.31,5.107,0,0,768294912,0,5,1,cloister
46.444,14.293,0.561,0.0,20.711,1.199,147,582192,175,13.138,0.31,5.107,0,0,768294912,0,5,1,cloister
46.458,14.148,0.517,0.0,20.711,1.199,147,582192,175,13.093,0.31,5.108,0,0,768294912,0,5,1,cloister
46.473,14.323,0.598,0.0,20.711,1.199,147,582192,175,13.048,0.31,5.109,0,0,768294912,0,5,1,cloister
46.487,14.151,0.497,0.0,20.711,1.199,147,582192,175,13.003,0.31,5.109,0,0,768294912,0,5,1,cloister
46.501,13.996,0.629,0.0,20.711,1.199,147,582192,175,12.958,0.31,5.11,0,0,768294912,0,5,1,cloister
46.515,13.41,0.543,0.0,20.711,1.199,147,582192,175,12.958,0.31,5.11,0,0,768294912,0,5,1,cloister
46.53,15.133,0.567,0.0,20.711,1.199,147,582192,175,12.913,0.31,5.111,0,0,768294912,0,5,1,cloister
46.544,13.816,0.585,0.0,20.711,1.199,147,582192,175,12.868,0.31,5.111,0,0,768294912,0,5,1,cloister
46.558,14.525,0.674,0.0,20.711,1.199,147,582192,175,12.823,0.31,5.112,0,0,768294912,0,5,1,cloister
46.573,14.919,0.653,0.0,20.711,1.199,147,582192,175,12.778,0.31,5.113,0,0,768294912,0,5,1,cloister
46.587,13.15,0.676,0.0,20.711,1.199,147,582192,175,12.733,0.31,5.113,0,0,768294912,0,5,1,cloister
46.601,13.942,0.676,0.0,20.711,1.199,147,582192,175,12.688,0.31,5.114,0,0,768294912,0,5,1,cloister
46.615,13.427,1.176,0.0,20.711,1.199,147,582192,175,12.688,0.31,5.114,0,0,768294912,0,5,1,cloister
46.63,14.543,0.989,0.0,20.711,1.199,147,582192,175,12.643,0.31,5.115,0,0,768294912,0,5,1,cloister
46.644,13.806,1.057,0.0,20.711,1.199,147,582192,175,12.598,0.31,5.115,0,0,768294912,0,5,1,cloister
46.658,14.101,0.778,0.0,20.711,1.199,147,582192,175,12.553,0.31,5.116,0,0,768294912,0,5,1,cloister
46.673,14.139,0.705,0.0,20.711,1.199,147,582192,175,12.508,0.31,5.117,0,0,768294912,0,5,1,cloister
46.687,13.873,0.633,0.0,20.711,1.199,147,582192,175,12.463,0.31,5.117,0,0,768294912,0,5,1,cloister
46.701,14.089,0.534,0.0,20.711,1.199,147,582192,175,12.418,0.31,5.118,0,0,768294912,0,5,1,cloister
46.715,13.306,0.503,0.0,20.711,1.199,147,582192,175,12.418,0.31,5.118,0,0,768294912,0,5,1,cloister
46.73,14.737,0.445,0.0,20.711,1.199,147,582192,175,12.373,0.31,5.119,0,0,768294912,0,5,1,cloister
46.744,14.06,0.521,0.0,20.711,1.199,146,582016,174,12.328,0.31,5.119,0,0,768294912,0,5,1,cloister
46.758,13.543,0.477,0.0,20.711,1.199,146,582016,174,12.283,0.31,5.12,0,0,768294912,0,5,1,cloister
46.773,13.939,0.493,0.0,20.711,1.199,146,582016,174,12.238,0.31,5.121,0,0,768294912,0,5,1,cloister
46.787,14.44,0.385,0.0,20.711,1.199,146,582016,174,12.193,0.31,5.121,0,0,768294912,0,5,1,cloister
46.801,13.483,0.577,0.0,20.711,1.199,146,582016,174,12.148,0.31,5.122,0,0,768294912,0,5,1,cloister
46.815,13.351,0.516,0.0,20.711,1.199,146,582016,174,12.148,0.31,5.122,0,0,768294912,0,5,1,cloister
46.83,15.108,0.624,0.0,20.711,1.199,146,582016,174,12.103,0.31,5.122,0,0,768294912,0,5,1,cloister
46.844,14.025,0.666,0.0,20.711,1.199,147,582018,175,12.058,0.31,5.123,0,0,768294912,0,5,1,cloister
46.858,13.961,1.053,0.0,20.711,1.199,146,582016,174,12.014,0.31,5.124,0,0,768294912,0,5,1,cloister
46.872,13.885,0.996,0.0,20.711,1.199,146,582016,174,11.969,0.31,5.124,0,0,768294912,0,5,1,cloister
46.886,13.65,0.973,0.0,20.711,1.199,146,582016,174,11.924,0.31,5.125,0,0,768294912,0,5,1,cloister
46.901,19.542,1.111,0.0,20.711,1.199,146,582016,174,11.879,0.31,5.126,0,0,768294912,0,5,1,cloister
46.915,14.536,0.656,0.0,20.711,1.199,146,582016,174,11.879,0.31,5.126,0,0,768294912,0,5,1,cloister
46.929,14.37,0.725,0.0,20.711,1.199,146,582016,174,11.834,0.31,5.126,0,0,768294912,0,5,1,cloister
46.943,13.902,1.108,0.0,20.711,1.199,146,582016,174,11.789,0.31,5.127,0,0,768294912,0,5,1,cloister
46.958,14.242,1.206,0.0,20.711,1.199,146,582016,174,11.744,0.31,5.128,0,0,768294912,0,5,1,cloister
46.972,14.22,0.619,0.0,20.711,1.199,146,582016,174,11.699,0.31,5.128,0,0,768294912,0,5,1,cloister
46.986,14.079,1.074,0.0,20.711,1.199,146,582016,174,11.654,0.31,5.129,0,0,768294912,0,5,1,cloister
47.001,14.139,0.982,0.0,20.711,1.199,146,582016,174,11.609,0.31,5.13,0,0,768294912,0,5,1,cloister
47.015,13.732,0.981,0.0,20.711,1.199,146,582016,174,11.609,0.31,5.13,0,0,768294912,0,5,1,cloister
47.029,14.86,0.793,0.0,20.711,1.199,146,582016,174,11.564,0.31,5.13,0,0,768294912,0,5,1,cloister
47.043,14.069,1.043,0.0,20.711,1.199,145,582000,173,11.519,0.31,5.131,0,0,768294912,0,5,1,cloister
47.058,14.33,1.107,0.0,20.711,1.199,145,582000,173,11.474,0.31,5.132,0,0,768294912,0,5,1,cloister
47.072,13.893,1.324,0.0,20.711,1.199,145,582000,173,11.429,0.31,5.132,0,0,768294912,0,5,1,cloister
47.086,14.604,1.025,0.0,20.711,1.199,145,582000,173,11.384,0.31,5.133,0,0,768294912,0,5,1,cloister
47.101,13.673,0.851,0.0,20.711,1.199,145,582000,173,11.339,0.31,5.134,0,0,768294912,0,5,1,cloister
47.115,13.627,0.82,0.0,20.711,1.199,145,582000,173,11.339,0.31,5.134,0,0,768294912,0,5,1,cloister
47.129,14.801,0.634,0.0,20.711,1.199,145,582000,173,11.294,0.31,5.134,0,0,768294912,0,5,1,cloister
47.143,13.929,1.235,0.0,19.278,1.134,145,582000,173,11.249,0.31,5.135,0,0,768294912,0,5,1,cloister
47.158,14.043,1.05,0.0,19.278,1.134,145,582000,173,11.204,0.31,5.136,0,0,768294912,0,5,1,cloister
47.172,14.089,0.943,0.0,19.278,1.134,145,582000,173,11.159,0.31,5.136,0,0,768294912,0,5,1,cloister
47.186,13.973,1.069,0.0,19.278,1.134,145,582000,173,11.114,0.31,5.137,0,0,768294912,0,5,1,cloister
47.201,20.148,1.246,0.0,19.278,1.134,145,582000,173,11.069,0.31,5.138,0,0,768294912,0,5,1,cloister
47.215,13.522,1.25,0.0,19.278,1.134,145,582000,173,11.069,0.31,5.138,0,0,768294912,0,5,1,cloister
47.229,15.222,1.009,0.0,19.278,1.134,145,582000,173,11.024,0.31,5.138,0,0,768294912,0,5,1,cloister
47.243,14.228,1.259,0.0,19.278,1.134,144,581952,172,10.979,0.31,5.139,0,0,768294912,0,5,1,cloister
47.258,13.067,1.342,0.0,19.278,1.134,144,581952,172,10.934,0.31,5.14,0,0,768294912,0,5,1,cloister
47.272,14.028,0.75,0.0,19.278,1.134,144,581952,172,10.889,0.31,5.14,0,0,768294912,0,5,1,cloister
47.286,15.175,1.046,0.0,19.278,1.134,144,581952,172,10.844,0.31,5.141,0,0,768294912,0,5,1,cloister
47.301,13.159,0.931,0.0,19.278,1.134,144,581952,172,10.799,0.31,5.142,0,0,768294912,0,5,1,cloister
47.315,12.843,0.892,0.0,19.278,1.134,144,581952,172,10.799,0.31,5.142,0,0,768294912,0,5,1,cloister
47.329,15.504,0.689,0.0,19.278,1.134,144,581952,172,10.754,0.31,5.142,0,0,768294912,0,5,1,cloister
47.343,12.902,0.703,0.0,19.278,1.134,144,581952,172,10.709,0.31,5.143,0,0,768294912,0,5,1,cloister
47.358,14.792,1.138,0.0,19.278,1.134,144,581952,172,10.664,0.31,5.144,0,0,768294912,0,5,1,cloister
47.372,13.928,0.465,0.0,19.278,1.134,144,581952,172,10.619,0.31,5.144,0,0,768294912,0,5,1,cloister
47.386,14.694,0.477,0.0,19.278,1.134,144,581952,172,10.574,0.31,5.145,0,0,768294912,0,5,1,cloister
47.401,14.143,0.568,0.0,19.278,1.134,144,581952,172,10.529,0.31,5.146,0,0,768294912,0,5,1,cloister
47.415,13.452,1.234,0.0,19.278,1.134,144,581952,172,10.529,0.31,5.146,0,0,768294912,0,5,1,cloister
47.429,14.633,1.048,0.0,19.278,1.134,144,581952,172,10.484,0.31,5.146,0,0,768294912,0,5,1,cloister
47.443,14.28,1.138,0.0,19.278,1.134,144,581952,172,10.439,0.31,5.147,0,0,768294912,0,5,1,cloister
47.458,13.833,1.011,0.0,19.278,1.134,144,581952,172,10.394,0.31,5.148,0,0,768294912,0,5,1,cloister
47.472,14.601,0.967,0.0,19.278,1.134,144,581952,172,10.349,0.31,5.148,0,0,768294912,0,5,1,cloister
47.487,20.679,1.149,0.0,19.278,1.134,144,581952,172,10.304,0.31,5.149,0,0,768294912,0,5,1,cloister
47.501,12.868,1.042,0.0,19.278,1.134,144,581952,172,10.259,0.31,5.15,0,0,768294912,0,5,1,cloister
47.516,13.461,0.945,0.0,19.278,1.134,144,581952,172,10.259,0.31,5.15,0,0,768294912,0,5,1,cloister
47.53,15.143,1.02,0.0,19.278,1.134,144,581952,172,10.214,0.31,5.15,0,0,768294912,0,5,1,cloister
47.545,13.587,1.212,0.0,19.278,1.134,145,581954,173,10.169,0.31,5.151,0,0,768294912,0,5,1,cloister
47.559,14.131,0.832,0.0,19.278,1.134,144,581952,172,10.124,0.31,5.152,0,0,768294912,0,5,1,cloister
47.573,14.437,1.063,0.0,19.278,1.134,144,581952,172,10.079,0.31,5.152,0,0,768294912,0,5,1,cloister
47.588,13.647,0.933,0.0,19.278,1.134,144,581952,172,10.034,0.31,5.153,0,0,768294912,0,5,1,cloister
47.602,14.367,0.737,0.0,19.278,1.134,144,581952,172,9.989,0.31,5.154,0,0,768294912,0,5,1,cloister
47.616,12.859,0.742,0.0,19.278,1.134,144,581952,172,9.989,0.31,5.154,0,0,768294912,0,5,1,cloister
47.63,15.233,0.979,0.0,19.278,1.134,144,581952,172,9.944,0.31,5.154,0,0,768294912,0,5,1,cloister
47.645,13.829,0.957,0.0,19.278,1.134,144,581952,172,9.899,0.31,5.155,0,0,768294912,0,5,1,cloister
47.659,14.078,1.047,0.0,19.278,1.134,144,581952,172,9.854,0.31,5.155,0,0,768294912,0,5,1,cloister
47.673,13.539,1.06,0.0,19.278,1.134,144,581952,172,9.809,0.31,5.156,0,0,768294912,0,5,1,cloister
47.688,14.041,1.221,0.0,19.278,1.134,144,581952,172,9.764,0.31,5.157,0,0,768294912,0,5,1,cloister
47.702,13.9,0.579,0.0,19.278,1.134,144,581952,172,9.719,0.31,5.157,0,0,768294912,0,5,1,cloister
47.716,13.499,0.535,0.0,19.278,1.134,144,581952,172,9.719,0.31,5.157,0,0,768294912,0,5,1,cloister
47.73,14.612,0.55,0.0,19.278,1.134,144,581952,172,9.674,0.31,5.158,0,0,768294912,0,5,1,cloister
47.745,14.066,0.552,0.0,19.278,1.134,144,581952,172,9.629,0.31,5.159,0,0,768294912,0,5,1,cloister
47.759,14.312,0.553,0.0,19.278,1.134,144,581952,172,9.584,0.31,5.159,0,0,768294912,0,5,1,cloister
47.773,13.779,0.536,0.0,19.278,1.134,144,581952,172,9.539,0.31,5.16,0,0,768294912,0,5,1,cloister
47.788,19.545,0.638,0.0,19.278,1.134,144,581952,172,9.494,0.31,5.161,0,0,768294912,0,5,1,cloister
47.802,13.654,0.508,0.0,19.278,1.134,144,581952,172,9.449,0.31,5.161,0,0,768294912,0,5,1,cloister
47.816,13.366,0.665,0.0,19.278,1.134,144,581952,172,9.449,0.31,5.161,0,0,768294912,0,5,1,cloister
47.831,15.495,0.629,0.0,19.278,1.134,144,581952,172,9.404,0.31,5.162,0,0,768294912,0,5,1,cloister
47.845,14.002,0.64,0.0,19.278,1.134,144,581952,172,9.359,0.31,5.163,0,0,768294912,0,5,1,cloister
47.859,13.533,0.998,0.0,19.278,1.134,144,581952,172,9.314,0.31,5.163,0,0,768294912,0,5,1,cloister
47.874,14.702,1.187,0.0,19.278,1.134,144,581952,172,9.269,0.31,5.164,0,0,768294912,0,5,1,cloister
47.888,14.032,0.655,0.0,19.278,1.134,144,581952,172,9.224,0.31,5.165,0,0,768294912,0,5,1,cloister
47.902,13.918,1.208,0.0,19.278,1.134,144,581952,172,9.179,0.31,5.165,0,0,768294912,0,5,1,cloister
47.916,13.861,0.955,0.0,19.278,1.134,144,581952,172,9.179,0.31,5.165,0,0,768294912,0,5,1,cloister
47.931,14.186,1.058,0.0,19.278,1.134,144,581952,172,9.134,0.31,5.166,0,0,768294912,0,5,1,cloister
47.945,14.165,1.114,0.0,19.278,1.134,144,581952,172,9.089,0.31,5.167,0,0,768294912,0,5,1,cloister
47.959,13.862,1.182,0.0,19.278,1.134,144,581952,172,9.044,0.31,5.167,0,0,768294912,0,5,1,cloister
47.974,14.174,1.104,0.0,19.278,1.134,144,581952,172,8.999,0.31,5.168,0,0,768294912,0,5,1,cloister
47.988,14.177,0.722,0.0,19.278,1.134,145,581954,173,8.954,0.31,5.169,0,0,768294912,0,5,1,cloister
48.002,14.396,0.923,0.0,19.278,1.134,145,581954,173,8.909,0.31,5.169,0,0,768294912,0,5,1,cloister
48.016,13.619,0.948,0.0,19.278,1.134,145,581954,173,8.909,0.31,5.169,0,0,768294912,0,5,1,cloister
48.031,14.359,0.973,0.0,19.278,1.134,145,581954,173,8.864,0.31,5.17,0,0,768294912,0,5,1,cloister
48.045,14.467,1.108,0.0,19.278,1.134,145,581954,173,8.819,0.31,5.171,0,0,768294912,0,5,1,cloister
48.059,14.507,0.747,0.0,19.278,1.134,145,581954,173,8.774,0.31,5.171,0,0,768294912,0,5,1,cloister
48.074,14.229,0.482,0.0,19.278,1.134,145,581954,173,8.729,0.31,5.172,0,0,768294912,0,5,1,cloister
48.088,20.286,1.077,0.0,19.278,1.134,145,581954,173,8.684,0.31,5.173,0,0,768294912,0,5,1,cloister
48.103,14.422,0.546,0.0,19.278,1.134,145,581954,173,8.639,0.31,5.173,0,0,768294912,0,5,1,cloister
48.117,14.097,0.96,0.0,19.278,1.134,145,581954,173,8.594,0.31,5.174,0,0,768294912,0,5,1,cloister
48.132,13.711,1.156,0.0,19.59,1.174,145,581954,173,8.594,0.31,5.174,0,0,768294912,0,5,1,cloister
48.146,14.899,1.021,0.0,19.59,1.174,145,581954,173,8.549,0.31,5.175,0,0,768294912,0,5,1,cloister
48.161,13.971,1.163,0.0,19.59,1.174,145,581954,173,8.504,0.31,5.175,0,0,768294912,0,5,1,cloister
48.176,14.338,1.154,0.0,19.59,1.174,145,581954,173,8.459,0.31,5.176,0,0,768294912,0,5,1,cloister
48.19,14.227,1.155,0.0,19.59,1.174,145,581954,173,8.414,0.31,5.177,0,0,768294912,0,5,1,cloister
48.205,13.443,1.045,0.0,19.59,1.174,145,581954,173,8.369,0.31,5.177,0,0,768294912,0,5,1,cloister
48.219,14.166,1.575,0.0,19.59,1.174,142,582382,170,8.324,0.31,5.178,0,0,768294912,0,5,1,cloister
48.233,14.962,0.475,0.0,19.59,1.174,139,581518,167,8.279,0.31,5.179,0,0,768294912,0,5,1,cloister
48.248,13.596,0.554,0.0,19.59,1.174,137,581514,165,8.279,0.31,5.179,0,0,768294912,0,5,1,cloister
48.262,14.883,1.062,0.0,19.59,1.174,137,581514,165,8.234,0.31,5.179,0,0,768294912,0,5,1,cloister
48.276,13.768,1.071,0.0,19.59,1.174,135,580364,163,8.189,0.31,5.18,0,0,768294912,0,5,1,cloister
48.291,14.024,1.054,0.0,19.59,1.174,135,580364,163,8.144,0.31,5.181,0,0,768294912,0,5,1,cloister
48.305,14.065,1.101,0.0,19.59,1.174,135,580364,163,8.099,0.31,5.181,0,0,768294912,0,5,1,cloister
48.319,13.763,0.9,0.0,19.59,1.174,134,580348,162,8.054,0.31,5.182,0,0,768294912,0,5,1,cloister
48.333,14.336,0.666,0.0,19.59,1.174,133,578951,161,8.009,0.31,5.183,0,0,768294912,0,5,1,cloister
48.348,13.203,0.69,0.0,19.59,1.174,132,578152,160,8.009,0.31,5.183,0,0,768294912,0,5,1,cloister
48.362,16.135,0.6,0.0,19.59,1.174,132,578152,160,7.964,0.31,5.183,0,0,768294912,0,5,1,cloister
48.376,13.551,0.694,0.0,19.59,1.174,132,578152,160,7.919,0.31,5.184,0,0,768294912,0,5,1,cloister
48.391,21.235,0.861,0.0,19.59,1.174,132,578152,160,7.874,0.31,5.185,0,0,768294912,0,5,1,cloister
48.405,12.305,1.016,0.0,19.59,1.174,131,578136,159,7.829,0.31,5.185,0,0,768294912,0,5,1,cloister
48.42,13.754,0.965,0.0,19.59,1.174,130,572937,158,7.784,0.31,5.186,0,0,768294912,0,5,1,cloister
48.435,14.576,0.973,0.0,19.59,1.174,130,572937,158,7.739,0.31,5.186,0,0,768294912,0,5,1,cloister
48.45,14.136,1.013,0.0,19.59,1.174,129,572913,157,7.694,0.31,5.187,0,0,768294912,0,5,1,cloister
48.465,13.34,1.094,0.0,19.59,1.174,129,572913,157,7.694,0.31,5.187,0,0,768294912,0,5,1,cloister
48.479,14.646,0.994,0.0,19.59,1.174,129,572913,157,7.649,0.31,5.188,0,0,768294912,0,5,1,cloister
48.493,14.618,1.039,0.0,19.59,1.174,129,572913,157,7.604,0.31,5.188,0,0,768294912,0,5,1,cloister
48.507,13.817,1.006,0.0,19.59,1.174,129,572913,157,7.559,0.31,5.189,0,0,768294912,0,5,1,cloister
48.522,14.406,0.907,0.0,19.59,1.174,129,572913,157,7.514,0.31,5.19,0,0,768294912,0,5,1,cloister
48.536,13.928,0.994,0.0,19.59,1.174,129,572913,157,7.469,0.31,5.19,0,0,768294912,0,5,1,cloister
48.55,13.95,0.81,0.0,19.59,1.174,129,572913,157,7.424,0.31,5.191,0,0,768294912,0,5,1,cloister
48.565,13.359,0.898,0.0,19.59,1.174,129,572913,157,7.424,0.31,5.191,0,0,768294912,0,5,1,cloister
48.579,15.089,0.657,0.0,19.59,1.174,129,572913,157,7.379,0.31,5.192,0,0,768294912,0,5,1,cloister
48.593,14.277,0.655,0.0,19.59,1.174,129,572913,157,7.334,0.31,5.192,0,0,768294912,0,5,1,cloister
48.607,14.222,1.226,0.0,19.59,1.174,129,572913,157,7.289,0.31,5.193,0,0,768294912,0,5,1,cloister
48.622,13.887,1.01,0.0,19.59,1.174,129,572913,157,7.244,0.31,5.194,0,0,768294912,0,5,1,cloister
48.636,14.254,1.129,0.0,19.59,1.174,128,572911,156,7.199,0.31,5.194,0,0,768294912,0,5,1,cloister
48.65,13.959,0.999,0.0,19.59,1.174,128,574261,156,7.154,0.31,5.195,0,0,768294912,0,5,1,cloister
48.667,20.551,1.137,0.0,19.59,1.174,126,574193,154,7.109,0.31,5.196,0,0,768294912,0,5,1,cloister
48.681,12.623,0.756,0.0,19.59,1.174,126,574193,154,7.109,0.31,5.196,0,0,768294912,0,5,1,cloister
48.696,15.182,1.496,0.0,19.59,1.174,126,574193,154,7.064,0.31,5.196,0,0,768294912,0,5,1,cloister
48.71,14.037,0.671,0.0,19.59,1.174,125,574191,153,7.019,0.31,5.197,0,0,768294912,0,5,1,cloister
48.725,14.354,0.629,0.0,19.59,1.174,125,574191,153,6.974,0.31,5.198,0,0,768294912,0,5,1,cloister
48.74,14.336,0.613,0.0,19.59,1.174,125,574191,153,6.929,0.31,5.198,0,0,768294912,0,5,1,cloister
48.754,14.005,0.484,0.0,19.59,1.174,125,574191,153,6.884,0.31,5.199,0,0,768294912,0,5,1,cloister
48.768,14.57,0.566,0.0,19.59,1.174,125,574191,153,6.839,0.31,5.2,0,0,768294912,0,5,1,cloister
48.783,13.384,0.551,0.0,19.59,1.174,125,574191,153,6.839,0.31,5.2,0,0,768294912,0,5,1,cloister
48.797,15.095,0.597,0.0,19.59,1.174,125,574191,153,6.794,0.31,5.2,0,0,768294912,0,5,1,cloister
48.811,14.487,0.579,0.0,19.59,1.174,125,574191,153,6.749,0.31,5.201,0,0,768294912,0,5,1,cloister
48.826,21.323,0.686,0.0,19.59,1.174,125,574191,153,6.704,0.31,5.202,0,0,768294912,0,5,1,cloister
48.841,13.442,0.574,0.0,19.59,1.174,125,574191,153,6.659,0.31,5.202,0,0,768294912,0,5,1,cloister
48.855,13.978,1.027,0.0,19.59,1.174,125,574191,153,6.614,0.31,5.203,0,0,768294912,0,5,1,cloister
48.87,14.489,1.128,0.0,19.59,1.174,125,574191,153,6.569,0.31,5.204,0,0,768294912,0,5,1,cloister
48.884,13.942,0.918,0.0,19.59,1.174,125,574191,153,6.524,0.31,5.204,0,0,768294912,0,5,1,cloister
48.899,13.705,0.989,0.0,19.59,1.174,125,574191,153,6.524,0.31,5.204,0,0,768294912,0,5,1,cloister
48.913,14.214,0.948,0.0,19.59,1.174,125,574191,153,6.479,0.31,5.205,0,0,768294912,0,5,1,cloister
48.928,14.12,1.201,0.0,19.59,1.174,125,574191,153,6.434,0.31,5.206,0,0,768294912,0,5,1,cloister
48.943,13.997,1.039,0.0,19.59,1.174,125,574191,153,6.389,0.31,5.206,0,0,768294912,0,5,1,cloister
48.957,14.38,1.216,0.0,19.59,1.174,124,574171,152,6.344,0.31,5.207,0,0,768294912,0,5,1,cloister
48.972,18.816,1.093,0.0,19.59,1.174,124,574171,152,6.299,0.31,5.208,0,0,768294912,0,5,1,cloister
48.986,13.824,0.945,0.0,19.59,1.174,124,574171,152,6.254,0.31,5.208,0,0,768294912,0,5,1,cloister
49.001,14.019,1.079,0.0,19.59,1.174,124,574171,152,6.209,0.31,5.209,0,0,768294912,0,5,1,cloister
49.016,13.453,1.093,0.0,19.59,1.174,124,574171,152,6.209,0.31,5.209,0,0,768294912,0,5,1,cloister
49.03,15.262,0.938,0.0,19.59,1.174,124,574171,152,6.164,0.31,5.21,0,0,768294912,0,5,1,cloister
49.045,13.392,1.045,0.0,19.59,1.174,124,574171,152,6.119,0.31,5.21,0,0,768294912,0,5,1,cloister
49.059,13.902,0.959,0.0,19.59,1.174,124,574171,152,6.074,0.31,5.211,0,0,768294912,0,5,1,cloister
49.074,14.136,0.993,0.0,19.59,1.174,123,571387,151,6.029,0.31,5.212,0,0,768294912,0,5,1,cloister
49.088,14.045,1.19,0.0,19.59,1.174,123,571387,151,5.984,0.31,5.212,0,0,768294912,0,5,1,cloister
49.103,14.293,1.041,0.0,19.59,1.174,123,571387,151,5.939,0.31,5.213,0,0,768294912,0,5,1,cloister
49.118,13.869,1.046,0.0,19.59,1.174,123,571387,151,5.894,0.31,5.214,0,0,768294912,0,5,1,cloister
49.132,13.36,1.214,0.0,19.922,1.423,123,571387,151,5.894,0.31,5.214,0,0,768294912,0,5,1,cloister
49.146,14.652,0.723,0.0,19.922,1.423,123,571387,151,5.849,0.31,5.214,0,0,768294912,0,5,1,cloister
49.16,14.248,0.764,0.0,19.922,1.423,123,571387,151,5.804,0.31,5.215,0,0,768294912,0,5,1,cloister
49.175,14.438,0.971,0.0,19.922,1.423,123,571387,151,5.759,0.31,5.216,0,0,768294912,0,5,1,cloister
49.189,13.49,1.156,0.0,19.922,1.423,123,571387,151,5.714,0.31,5.216,0,0,768294912,0,5,1,cloister
49.203,14.195,0.727,0.0,19.922,1.423,123,571387,151,5.669,0.31,5.217,0,0,768294912,0,5,1,cloister
49.218,14.525,1.018,0.0,19.922,1.423,121,539215,149,5.624,0.31,5.218,0,0,768294912,0,5,1,cloister
49.232,13.087,1.058,0.0,19.922,1.423,120,535879,148,5.624,0.31,5.218,0,0,768294912,0,5,1,cloister
49.246,14.939,1.239,0.0,19.922,1.423,120,535879,148,5.579,0.31,5.218,0,0,768294912,0,5,1,cloister
49.26,14.189,1.008,0.0,19.922,1.423,120,535879,148,5.534,0.31,5.219,0,0,768294912,0,5,1,cloister
49.275,19.669,1.46,0.0,19.922,1.423,119,535855,147,5.489,0.31,5.219,0,0,768294912,0,5,1,cloister
49.29,14.668,0.715,0.0,19.922,1.423,119,535855,147,5.444,0.31,5.22,0,0,768294912,0,5,1,cloister
49.304,13.572,0.702,0.0,19.922,1.423,117,471295,145,5.399,0.31,5.221,0,0,768294912,0,5,1,cloister
49.319,14.155,1.023,0.0,19.922,1.423,116,468603,144,5.354,0.31,5.221,0,0,768294912,0,5,1,cloister
49.333,14.403,0.644,0.0,19.922,1.423,116,468603,144,5.309,0.31,5.222,0,0,768294912,0,5,1,cloister
49.348,13.047,0.655,0.0,19.922,1.423,116,468603,144,5.309,0.31,5.222,0,0,768294912,0,5,1,cloister
49.363,14.974,0.87,0.0,19.922,1.423,116,468603,144,5.264,0.31,5.223,0,0,768294912,0,5,1,cloister
49.377,14.346,0.714,0.0,19.922,1.423,116,468603,144,5.219,0.31,5.223,0,0,768294912,0,5,1,cloister
49.392,15.024,0.552,0.0,19.922,1.423,116,468603,144,5.174,0.31,5.224,0,0,768294912,0,5,1,cloister
49.406,13.78,0.781,0.0,19.922,1.423,116,468603,144,5.129,0.31,5.225,0,0,768294912,0,5,1,cloister
49.421,14.44,1.148,0.0,19.922,1.423,116,468603,144,5.084,0.31,5.225,0,0,768294912,0,5,1,cloister
49.435,14.336,1.142,0.0,19.922,1.423,114,457557,142,5.039,0.31,5.226,0,0,768294912,0,5,1,cloister
49.45,13.777,1.062,0.0,19.922,1.423,114,457557,142,5.039,0.31,5.226,0,0,768294912,0,5,1,cloister
49.464,14.918,1.054,0.0,19.922,1.423,114,457557,142,4.994,0.31,5.227,0,0,768294912,0,5,1,cloister
49.478,14.269,1.289,0.0,19.922,1.423,114,457557,142,4.949,0.31,5.227,0,0,768294912,0,5,1,cloister
49.493,14.41,0.957,0.0,19.922,1.423,114,457557,142,4.904,0.31,5.228,0,0,768294912,0,5,1,cloister
49.507,14.306,1.056,0.0,19.922,1.423,113,457555,141,4.859,0.31,5.229,0,0,768294912,0,5,1,cloister
49.521,14.072,0.778,0.0,19.922,1.423,111,457089,139,4.814,0.31,5.229,0,0,768294912,0,5,1,cloister
49.536,14.531,0.956,0.0,19.922,1.423,111,457089,139,4.769,0.31,5.23,0,0,768294912,0,5,1,cloister
49.55,13.254,1.049,0.0,19.922,1.423,111,457089,139,4.769,0.31,5.23,0,0,768294912,0,5,1,cloister
49.564,21.469,1.402,0.0,19.922,1.423,111,457089,139,4.724,0.31,5.231,0,0,768294912,0,5,1,cloister
49.579,13.2,1.084,0.0,19.922,1.423,110,457069,138,4.679,0.31,5.231,0,0,768294912,0,5,1,cloister
49.594,15.004,1.119,0.0,19.922,1.423,109,457049,137,4.634,0.31,5.232,0,0,768294912,0,5,1,cloister
49.608,13.013,1.033,0.0,19.922,1.423,109,457049,137,4.589,0.31,5.233,0,0,768294912,0,5,1,cloister
49.623,14.116,1.064,0.0,19.922,1.423,109,457049,137,4.544,0.31,5.233,0,0,768294912,0,5,1,cloister
49.637,14.239,0.856,0.0,19.922,1.423,108,454981,136,4.499,0.31,5.234,0,0,768294912,0,5,1,cloister
49.652,14.646,0.67,0.0,19.922,1.423,108,454981,136,4.454,0.31,5.235,0,0,768294912,0,5,1,cloister
49.666,12.682,0.721,0.0,19.922,1.423,108,454981,136,4.454,0.31,5.235,0,0,768294912,0,5,1,cloister
49.681,14.599,1.093,0.0,19.922,1.423,108,454981,136,4.409,0.31,5.235,0,0,768294912,0,5,1,cloister
49.696,14.474,0.973,0.0,19.922,1.423,108,454981,136,4.364,0.31,5.236,0,0,768294912,0,5,1,cloister
49.71,13.386,0.718,0.0,19.922,1.423,108,454981,136,4.319,0.31,5.237,0,0,768294912,0,5,1,cloister
49.724,13.34,0.722,0.0,19.922,1.423,108,454981,136,4.274,0.31,5.237,0,0,768294912,0,5,1,cloister
49.738,14.4,0.523,0.0,19.922,1.423,108,454981,136,4.229,0.31,5.238,0,0,768294912,0,5,1,cloister
49.753,14.005,0.532,0.0,19.922,1.423,108,454981,136,4.184,0.31,5.239,0,0,768294912,0,5,1,cloister
49.767,13.64,0.411,0.0,19.922,1.423,108,454981,136,4.184,0.31,5.239,0,0,768294912,0,5,1,cloister
49.781,15.021,0.502,0.0,19.922,1.423,108,454981,136,4.139,0.31,5.239,0,0,768294912,0,5,1,cloister
49.795,13.797,0.505,0.0,19.922,1.423,108,454981,136,4.094,0.31,5.24,0,0,768294912,0,5,1,cloister
49.81,14.202,0.605,0.0,19.922,1.423,106,448309,134,4.049,0.31,5.241,0,0,768294912,0,5,1,cloister
49.824,14.159,0.474,0.0,19.922,1.423,106,448309,134,4.004,0.31,5.241,0,0,768294912,0,5,1,cloister
49.838,14.747,0.538,0.0,19.922,1.423,106,448309,134,3.959,0.31,5.242,0,0,768294912,0,5,1,cloister
49.852,13.759,0.678,0.0,19.922,1.423,106,448309,134,3.914,0.31,5.243,0,0,768294912,0,5,1,cloister
49.867,20.582,1.265,0.0,19.922,1.423,106,448309,134,3.869,0.31,5.243,0,0,768294912,0,5,1,cloister
49.882,13.789,1.013,0.0,19.922,1.423,105,445525,133,3.869,0.31,5.243,0,0,768294912,0,5,1,cloister
49.896,14.59,0.997,0.0,19.922,1.423,105,445525,133,3.824,0.31,5.244,0,0,768294912,0,5,1,cloister
49.911,14.543,1.083,0.0,19.922,1.423,105,445525,133,3.779,0.31,5.245,0,0,768294912,0,5,1,cloister
49.925,13.701,0.985,0.0,19.922,1.423,105,445525,133,3.734,0.31,5.245,0,0,768294912,0,5,1,cloister
49.94,14.505,1.16,0.0,19.922,1.423,105,445525,133,3.689,0.31,5.246,0,0,768294912,0,5,1,cloister
49.954,14.602,0.953,0.0,19.922,1.423,105,445525,133,3.644,0.31,5.247,0,0,768294912,0,5,1,cloister
49.969,13.859,1.056,0.0,19.922,1.423,105,445525,133,3.599,0.31,5.247,0,0,768294912,0,5,1,cloister
49.984,14.081,0.987,0.0,19.922,1.423,105,445525,133,3.554,0.31,5.248,0,0,768294912,0,5,1,cloister
49.998,13.667,0.683,0.0,19.922,1.423,105,445525,133,3.554,0.31,5.248,0,0,768294912,0,5,1,cloister
50.013,15.022,0.929,0.0,19.922,1.423,105,445525,133,3.509,0.31,5.249,0,0,768294912,0,5,1,cloister
50.027,14.005,1.035,0.0,19.922,1.423,105,445525,133,3.464,0.31,5.249,0,0,768294912,0,5,1,cloister
50.042,14.333,1.246,0.0,19.922,1.423,104,442741,132,3.419,0.31,5.25,0,0,768294912,0,5,1,cloister
50.056,13.793,1.016,0.0,19.922,1.423,104,442741,132,3.374,0.31,5.251,0,0,768294912,0,5,1,cloister
50.07,14.008,1.426,0.0,19.922,1.423,104,442741,132,3.329,0.31,5.251,0,0,768294912,0,5,1,cloister
50.085,13.923,2.067,0.0,19.922,1.423,104,442741,132,3.284,0.31,5.252,0,0,768294912,0,5,1,cloister
50.099,13.634,0.388,0.0,19.922,1.423,104,442741,132,3.284,0.31,5.252,0,0,768294912,0,5,1,cloister
50.113,15.453,0.345,0.0,19.922,1.423,104,442741,132,3.239,0.31,5.252,0,0,768294912,0,5,1,cloister
50.127,14.074,0.554,0.0,19.922,1.423,103,442481,131,3.194,0.31,5.253,0,0,768294912,0,5,1,cloister
50.142,14.332,0.844,0.0,20.182,1.122,103,442481,131,3.149,0.31,5.254,0,0,768294912,0,5,1,cloister
50.156,19.285,1.002,0.0,20.182,1.122,102,442479,130,3.104,0.31,5.254,0,0,768294912,0,5,1,cloister
50.171,14.077,1.081,0.0,20.182,1.122,102,442479,130,3.059,0.31,5.255,0,0,768294912,0,5,1,cloister
50.186,14.261,1.001,0.0,20.182,1.122,102,442479,130,3.014,0.31,5.256,0,0,768294912,0,5,1,cloister
50.2,14.242,0.923,0.0,20.182,1.122,102,442479,130,2.969,0.31,5.256,0,0,768294912,0,5,1,cloister
50.215,13.354,0.916,0.0,20.182,1.122,102,442479,130,2.969,0.31,5.256,0,0,768294912,0,5,1,cloister
50.229,14.768,0.9,0.0,20.182,1.122,102,442479,130,2.924,0.31,5.257,0,0,768294912,0,5,1,cloister
50.244,13.367,2.153,0.0,20.182,1.122,102,442479,130,2.879,0.31,5.258,0,0,768294912,0,5,1,cloister
50.258,14.243,1.048,0.0,20.182,1.122,102,442479,130,2.834,0.31,5.258,0,0,768294912,0,5,1,cloister
50.273,14.879,0.45,0.0,20.182,1.122,102,442479,130,2.789,0.31,5.259,0,0,768294912,0,5,1,cloister
50.288,13.861,0.555,0.0,20.182,1.122,102,442479,130,2.744,0.31,5.26,0,0,768294912,0,5,1,cloister
50.302,14.124,0.887,0.0,20.182,1.122,102,442479,130,2.699,0.31,5.26,0,0,768294912,0,5,1,cloister
50.316,13.289,1.015,0.0,20.182,1.122,102,442479,130,2.699,0.31,5.26,0,0,768294912,0,5,1,cloister
50.33,14.318,1.226,0.0,20.182,1.122,102,442479,130,2.654,0.31,5.261,0,0,768294912,0,5,1,cloister
50.345,14.479,1.047,0.0,20.182,1.122,102,442479,130,2.609,0.31,5.262,0,0,768294912,0,5,1,cloister
50.359,15.098,0.517,0.0,20.182,1.122,102,442479,130,2.564,0.31,5.262,0,0,768294912,0,5,1,cloister
50.373,13.693,0.644,0.0,20.182,1.122,102,442479,130,2.52,0.31,5.263,0,0,768294912,0,5,1,cloister
50.388,14.241,1.034,0.0,20.182,1.122,102,442479,130,2.475,0.31,5.264,0,0,768294912,0,5,1,cloister
50.402,14.355,0.965,0.0,20.182,1.122,102,442479,130,2.43,0.31,5.264,0,0,768294912,0,5,1,cloister
50.416,13.485,1.051,0.0,20.182,1.122,102,442479,130,2.43,0.31,5.264,0,0,768294912,0,5,1,cloister
50.43,16.58,0.968,0.0,20.182,1.122,102,442479,130,2.385,0.31,5.265,0,0,768294912,0,5,1,cloister
50.445,12.069,0.97,0.0,20.182,1.122,102,442479,130,2.34,0.31,5.266,0,0,768294912,0,5,1,cloister
50.459,21.504,1.142,0.0,20.182,1.122,102,442479,130,2.295,0.31,5.266,0,0,768294912,0,5,1,cloister
50.474,13.581,0.684,0.0,20.182,1.122,101,442499,129,2.25,0.31,5.267,0,0,768294912,0,5,1,cloister
50.488,14.414,1.126,0.0,20.182,1.122,101,442499,129,2.205,0.31,5.268,0,0,768294912,0,5,1,cloister
50.503,14.839,0.496,0.0,20.182,1.122,101,442499,129,2.16,0.31,5.268,0,0,768294912,0,5,1,cloister
50.518,14.482,0.623,0.0,20.182,1.122,101,442499,129,2.115,0.31,5.269,0,0,768294912,0,5,1,cloister
50.532,13.898,0.925,0.0,20.182,1.122,101,442499,129,2.115,0.31,5.269,0,0,768294912,0,5,1,cloister
50.547,14.683,0.969,0.0,20.182,1.122,101,442499,129,2.07,0.31,5.27,0,0,768294912,0,5,1,cloister
50.561,14.839,1.456,0.0,20.182,1.122,101,442499,129,2.025,0.31,5.27,0,0,768294912,0,5,1,cloister
50.576,15.068,0.469,0.0,20.182,1.122,101,442499,129,1.98,0.31,5.271,0,0,768294912,0,5,1,cloister
50.59,14.277,0.906,0.0,20.182,1.122,100,442483,128,1.935,0.31,5.272,0,0,768294912,0,5,1,cloister
50.605,14.142,0.928,0.0,20.182,1.122,99,442435,127,1.89,0.31,5.272,0,0,768294912,0,5,1,cloister
50.62,14.188,0.924,0.0,20.182,1.122,99,442435,127,1.845,0.31,5.273,0,0,768294912,0,5,1,cloister
50.634,14.5,0.96,0.0,20.182,1.122,99,442435,127,1.8,0.31,5.274,0,0,768294912,0,5,1,cloister
50.649,13.573,0.909,0.0,20.182,1.122,99,442435,127,1.8,0.31,5.274,0,0,768294912,0,5,1,cloister
50.663,14.787,0.924,0.0,20.182,1.122,99,442435,127,1.755,0.31,5.274,0,0,768294912,0,5,1,cloister
50.678,14.37,0.902,0.0,20.182,1.122,99,442435,127,1.71,0.31,5.275,0,0,768294912,0,5,1,cloister
50.693,14.151,0.939,0.0,20.182,1.122,98,442433,126,1.665,0.31,5.276,0,0,768294912,0,5,1,cloister
50.707,14.678,0.976,0.0,20.182,1.122,98,442433,126,1.62,0.31,5.276,0,0,768294912,0,5,1,cloister
50.722,13.779,0.74,0.0,20.182,1.122,98,442433,126,1.575,0.31,5.277,0,0,768294912,0,5,1,cloister
50.736,14.466,0.847,0.0,20.182,1.122,98,442433,126,1.53,0.31,5.278,0,0,768294912,0,5,1,cloister
50.751,20.388,0.476,0.0,20.182,1.122,98,442433,126,1.485,0.31,5.278,0,0,768294912,0,5,1,cloister
50.765,15.082,0.464,0.0,20.182,1.122,98,442481,126,1.485,0.31,5.278,0,0,768294912,0,5,1,cloister
50.78,14.374,0.5,0.0,20.182,1.122,98,442481,126,1.44,0.31,5.279,0,0,768294912,0,5,1,cloister
50.795,15.012,1.021,0.0,20.182,1.122,98,442481,126,1.395,0.31,5.28,0,0,768294912,0,5,1,cloister
50.809,13.889,0.923,0.0,20.182,1.122,98,442481,126,1.35,0.31,5.28,0,0,768294912,0,5,1,cloister
50.824,14.993,1.149,0.0,20.182,1.122,98,442481,126,1.305,0.31,5.281,0,0,768294912,0,5,1,cloister
50.838,14.273,0.923,0.0,20.182,1.122,98,442481,126,1.26,0.31,5.282,0,0,768294912,0,5,1,cloister
50.853,14.285,1.043,0.0,20.182,1.122,98,442481,126,1.215,0.31,5.282,0,0,768294912,0,5,1,cloister
50.868,14.343,1.279,0.0,20.182,1.122,98,442481,126,1.17,0.31,5.283,0,0,768294912,0,5,1,cloister
50.882,13.686,1.068,0.0,20.182,1.122,98,442481,126,1.17,0.31,5.283,0,0,768294912,0,5,1,cloister
50.897,15.062,0.969,0.0,20.182,1.122,98,442481,126,1.125,0.31,5.284,0,0,768294912,0,5,1,cloister
50.911,14.49,0.947,0.0,20.182,1.122,98,442481,126,1.08,0.31,5.284,0,0,768294912,0,5,1,cloister
50.926,14.428,0.909,0.0,20.182,1.122,98,442481,126,1.035,0.31,5.285,0,0,768294912,0,5,1,cloister
50.94,14.287,0.93,0.0,20.182,1.122,98,442481,126,0.99,0.31,5.285,0,0,768294912,0,5,1,cloister
50.955,14.434,1.014,0.0,20.182,1.122,98,442481,126,0.945,0.31,5.286,0,0,768294912,0,5,1,cloister
50.97,14.493,1.101,0.0,20.182,1.122,98,442481,126,0.9,0.31,5.287,0,0,768294912,0,5,1,cloister
50.984,14.648,0.92,0.0,20.182,1.122,98,442481,126,0.855,0.31,5.287,0,0,768294912,0,5,1,cloister
50.999,13.761,0.906,0.0,20.182,1.122,98,442481,126,0.855,0.31,5.287,0,0,768294912,0,5,1,cloister
51.013,15.748,1.02,0.0,20.182,1.122,98,442481,126,0.81,0.31,5.288,0,0,768294912,0,5,1,cloister
51.028,13.606,0.952,0.0,20.182,1.122,98,442481,126,0.765,0.31,5.289,0,0,768294912,0,5,1,cloister
51.043,14.428,0.915,0.0,20.182,1.122,98,442481,126,0.72,0.31,5.289,0,0,768294912,0,5,1,cloister
51.06,21.011,0.994,0.0,20.182,1.122,98,442481,126,0.675,0.31,5.29,0,0,768294912,0,5,1,cloister
51.075,15.016,0.931,0.0,20.182,1.122,98,442481,126,0.63,0.31,5.291,0,0,768294912,0,5,1,cloister
51.089,13.763,1.242,0.0,20.182,1.122,97,439789,125,0.585,0.31,5.291,0,0,768294912,0,5,1,cloister
51.104,14.333,1.058,0.0,20.182,1.122,97,439789,125,0.54,0.31,5.292,0,0,768294912,0,5,1,cloister
51.119,14.433,0.954,0.0,20.182,1.122,97,439789,125,0.495,0.31,5.293,0,0,768294912,0,5,1,cloister
51.133,13.72,1.043,0.0,20.481,1.143,97,439789,125,0.495,0.31,5.293,0,0,768294912,0,5,1,cloister
51.148,15.094,0.911,0.0,20.481,1.143,97,439789,125,0.45,0.31,5.293,0,0,768294912,0,5,1,cloister
51.163,14.331,0.915,0.0,20.481,1.143,97,439789,125,0.405,0.31,5.294,0,0,768294912,0,5,1,cloister
51.178,14.468,0.904,0.0,20.481,1.143,97,439789,125,0.36,0.31,5.295,0,0,768294912,0,5,1,cloister
51.193,14.474,0.928,0.0,20.481,1.143,97,439789,125,0.315,0.31,5.296,0,0,768294912,0,5,1,cloister
51.207,14.528,0.876,0.0,20.481,1.143,97,439789,125,0.27,0.31,5.298,0,0,768294912,0,5,1,cloister
51.222,14.646,1.071,0.0,20.481,1.143,95,437073,123,0.225,0.31,5.299,0,0,768294912,0,5,1,cloister
51.237,14.472,0.893,0.0,20.481,1.143,95,437073,123,0.18,0.31,5.301,0,0,768294912,0,5,1,cloister
51.252,14.885,0.957,0.0,20.481,1.143,95,437073,123,0.135,0.31,5.302,0,0,768294912,0,5,1,cloister
51.267,13.702,0.937,0.0,20.481,1.143,93,437069,121,0.135,0.31,5.302,0,0,768294912,0,5,1,cloister
51.281,15.535,0.909,0.0,20.481,1.143,93,437069,121,0.09,0.31,5.304,0,0,768294912,0,5,1,cloister
51.296,13.418,0.941,0.0,20.481,1.143,93,437069,121,0.045,0.31,5.306,0,0,768294912,0,5,1,cloister
51.311,14.518,0.916,0.0,20.481,1.143,93,437069,121,0.0,0.31,5.308,0,0,768294912,0,5,1,cloister
51.326,13.994,0.883,0.0,20.481,1.143,93,437069,121,-0.045,0.31,5.31,0,0,768294912,0,5,1,cloister
51.341,14.645,0.614,0.0,20.481,1.143,93,437069,121,-0.09,0.31,5.313,0,0,768294912,0,5,1,cloister
51.356,15.092,0.632,0.0,20.481,1.143,93,437069,121,-0.134,0.31,5.315,0,0,768294912,0,5,1,cloister
51.37,14.0,0.924,0.0,20.481,1.143,92,427389,120,-0.179,0.31,5.318,0,0,768294912,0,5,1,cloister
51.385,14.245,0.882,0.0,20.481,1.143,92,427389,120,-0.224,0.31,5.32,0,0,768294912,0,5,1,cloister
51.4,13.961,0.901,0.0,20.481,1.143,92,427389,120,-0.224,0.31,5.32,0,0,768294912,0,5,1,cloister
51.415,14.903,0.957,0.0,20.481,1.143,92,427389,120,-0.269,0.31,5.323,0,0,768294912,0,5,1,cloister
51.429,14.277,0.902,0.0,20.481,1.143,92,427389,120,-0.314,0.31,5.326,0,0,768294912,0,5,1,cloister
51.444,14.347,0.903,0.0,20.481,1.143,92,427389,120,-0.359,0.31,5.329,0,0,768294912,0,5,1,cloister
51.458,14.329,1.0,0.0,20.481,1.143,92,427389,120,-0.404,0.31,5.332,0,0,768294912,0,5,1,cloister
51.473,14.275,0.98,0.0,20.481,1.143,92,427389,120,-0.449,0.31,5.335,0,0,768294912,0,5,1,cloister
51.487,14.595,1.037,0.0,20.481,1.143,92,427389,120,-0.494,0.31,5.338,0,0,768294912,0,5,1,cloister
51.502,14.527,0.954,0.0,20.481,1.143,92,427389,120,-0.539,0.31,5.341,0,0,768294912,0,5,1,cloister
51.517,13.906,1.062,0.0,20.481,1.143,92,427389,120,-0.539,0.31,5.341,0,0,768294912,0,5,1,cloister
51.531,15.076,0.937,0.0,20.481,1.143,92,427389,120,-0.583,0.31,5.344,0,0,768294912,0,5,1,cloister
51.546,14.504,1.011,0.0,20.481,1.143,92,427389,120,-0.628,0.31,5.348,0,0,768294912,0,5,1,cloister
51.56,14.533,0.977,0.0,20.481,1.143,92,427389,120,-0.673,0.31,5.351,0,0,768294912,0,5,1,cloister
51.575,15.11,0.898,0.0,20.481,1.143,92,427389,120,-0.718,0.31,5.354,0,0,768294912,0,5,1,cloister
51.59,13.861,0.95,0.0,20.481,1.143,91,425321,119,-0.763,0.31,5.358,0,0,768294912,0,5,1,cloister
51.604,14.477,0.905,0.0,20.481,1.143,90,423253,118,-0.808,0.31,5.361,0,0,768294912,0,5,1,cloister
51.619,14.732,0.877,0.0,20.481,1.143,90,423253,118,-0.853,0.31,5.364,0,0,768294912,0,5,1,cloister
51.633,13.595,1.089,0.0,20.481,1.143,90,423253,118,-0.853,0.31,5.364,0,0,768294912,0,5,1,cloister
51.648,14.94,0.984,0.0,20.481,1.143,90,423253,118,-0.898,0.31,5.368,0,0,768294912,0,5,1,cloister
51.662,14.574,1.016,0.0,20.481,1.143,89,423197,117,-0.942,0.31,5.371,0,0,768294912,0,5,1,cloister
51.677,14.309,0.99,0.0,20.481,1.143,89,423197,117,-0.987,0.31,5.375,0,0,768294912,0,5,1,cloister
51.692,14.214,0.988,0.0,20.481,1.143,89,423197,117,-1.032,0.31,5.378,0,0,768294912,0,5,1,cloister
51.706,14.245,1.014,0.0,20.481,1.143,89,423197,117,-1.077,0.31,5.382,0,0,768294912,0,5,1,cloister
51.721,20.824,1.196,0.0,20.481,1.143,89,423197,117,-1.122,0.31,5.386,0,0,768294912,0,5,1,cloister
51.736,14.48,1.054,0.0,20.481,1.143,89,423197,117,-1.167,0.31,5.389,0,0,768294912,0,5,1,cloister
51.751,14.289,1.018,0.0,20.481,1.143,89,423197,117,-1.212,0.31,5.393,0,0,768294912,0,5,1,cloister
51.766,13.3,0.749,0.0,20.481,1.143,89,423197,117,-1.212,0.31,5.393,0,0,768294912,0,5,1,cloister
51.78,15.349,0.62,0.0,20.481,1.143,89,423197,117,-1.256,0.31,5.397,0,0,768294912,0,5,1,cloister
51.795,14.083,0.526,0.0,20.481,1.143,89,423197,117,-1.301,0.31,5.4,0,0,768294912,0,5,1,cloister
51.81,14.647,0.493,0.0,20.481,1.143,89,423197,117,-1.346,0.31,5.404,0,0,768294912,0,5,1,cloister
51.825,14.429,0.47,0.0,20.481,1.143,89,423197,117,-1.391,0.31,5.408,0,0,768294912,0,5,1,cloister
51.839,14.98,0.461,0.0,20.481,1.143,89,423197,117,-1.436,0.31,5.411,0,0,768294912,0,5,1,cloister
51.854,14.096,0.551,0.0,20.481,1.143,88,422297,116,-1.481,0.31,5.415,0,0,768294912,0,5,1,cloister
51.868,14.59,0.536,0.0,20.481,1.143,88,422297,116,-1.525,0.31,5.419,0,0,768294912,0,5,1,cloister
51.883,13.158,0.551,0.0,20.481,1.143,88,422297,116,-1.525,0.31,5.419,0,0,768294912,0,5,1,cloister
51.898,15.453,0.933,0.0,20.481,1.143,88,422297,116,-1.57,0.31,5.422,0,0,768294912,0,5,1,cloister
51.912,14.466,0.745,0.0,20.481,1.143,88,422297,116,-1.615,0.31,5.426,0,0,768294912,0,5,1,cloister
51.927,14.682,1.083,0.0,20.481,1.143,85,421593,113,-1.66,0.31,5.43,0,0,768294912,0,5,1,cloister
51.941,13.688,1.22,0.0,20.481,1.143,84,420196,112,-1.705,0.31,5.434,0,0,768294912,0,5,1,cloister
51.956,14.802,0.638,0.0,20.481,1.143,84,420196,112,-1.75,0.31,5.437,0,0,768294912,0,5,1,cloister
51.97,12.994,1.034,0.0,20.481,1.143,84,420196,112,-1.795,0.31,5.441,0,0,768294912,0,5,1,cloister
51.985,14.31,2.407,0.0,20.481,1.143,84,422596,112,-1.839,0.31,5.445,0,0,768294912,0,5,1,cloister
52.0,13.647,0.319,0.0,20.481,1.143,73,420371,101,-1.839,0.31,5.445,0,0,768294912,0,5,1,cloister
52.014,15.823,0.305,0.0,20.481,1.143,73,420371,101,-1.884,0.31,5.449,0,0,768294912,0,5,1,cloister
52.029,13.126,0.524,0.0,20.481,1.143,72,415172,100,-1.929,0.31,5.452,0,0,768294912,0,5,1,cloister
52.043,14.245,1.303,0.0,20.481,1.143,72,415172,100,-1.974,0.31,5.456,0,0,768294912,0,5,1,cloister
52.058,14.979,0.315,0.0,20.481,1.143,69,413348,97,-2.019,0.31,5.46,0,0,768294912,0,5,1,cloister
52.073,14.234,0.346,0.0,20.481,1.143,68,413346,96,-2.064,0.31,5.464,0,0,768294912,0,5,1,cloister
52.087,20.121,0.681,0.0,20.481,1.143,65,411946,93,-2.108,0.31,5.467,0,0,768294912,0,5,1,cloister
52.102,13.537,0.595,0.0,20.481,1.143,65,411946,93,-2.153,0.31,5.471,0,0,768294912,0,5,1,cloister
52.117,13.834,0.915,0.0,20.481,1.143,63,409152,91,-2.153,0.31,5.471,0,0,768294912,0,5,1,cloister
52.131,14.747,0.255,0.0,19.974,1.027,63,409152,91,-2.198,0.31,5.475,0,0,768294912,0,5,1,cloister
52.146,15.086,0.267,0.0,19.974,1.027,63,409152,91,-2.243,0.31,5.479,0,0,768294912,0,5,1,cloister
52.16,13.79,0.41,0.0,19.974,1.027,63,409152,91,-2.288,0.31,5.482,0,0,768294912,0,5,1,cloister
52.175,14.582,0.851,0.0,19.974,1.027,63,409152,91,-2.333,0.31,5.486,0,0,768294912,0,5,1,cloister
52.189,14.255,0.958,0.0,19.974,1.027,63,409152,91,-2.377,0.31,5.49,0,0,768294912,0,5,1,cloister
52.204,13.784,0.909,0.0,19.974,1.027,63,409152,91,-2.422,0.31,5.494,0,0,768294912,0,5,1,cloister
52.219,14.39,0.912,0.0,19.974,1.027,63,409152,91,-2.467,0.31,5.498,0,0,768294912,0,5,1,cloister
52.233,13.442,1.006,0.0,19.974,1.027,63,409152,91,-2.467,0.31,5.498,0,0,768294912,0,5,1,cloister
52.248,14.863,0.994,0.0,19.974,1.027,63,409152,91,-2.512,0.31,5.501,0,0,768294912,0,5,1,cloister
52.262,14.293,1.03,0.0,19.974,1.027,63,409152,91,-2.557,0.31,5.505,0,0,768294912,0,5,1,cloister
52.277,13.845,1.67,0.0,19.974,1.027,61,405954,89,-2.602,0.31,5.509,0,0,768294912,0,5,1,cloister
52.292,13.708,1.03,0.0,19.974,1.027,59,395556,87,-2.647,0.31,5.513,0,0,768294912,0,5,1,cloister
52.306,20.248,0.96,0.0,19.974,1.027,59,395556,87,-2.691,0.31,5.516,0,0,768294912,0,5,1,cloister
52.321,12.936,0.673,0.0,19.974,1.027,59,395556,87,-2.736,0.31,5.52,0,0,768294912,0,5,1,cloister
52.335,13.536,0.851,0.0,19.974,1.027,59,395556,87,-2.781,0.31,5.524,0,0,768294912,0,5,1,cloister
52.35,13.491,0.512,0.0,19.974,1.027,59,395556,87,-2.781,0.31,5.524,0,0,768294912,0,5,1,cloister
52.364,15.245,0.475,0.0,19.974,1.027,59,395556,87,-2.826,0.31,5.528,0,0,768294912,0,5,1,cloister
52.379,14.666,0.586,0.0,19.974,1.027,59,395556,87,-2.871,0.31,5.532,0,0,768294912,0,5,1,cloister
52.394,14.057,0.987,0.0,19.974,1.027,59,395556,87,-2.916,0.31,5.535,0,0,768294912,0,5,1,cloister
52.408,13.679,1.055,0.0,19.974,1.027,59,395556,87,-2.96,0.31,5.539,0,0,768294912,0,5,1,cloister
52.423,13.888,0.971,0.0,19.974,1.027,59,395556,87,-3.005,0.31,5.543,0,0,768294912,0,5,1,cloister
52.437,14.347,0.962,0.0,19.974,1.027,59,395556,87,-3.05,0.31,5.547,0,0,768294912,0,5,1,cloister
52.452,13.121,1.03,0.0,19.974,1.027,59,395556,87,-3.095,0.31,5.551,0,0,768294912,0,5,1,cloister
52.467,14.276,1.266,0.0,19.974,1.027,58,395508,86,-3.095,0.31,5.551,0,0,768294912,0,5,1,cloister
52.481,13.599,0.912,0.0,19.974,1.027,58,395508,86,-3.14,0.31,5.554,0,0,768294912,0,5,1,cloister
52.495,14.044,1.365,0.0,19.974,1.027,58,395508,86,-3.185,0.31,5.558,0,0,768294912,0,5,1,cloister
52.508,13.548,0.897,0.0,19.974,1.027,58,395508,86,-3.229,0.31,5.562,0,0,768294912,0,5,1,cloister
52.522,13.666,0.579,0.0,19.974,1.027,58,395508,86,-3.274,0.31,5.566,0,0,768294912,0,5,1,cloister
52.536,13.783,0.964,0.0,19.974,1.027,57,395492,85,-3.319,0.31,5.57,0,0,768294912,0,5,1,cloister
52.55,13.273,0.945,0.0,19.974,1.027,57,395492,85,-3.319,0.31,5.57,0,0,768294912,0,5,1,cloister
52.564,14.398,0.967,0.0,19.974,1.027,57,395492,85,-3.364,0.31,5.573,0,0,768294912,0,5,1,cloister
52.578,13.837,1.006,0.0,19.974,1.027,57,395492,85,-3.409,0.31,5.577,0,0,768294912,0,5,1,cloister
52.592,13.692,0.48,0.0,19.974,1.027,57,395492,85,-3.454,0.31,5.581,0,0,768294912,0,5,1,cloister
52.605,14.336,0.402,0.0,19.974,1.027,57,395492,85,-3.498,0.31,5.585,0,0,768294912,0,5,1,cloister
52.619,13.845,0.34,0.0,19.974,1.027,57,395492,85,-3.543,0.31,5.589,0,0,768294912,0,5,1,cloister
52.633,12.943,0.503,0.0,19.974,1.027,55,395444,83,-3.543,0.31,5.589,0,0,768294912,0,5,1,cloister
52.647,14.846,0.441,0.0,19.974,1.027,55,395444,83,-3.588,0.31,5.592,0,0,768294912,0,5,1,cloister
52.661,14.067,0.382,0.0,19.974,1.027,55,395444,83,-3.633,0.31,5.596,0,0,768294912,0,5,1,cloister
52.675,14.068,0.364,0.0,19.974,1.027,54,395428,82,-3.678,0.31,5.6,0,0,768294912,0,5,1,cloister
52.689,13.847,0.432,0.0,19.974,1.027,54,395428,82,-3.723,0.31,5.604,0,0,768294912,0,5,1,cloister
52.703,13.854,0.439,0.0,19.974,1.027,54,395428,82,-3.768,0.31,5.608,0,0,768294912,0,5,1,cloister
52.717,13.309,0.404,0.0,19.974,1.027,54,395428,82,-3.768,0.31,5.608,0,0,768294912,0,5,1,cloister
52.73,14.488,0.476,0.0,19.974,1.027,54,395428,82,-3.812,0.31,5.611,0,0,768294912,0,5,1,cloister
52.744,13.894,0.601,0.0,19.974,1.027,54,395428,82,-3.857,0.31,5.615,0,0,768294912,0,5,1,cloister
52.758,13.97,0.64,0.0,19.974,1.027,54,395428,82,-3.902,0.31,5.619,0,0,768294912,0,5,1,cloister
52.772,13.442,0.587,0.0,19.974,1.027,51,386756,79,-3.947,0.31,5.623,0,0,768294912,0,5,1,cloister
52.786,14.072,0.836,0.0,19.974,1.027,52,386780,80,-3.992,0.31,5.627,0,0,768294912,0,5,1,cloister
52.8,12.859,0.605,0.0,19.974,1.027,52,386780,80,-3.992,0.31,5.627,0,0,768294912,0,5,1,cloister
52.814,14.492,0.517,0.0,19.974,1.027,52,386780,80,-4.037,0.31,5.63,0,0,768294912,0,5,1,cloister
52.828,13.846,0.525,0.0,19.974,1.027,52,386780,80,-4.081,0.31,5.634,0,0,768294912,0,5,1,cloister
52.841,18.634,0.598,0.0,19.974,1.027,52,386780,80,-4.126,0.31,5.638,0,0,768294912,0,5,1,cloister
52.855,13.82,0.519,0.0,19.974,1.027,52,386780,80,-4.171,0.31,5.642,0,0,768294912,0,5,1,cloister
52.869,13.405,0.449,0.0,19.974,1.027,52,386780,80,-4.216,0.31,5.646,0,0,768294912,0,5,1,cloister
52.883,12.876,0.449,0.0,19.974,1.027,52,386780,80,-4.216,0.31,5.646,0,0,768294912,0,5,1,cloister
52.897,20.262,0.566,0.0,19.974,1.027,52,386780,80,-4.261,0.31,5.649,0,0,768294912,0,5,1,cloister
52.911,13.528,0.594,0.0,19.974,1.027,51,325004,79,-4.306,0.31,5.653,0,0,768294912,0,5,1,cloister
52.925,13.151,0.926,0.0,19.974,1.027,51,325004,79,-4.35,0.31,5.657,0,0,768294912,0,5,1,cloister
52.939,13.365,1.228,0.0,19.974,1.027,50,322534,78,-4.395,0.31,5.661,0,0,768294912,0,5,1,cloister
52.953,13.196,1.106,0.0,19.974,1.027,50,322534,78,-4.44,0.31,5.665,0,0,768294912,0,5,1,cloister
52.967,13.142,0.752,0.0,19.974,1.027,50,322534,78,-4.44,0.31,5.665,0,0,768294912,0,5,1,cloister
52.981,14.275,1.096,0.0,19.974,1.027,50,322534,78,-4.485,0.31,5.668,0,0,768294912,0,5,1,cloister
52.994,13.806,1.098,0.0,19.974,1.027,50,322534,78,-4.53,0.31,5.672,0,0,768294912,0,5,1,cloister
53.008,13.106,1.179,0.0,19.974,1.027,50,322534,78,-4.575,0.31,5.676,0,0,768294912,0,5,1,cloister
53.022,12.758,0.577,0.0,19.974,1.027,50,322534,78,-4.619,0.31,5.68,0,0,768294912,0,5,1,cloister
53.036,13.416,0.781,0.0,19.974,1.027,50,322534,78,-4.664,0.31,5.684,0,0,768294912,0,5,1,cloister
53.05,13.29,0.848,0.0,19.974,1.027,50,322534,78,-4.664,0.31,5.684,0,0,768294912,0,5,1,cloister
53.064,13.538,1.07,0.0,19.974,1.027,50,322534,78,-4.709,0.31,5.687,0,0,768294912,0,5,1,cloister
53.078,13.941,1.048,0.0,19.974,1.027,50,322534,78,-4.754,0.31,5.691,0,0,768294912,0,5,1,cloister
53.092,12.923,0.793,0.0,19.974,1.027,50,322534,78,-4.799,0.31,5.695,0,0,768294912,0,5,1,cloister
53.106,13.882,0.837,0.0,19.974,1.027,50,322534,78,-4.844,0.31,5.699,0,0,768294912,0,5,1,cloister
53.119,13.136,0.881,0.0,19.974,1.027,50,322534,78,-4.888,0.31,5.703,0,0,768294912,0,5,1,cloister
53.133,12.709,1.01,0.0,19.974,1.027,49,290470,77,-4.888,0.31,5.703,0,0,768294912,0,5,1,cloister
53.147,13.928,0.929,0.0,19.034,1.098,49,290470,77,-4.933,0.31,5.706,0,0,768294912,0,5,1,cloister
53.161,14.002,1.011,0.0,19.034,1.098,49,290470,77,-4.978,0.31,5.71,0,0,768294912,0,5,1,cloister
53.174,12.702,0.848,0.0,19.034,1.098,49,290470,77,-5.023,0.31,5.714,0,0,768294912,0,5,1,cloister
53.188,13.433,0.833,0.0,19.034,1.098,49,290470,77,-5.068,0.31,5.718,0,0,768294912,0,5,1,cloister
53.202,14.431,0.891,0.0,19.034,1.098,49,290470,77,-5.113,0.31,5.721,0,0,768294912,0,5,1,cloister
53.215,12.192,0.832,0.0,19.034,1.098,49,290470,77,-5.113,0.31,5.721,0,0,768294912,0,5,1,cloister
53.228,14.088,1.007,0.0,19.034,1.098,49,290470,77,-5.158,0.31,5.725,0,0,768294912,0,5,1,cloister
53.242,12.914,0.888,0.0,19.034,1.098,49,290470,77,-5.202,0.31,5.729,0,0,768294912,0,5,1,cloister
53.255,13.81,0.861,0.0,19.034,1.098,47,273318,75,-5.247,0.31,5.733,0,0,768294912,0,5,1,cloister
53.269,19.267,0.993,0.0,19.034,1.098,47,273318,75,-5.292,0.31,5.737,0,0,768294912,0,5,1,cloister
53.283,12.335,1.409,0.0,19.034,1.098,47,273318,75,-5.337,0.31,5.74,0,0,768294912,0,5,1,cloister
53.297,12.418,1.059,0.0,19.034,1.098,47,273318,75,-5.337,0.31,5.74,0,0,768294912,0,5,1,cloister
53.311,13.695,1.003,0.0,19.034,1.098,47,273318,75,-5.382,0.31,5.744,0,0,768294912,0,5,1,cloister
53.325,13.112,1.013,0.0,19.034,1.098,47,273318,75,-5.427,0.31,5.748,0,0,768294912,0,5,1,cloister
53.339,13.09,0.897,0.0,19.034,1.098,47,273318,75,-5.471,0.31,5.752,0,0,768294912,0,5,1,cloister
53.353,13.661,0.646,0.0,19.034,1.098,47,273318,75,-5.516,0.31,5.756,0,0,768294912,0,5,1,cloister
53.366,11.833,0.59,0.0,19.034,1.098,47,273318,75,-5.516,0.31,5.756,0,0,768294912,0,5,1,cloister
53.379,14.787,0.723,0.0,19.034,1.098,47,273318,75,-5.561,0.31,5.759,0,0,768294912,0,5,1,cloister
53.392,13.188,0.575,0.0,19.034,1.098,46,272854,74,-5.606,0.31,5.763,0,0,768294912,0,5,1,cloister
53.406,13.347,0.664,0.0,19.034,1.098,46,272854,74,-5.651,0.31,5.767,0,0,768294912,0,5,1,cloister
53.419,12.891,0.645,0.0,19.034,1.098,46,272854,74,-5.696,0.31,5.771,0,0,768294912,0,5,1,cloister
53.432,12.219,0.859,0.0,19.034,1.098,46,272854,74,-5.696,0.31,5.771,0,0,768294912,0,5,1,cloister
53.445,14.801,0.832,0.0,19.034,1.098,46,272854,74,-5.74,0.31,5.775,0,0,768294912,0,5,1,cloister
53.459,13.697,0.472,0.0,19.034,1.098,46,272854,74,-5.785,0.31,5.778,0,0,768294912,0,5,1,cloister
53.472,13.281,0.951,0.0,19.034,1.098,46,272854,74,-5.83,0.31,5.782,0,0,768294912,0,5,1,cloister
53.485,13.019,0.85,0.0,19.034,1.098,46,272854,74,-5.875,0.31,5.786,0,0,768294912,0,5,1,cloister
53.499,19.16,1.1,0.0,19.034,1.098,46,272854,74,-5.875,0.31,5.786,0,0,768294912,0,5,1,cloister
53.512,13.782,0.792,0.0,19.034,1.098,46,272854,74,-5.92,0.31,5.79,0,0,768294912,0,5,1,cloister
53.525,12.993,1.014,0.0,19.034,1.098,46,272854,74,-5.965,0.31,5.794,0,0,768294912,0,5,1,cloister
53.539,13.714,0.857,0.0,19.034,1.098,46,272854,74,-6.009,0.31,5.797,0,0,768294912,0,5,1,cloister
53.552,13.395,0.948,0.0,19.034,1.098,46,272854,74,-6.054,0.31,5.801,0,0,768294912,0,5,1,cloister
53.565,12.726,0.92,0.0,19.034,1.098,45,272666,73,-6.054,0.31,5.801,0,0,768294912,0,5,1,cloister
53.579,20.924,0.979,0.0,19.034,1.098,45,272666,73,-6.099,0.31,5.805,0,0,768294912,0,5,1,cloister
53.593,12.893,0.844,0.0,19.034,1.098,45,272666,73,-6.144,0.31,5.809,0,0,768294912,0,5,1,cloister
53.606,13.829,1.021,0.0,19.034,1.098,45,272666,73,-6.189,0.31,5.813,0,0,768294912,0,5,1,cloister
53.62,13.041,1.045,0.0,19.034,1.098,45,272666,73,-6.234,0.31,5.816,0,0,768294912,0,5,1,cloister
53.634,13.85,1.052,0.0,19.034,1.098,43,272634,71,-6.279,0.31,5.82,0,0,768294912,0,5,1,cloister
53.647,12.643,0.782,0.0,19.034,1.098,43,272634,71,-6.279,0.31,5.82,0,0,768294912,0,5,1,cloister
53.661,14.591,0.817,0.0,19.034,1.098,43,272634,71,-6.323,0.31,5.824,0,0,768294912,0,5,1,cloister
53.675,13.867,0.538,0.0,19.034,1.098,43,272634,71,-6.368,0.31,5.828,0,0,768294912,0,5,1,cloister
53.688,13.264,0.563,0.0,19.034,1.098,43,272634,71,-6.413,0.31,5.832,0,0,768294912,0,5,1,cloister
53.702,13.651,0.574,0.0,19.034,1.098,43,272634,71,-6.458,0.31,5.835,0,0,768294912,0,5,1,cloister
53.715,13.033,0.857,0.0,19.034,1.098,43,272634,71,-6.458,0.31,5.835,0,0,768294912,0,5,1,cloister
53.729,14.22,0.823,0.0,19.034,1.098,43,272634,71,-6.503,0.31,5.839,0,0,768294912,0,5,1,cloister
53.743,13.434,0.917,0.0,19.034,1.098,43,272634,71,-6.548,0.31,5.843,0,0,768294912,0,5,1,cloister
53.756,14.338,0.922,0.0,19.034,1.098,43,272634,71,-6.592,0.31,5.847,0,0,768294912,0,5,1,cloister
53.77,12.866,0.853,0.0,19.034,1.098,43,272634,71,-6.637,0.31,5.851,0,0,768294912,0,5,1,cloister
53.784,13.19,1.045,0.0,19.034,1.098,43,272634,71,-6.682,0.31,5.854,0,0,768294912,0,5,1,cloister
53.797,12.804,0.85,0.0,19.034,1.098,43,272634,71,-6.682,0.31,5.854,0,0,768294912,0,5,1,cloister
53.811,14.435,0.544,0.0,19.034,1.098,43,272634,71,-6.727,0.31,5.858,0,0,768294912,0,5,1,cloister
53.825,13.165,0.521,0.0,19.034,1.098,43,272634,71,-6.772,0.31,5.862,0,0,768294912,0,5,1,cloister
53.838,13.496,0.514,0.0,19.034,1.098,43,272634,71,-6.817,0.31,5.866,0,0,768294912,0,5,1,cloister
53.852,13.64,0.417,0.0,19.034,1.098,43,272634,71,-6.861,0.31,5.87,0,0,768294912,0,5,1,cloister
53.865,12.394,0.473,0.0,19.034,1.098,43,272634,71,-6.861,0.31,5.87,0,0,768294912,0,5,1,cloister
53.879,14.581,0.56,0.0,19.034,1.098,43,272634,71,-6.906,0.31,5.873,0,0,768294912,0,5,1,cloister
53.893,12.823,0.89,0.0,19.034,1.098,43,272634,71,-6.951,0.31,5.877,0,0,768294912,0,5,1,cloister
53.906,13.333,0.862,0.0,19.034,1.098,43,272634,71,-6.996,0.31,5.881,0,0,768294912,0,5,1,cloister
53.92,13.083,0.793,0.0,19.034,1.098,43,272634,71,-7.041,0.31,5.885,0,0,768294912,0,5,1,cloister
53.934,13.397,0.987,0.0,19.034,1.098,43,272634,71,-7.086,0.31,5.889,0,0,768294912,0,5,1,cloister
53.947,12.948,0.79,0.0,19.034,1.098,43,272634,71,-7.086,0.31,5.889,0,0,768294912,0,5,1,cloister
53.961,14.299,0.797,0.0,19.034,1.098,43,272634,71,-7.13,0.31,5.892,0,0,768294912,0,5,1,cloister
53.974,13.263,0.852,0.0,19.034,1.098,43,272634,71,-7.175,0.31,5.896,0,0,768294912,0,5,1,cloister
53.988,12.638,1.024,0.0,19.034,1.098,43,272634,71,-7.22,0.31,5.9,0,0,768294912,0,5,1,cloister
54.001,13.457,1.011,0.0,19.034,1.098,43,272634,71,-7.265,0.31,5.904,0,0,768294912,0,5,1,cloister
54.014,12.398,0.866,0.0,19.034,1.098,42,268630,70,-7.265,0.31,5.904,0,0,768294912,0,5,1,cloister
54.028,14.748,0.953,0.0,19.034,1.098,42,268630,70,-7.31,0.31,5.908,0,0,768294912,0,5,1,cloister
54.041,12.453,0.904,0.0,19.034,1.098,42,268630,70,-7.355,0.31,5.911,0,0,768294912,0,5,1,cloister
54.054,13.074,0.786,0.0,19.034,1.098,42,268630,70,-7.399,0.31,5.915,0,0,768294912,0,5,1,cloister
54.068,12.981,0.648,0.0,19.034,1.098,42,268630,70,-7.444,0.31,5.919,0,0,768294912,0,5,1,cloister
54.081,12.436,0.881,0.0,19.034,1.098,42,268630,70,-7.444,0.31,5.919,0,0,768294912,0,5,1,cloister
54.095,20.672,0.751,0.0,19.034,1.098,42,268630,70,-7.489,0.31,5.923,0,0,768294912,0,5,1,cloister
54.108,12.837,0.902,0.0,19.034,1.098,42,268630,70,-7.534,0.31,5.927,0,0,768294912,0,5,1,cloister
54.122,12.136,0.997,0.0,19.034,1.098,41,268370,69,-7.579,0.31,5.93,0,0,768294912,0,5,1,cloister
54.136,12.906,0.609,0.0,19.513,1.163,41,268370,69,-7.624,0.31,5.934,0,0,768294912,0,5,1,cloister
54.15,13.078,0.811,0.0,19.513,1.163,41,268370,69,-7.669,0.31,5.938,0,0,768294912,0,5,1,cloister
54.163,11.915,0.494,0.0,19.513,1.163,41,268370,69,-7.669,0.31,5.938,0,0,768294912,0,5,1,cloister
54.177,13.811,0.457,0.0,19.513,1.163,41,268370,69,-7.713,0.31,5.942,0,0,768294912,0,5,1,cloister
54.19,13.48,0.406,0.0,19.513,1.163,41,268370,69,-7.758,0.31,5.946,0,0,768294912,0,5,1,cloister
54.203,12.848,0.375,0.0,19.513,1.163,41,268370,69,-7.803,0.31,5.949,0,0,768294912,0,5,1,cloister
54.217,12.625,0.454,0.0,19.513,1.163,41,268370,69,-7.848,0.31,5.953,0,0,768294912,0,5,1,cloister
54.23,12.172,0.467,0.0,19.513,1.163,41,268370,69,-7.848,0.31,5.953,0,0,768294912,0,5,1,cloister
54.243,13.622,0.515,0.0,19.513,1.163,41,268370,69,-7.893,0.31,5.957,0,0,768294912,0,5,1,cloister
54.257,12.564,0.49,0.0,19.513,1.163,41,268370,69,-7.938,0.31,5.961,0,0,768294912,0,5,1,cloister
54.27,12.765,0.374,0.0,19.513,1.163,41,268370,69,-7.976,0.31,5.964,0,0,768294912,0,5,1,cloister
54.283,12.778,0.351,0.0,19.513,1.163,41,272750,69,-8.011,0.31,5.968,0,0,768294912,0,5,1,cloister
54.297,12.842,0.35,0.0,19.513,1.163,39,180602,67,-8.011,0.31,5.968,0,0,768294912,0,5,1,cloister
54.31,18.633,0.332,0.0,19.513,1.163,39,180602,67,-8.043,0.31,5.973,0,0,768294912,0,5,1,cloister
54.324,12.946,0.364,0.0,19.513,1.163,42,184038,70,-8.073,0.31,5.98,0,0,768294912,0,5,1,cloister
54.337,13.258,0.39,0.0,19.513,1.163,43,183106,71,-8.102,0.31,5.988,0,0,768294912,0,5,1,cloister
54.351,13.121,0.34,0.0,19.513,1.163,57,194080,85,-8.13,0.31,5.998,0,0,768294912,0,5,1,cloister
54.364,12.896,0.37,0.0,19.513,1.163,64,177036,92,-8.13,0.31,5.998,0,0,768294912,0,5,1,cloister
54.377,14.466,0.373,0.0,19.513,1.163,64,177036,92,-8.157,0.31,6.011,0,0,768294912,0,5,1,cloister
54.391,13.335,0.432,0.0,19.513,1.163,71,204232,99,-8.183,0.31,6.027,0,0,768294912,0,5,1,cloister
54.404,13.879,0.431,0.0,19.513,1.163,73,236316,101,-8.209,0.31,6.045,0,0,768294912,0,5,1,cloister
54.418,13.574,0.468,0.0,19.513,1.163,82,236442,110,-8.234,0.31,6.066,0,0,768294912,0,5,1,cloister
54.432,13.029,0.534,0.0,19.513,1.163,85,236586,113,-8.234,0.31,6.066,0,0,768294912,0,5,1,cloister
54.445,15.171,0.622,0.0,19.513,1.163,85,236586,113,-8.258,0.31,6.089,0,0,768294912,0,5,1,cloister
54.459,12.569,0.718,0.0,19.513,1.163,86,236550,114,-8.281,0.31,6.115,0,0,768294912,0,5,1,cloister
54.472,13.681,1.246,0.0,19.513,1.163,86,236550,114,-8.302,0.31,6.142,0,0,768294912,0,5,1,cloister
54.486,13.491,0.982,0.0,19.513,1.163,87,236574,115,-8.323,0.31,6.172,0,0,768294912,0,5,1,cloister
54.499,12.604,1.807,0.0,19.513,1.163,91,242826,119,-8.323,0.31,6.172,0,0,768294912,0,5,1,cloister
54.513,14.571,0.889,0.0,19.513,1.163,91,242826,119,-8.343,0.31,6.203,0,0,768294912,0,5,1,cloister
54.526,12.974,1.054,0.0,19.513,1.163,96,238330,124,-8.362,0.31,6.236,0,0,768294912,0,5,1,cloister
54.54,13.67,0.992,0.0,19.513,1.163,96,238330,124,-8.379,0.31,6.271,0,0,768294912,0,5,1,cloister
54.553,12.724,0.687,0.0,19.513,1.163,97,238332,125,-8.396,0.31,6.307,0,0,768294912,0,5,1,cloister
54.566,13.47,0.838,0.0,19.513,1.163,97,238332,125,-8.396,0.31,6.307,0,0,768294912,0,5,1,cloister
54.58,14.064,0.641,0.0,19.513,1.163,97,238332,125,-8.411,0.31,6.344,0,0,768294912,0,5,1,cloister
54.593,12.618,1.129,0.0,19.513,1.163,99,243716,127,-8.425,0.31,6.382,0,0,768294912,0,5,1,cloister
54.607,19.004,1.055,0.0,19.513,1.163,100,243752,128,-8.438,0.31,6.421,0,0,768294912,0,5,1,cloister
54.62,13.286,0.67,0.0,19.513,1.163,100,243752,128,-8.45,0.31,6.461,0,0,768294912,0,5,1,cloister
54.634,12.903,0.955,0.0,19.513,1.163,99,243772,127,-8.462,0.31,6.502,0,0,768294912,0,5,1,cloister
54.648,12.429,0.982,0.0,19.513,1.163,99,243772,127,-8.462,0.31,6.502,0,0,768294912,0,5,1,cloister
54.661,14.811,0.932,0.0,19.513,1.163,99,243772,127,-8.472,0.31,6.543,0,0,768294912,0,5,1,cloister
54.675,13.435,0.842,0.0,19.513,1.163,99,243772,127,-8.482,0.31,6.585,0,0,768294912,0,5,1,cloister
54.688,13.859,1.29,0.0,19.513,1.163,99,243772,127,-8.491,0.31,6.627,0,0,768294912,0,5,1,cloister
54.702,13.22,1.019,0.0,19.513,1.163,99,243772,127,-8.499,0.31,6.67,0,0,768294912,0,5,1,cloister
54.716,13.29,1.161,0.0,19.513,1.163,99,243772,127,-8.499,0.31,6.67,0,0,768294912,0,5,1,cloister
54.729,14.286,1.022,0.0,19.513,1.163,99,243772,127,-8.506,0.31,6.713,0,0,768294912,0,5,1,cloister
54.743,14.181,1.074,0.0,19.513,1.163,97,224412,125,-8.513,0.31,6.756,0,0,768294912,0,5,1,cloister
54.757,13.405,0.986,0.0,19.513,1.163,97,224412,125,-8.519,0.31,6.799,0,0,768294912,0,5,1,cloister
54.77,14.369,1.037,0.0,19.513,1.163,97,224412,125,-8.524,0.31,6.843,0,0,768294912,0,5,1,cloister
54.784,14.198,0.968,0.0,19.513,1.163,97,224412,125,-8.529,0.31,6.887,0,0,768294912,0,5,1,cloister
54.798,13.516,0.991,0.0,19.513,1.163,97,224412,125,-8.529,0.31,6.887,0,0,768294912,0,5,1,cloister
54.811,14.381,0.74,0.0,19.513,1.163,97,224412,125,-8.533,0.31,6.931,0,0,768294912,0,5,1,cloister
54.825,14.218,1.062,0.0,19.513,1.163,95,224408,123,-8.537,0.31,6.975,0,0,768294912,0,5,1,cloister
54.838,13.93,0.533,0.0,19.513,1.163,94,224360,122,-8.541,0.31,7.02,0,0,768294912,0,5,1,cloister
54.852,14.171,0.486,0.0,19.513,1.163,94,224360,122,-8.544,0.31,7.064,0,0,768294912,0,5,1,cloister
54.866,13.32,0.507,0.0,19.513,1.163,94,224360,122,-8.544,0.31,7.064,0,0,768294912,0,5,1,cloister
54.88,14.705,0.498,0.0,19.513,1.163,94,224360,122,-8.546,0.31,7.109,0,0,768294912,0,5,1,cloister
54.894,14.381,0.474,0.0,19.513,1.163,94,224360,122,-8.549,0.31,7.153,0,0,768294912,0,5,1,cloister
54.908,14.084,0.529,0.0,19.513,1.163,94,224360,122,-8.551,0.31,7.198,0,0,768294912,0,5,1,cloister
54.922,14.383,0.452,0.0,19.513,1.163,94,224360,122,-8.552,0.31,7.243,0,0,768294912,0,5,1,cloister
54.937,14.708,0.562,0.0,19.513,1.163,94,224360,122,-8.554,0.31,7.288,0,0,768294912,0,5,1,cloister
54.951,14.111,0.668,0.0,19.513,1.163,94,224360,122,-8.555,0.31,7.332,0,0,768294912,0,5,1,cloister
54.965,13.461,1.027,0.0,19.513,1.163,94,224360,122,-8.555,0.31,7.332,0,0,768294912,0,5,1,cloister
54.979,15.251,0.905,0.0,19.513,1.163,94,224360,122,-8.556,0.31,7.377,0,0,768294912,0,5,1,cloister
54.993,13.588,0.914,0.0,19.513,1.163,94,224360,122,-8.557,0.31,7.422,0,0,768294912,0,5,1,cloister
55.007,13.787,0.899,0.0,19.513,1.163,94,224404,122,-8.557,0.31,7.467,0,0,768294912,0,5,1,cloister
55.027,20.431,1.109,0.0,19.513,1.163,94,224404,122,-8.558,0.31,7.512,0,0,768294912,0,5,1,cloister
55.041,13.461,0.982,0.0,19.513,1.163,94,224404,122,-8.558,0.31,7.557,0,0,768294912,0,5,1,cloister
55.056,14.915,1.483,0.0,19.513,1.163,94,224404,122,-8.558,0.31,7.602,0,0,768294912,0,5,1,cloister
55.07,14.175,0.556,0.0,19.513,1.163,94,224404,122,-8.558,0.31,7.647,0,0,768294912,0,5,1,cloister
55.085,13.96,0.934,0.0,19.513,1.163,94,224404,122,-8.557,0.31,7.692,0,0,768294912,0,5,1,cloister
55.1,13.981,0.951,0.0,19.513,1.163,94,224404,122,-8.557,0.31,7.692,0,0,768294912,0,5,1,cloister
55.115,14.717,1.022,0.0,19.513,1.163,94,224404,122,-8.557,0.31,7.737,0,0,768294912,0,5,1,cloister
55.13,14.501,1.075,0.0,19.374,1.17,94,224404,122,-8.557,0.31,7.782,0,0,768294912,0,5,1,cloister
55.144,14.229,0.975,0.0,19.374,1.17,96,224644,242,-8.556,0.31,7.826,0,0,768294912,0,5,1,cloister
55.159,13.815,1.057,0.0,19.374,1.17,96,224644,242,-8.555,0.31,7.871,0,0,768294912,0,5,1,cloister
55.174,14.731,1.002,0.0,19.374,1.17,96,224644,242,-8.555,0.31,7.916,0,0,768294912,0,5,1,cloister
55.189,14.219,1.122,0.0,19.374,1.17,96,224644,242,-8.554,0.31,7.961,0,0,768294912,0,5,1,cloister
55.204,14.158,1.253,0.0,19.374,1.17,96,224644,242,-8.553,0.31,8.006,0,0,768294912,0,5,1,cloister
55.218,14.808,0.962,0.0,19.374,1.17,97,224656,243,-8.552,0.31,8.051,0,0,768294912,0,5,1,cloister
55.233,18.31,1.051,0.0,19.374,1.17,97,224656,243,-8.552,0.31,8.051,0,0,768294912,0,5,1,cloister
55.248,14.644,0.754,0.0,19.374,1.17,97,224656,243,-8.551,0.31,8.096,0,0,768294912,0,5,1,cloister
55.263,14.405,1.311,0.0,19.374,1.17,97,224656,243,-8.55,0.31,8.141,0,0,768294912,0,5,1,cloister
55.278,14.336,0.91,0.0,19.374,1.17,97,224656,243,-8.548,0.31,8.186,0,0,768294912,0,5,1,cloister
55.292,13.578,0.979,0.0,19.374,1.17,97,224656,243,-8.547,0.31,8.231,0,0,768294912,0,5,1,cloister
55.307,14.291,2.536,0.0,19.374,1.17,97,224656,243,-8.546,0.31,8.276,0,0,768294912,0,5,1,cloister
55.322,14.634,0.464,0.0,19.374,1.17,97,224656,243,-8.545,0.31,8.321,0,0,768294912,0,5,1,cloister
55.337,15.462,0.416,0.0,19.374,1.17,97,224656,243,-8.543,0.31,8.366,0,0,768294912,0,5,1,cloister
55.352,13.183,0.621,0.0,19.374,1.17,97,224656,243,-8.542,0.31,8.411,0,0,768294912,0,5,1,cloister
55.367,12.867,0.964,0.0,19.374,1.17,97,224656,243,-8.542,0.31,8.411,0,0,768294912,0,5,1,cloister
55.381,20.302,1.14,0.0,19.374,1.17,97,224656,243,-8.54,0.31,8.456,0,0,768294912,0,5,1,cloister
55.396,14.178,0.422,0.0,19.374,1.17,97,224656,243,-8.539,0.31,8.501,0,0,768294912,0,5,1,cloister
55.411,14.498,0.472,0.0,19.374,1.17,97,224656,243,-8.537,0.31,8.546,0,0,768294912,0,5,1,cloister
55.426,14.741,0.588,0.0,19.374,1.17,97,226056,243,-8.536,0.31,8.591,0,0,768294912,0,5,1,cloister
55.441,14.213,0.899,0.0,19.374,1.17,97,226056,243,-8.534,0.31,8.636,0,0,768294912,0,5,1,cloister
55.455,14.118,1.093,0.0,19.374,1.17,97,226056,243,-8.533,0.31,8.681,0,0,768294912,0,5,1,cloister
55.47,14.345,1.014,0.0,19.374,1.17,95,225884,123,-8.531,0.31,8.726,0,0,768294912,0,5,1,cloister
55.485,15.473,0.9,0.0,19.374,1.17,95,225884,123,-8.53,0.31,8.771,0,0,768294912,0,5,1,cloister
55.5,11.505,1.325,0.0,19.374,1.17,95,225884,123,-8.53,0.31,8.771,0,0,768294912,0,5,1,cloister
55.515,14.395,1.277,0.0,19.374,1.17,95,225884,123,-8.528,0.31,8.816,0,0,768294912,0,5,1,cloister
55.53,15.505,0.407,0.0,19.374,1.17,95,225884,123,-8.526,0.31,8.861,0,0,768294912,0,5,1,cloister
55.544,14.006,0.438,0.0,19.374,1.17,95,225884,123,-8.525,0.31,8.906,0,0,768294912,0,5,1,cloister
55.559,14.111,1.095,0.0,19.374,1.17,95,225884,123,-8.523,0.31,8.951,0,0,768294912,0,5,1,cloister
55.573,14.295,1.007,0.0,19.374,1.17,95,225884,123,-8.521,0.31,8.996,0,0,768294912,0,5,1,cloister
55.588,14.097,0.912,0.0,19.374,1.17,95,225884,123,-8.52,0.31,9.041,0,0,768294912,0,5,1,cloister
55.602,14.194,0.992,0.0,19.374,1.17,95,225884,123,-8.518,0.31,9.086,0,0,768294912,0,5,1,cloister
55.617,20.726,1.022,0.0,19.374,1.17,95,231484,123,-8.516,0.31,9.131,0,0,768294912,0,5,1,cloister
55.632,13.751,0.755,0.0,19.374,1.17,94,231468,122,-8.516,0.31,9.131,0,0,768294912,0,5,1,cloister
55.647,15.816,0.927,0.0,19.374,1.17,94,231468,122,-8.515,0.31,9.176,0,0,768294912,0,5,1,cloister
55.662,12.871,1.104,0.0,19.374,1.17,94,231468,122,-8.513,0.31,9.221,0,0,768294912,0,5,1,cloister
55.677,16.011,1.154,0.0,19.374,1.17,94,231468,122,-8.511,0.31,9.266,0,0,768294912,0,5,1,cloister
55.691,13.217,0.474,0.0,19.374,1.17,94,231468,122,-8.509,0.31,9.311,0,0,768294912,0,5,1,cloister
55.706,15.114,0.913,0.0,19.374,1.17,94,231468,122,-8.508,0.31,9.356,0,0,768294912,0,5,1,cloister
55.721,13.695,0.564,0.0,19.374,1.17,94,231468,122,-8.506,0.31,9.4,0,0,768294912,0,5,1,cloister
55.736,14.719,1.853,0.0,19.374,1.17,94,231468,122,-8.504,0.31,9.445,0,0,768294912,0,5,1,cloister
55.751,14.058,1.001,0.0,19.374,1.17,94,231468,122,-8.502,0.31,9.49,0,0,768294912,0,5,1,cloister
55.765,13.764,1.282,0.0,19.374,1.17,93,231452,121,-8.502,0.31,9.49,0,0,768294912,0,5,1,cloister
55.78,14.485,0.976,0.0,19.374,1.17,93,231452,121,-8.501,0.31,9.535,0,0,768294912,0,5,1,cloister
55.795,14.979,1.026,0.0,19.374,1.17,93,231452,121,-8.499,0.31,9.58,0,0,768294912,0,5,1,cloister
55.809,14.331,0.913,0.0,19.374,1.17,92,231416,120,-8.497,0.31,9.625,0,0,768294912,0,5,1,cloister
55.824,13.871,0.952,0.0,19.374,1.17,92,231416,120,-8.495,0.31,9.67,0,0,768294912,0,5,1,cloister
55.838,13.369,1.068,0.0,19.374,1.17,92,231416,120,-8.493,0.31,9.715,0,0,768294912,0,5,1,cloister
55.853,14.716,1.36,0.0,19.374,1.17,92,231416,120,-8.492,0.31,9.76,0,0,768294912,0,5,1,cloister
55.867,13.923,0.434,0.0,19.374,1.17,92,231416,120,-8.49,0.31,9.805,0,0,768294912,0,5,1,cloister
55.882,14.666,0.414,0.0,19.374,1.17,92,231416,120,-8.49,0.31,9.805,0,0,768294912,0,5,1,cloister
55.897,14.911,0.465,0.0,19.374,1.17,92,231416,120,-8.488,0.31,9.85,0,0,768294912,0,5,1,cloister
55.911,13.992,0.967,0.0,19.374,1.17,92,231416,120,-8.486,0.31,9.895,0,0,768294912,0,5,1,cloister
55.926,14.05,0.925,0.0,19.374,1.17,92,231416,120,-8.484,0.31,9.94,0,0,768294912,0,5,1,cloister
55.94,14.471,0.926,0.0,19.374,1.17,92,231416,120,-8.483,0.31,9.985,0,0,768294912,0,5,1,cloister
55.955,14.486,0.914,0.0,19.374,1.17,92,231416,120,-8.481,0.31,10.03,0,0,768294912,0,5,1,cloister
55.97,14.003,0.537,0.0,19.374,1.17,92,231416,120,-8.479,0.31,10.075,0,0,768294912,0,5,1,cloister
55.984,14.323,1.003,0.0,19.374,1.17,93,231436,121,-8.477,0.31,10.12,0,0,768294912,0,5,1,cloister
55.999,13.313,0.955,0.0,19.374,1.17,92,199372,120,-8.477,0.31,10.12,0,0,768294912,0,5,1,cloister
56.013,14.514,0.946,0.0,19.374,1.17,92,199372,120,-8.475,0.31,10.165,0,0,768294912,0,5,1,cloister
56.028,14.75,0.964,0.0,19.374,1.17,92,199372,120,-8.474,0.31,10.21,0,0,768294912,0,5,1,cloister
56.042,13.459,0.918,0.0,19.374,1.17,91,199112,119,-8.472,0.31,10.255,0,0,768294912,0,5,1,cloister
56.057,14.439,0.989,0.0,19.374,1.17,91,199112,119,-8.47,0.31,10.3,0,0,768294912,0,5,1,cloister
56.072,14.544,0.968,0.0,19.374,1.17,91,199112,119,-8.468,0.31,10.345,0,0,768294912,0,5,1,cloister
56.086,13.846,0.935,0.0,19.374,1.17,91,199112,119,-8.466,0.31,10.39,0,0,768294912,0,5,1,cloister
56.101,14.388,0.966,0.0,19.374,1.17,91,199112,119,-8.464,0.31,10.435,0,0,768294912,0,5,1,cloister
56.115,13.841,0.904,0.0,19.374,1.17,91,199112,119,-8.464,0.31,10.435,0,0,768294912,0,5,1,cloister
56.13,19.779,0.979,0.0,19.374,1.17,91,199112,119,-8.463,0.31,10.48,0,0,768294912,0,5,1,cloister
56.145,14.406,0.924,0.0,19.78,1.211,91,199112,119,-8.461,0.31,10.525,0,0,768294912,0,5,1,cloister
56.159,14.24,1.51,0.0,19.78,1.211,91,199112,119,-8.459,0.31,10.57,0,0,768294912,0,5,1,cloister
56.174,14.08,1.007,0.0,19.78,1.211,91,199112,119,-8.457,0.31,10.614,0,0,768294912,0,5,1,cloister
56.188,14.141,0.917,0.0,19.78,1.211,91,199112,119,-8.455,0.31,10.659,0,0,768294912,0,5,1,cloister
56.203,20.37,1.112,0.0,19.78,1.211,91,199112,119,-8.453,0.31,10.704,0,0,768294912,0,5,1,cloister
56.218,14.066,0.931,0.0,19.78,1.211,91,199112,119,-8.452,0.31,10.749,0,0,768294912,0,5,1,cloister
56.232,13.724,0.907,0.0,19.78,1.211,91,199112,119,-8.452,0.31,10.749,0,0,768294912,0,5,1,cloister
56.247,14.861,0.902,0.0,19.78,1.211,91,199112,119,-8.45,0.31,10.794,0,0,768294912,0,5,1,cloister
56.261,14.575,0.946,0.0,19.78,1.211,89,197312,117,-8.448,0.31,10.839,0,0,768294912,0,5,1,cloister
56.276,14.352,0.902,0.0,19.78,1.211,89,197312,117,-8.446,0.31,10.884,0,0,768294912,0,5,1,cloister
56.291,14.264,1.106,0.0,19.78,1.211,87,191928,115,-8.444,0.31,10.929,0,0,768294912,0,5,1,cloister
56.305,14.254,1.028,0.0,19.78,1.211,86,191926,114,-8.442,0.31,10.974,0,0,768294912,0,5,1,cloister
56.32,14.169,0.913,0.0,19.78,1.211,86,191926,114,-8.44,0.31,11.019,0,0,768294912,0,5,1,cloister
56.334,14.076,0.872,0.0,19.78,1.211,86,191926,114,-8.439,0.31,11.064,0,0,768294912,0,5,1,cloister
56.349,13.409,0.743,0.0,19.78,1.211,86,191926,114,-8.439,0.31,11.064,0,0,768294912,0,5,1,cloister
56.363,15.622,0.696,0.0,19.78,1.211,86,191926,114,-8.437,0.31,11.109,0,0,768294912,0,5,1,cloister
56.378,14.232,0.696,0.0,19.78,1.211,86,191926,114,-8.435,0.31,11.154,0,0,768294912,0,5,1,cloister
56.393,14.363,1.052,0.0,19.78,1.211,86,191926,114,-8.433,0.31,11.199,0,0,768294912,0,5,1,cloister
56.407,13.939,0.899,0.0,19.78,1.211,86,191926,114,-8.431,0.31,11.244,0,0,768294912,0,5,1,cloister
56.422,14.624,0.928,0.0,19.78,1.211,86,191926,114,-8.429,0.31,11.289,0,0,768294912,0,5,1,cloister
56.436,14.282,1.007,0.0,19.78,1.211,86,191982,114,-8.428,0.31,11.334,0,0,768294912,0,5,1,cloister
56.451,14.512,0.964,0.0,19.78,1.211,86,191982,114,-8.426,0.31,11.379,0,0,768294912,0,5,1,cloister
56.466,13.276,0.961,0.0,19.78,1.211,86,191982,114,-8.426,0.31,11.379,0,0,768294912,0,5,1,cloister
56.48,14.532,1.037,0.0,19.78,1.211,86,191982,114,-8.424,0.31,11.424,0,0,768294912,0,5,1,cloister
56.495,14.314,0.956,0.0,19.78,1.211,86,191982,114,-8.422,0.31,11.469,0,0,768294912,0,5,1,cloister
56.509,14.135,0.892,0.0,19.78,1.211,86,191982,114,-8.42,0.31,11.514,0,0,768294912,0,5,1,cloister
56.524,14.071,0.979,0.0,19.78,1.211,86,191982,114,-8.419,0.31,11.552,0,0,768294912,0,5,1,cloister
56.538,14.232,0.886,0.0,19.78,1.211,83,189854,111,-8.419,0.31,11.585,0,0,768294912,0,5,1,cloister
56.553,14.018,0.878,0.0,19.78,1.211,70,185148,98,-8.42,0.31,11.613,0,0,768294912,0,5,1,cloister
56.568,14.078,0.691,0.0,19.78,1.211,63,204304,91,-8.421,0.31,11.637,0,0,768294912,0,5,1,cloister
56.582,18.569,0.999,0.0,19.78,1.211,59,184940,87,-8.421,0.31,11.637,0,0,768294912,0,5,1,cloister
56.597,14.179,0.672,0.0,19.78,1.211,59,184940,87,-8.425,0.31,11.658,0,0,768294912,0,5,1,cloister
56.611,13.981,1.085,0.0,19.78,1.211,39,146648,67,-8.429,0.31,11.675,0,0,768294912,0,5,1,cloister
56.626,13.472,0.549,0.0,19.78,1.211,30,127054,58,-8.434,0.31,11.689,0,0,768294912,0,5,1,cloister
56.641,14.037,0.942,0.0,19.78,1.211,22,130444,50,-8.44,0.31,11.7,0,0,768294912,0,5,1,cloister
56.655,13.282,0.78,0.0,19.78,1.211,23,138054,51,-8.446,0.31,11.709,0,0,768294912,0,5,1,cloister
56.67,14.112,0.84,0.0,19.78,1.211,35,149242,63,-8.455,0.31,11.715,0,0,768294912,0,5,1,cloister
56.682,12.166,0.775,0.0,19.78,1.211,44,342736,72,-8.455,0.31,11.715,0,0,768294912,0,5,1,cloister
56.696,13.936,0.867,0.0,19.78,1.211,44,342736,72,-8.465,0.31,11.718,0,0,768294912,0,5,1,cloister
56.709,13.716,0.464,0.0,19.78,1.211,56,433838,84,-8.478,0.31,11.718,0,0,768294912,0,5,1,cloister
56.724,14.364,0.45,0.0,19.78,1.211,66,442770,94,-8.493,0.31,11.715,0,0,768294912,0,5,1,cloister
56.737,13.439,0.535,0.0,19.78,1.211,66,442770,94,-8.509,0.31,11.708,0,0,768294912,0,5,1,cloister
56.751,14.266,0.631,0.0,19.78,1.211,64,442646,92,-8.526,0.31,11.699,0,0,768294912,0,5,1,cloister
56.765,14.424,0.492,0.0,19.78,1.211,66,474818,94,-8.526,0.31,11.699,0,0,768294912,0,5,1,cloister
56.779,14.71,0.586,0.0,19.78,1.211,66,474818,94,-8.544,0.31,11.686,0,0,768294912,0,5,1,cloister
56.793,13.433,0.887,0.0,19.78,1.211,73,486678,101,-8.563,0.31,11.67,0,0,768294912,0,5,1,cloister
56.807,13.752,0.576,0.0,19.78,1.211,74,486680,102,-8.583,0.31,11.651,0,0,768294912,0,5,1,cloister
56.821,13.793,0.928,0.0,19.78,1.211,79,500072,107,-8.602,0.31,11.629,0,0,768294912,0,5,1,cloister
56.835,13.88,0.856,0.0,19.78,1.211,79,500072,107,-8.621,0.31,11.605,0,0,768294912,0,5,1,cloister
56.849,13.68,0.845,0.0,19.78,1.211,86,511588,114,-8.621,0.31,11.605,0,0,768294912,0,5,1,cloister
56.863,14.777,1.146,0.0,19.78,1.211,86,511588,114,-8.64,0.31,11.579,0,0,768294912,0,5,1,cloister
56.876,14.145,1.129,0.0,19.78,1.211,91,514814,119,-8.658,0.31,11.55,0,0,768294912,0,5,1,cloister
56.89,14.543,0.6,0.0,19.78,1.211,92,576590,120,-8.675,0.31,11.519,0,0,768294912,0,5,1,cloister
56.904,14.238,0.475,0.0,19.78,1.211,95,617286,123,-8.691,0.31,11.486,0,0,768294912,0,5,1,cloister
56.918,14.43,0.431,0.0,19.78,1.211,98,617328,126,-8.707,0.31,11.452,0,0,768294912,0,5,1,cloister
56.932,13.803,0.505,0.0,19.78,1.211,100,617452,128,-8.707,0.31,11.452,0,0,768294912,0,5,1,cloister
56.946,15.728,0.582,0.0,19.78,1.211,100,617452,128,-8.722,0.31,11.417,0,0,768294912,0,5,1,cloister
56.96,14.46,0.549,0.0,19.78,1.211,105,621718,133,-8.735,0.31,11.38,0,0,768294912,0,5,1,cloister
56.974,14.549,1.005,0.0,19.78,1.211,107,625056,135,-8.748,0.31,11.342,0,0,768294912,0,5,1,cloister
56.988,14.746,0.863,0.0,19.78,1.211,109,625668,137,-8.759,0.31,11.303,0,0,768294912,0,5,1,cloister
57.001,14.15,0.864,0.0,19.78,1.211,109,625668,137,-8.77,0.31,11.263,0,0,768294912,0,5,1,cloister
57.015,13.767,0.861,0.0,19.78,1.211,110,625928,138,-8.77,0.31,11.263,0,0,768294912,0,5,1,cloister
57.029,14.906,0.879,0.0,19.78,1.211,110,625928,138,-8.78,0.31,11.223,0,0,768294912,0,5,1,cloister
57.043,14.213,0.913,0.0,19.78,1.211,113,658010,141,-8.789,0.31,11.182,0,0,768294912,0,5,1,cloister
57.057,14.374,0.921,0.0,19.78,1.211,116,657958,144,-8.797,0.31,11.14,0,0,768294912,0,5,1,cloister
57.072,20.574,1.109,0.0,19.78,1.211,119,658410,147,-8.804,0.31,11.098,0,0,768294912,0,5,1,cloister
57.086,14.345,0.938,0.0,19.78,1.211,125,658974,153,-8.81,0.31,11.056,0,0,768294912,0,5,1,cloister
57.1,14.308,0.885,0.0,19.78,1.211,125,655650,153,-8.815,0.31,11.013,0,0,768294912,0,5,1,cloister
57.115,13.552,0.978,0.0,19.78,1.211,126,647092,154,-8.815,0.31,11.013,0,0,768294912,0,5,1,cloister
57.129,14.558,0.894,0.0,19.838,1.17,126,647092,154,-8.82,0.31,10.969,0,0,768294912,0,5,1,cloister
57.143,14.424,0.866,0.0,19.838,1.17,133,648182,161,-8.824,0.31,10.926,0,0,768294912,0,5,1,cloister
57.157,14.419,0.867,0.0,19.838,1.17,135,648486,163,-8.827,0.31,10.882,0,0,768294912,0,5,1,cloister
57.172,13.853,0.908,0.0,19.838,1.17,137,648650,165,-8.829,0.31,10.838,0,0,768294912,0,5,1,cloister
57.186,14.805,1.021,0.0,19.838,1.17,139,648674,167,-8.831,0.31,10.794,0,0,768294912,0,5,1,cloister
57.2,14.37,0.932,0.0,19.838,1.17,151,658328,179,-8.832,0.31,10.75,0,0,768294912,0,5,1,cloister
57.215,13.569,1.494,0.0,19.838,1.17,157,673047,185,-8.832,0.31,10.75,0,0,768294912,0,5,1,cloister
57.229,14.754,1.009,0.0,19.838,1.17,157,673047,185,-8.833,0.31,10.706,0,0,768294912,0,5,1,cloister
57.243,14.36,1.031,0.0,19.838,1.17,166,692528,194,-8.833,0.31,10.662,0,0,768294912,0,5,1,cloister
57.257,14.0,1.284,0.0,19.838,1.17,167,694596,195,-8.833,0.31,10.617,0,0,768294912,0,5,1,cloister
57.272,13.65,1.149,0.0,19.838,1.17,168,697380,196,-8.832,0.31,10.573,0,0,768294912,0,5,1,cloister
57.286,14.458,1.245,0.0,19.838,1.17,172,706890,200,-8.831,0.31,10.528,0,0,768294912,0,5,1,cloister
57.3,13.56,1.03,0.0,19.838,1.17,172,706890,200,-8.829,0.31,10.483,0,0,768294912,0,5,1,cloister
57.315,13.003,1.133,0.0,19.838,1.17,174,712489,202,-8.829,0.31,10.483,0,0,768294912,0,5,1,cloister
57.329,14.913,1.052,0.0,19.838,1.17,174,712489,202,-8.827,0.31,10.439,0,0,768294912,0,5,1,cloister
57.343,13.827,0.727,0.0,19.838,1.17,177,714791,205,-8.824,0.31,10.394,0,0,768294912,0,5,1,cloister
57.357,14.247,0.542,0.0,19.838,1.17,178,717575,206,-8.821,0.31,10.35,0,0,768294912,0,5,1,cloister
57.374,20.984,0.588,0.0,19.838,1.17,179,719689,207,-8.818,0.31,10.305,0,0,768294912,0,5,1,cloister
57.389,15.115,0.508,0.0,19.838,1.17,179,719689,207,-8.815,0.31,10.26,0,0,768294912,0,5,1,cloister
57.403,13.599,0.615,0.0,19.838,1.17,180,719969,208,-8.811,0.31,10.216,0,0,768294912,0,5,1,cloister
57.418,16.092,1.063,0.0,19.838,1.17,180,719969,208,-8.807,0.31,10.171,0,0,768294912,0,5,1,cloister
57.433,13.393,0.53,0.0,19.838,1.17,182,722057,210,-8.807,0.31,10.171,0,0,768294912,0,5,1,cloister
57.447,15.618,0.965,0.0,19.838,1.17,182,722057,210,-8.802,0.31,10.126,0,0,768294912,0,5,1,cloister
57.462,14.792,0.956,0.0,19.838,1.17,182,722079,210,-8.797,0.31,10.082,0,0,768294912,0,5,1,cloister
57.477,14.743,1.141,0.0,19.838,1.17,185,722237,213,-8.792,0.31,10.037,0,0,768294912,0,5,1,cloister
57.492,14.903,1.221,0.0,19.838,1.17,187,734645,215,-8.787,0.31,9.993,0,0,768294912,0,5,1,cloister
57.508,16.172,1.166,0.0,19.838,1.17,188,734725,216,-8.782,0.31,9.948,0,0,768294912,0,5,1,cloister
57.522,12.549,1.046,0.0,19.838,1.17,188,734725,216,-8.776,0.31,9.903,0,0,768294912,0,5,1,cloister
57.537,14.805,0.769,0.0,19.838,1.17,190,737453,218,-8.77,0.31,9.859,0,0,768294912,0,5,1,cloister
57.552,14.532,0.763,0.0,19.838,1.17,191,737525,219,-8.764,0.31,9.814,0,0,768294912,0,5,1,cloister
57.567,14.096,0.692,0.0,19.838,1.17,191,737525,219,-8.764,0.31,9.814,0,0,768294912,0,5,1,cloister
57.581,15.21,0.645,0.0,19.838,1.17,191,737525,219,-8.758,0.31,9.77,0,0,768294912,0,5,1,cloister
57.596,14.439,1.032,0.0,19.838,1.17,193,739685,221,-8.751,0.31,9.725,0,0,768294912,0,5,1,cloister
57.611,14.259,1.277,0.0,19.838,1.17,195,739735,223,-8.744,0.31,9.681,0,0,768294912,0,5,1,cloister
57.626,14.754,1.042,0.0,19.838,1.17,195,739735,223,-8.737,0.31,9.637,0,0,768294912,0,5,1,cloister
57.641,14.65,0.988,0.0,19.838,1.17,196,741827,224,-8.73,0.31,9.592,0,0,768294912,0,5,1,cloister
57.655,14.467,1.028,0.0,19.838,1.17,196,741827,224,-8.723,0.31,9.548,0,0,768294912,0,5,1,cloister
57.672,21.032,1.19,0.0,19.838,1.17,197,741839,225,-8.716,0.31,9.504,0,0,768294912,0,5,1,cloister
57.687,12.513,1.195,0.0,19.838,1.17,198,741863,226,-8.708,0.31,9.459,0,0,768294912,0,5,1,cloister
57.702,14.883,1.42,0.0,19.838,1.17,198,741863,226,-8.7,0.31,9.415,0,0,768294912,0,5,1,cloister
57.717,14.407,0.524,0.0,19.838,1.17,196,741827,224,-8.7,0.31,9.415,0,0,768294912,0,5,1,cloister
57.732,14.793,0.625,0.0,19.838,1.17,196,741827,224,-8.693,0.31,9.371,0,0,768294912,0,5,1,cloister
57.747,14.537,1.407,0.0,19.838,1.17,190,734833,218,-8.685,0.31,9.326,0,0,768294912,0,5,1,cloister
57.762,14.245,1.12,0.0,19.838,1.17,189,734761,217,-8.678,0.31,9.282,0,0,768294912,0,5,1,cloister
57.777,15.72,1.01,0.0,19.838,1.17,188,734725,216,-8.671,0.31,9.238,0,0,768294912,0,5,1,cloister
57.792,13.378,1.073,0.0,19.838,1.17,186,722317,214,-8.664,0.31,9.193,0,0,768294912,0,5,1,cloister
57.807,14.411,1.103,0.0,19.838,1.17,182,720131,210,-8.658,0.31,9.149,0,0,768294912,0,5,1,cloister
57.822,15.029,0.996,0.0,19.838,1.17,180,719987,208,-8.651,0.31,9.104,0,0,768294912,0,5,1,cloister
57.837,13.263,1.176,0.0,19.838,1.17,181,720207,327,-8.645,0.31,9.06,0,0,768294912,0,5,1,cloister
57.852,14.285,1.108,0.0,19.838,1.17,181,720207,327,-8.639,0.31,9.016,0,0,768294912,0,5,1,cloister
57.867,15.195,0.55,0.0,19.838,1.17,180,711527,326,-8.639,0.31,9.016,0,0,768294912,0,5,1,cloister
57.881,13.288,0.763,0.0,19.838,1.17,180,711527,326,-8.633,0.31,8.971,0,0,768294912,0,5,1,cloister
57.896,14.18,1.409,0.0,19.838,1.17,177,706430,323,-8.627,0.31,8.926,0,0,768294912,0,5,1,cloister
57.911,14.576,0.632,0.0,19.838,1.17,176,703646,322,-8.622,0.31,8.882,0,0,768294912,0,5,1,cloister
57.926,13.817,0.676,0.0,19.838,1.17,175,701532,321,-8.617,0.31,8.837,0,0,768294912,0,5,1,cloister
57.941,14.451,0.613,0.0,19.838,1.17,172,694686,318,-8.612,0.31,8.792,0,0,768294912,0,5,1,cloister
57.956,14.541,0.555,0.0,19.838,1.17,172,694686,318,-8.607,0.31,8.748,0,0,768294912,0,5,1,cloister
57.971,20.582,0.627,0.0,19.838,1.17,172,694686,318,-8.602,0.31,8.703,0,0,768294912,0,5,1,cloister
57.986,14.103,0.53,0.0,19.838,1.17,172,694686,318,-8.597,0.31,8.658,0,0,768294912,0,5,1,cloister
58.001,14.777,0.496,0.0,19.838,1.17,170,694682,316,-8.593,0.31,8.614,0,0,768294912,0,5,1,cloister
58.016,13.876,0.605,0.0,19.838,1.17,170,694682,316,-8.593,0.31,8.614,0,0,768294912,0,5,1,cloister
58.031,15.862,0.655,0.0,19.838,1.17,170,694682,316,-8.588,0.31,8.569,0,0,768294912,0,5,1,cloister
58.046,13.832,0.674,0.0,19.838,1.17,170,694682,316,-8.584,0.31,8.524,0,0,768294912,0,5,1,cloister
58.06,14.136,1.332,0.0,19.838,1.17,170,693282,316,-8.58,0.31,8.479,0,0,768294912,0,5,1,cloister
58.075,14.577,1.162,0.0,19.838,1.17,170,701834,316,-8.576,0.31,8.434,0,0,768294912,0,5,1,cloister
58.09,16.241,0.491,0.0,19.838,1.17,170,701834,316,-8.572,0.31,8.39,0,0,768294912,0,5,1,cloister
58.105,13.24,0.623,0.0,19.838,1.17,170,701834,316,-8.568,0.31,8.345,0,0,768294912,0,5,1,cloister
58.12,14.402,1.245,0.0,19.838,1.17,169,699142,315,-8.565,0.31,8.3,0,0,768294912,0,5,1,cloister
58.134,14.247,1.018,0.0,20.206,1.439,169,699142,315,-8.561,0.31,8.255,0,0,768294912,0,5,1,cloister
58.149,14.019,1.069,0.0,20.206,1.439,169,699142,315,-8.561,0.31,8.255,0,0,768294912,0,5,1,cloister
58.164,14.758,1.14,0.0,20.206,1.439,169,699142,315,-8.557,0.31,8.21,0,0,768294912,0,5,1,cloister
58.179,14.269,1.274,0.0,20.206,1.439,169,699142,315,-8.554,0.31,8.165,0,0,768294912,0,5,1,cloister
58.194,13.558,1.352,0.0,20.206,1.439,168,699126,314,-8.551,0.31,8.121,0,0,768294912,0,5,1,cloister
58.209,15.665,0.993,0.0,20.206,1.439,168,699126,314,-8.547,0.31,8.076,0,0,768294912,0,5,1,cloister
58.223,13.56,0.493,0.0,20.206,1.439,168,699126,314,-8.544,0.31,8.031,0,0,768294912,0,5,1,cloister
58.238,13.816,1.368,0.0,20.206,1.439,168,699126,314,-8.541,0.31,7.986,0,0,768294912,0,5,1,cloister
58.253,14.617,1.046,0.0,20.206,1.439,166,696538,312,-8.537,0.31,7.941,0,0,768294912,0,5,1,cloister
58.268,19.306,1.043,0.0,20.206,1.439,164,696470,310,-8.534,0.31,7.896,0,0,768294912,0,5,1,cloister
58.283,12.972,1.168,0.0,20.206,1.439,162,693800,308,-8.534,0.31,7.896,0,0,768294912,0,5,1,cloister
58.297,14.856,1.261,0.0,20.206,1.439,162,693800,308,-8.531,0.31,7.851,0,0,768294912,0,5,1,cloister
58.312,13.217,1.054,0.0,20.206,1.439,160,693560,188,-8.528,0.31,7.806,0,0,768294912,0,5,1,cloister
58.327,13.448,1.03,0.0,20.206,1.439,159,693548,187,-8.525,0.31,7.762,0,0,768294912,0,5,1,cloister
58.342,14.878,0.881,0.0,20.206,1.439,159,693548,187,-8.522,0.31,7.717,0,0,768294912,0,5,1,cloister
58.357,14.124,0.452,0.0,20.206,1.439,159,693548,187,-8.519,0.31,7.672,0,0,768294912,0,5,1,cloister
58.371,13.812,0.599,0.0,20.206,1.439,160,693572,188,-8.516,0.31,7.627,0,0,768294912,0,5,1,cloister
58.386,14.622,0.905,0.0,20.206,1.439,160,693572,188,-8.513,0.31,7.582,0,0,768294912,0,5,1,cloister
58.4,12.99,1.044,0.0,20.206,1.439,160,693572,188,-8.513,0.31,7.582,0,0,768294912,0,5,1,cloister
58.414,14.817,1.022,0.0,20.206,1.439,160,693572,188,-8.51,0.31,7.537,0,0,768294912,0,5,1,cloister
58.428,14.117,1.071,0.0,20.206,1.439,160,693572,188,-8.508,0.31,7.492,0,0,768294912,0,5,1,cloister
58.442,13.707,1.026,0.0,20.206,1.439,160,693572,188,-8.505,0.31,7.447,0,0,768294912,0,5,1,cloister
58.456,14.323,1.308,0.0,20.206,1.439,160,693572,188,-8.502,0.31,7.402,0,0,768294912,0,5,1,cloister
58.47,14.18,0.775,0.0,20.206,1.439,160,693572,188,-8.499,0.31,7.357,0,0,768294912,0,5,1,cloister
58.484,13.627,1.277,0.0,20.206,1.439,159,690788,187,-8.496,0.31,7.313,0,0,768294912,0,5,1,cloister
58.498,13.641,1.395,0.0,20.206,1.439,158,689888,186,-8.496,0.31,7.313,0,0,768294912,0,5,1,cloister
58.513,15.082,1.111,0.0,20.206,1.439,158,689888,186,-8.494,0.31,7.268,0,0,768294912,0,5,1,cloister
58.527,13.73,1.132,0.0,20.206,1.439,157,689872,185,-8.491,0.31,7.223,0,0,768294912,0,5,1,cloister
58.541,14.147,1.357,0.0,20.206,1.439,156,689172,184,-8.488,0.31,7.178,0,0,768294912,0,5,1,cloister
58.555,14.067,1.056,0.0,20.206,1.439,157,692508,185,-8.486,0.31,7.133,0,0,768294912,0,5,1,cloister
58.569,20.573,1.321,0.0,20.206,1.439,156,689711,184,-8.483,0.31,7.088,0,0,768294912,0,5,1,cloister
58.583,13.847,0.925,0.0,20.206,1.439,156,689711,184,-8.48,0.31,7.043,0,0,768294912,0,5,1,cloister
58.598,12.977,1.357,0.0,20.206,1.439,156,689711,184,-8.48,0.31,7.043,0,0,768294912,0,5,1,cloister
58.612,14.761,0.996,0.0,20.206,1.439,156,689711,184,-8.478,0.31,6.998,0,0,768294912,0,5,1,cloister
58.626,13.95,0.99,0.0,20.206,1.439,156,689711,184,-8.475,0.31,6.953,0,0,768294912,0,5,1,cloister
58.641,14.105,0.975,0.0,20.206,1.439,155,689663,183,-8.472,0.31,6.908,0,0,768294912,0,5,1,cloister
58.655,14.536,1.157,0.0,20.206,1.439,155,689663,183,-8.47,0.31,6.863,0,0,768294912,0,5,1,cloister
58.669,13.867,1.003,0.0,20.206,1.439,155,689663,183,-8.467,0.31,6.818,0,0,768294912,0,5,1,cloister
58.683,14.454,0.966,0.0,20.206,1.439,154,688064,182,-8.465,0.31,6.773,0,0,768294912,0,5,1,cloister
58.698,13.642,1.032,0.0,20.206,1.439,153,682865,181,-8.465,0.31,6.773,0,0,768294912,0,5,1,cloister
58.712,15.194,1.024,0.0,20.206,1.439,153,682865,181,-8.462,0.31,6.729,0,0,768294912,0,5,1,cloister
58.726,13.736,0.955,0.0,20.206,1.439,153,682865,181,-8.459,0.31,6.684,0,0,768294912,0,5,1,cloister
58.741,13.794,1.157,0.0,20.206,1.439,153,682865,181,-8.457,0.31,6.639,0,0,768294912,0,5,1,cloister
58.755,14.511,0.706,0.0,20.206,1.439,153,682865,181,-8.454,0.31,6.594,0,0,768294912,0,5,1,cloister
58.769,13.76,0.989,0.0,20.206,1.439,153,682865,181,-8.452,0.31,6.549,0,0,768294912,0,5,1,cloister
58.783,14.514,1.309,0.0,20.206,1.439,153,682865,181,-8.449,0.31,6.504,0,0,768294912,0,5,1,cloister
58.798,13.349,0.699,0.0,20.206,1.439,153,682865,181,-8.449,0.31,6.504,0,0,768294912,0,5,1,cloister
58.812,14.947,0.991,0.0,20.206,1.439,153,682865,181,-8.447,0.31,6.459,0,0,768294912,0,5,1,cloister
58.826,13.96,1.36,0.0,20.206,1.439,153,682865,181,-8.444,0.31,6.414,0,0,768294912,0,5,1,cloister
58.841,15.754,1.554,0.0,20.206,1.439,153,682865,181,-8.442,0.31,6.369,0,0,768294912,0,5,1,cloister
58.855,16.063,0.644,0.0,20.206,1.439,153,682865,181,-8.439,0.31,6.324,0,0,768294912,0,5,1,cloister
58.87,18.216,1.313,0.0,20.206,1.439,152,682749,180,-8.437,0.31,6.279,0,0,768294912,0,5,1,cloister
58.884,14.164,0.915,0.0,20.206,1.439,154,682881,182,-8.434,0.31,6.234,0,0,768294912,0,5,1,cloister
58.899,13.249,1.117,0.0,20.206,1.439,154,682881,182,-8.434,0.31,6.234,0,0,768294912,0,5,1,cloister
58.913,14.639,0.963,0.0,20.206,1.439,154,682881,182,-8.432,0.31,6.189,0,0,768294912,0,5,1,cloister
58.928,14.156,0.682,0.0,20.206,1.439,153,682865,181,-8.429,0.31,6.144,0,0,768294912,0,5,1,cloister
58.942,14.29,0.539,0.0,20.206,1.439,152,682577,180,-8.427,0.31,6.1,0,0,768294912,0,5,1,cloister
58.956,14.106,0.498,0.0,20.206,1.439,152,682577,180,-8.424,0.31,6.061,0,0,768294912,0,5,1,cloister
58.97,14.466,0.516,0.0,20.206,1.439,192,733371,220,-8.422,0.31,6.027,0,0,768294912,0,5,1,cloister
58.985,14.335,0.595,0.0,20.206,1.439,215,749477,243,-8.418,0.31,5.995,0,0,768294912,0,5,1,cloister
58.999,13.222,0.623,0.0,20.206,1.439,236,781730,264,-8.418,0.31,5.995,0,0,768294912,0,5,1,cloister
59.013,14.753,0.577,0.0,20.206,1.439,236,781730,264,-8.413,0.31,5.966,0,0,768294912,0,5,1,cloister
59.028,14.197,0.658,0.0,20.206,1.439,258,801912,286,-8.405,0.31,5.937,0,0,768294912,0,5,1,cloister
59.042,14.718,0.603,0.0,20.206,1.439,267,805450,295,-8.395,0.31,5.91,0,0,768294912,0,5,1,cloister
59.056,13.928,0.552,0.0,20.206,1.439,270,808768,298,-8.383,0.31,5.883,0,0,768294912,0,5,1,cloister
59.07,14.722,0.825,0.0,20.206,1.439,272,810456,300,-8.368,0.31,5.857,0,0,768294912,0,5,1,cloister
59.085,14.182,0.695,0.0,20.206,1.439,277,811794,305,-8.351,0.31,5.831,0,0,768294912,0,5,1,cloister
59.099,13.315,0.745,0.0,20.206,1.439,278,808376,306,-8.351,0.31,5.831,0,0,768294912,0,5,1,cloister
59.113,16.209,0.725,0.0,20.206,1.439,278,808376,306,-8.331,0.31,5.807,0,0,768294912,0,5,1,cloister
59.128,13.72,0.831,0.0,20.206,1.439,279,811376,307,-8.308,0.31,5.783,0,0,768294912,0,5,1,cloister
59.142,14.651,1.345,0.0,19.348,1.32,279,813466,307,-8.283,0.31,5.76,0,0,768294912,0,5,1,cloister
59.157,15.546,1.469,0.0,19.348,1.32,277,813462,305,-8.256,0.31,5.738,0,0,768294912,0,5,1,cloister
59.171,13.807,1.303,0.0,19.348,1.32,278,816132,306,-8.227,0.31,5.717,0,0,768294912,0,5,1,cloister
59.186,14.493,1.191,0.0,19.348,1.32,278,816132,306,-8.196,0.31,5.697,0,0,768294912,0,5,1,cloister
59.201,15.333,0.837,0.0,19.348,1.32,277,816108,305,-8.163,0.31,5.678,0,0,768294912,0,5,1,cloister
59.215,13.37,0.779,0.0,19.348,1.32,280,816840,308,-8.163,0.31,5.678,0,0,768294912,0,5,1,cloister
59.23,16.081,1.069,0.0,19.348,1.32,280,816840,308,-8.129,0.31,5.66,0,0,768294912,0,5,1,cloister
59.244,14.391,0.781,0.0,19.348,1.32,283,819740,311,-8.093,0.31,5.643,0,0,768294912,0,5,1,cloister
59.259,14.824,1.407,0.0,19.348,1.32,283,819740,311,-8.056,0.31,5.627,0,0,768294912,0,5,1,cloister
59.273,15.36,1.239,0.0,19.348,1.32,283,819740,311,-8.018,0.31,5.612,0,0,768294912,0,5,1,cloister
59.288,13.755,1.262,0.0,19.348,1.32,283,819740,311,-7.979,0.31,5.598,0,0,768294912,0,5,1,cloister
59.303,14.017,1.097,0.0,19.348,1.32,282,819716,310,-7.94,0.31,5.585,0,0,768294912,0,5,1,cloister
59.323,27.845,0.988,0.0,19.348,1.32,281,819692,309,-7.899,0.31,5.573,0,0,768294912,0,5,1,cloister
59.337,14.151,0.626,0.0,19.348,1.32,281,819692,309,-7.858,0.31,5.562,0,0,768294912,0,5,1,cloister
59.352,14.753,0.69,0.0,19.348,1.32,281,819692,309,-7.817,0.31,5.551,0,0,768294912,0,5,1,cloister
59.367,13.395,0.601,0.0,19.348,1.32,280,819690,308,-7.817,0.31,5.551,0,0,768294912,0,5,1,cloister
59.382,15.575,0.559,0.0,19.348,1.32,280,819690,308,-7.775,0.31,5.541,0,0,768294912,0,5,1,cloister
59.397,15.014,0.551,0.0,19.348,1.32,277,819640,305,-7.732,0.31,5.532,0,0,768294912,0,5,1,cloister
59.412,13.818,0.652,0.0,19.348,1.32,277,819640,305,-7.689,0.31,5.524,0,0,768294912,0,5,1,cloister
59.427,14.18,0.823,0.0,19.348,1.32,277,820504,305,-7.646,0.31,5.516,0,0,768294912,0,5,1,cloister
59.442,14.536,0.738,0.0,19.348,1.32,277,820504,305,-7.603,0.31,5.509,0,0,768294912,0,5,1,cloister
59.457,14.26,0.764,0.0,19.348,1.32,277,820504,305,-7.559,0.31,5.503,0,0,768294912,0,5,1,cloister
59.472,14.424,0.689,0.0,19.348,1.32,277,820504,305,-7.515,0.31,5.497,0,0,768294912,0,5,1,cloister
59.487,15.283,0.687,0.0,19.348,1.32,277,820504,305,-7.471,0.31,5.491,0,0,768294912,0,5,1,cloister
59.502,13.949,0.744,0.0,19.348,1.32,277,820504,305,-7.427,0.31,5.486,0,0,768294912,0,5,1,cloister
59.517,13.564,0.732,0.0,19.348,1.32,274,820516,302,-7.427,0.31,5.486,0,0,768294912,0,5,1,cloister
59.532,16.074,1.285,0.0,19.348,1.32,274,820516,302,-7.383,0.31,5.481,0,0,768294912,0,5,1,cloister
59.547,14.231,0.999,0.0,19.348,1.32,275,820518,303,-7.339,0.31,5.477,0,0,768294912,0,5,1,cloister
59.562,14.627,1.479,0.0,19.348,1.32,275,820518,303,-7.294,0.31,5.473,0,0,768294912,0,5,1,cloister
59.577,14.329,1.271,0.0,19.348,1.32,273,820114,301,-7.249,0.31,5.469,0,0,768294912,0,5,1,cloister
59.592,14.841,1.267,0.0,19.348,1.32,272,820102,300,-7.205,0.31,5.466,0,0,768294912,0,5,1,cloister
59.607,14.972,1.107,0.0,19.348,1.32,272,820102,300,-7.16,0.31,5.462,0,0,768294912,0,5,1,cloister
59.621,13.785,1.331,0.0,19.348,1.32,272,820102,300,-7.115,0.31,5.46,0,0,768294912,0,5,1,cloister
59.636,21.061,1.444,0.0,19.348,1.32,272,820102,300,-7.071,0.31,5.457,0,0,768294912,0,5,1,cloister
59.651,14.591,0.772,0.0,19.348,1.32,270,820078,298,-7.026,0.31,5.454,0,0,768294912,0,5,1,cloister
59.666,13.995,1.018,0.0,19.348,1.32,270,820078,298,-7.026,0.31,5.454,0,0,768294912,0,5,1,cloister
59.681,14.676,1.701,0.0,19.348,1.32,270,820078,298,-6.981,0.31,5.452,0,0,768294912,0,5,1,cloister
59.696,14.398,1.185,0.0,19.348,1.32,270,820078,298,-6.936,0.31,5.45,0,0,768294912,0,5,1,cloister
59.711,14.352,1.103,0.0,19.348,1.32,271,820090,299,-6.891,0.31,5.447,0,0,768294912,0,5,1,cloister
59.726,15.165,0.826,0.0,19.348,1.32,271,820090,299,-6.846,0.31,5.446,0,0,768294912,0,5,1,cloister
59.741,14.52,0.83,0.0,19.348,1.32,271,820090,299,-6.802,0.31,5.444,0,0,768294912,0,5,1,cloister
59.756,14.323,1.263,0.0,19.348,1.32,271,820090,299,-6.757,0.31,5.442,0,0,768294912,0,5,1,cloister
59.771,14.63,1.318,0.0,19.348,1.32,271,820090,299,-6.712,0.31,5.44,0,0,768294912,0,5,1,cloister
59.786,15.196,1.242,0.0,19.348,1.32,271,820090,299,-6.667,0.31,5.439,0,0,768294912,0,5,1,cloister
59.801,13.91,1.378,0.0,19.348,1.32,270,819190,298,-6.622,0.31,5.438,0,0,768294912,0,5,1,cloister
59.816,13.476,1.058,0.0,19.348,1.32,270,819190,298,-6.622,0.31,5.438,0,0,768294912,0,5,1,cloister
59.831,15.609,1.103,0.0,19.348,1.32,270,819190,298,-6.577,0.31,5.436,0,0,768294912,0,5,1,cloister
59.846,13.957,0.791,0.0,19.348,1.32,270,819190,298,-6.532,0.31,5.435,0,0,768294912,0,5,1,cloister
59.861,14.907,1.324,0.0,19.348,1.32,270,819190,298,-6.487,0.31,5.434,0,0,768294912,0,5,1,cloister
59.875,14.336,0.631,0.0,19.348,1.32,269,818670,297,-6.442,0.31,5.433,0,0,768294912,0,5,1,cloister
59.89,14.529,0.682,0.0,19.348,1.32,269,818670,297,-6.397,0.31,5.432,0,0,768294912,0,5,1,cloister
59.905,15.074,0.635,0.0,19.348,1.32,269,818670,297,-6.352,0.31,5.431,0,0,768294912,0,5,1,cloister
59.92,19.863,0.661,0.0,19.348,1.32,268,816012,296,-6.307,0.31,5.43,0,0,768294912,0,5,1,cloister
59.935,14.407,0.635,0.0,19.348,1.32,268,816012,296,-6.262,0.31,5.429,0,0,768294912,0,5,1,cloister
59.95,14.622,0.631,0.0,19.348,1.32,268,816012,296,-6.217,0.31,5.428,0,0,768294912,0,5,1,cloister
59.965,13.83,0.544,0.0,19.348,1.32,266,813713,294,-6.217,0.31,5.428,0,0,768294912,0,5,1,cloister
59.98,15.359,0.615,0.0,19.348,1.32,266,813713,294,-6.172,0.31,5.427,0,0,768294912,0,5,1,cloister
59.995,14.412,0.624,0.0,19.348,1.32,266,813713,294,-6.127,0.31,5.426,0,0,768294912,0,5,1,cloister
60.01,15.094,0.622,0.0,19.348,1.32,266,813713,294,-6.082,0.31,5.425,0,0,768294912,0,5,1,cloister
60.025,14.32,0.535,0.0,19.348,1.32,266,813713,294,-6.037,0.31,5.424,0,0,768294912,0,5,1,cloister
60.04,15.0,0.557,0.0,19.348,1.32,265,810916,293,-5.992,0.31,5.424,0,0,768294912,0,5,1,cloister
60.055,15.111,0.783,0.0,19.348,1.32,265,810916,293,-5.947,0.31,5.423,0,0,768294912,0,5,1,cloister
60.07,14.205,0.844,0.0,19.348,1.32,265,810916,293,-5.902,0.31,5.422,0,0,768294912,0,5,1,cloister
60.085,15.124,1.201,0.0,19.348,1.32,265,810916,293,-5.857,0.31,5.422,0,0,768294912,0,5,1,cloister
60.099,13.188,1.075,0.0,19.348,1.32,265,810916,293,-5.857,0.31,5.422,0,0,768294912,0,5,1,cloister
60.114,16.174,1.116,0.0,19.348,1.32,265,810916,293,-5.812,0.31,5.421,0,0,768294912,0,5,1,cloister
60.129,13.762,0.778,0.0,19.348,1.32,262,809992,290,-5.767,0.31,5.42,0,0,768294912,0,5,1,cloister
60.144,14.965,1.256,0.0,26.788,1.093,262,809992,290,-5.722,0.31,5.42,0,0,768294912,0,5,1,cloister
60.159,14.35,0.765,0.0,26.788,1.093,262,809992,290,-5.677,0.31,5.419,0,0,768294912,0,5,1,cloister
60.174,14.348,1.089,0.0,26.788,1.093,260,804769,288,-5.632,0.31,5.418,0,0,768294912,0,5,1,cloister
60.188,14.845,1.363,0.0,26.788,1.093,259,804193,287,-5.587,0.31,5.418,0,0,768294912,0,5,1,cloister
60.203,14.483,1.176,0.0,26.788,1.093,259,804193,287,-5.542,0.31,5.417,0,0,768294912,0,5,1,cloister
60.218,21.492,1.595,0.0,26.788,1.093,259,804193,287,-5.497,0.31,5.417,0,0,768294912,0,5,1,cloister
60.233,13.509,0.912,0.0,26.788,1.093,259,804193,287,-5.452,0.31,5.416,0,0,768294912,0,5,1,cloister
60.248,14.291,1.226,0.0,26.788,1.093,259,804193,287,-5.452,0.31,5.416,0,0,768294912,0,5,1,cloister
60.263,14.988,0.853,0.0,26.788,1.093,259,804193,287,-5.407,0.31,5.415,0,0,768294912,0,5,1,cloister
60.278,14.332,1.388,0.0,26.788,1.093,259,804221,287,-5.362,0.31,5.415,0,0,768294912,0,5,1,cloister
60.293,14.769,1.335,0.0,26.788,1.093,259,804221,287,-5.317,0.31,5.414,0,0,768294912,0,5,1,cloister
60.308,14.399,1.176,0.0,26.788,1.093,259,804221,287,-5.272,0.31,5.414,0,0,768294912,0,5,1,cloister
60.323,15.004,1.161,0.0,26.788,1.093,259,804221,287,-5.227,0.31,5.413,0,0,768294912,0,5,1,cloister
60.338,14.215,1.198,0.0,26.788,1.093,259,804221,287,-5.182,0.31,5.413,0,0,768294912,0,5,1,cloister
60.353,14.526,0.816,0.0,26.788,1.093,260,804311,288,-5.137,0.31,5.412,0,0,768294912,0,5,1,cloister
60.368,15.419,0.824,0.0,26.788,1.093,260,804311,288,-5.092,0.31,5.412,0,0,768294912,0,5,1,cloister
60.383,13.863,0.764,0.0,26.788,1.093,259,804221,287,-5.092,0.31,5.412,0,0,768294912,0,5,1,cloister
60.397,14.849,1.456,0.0,26.788,1.093,259,804221,287,-5.047,0.31,5.411,0,0,768294912,0,5,1,cloister
60.412,14.462,1.411,0.0,26.788,1.093,259,804221,287,-5.002,0.31,5.411,0,0,768294912,0,5,1,cloister
60.427,14.245,1.099,0.0,26.788,1.093,259,804221,287,-4.957,0.31,5.41,0,0,768294912,0,5,1,cloister
60.442,15.773,1.08,0.0,26.788,1.093,259,841205,287,-4.912,0.31,5.41,0,0,768294912,0,5,1,cloister
60.457,14.413,0.75,0.0,26.788,1.093,259,841205,287,-4.867,0.31,5.409,0,0,768294912,0,5,1,cloister
60.471,15.789,1.286,0.0,26.788,1.093,258,841181,286,-4.822,0.31,5.408,0,0,768294912,0,5,1,cloister
60.486,12.597,0.753,0.0,26.788,1.093,258,841181,286,-4.777,0.31,5.408,0,0,768294912,0,5,1,cloister
60.501,14.475,0.824,0.0,26.788,1.093,258,841181,286,-4.732,0.31,5.407,0,0,768294912,0,5,1,cloister
60.517,21.495,0.868,0.0,26.788,1.093,258,841181,286,-4.687,0.31,5.407,0,0,768294912,0,5,1,cloister
60.532,13.375,0.763,0.0,26.788,1.093,258,841181,286,-4.687,0.31,5.407,0,0,768294912,0,5,1,cloister
60.547,15.936,1.325,0.0,26.788,1.093,258,841181,286,-4.642,0.31,5.406,0,0,768294912,0,5,1,cloister
60.562,14.869,0.811,0.0,26.788,1.093,258,841181,286,-4.597,0.31,5.406,0,0,768294912,0,5,1,cloister
60.577,14.233,1.298,0.0,26.788,1.093,258,841181,286,-4.552,0.31,5.405,0,0,768294912,0,5,1,cloister
60.592,14.827,1.27,0.0,26.788,1.093,258,841181,286,-4.507,0.31,5.405,0,0,768294912,0,5,1,cloister
60.607,14.647,1.233,0.0,26.788,1.093,258,841181,286,-4.462,0.31,5.404,0,0,768294912,0,5,1,cloister
60.622,14.539,1.446,0.0,26.788,1.093,258,841477,286,-4.417,0.31,5.404,0,0,768294912,0,5,1,cloister
60.637,14.685,1.075,0.0,26.788,1.093,258,841477,286,-4.372,0.31,5.403,0,0,768294912,0,5,1,cloister
60.651,14.674,1.201,0.0,26.788,1.093,258,841477,286,-4.327,0.31,5.403,0,0,768294912,0,5,1,cloister
60.666,13.715,1.287,0.0,26.788,1.093,258,841477,286,-4.327,0.31,5.403,0,0,768294912,0,5,1,cloister
60.681,15.57,1.181,0.0,26.788,1.093,258,841477,286,-4.282,0.31,5.402,0,0,768294912,0,5,1,cloister
60.696,15.424,0.84,0.0,26.788,1.093,257,841093,285,-4.237,0.31,5.402,0,0,768294912,0,5,1,cloister
60.711,14.108,1.415,0.0,26.788,1.093,257,841093,285,-4.192,0.31,5.401,0,0,768294912,0,5,1,cloister
60.725,14.212,1.242,0.0,26.788,1.093,255,840053,283,-4.147,0.31,5.401,0,0,768294912,0,5,1,cloister
60.74,15.849,1.074,0.0,26.788,1.093,255,840053,283,-4.102,0.31,5.4,0,0,768294912,0,5,1,cloister
60.755,14.252,0.546,0.0,26.788,1.093,255,840053,283,-4.057,0.31,5.4,0,0,768294912,0,5,1,cloister
60.77,14.987,1.152,0.0,26.788,1.093,256,840169,284,-4.012,0.31,5.399,0,0,768294912,0,5,1,cloister
60.785,13.472,1.374,0.0,26.788,1.093,256,840169,284,-3.967,0.31,5.399,0,0,768294912,0,5,1,cloister
60.8,14.033,1.364,0.0,26.788,1.093,256,840169,284,-3.967,0.31,5.399,0,0,768294912,0,5,1,cloister
60.815,22.21,1.238,0.0,26.788,1.093,256,840169,284,-3.922,0.31,5.398,0,0,768294912,0,5,1,cloister
60.83,13.385,1.393,0.0,26.788,1.093,257,840171,285,-3.877,0.31,5.398,0,0,768294912,0,5,1,cloister
60.845,14.716,1.743,0.0,26.788,1.093,257,840171,285,-3.832,0.31,5.397,0,0,768294912,0,5,1,cloister
60.86,14.905,1.216,0.0,26.788,1.093,255,834855,283,-3.787,0.31,5.397,0,0,768294912,0,5,1,cloister
60.875,14.299,1.265,0.0,26.788,1.093,255,834855,283,-3.742,0.31,5.396,0,0,768294912,0,5,1,cloister
60.89,14.829,1.342,0.0,26.788,1.093,254,834711,282,-3.697,0.31,5.396,0,0,768294912,0,5,1,cloister
60.905,13.837,1.24,0.0,26.788,1.093,254,834711,282,-3.652,0.31,5.395,0,0,768294912,0,5,1,cloister
60.92,14.82,1.313,0.0,26.788,1.093,254,834711,282,-3.607,0.31,5.395,0,0,768294912,0,5,1,cloister
60.934,14.084,1.237,0.0,26.788,1.093,254,834711,282,-3.562,0.31,5.394,0,0,768294912,0,5,1,cloister
60.949,13.398,1.288,0.0,26.788,1.093,254,834711,282,-3.562,0.31,5.394,0,0,768294912,0,5,1,cloister
60.964,15.135,1.045,0.0,26.788,1.093,254,834711,282,-3.517,0.31,5.394,0,0,768294912,0,5,1,cloister
60.979,15.017,0.521,0.0,26.788,1.093,254,834711,282,-3.472,0.31,5.393,0,0,768294912,0,5,1,cloister
60.994,14.31,0.472,0.0,26.788,1.093,254,834711,282,-3.427,0.31,5.393,0,0,768294912,0,5,1,cloister
61.008,14.214,0.749,0.0,26.788,1.093,254,834711,282,-3.382,0.31,5.392,0,0,768294912,0,5,1,cloister
61.023,15.299,0.523,0.0,26.788,1.093,254,834711,282,-3.337,0.31,5.392,0,0,768294912,0,5,1,cloister
61.038,14.262,0.549,0.0,26.788,1.093,254,834711,282,-3.292,0.31,5.391,0,0,768294912,0,5,1,cloister
61.053,14.054,1.462,0.0,26.788,1.093,255,834723,283,-3.247,0.31,5.391,0,0,768294912,0,5,1,cloister
61.068,14.563,1.173,0.0,26.788,1.093,255,834723,283,-3.202,0.31,5.39,0,0,768294912,0,5,1,cloister
61.082,14.88,0.565,0.0,26.788,1.093,256,834735,284,-3.202,0.31,5.39,0,0,768294912,0,5,1,cloister
61.097,14.933,0.531,0.0,26.788,1.093,256,834735,284,-3.157,0.31,5.39,0,0,768294912,0,5,1,cloister
61.112,14.678,1.112,0.0,26.788,1.093,256,834735,284,-3.112,0.31,5.389,0,0,768294912,0,5,1,cloister
61.127,20.202,1.202,0.0,26.788,1.093,256,834735,284,-3.067,0.31,5.389,0,0,768294912,0,5,1,cloister
61.142,14.501,1.131,0.0,20.611,1.362,250,832971,278,-3.022,0.31,5.388,0,0,768294912,0,5,1,cloister
61.157,14.414,1.524,0.0,20.611,1.362,248,835931,276,-2.977,0.31,5.388,0,0,768294912,0,5,1,cloister
61.172,14.561,1.092,0.0,20.611,1.362,249,836419,277,-2.932,0.31,5.387,0,0,768294912,0,5,1,cloister
61.187,14.458,1.125,0.0,20.611,1.362,249,836419,277,-2.887,0.31,5.387,0,0,768294912,0,5,1,cloister
61.202,14.58,1.098,0.0,20.611,1.362,248,835719,276,-2.842,0.31,5.386,0,0,768294912,0,5,1,cloister
61.217,14.368,0.877,0.0,20.611,1.362,248,834122,276,-2.842,0.31,5.386,0,0,768294912,0,5,1,cloister
61.231,14.921,1.051,0.0,20.611,1.362,248,834122,276,-2.797,0.31,5.386,0,0,768294912,0,5,1,cloister
61.246,14.411,1.13,0.0,20.611,1.362,248,834122,276,-2.752,0.31,5.385,0,0,768294912,0,5,1,cloister
61.261,14.4,1.139,0.0,20.611,1.362,248,834122,276,-2.707,0.31,5.385,0,0,768294912,0,5,1,cloister
61.276,14.524,1.469,0.0,20.611,1.362,248,834122,276,-2.662,0.31,5.384,0,0,768294912,0,5,1,cloister
61.291,14.583,0.794,0.0,20.611,1.362,245,833774,273,-2.617,0.31,5.384,0,0,768294912,0,5,1,cloister
61.306,14.32,0.883,0.0,20.611,1.362,242,833504,270,-2.572,0.31,5.383,0,0,768294912,0,5,1,cloister
61.32,14.578,1.308,0.0,20.611,1.362,242,833504,270,-2.527,0.31,5.383,0,0,768294912,0,5,1,cloister
61.335,14.046,1.159,0.0,20.611,1.362,242,833504,270,-2.482,0.31,5.382,0,0,768294912,0,5,1,cloister
61.35,13.402,0.808,0.0,20.611,1.362,241,827907,269,-2.482,0.31,5.382,0,0,768294912,0,5,1,cloister
61.365,15.497,0.799,0.0,20.611,1.362,241,827907,269,-2.437,0.31,5.382,0,0,768294912,0,5,1,cloister
61.38,14.792,0.688,0.0,20.611,1.362,241,834255,269,-2.392,0.31,5.381,0,0,768294912,0,5,1,cloister
61.394,14.266,0.608,0.0,20.611,1.362,242,834257,270,-2.347,0.31,5.381,0,0,768294912,0,5,1,cloister
61.409,20.583,0.881,0.0,20.611,1.362,242,834257,270,-2.302,0.31,5.38,0,0,768294912,0,5,1,cloister
61.424,14.848,0.681,0.0,20.611,1.362,242,834257,270,-2.257,0.31,5.38,0,0,768294912,0,5,1,cloister
61.439,15.44,0.692,0.0,20.611,1.362,242,834257,270,-2.212,0.31,5.379,0,0,768294912,0,5,1,cloister
61.454,14.419,0.814,0.0,20.611,1.362,241,833357,269,-2.167,0.31,5.379,0,0,768294912,0,5,1,cloister
61.469,14.395,1.236,0.0,20.611,1.362,242,833359,270,-2.122,0.31,5.378,0,0,768294912,0,5,1,cloister
61.484,14.425,1.144,0.0,20.611,1.362,242,833359,270,-2.077,0.31,5.378,0,0,768294912,0,5,1,cloister
61.499,13.958,1.211,0.0,20.611,1.362,241,828160,269,-2.077,0.31,5.378,0,0,768294912,0,5,1,cloister
61.514,15.409,1.21,0.0,20.611,1.362,241,828160,269,-2.032,0.31,5.377,0,0,768294912,0,5,1,cloister
61.529,14.54,1.148,0.0,20.611,1.362,241,828160,269,-1.987,0.31,5.377,0,0,768294912,0,5,1,cloister
61.544,14.813,1.414,0.0,20.611,1.362,241,828160,269,-1.942,0.31,5.377,0,0,768294912,0,5,1,cloister
61.558,15.177,1.04,0.0,20.611,1.362,241,828160,269,-1.897,0.31,5.376,0,0,768294912,0,5,1,cloister
61.573,14.345,1.084,0.0,20.611,1.362,240,827460,268,-1.852,0.31,5.376,0,0,768294912,0,5,1,cloister
61.588,14.203,1.101,0.0,20.611,1.362,238,824262,266,-1.807,0.31,5.375,0,0,768294912,0,5,1,cloister
61.603,14.517,0.856,0.0,20.611,1.362,237,823562,265,-1.762,0.31,5.375,0,0,768294912,0,5,1,cloister
61.618,14.338,0.851,0.0,20.611,1.362,237,823562,265,-1.717,0.31,5.374,0,0,768294912,0,5,1,cloister
61.632,13.422,1.042,0.0,20.611,1.362,237,823562,265,-1.717,0.31,5.374,0,0,768294912,0,5,1,cloister
61.647,15.09,1.015,0.0,20.611,1.362,237,823562,265,-1.672,0.31,5.374,0,0,768294912,0,5,1,cloister
61.662,14.42,0.79,0.0,20.611,1.362,237,823562,265,-1.627,0.31,5.373,0,0,768294912,0,5,1,cloister
61.677,14.333,0.826,0.0,20.611,1.362,237,823562,265,-1.582,0.31,5.373,0,0,768294912,0,5,1,cloister
61.692,14.629,0.668,0.0,20.611,1.362,236,822165,264,-1.537,0.31,5.372,0,0,768294912,0,5,1,cloister
61.707,20.904,1.393,0.0,20.611,1.362,236,822165,264,-1.492,0.31,5.372,0,0,768294912,0,5,1,cloister
61.722,14.438,1.192,0.0,20.611,1.362,235,820768,263,-1.447,0.31,5.371,0,0,768294912,0,5,1,cloister
61.737,14.188,1.074,0.0,20.611,1.362,235,820768,263,-1.402,0.31,5.371,0,0,768294912,0,5,1,cloister
61.751,14.329,0.82,0.0,20.611,1.362,234,819868,262,-1.357,0.31,5.37,0,0,768294912,0,5,1,cloister
61.766,13.812,1.097,0.0,20.611,1.362,233,819844,261,-1.357,0.31,5.37,0,0,768294912,0,5,1,cloister
61.781,14.907,1.004,0.0,20.611,1.362,233,819844,261,-1.312,0.31,5.37,0,0,768294912,0,5,1,cloister
61.796,14.186,1.153,0.0,20.611,1.362,233,819844,261,-1.267,0.31,5.369,0,0,768294912,0,5,1,cloister
61.811,14.463,1.516,0.0,20.611,1.362,233,821934,261,-1.222,0.31,5.369,0,0,768294912,0,5,1,cloister
61.825,14.93,1.017,0.0,20.611,1.362,232,816735,260,-1.177,0.31,5.368,0,0,768294912,0,5,1,cloister
61.84,13.33,0.824,0.0,20.611,1.362,231,811536,259,-1.132,0.31,5.368,0,0,768294912,0,5,1,cloister
61.855,14.268,1.298,0.0,20.611,1.362,231,811536,259,-1.087,0.31,5.367,0,0,768294912,0,5,1,cloister
61.87,14.288,0.804,0.0,20.611,1.362,231,811536,259,-1.042,0.31,5.367,0,0,768294912,0,5,1,cloister
61.885,15.024,0.99,0.0,20.611,1.362,231,811536,259,-0.997,0.31,5.366,0,0,768294912,0,5,1,cloister
61.9,13.399,0.804,0.0,20.611,1.362,228,811104,256,-0.997,0.31,5.366,0,0,768294912,0,5,1,cloister
61.914,15.022,1.173,0.0,20.611,1.362,228,811104,256,-0.952,0.31,5.366,0,0,768294912,0,5,1,cloister
61.929,14.279,1.005,0.0,20.611,1.362,228,811104,256,-0.907,0.31,5.365,0,0,768294912,0,5,1,cloister
61.944,14.396,1.096,0.0,20.611,1.362,228,811104,256,-0.862,0.31,5.365,0,0,768294912,0,5,1,cloister
61.959,14.645,1.005,0.0,20.611,1.362,228,811104,256,-0.817,0.31,5.364,0,0,768294912,0,5,1,cloister
61.974,13.802,1.161,0.0,20.611,1.362,229,811128,257,-0.772,0.31,5.364,0,0,768294912,0,5,1,cloister
61.988,14.25,1.481,0.0,20.611,1.362,229,811128,257,-0.727,0.31,5.363,0,0,768294912,0,5,1,cloister
62.003,20.762,0.579,0.0,20.611,1.362,229,811128,257,-0.682,0.31,5.363,0,0,768294912,0,5,1,cloister
62.018,15.05,0.66,0.0,20.611,1.362,229,811128,257,-0.637,0.31,5.362,0,0,768294912,0,5,1,cloister
62.033,13.059,0.498,0.0,20.611,1.362,228,811104,256,-0.637,0.31,5.362,0,0,768294912,0,5,1,cloister
62.048,14.947,0.543,0.0,20.611,1.362,228,811104,256,-0.592,0.31,5.362,0,0,768294912,0,5,1,cloister
62.062,14.76,0.664,0.0,20.611,1.362,227,808412,255,-0.547,0.31,5.361,0,0,768294912,0,5,1,cloister
62.077,14.539,0.59,0.0,20.611,1.362,227,808412,255,-0.502,0.31,5.361,0,0,768294912,0,5,1,cloister
62.092,14.106,0.67,0.0,20.611,1.362,226,808410,254,-0.457,0.31,5.36,0,0,768294912,0,5,1,cloister
62.107,14.346,0.598,0.0,20.611,1.362,226,808410,254,-0.412,0.31,5.36,0,0,768294912,0,5,1,cloister
62.122,14.196,0.656,0.0,20.611,1.362,226,808410,254,-0.367,0.31,5.359,0,0,768294912,0,5,1,cloister
62.137,14.33,0.516,0.0,20.08,1.27,225,808398,253,-0.322,0.31,5.359,0,0,768294912,0,5,1,cloister
62.151,15.083,0.497,0.0,20.08,1.27,225,808398,253,-0.277,0.31,5.358,0,0,768294912,0,5,1,cloister
62.166,13.799,0.539,0.0,20.08,1.27,225,808398,253,-0.277,0.31,5.358,0,0,768294912,0,5,1,cloister
62.181,15.174,0.654,0.0,20.08,1.27,225,808398,253,-0.232,0.31,5.358,0,0,768294912,0,5,1,cloister
62.196,13.756,1.137,0.0,20.08,1.27,226,808434,254,-0.187,0.31,5.357,0,0,768294912,0,5,1,cloister
62.21,14.007,1.444,0.0,20.08,1.27,227,808554,255,-0.142,0.31,5.357,0,0,768294912,0,5,1,cloister
62.225,14.867,1.096,0.0,20.08,1.27,226,808534,254,-0.097,0.31,5.356,0,0,768294912,0,5,1,cloister
62.239,13.852,1.016,0.0,20.08,1.27,226,808534,254,-0.052,0.31,5.356,0,0,768294912,0,5,1,cloister
62.253,14.293,1.166,0.0,20.08,1.27,226,808534,254,-0.007,0.31,5.355,0,0,768294912,0,5,1,cloister
62.267,13.913,0.974,0.0,20.08,1.27,227,808536,255,0.037,0.31,5.355,0,0,768294912,0,5,1,cloister
62.282,13.868,1.199,0.0,20.08,1.27,227,808536,255,0.037,0.31,5.355,0,0,768294912,0,5,1,cloister
62.296,14.781,1.002,0.0,20.08,1.27,227,808536,255,0.082,0.31,5.354,0,0,768294912,0,5,1,cloister
62.31,14.608,1.108,0.0,20.08,1.27,227,808536,255,0.127,0.31,5.354,0,0,768294912,0,5,1,cloister
62.324,13.637,1.114,0.0,20.08,1.27,227,808536,255,0.172,0.31,5.353,0,0,768294912,0,5,1,cloister
62.339,14.429,1.218,0.0,20.08,1.27,227,808536,255,0.217,0.31,5.353,0,0,768294912,0,5,1,cloister
62.353,14.024,0.773,0.0,20.08,1.27,227,808536,255,0.262,0.31,5.352,0,0,768294912,0,5,1,cloister
62.367,14.694,0.659,0.0,20.08,1.27,228,808616,256,0.307,0.31,5.352,0,0,768294912,0,5,1,cloister
62.381,12.925,0.787,0.0,20.08,1.27,228,808616,256,0.307,0.31,5.352,0,0,768294912,0,5,1,cloister
62.395,14.647,0.585,0.0,20.08,1.27,228,808616,256,0.352,0.31,5.351,0,0,768294912,0,5,1,cloister
62.409,14.214,0.546,0.0,20.08,1.27,228,808616,256,0.397,0.31,5.351,0,0,768294912,0,5,1,cloister
62.423,13.747,0.495,0.0,20.08,1.27,229,808618,257,0.442,0.31,5.35,0,0,768294912,0,5,1,cloister
62.438,14.139,0.362,0.0,20.08,1.27,229,808618,257,0.487,0.31,5.35,0,0,768294912,0,5,1,cloister
62.452,14.593,0.451,0.0,20.08,1.27,229,808618,257,0.532,0.31,5.349,0,0,768294912,0,5,1,cloister
62.466,13.403,0.421,0.0,20.08,1.27,229,808618,257,0.532,0.31,5.349,0,0,768294912,0,5,1,cloister
62.48,14.663,0.405,0.0,20.08,1.27,229,808618,257,0.577,0.31,5.349,0,0,768294912,0,5,1,cloister
62.494,14.496,0.465,0.0,20.08,1.27,229,808618,257,0.622,0.31,5.348,0,0,768294912,0,5,1,cloister
62.507,14.053,0.49,0.0,20.08,1.27,229,808618,257,0.667,0.31,5.348,0,0,768294912,0,5,1,cloister
62.521,14.139,0.469,0.0,20.08,1.27,229,808618,257,0.712,0.31,5.347,0,0,768294912,0,5,1,cloister
62.535,14.437,0.557,0.0,20.08,1.27,229,808618,257,0.757,0.31,5.347,0,0,768294912,0,5,1,cloister
62.549,13.297,0.463,0.0,20.08,1.27,229,808618,257,0.757,0.31,5.347,0,0,768294912,0,5,1,cloister
62.563,14.705,0.646,0.0,20.08,1.27,229,808618,257,0.802,0.31,5.346,0,0,768294912,0,5,1,cloister
62.577,15.01,0.536,0.0,20.08,1.27,229,808618,257,0.847,0.31,5.346,0,0,768294912,0,5,1,cloister
62.591,14.425,0.435,0.0,20.08,1.27,229,808618,257,0.892,0.31,5.345,0,0,768294912,0,5,1,cloister
62.605,14.129,0.549,0.0,20.08,1.27,229,808618,257,0.937,0.31,5.345,0,0,768294912,0,5,1,cloister
62.619,14.668,0.643,0.0,20.08,1.27,229,808618,257,0.982,0.31,5.344,0,0,768294912,0,5,1,cloister
62.632,13.309,0.631,0.0,20.08,1.27,229,808618,257,0.982,0.31,5.344,0,0,768294912,0,5,1,cloister
62.646,15.801,0.621,0.0,20.08,1.27,229,808618,257,1.027,0.31,5.344,0,0,768294912,0,5,1,cloister
62.66,14.161,0.684,0.0,20.08,1.27,229,808618,257,1.072,0.31,5.343,0,0,768294912,0,5,1,cloister
62.674,20.966,1.339,0.0,20.08,1.27,229,808618,257,1.117,0.31,5.343,0,0,768294912,0,5,1,cloister
62.689,13.995,0.739,0.0,20.08,1.27,229,808618,257,1.162,0.31,5.342,0,0,768294912,0,5,1,cloister
62.703,14.095,1.075,0.0,20.08,1.27,229,808618,257,1.207,0.31,5.342,0,0,768294912,0,5,1,cloister
62.717,14.58,1.125,0.0,20.08,1.27,229,808618,257,1.252,0.31,5.341,0,0,768294912,0,5,1,cloister
62.732,13.394,1.986,0.0,20.08,1.27,229,808618,257,1.252,0.31,5.341,0,0,768294912,0,5,1,cloister
62.746,15.357,0.752,0.0,20.08,1.27,229,808618,257,1.297,0.31,5.341,0,0,768294912,0,5,1,cloister
62.76,14.383,0.736,0.0,20.08,1.27,229,808618,257,1.342,0.31,5.34,0,0,768294912,0,5,1,cloister
62.774,14.166,1.166,0.0,20.08,1.27,229,808618,257,1.387,0.31,5.34,0,0,768294912,0,5,1,cloister
62.789,14.305,0.981,0.0,20.08,1.27,229,808618,257,1.432,0.31,5.339,0,0,768294912,0,5,1,cloister
62.803,14.588,1.006,0.0,20.08,1.27,229,808618,257,1.477,0.31,5.339,0,0,768294912,0,5,1,cloister
62.817,14.493,1.215,0.0,20.08,1.27,229,808618,257,1.522,0.31,5.338,0,0,768294912,0,5,1,cloister
62.832,13.139,1.147,0.0,20.08,1.27,229,808618,257,1.522,0.31,5.338,0,0,768294912,0,5,1,cloister
62.846,15.487,0.851,0.0,20.08,1.27,229,808618,257,1.567,0.31,5.338,0,0,768294912,0,5,1,cloister
62.86,14.324,0.598,0.0,20.08,1.27,229,808618,257,1.612,0.31,5.337,0,0,768294912,0,5,1,cloister
62.874,14.395,0.754,0.0,20.08,1.27,229,808618,257,1.657,0.31,5.337,0,0,768294912,0,5,1,cloister
62.889,14.289,1.215,0.0,20.08,1.27,228,808538,256,1.702,0.31,5.336,0,0,768294912,0,5,1,cloister
62.903,13.914,0.977,0.0,20.08,1.27,227,808502,255,1.747,0.31,5.336,0,0,768294912,0,5,1,cloister
62.917,15.028,0.98,0.0,20.08,1.27,227,808502,255,1.792,0.31,5.335,0,0,768294912,0,5,1,cloister
62.932,13.017,1.032,0.0,20.08,1.27,227,808502,255,1.792,0.31,5.335,0,0,768294912,0,5,1,cloister
62.946,15.156,1.092,0.0,20.08,1.27,227,808502,255,1.837,0.31,5.335,0,0,768294912,0,5,1,cloister
62.96,13.779,1.138,0.0,20.08,1.27,227,808502,255,1.882,0.31,5.334,0,0,768294912,0,5,1,cloister
62.974,14.448,1.378,0.0,20.08,1.27,227,808502,255,1.927,0.31,5.334,0,0,768294912,0,5,1,cloister
62.989,13.93,1.006,0.0,20.08,1.27,227,808502,255,1.972,0.31,5.333,0,0,768294912,0,5,1,cloister
63.003,14.023,0.797,0.0,20.08,1.27,227,808502,255,2.017,0.31,5.333,0,0,768294912,0,5,1,cloister
63.017,14.414,0.524,0.0,20.08,1.27,228,808538,256,2.062,0.31,5.332,0,0,768294912,0,5,1,cloister
63.034,20.23,0.767,0.0,20.08,1.27,228,808538,256,2.107,0.31,5.332,0,0,768294912,0,5,1,cloister
63.048,13.944,0.611,0.0,20.08,1.27,228,808538,256,2.107,0.31,5.332,0,0,768294912,0,5,1,cloister
63.063,15.387,0.453,0.0,20.08,1.27,228,808538,256,2.152,0.31,5.331,0,0,768294912,0,5,1,cloister
63.078,13.601,0.52,0.0,20.08,1.27,228,808538,256,2.197,0.31,5.331,0,0,768294912,0,5,1,cloister
63.092,15.169,0.662,0.0,20.08,1.27,228,808538,256,2.242,0.31,5.33,0,0,768294912,0,5,1,cloister
63.107,14.21,0.493,0.0,20.08,1.27,228,808538,256,2.287,0.31,5.33,0,0,768294912,0,5,1,cloister
63.121,15.163,0.953,0.0,20.08,1.27,228,808538,256,2.332,0.31,5.329,0,0,768294912,0,5,1,cloister
63.136,13.937,1.227,0.0,20.044,1.449,228,808538,256,2.377,0.31,5.329,0,0,768294912,0,5,1,cloister
63.15,14.952,0.688,0.0,20.044,1.449,227,808536,255,2.422,0.31,5.328,0,0,768294912,0,5,1,cloister
63.165,13.015,1.532,0.0,20.044,1.449,226,808416,254,2.422,0.31,5.328,0,0,768294912,0,5,1,cloister
63.18,15.208,0.772,0.0,20.044,1.449,226,808416,254,2.467,0.31,5.328,0,0,768294912,0,5,1,cloister
63.194,14.444,1.212,0.0,20.044,1.449,226,808416,254,2.512,0.31,5.327,0,0,768294912,0,5,1,cloister
63.209,14.172,1.132,0.0,20.044,1.449,226,808416,254,2.557,0.31,5.327,0,0,768294912,0,5,1,cloister
63.223,13.817,1.022,0.0,20.044,1.449,226,808416,254,2.602,0.31,5.326,0,0,768294912,0,5,1,cloister
63.238,14.89,1.021,0.0,20.044,1.449,226,808416,254,2.647,0.31,5.326,0,0,768294912,0,5,1,cloister
63.255,20.232,1.326,0.0,20.044,1.449,226,808416,254,2.692,0.31,5.325,0,0,768294912,0,5,1,cloister
63.27,13.658,1.172,0.0,20.044,1.449,226,808416,254,2.737,0.31,5.325,0,0,768294912,0,5,1,cloister
63.285,13.792,1.22,0.0,20.044,1.449,226,808416,254,2.782,0.31,5.324,0,0,768294912,0,5,1,cloister
63.3,14.301,1.021,0.0,20.044,1.449,225,808414,253,2.782,0.31,5.324,0,0,768294912,0,5,1,cloister
63.314,15.468,0.472,0.0,20.044,1.449,225,808414,253,2.827,0.31,5.324,0,0,768294912,0,5,1,cloister
63.329,13.393,0.633,0.0,20.044,1.449,224,808412,252,2.872,0.31,5.323,0,0,768294912,0,5,1,cloister
63.344,15.114,1.143,0.0,20.044,1.449,225,808532,253,2.917,0.31,5.323,0,0,768294912,0,5,1,cloister
63.359,13.785,0.592,0.0,20.044,1.449,225,808532,253,2.962,0.31,5.322,0,0,768294912,0,5,1,cloister
63.374,14.757,0.999,0.0,20.044,1.449,225,808532,253,3.007,0.31,5.322,0,0,768294912,0,5,1,cloister
63.388,14.09,1.097,0.0,20.044,1.449,225,808532,253,3.052,0.31,5.321,0,0,768294912,0,5,1,cloister
63.403,14.273,1.138,0.0,20.044,1.449,225,808532,253,3.097,0.31,5.321,0,0,768294912,0,5,1,cloister
63.418,14.495,1.026,0.0,20.044,1.449,225,808532,253,3.142,0.31,5.32,0,0,768294912,0,5,1,cloister
63.433,13.688,1.109,0.0,20.044,1.449,225,808532,253,3.142,0.31,5.32,0,0,768294912,0,5,1,cloister
63.448,14.425,1.183,0.0,20.044,1.449,225,808532,253,3.187,0.31,5.32,0,0,768294912,0,5,1,cloister
63.462,14.293,1.114,0.0,20.044,1.449,225,808532,253,3.232,0.31,5.319,0,0,768294912,0,5,1,cloister
63.477,14.616,1.217,0.0,20.044,1.449,226,808568,254,3.277,0.31,5.319,0,0,768294912,0,5,1,cloister
63.492,13.78,1.106,0.0,20.044,1.449,226,808568,254,3.322,0.31,5.318,0,0,768294912,0,5,1,cloister
63.506,14.724,1.103,0.0,20.044,1.449,226,808568,254,3.367,0.31,5.318,0,0,768294912,0,5,1,cloister
63.521,14.296,1.168,0.0,20.044,1.449,226,808568,254,3.412,0.31,5.317,0,0,768294912,0,5,1,cloister
63.536,13.701,1.179,0.0,20.044,1.449,226,808568,254,3.457,0.31,5.317,0,0,768294912,0,5,1,cloister
63.55,13.578,1.204,0.0,20.044,1.449,226,808568,254,3.457,0.31,5.317,0,0,768294912,0,5,1,cloister
63.565,15.731,1.144,0.0,20.044,1.449,226,808568,254,3.502,0.31,5.317,0,0,768294912,0,5,1,cloister
63.579,13.452,1.16,0.0,20.044,1.449,226,808568,254,3.547,0.31,5.316,0,0,768294912,0,5,1,cloister
63.594,13.98,1.186,0.0,20.044,1.449,226,808568,254,3.592,0.31,5.316,0,0,768294912,0,5,1,cloister
63.608,15.369,1.105,0.0,20.044,1.449,226,808568,254,3.637,0.31,5.315,0,0,768294912,0,5,1,cloister
63.623,13.459,1.012,0.0,20.044,1.449,226,808568,254,3.682,0.31,5.315,0,0,768294912,0,5,1,cloister
63.637,14.115,1.062,0.0,20.044,1.449,226,808568,254,3.727,0.31,5.314,0,0,768294912,0,5,1,cloister
63.652,14.247,0.874,0.0,20.044,1.449,227,808608,255,3.772,0.31,5.314,0,0,768294912,0,5,1,cloister
63.667,13.704,2.611,0.0,20.044,1.449,227,808608,255,3.772,0.31,5.314,0,0,768294912,0,5,1,cloister
63.681,14.538,0.771,0.0,20.044,1.449,227,808608,255,3.817,0.31,5.313,0,0,768294912,0,5,1,cloister
63.696,14.695,1.208,0.0,20.044,1.449,227,808608,255,3.862,0.31,5.313,0,0,768294912,0,5,1,cloister
63.71,13.744,1.009,0.0,20.044,1.449,227,808608,255,3.907,0.31,5.312,0,0,768294912,0,5,1,cloister
63.725,14.533,1.118,0.0,20.044,1.449,227,808608,255,3.952,0.31,5.312,0,0,768294912,0,5,1,cloister
63.74,13.984,1.128,0.0,20.044,1.449,227,808608,255,3.997,0.31,5.311,0,0,768294912,0,5,1,cloister
63.754,14.076,1.101,0.0,20.044,1.449,227,808608,255,4.042,0.31,5.311,0,0,768294912,0,5,1,cloister
63.769,13.893,0.795,0.0,20.044,1.449,227,808608,255,4.087,0.31,5.31,0,0,768294912,0,5,1,cloister
63.783,20.17,1.079,0.0,20.044,1.449,227,808608,255,4.087,0.31,5.31,0,0,768294912,0,5,1,cloister
63.798,14.069,0.789,0.0,20.044,1.449,227,808608,255,4.132,0.31,5.31,0,0,768294912,0,5,1,cloister
63.812,14.308,1.584,0.0,20.044,1.449,227,808608,255,4.177,0.31,5.309,0,0,768294912,0,5,1,cloister
63.827,14.35,1.169,0.0,20.044,1.449,227,808608,255,4.222,0.31,5.309,0,0,768294912,0,5,1,cloister
63.842,13.397,1.27,0.0,20.044,1.449,227,808608,255,4.267,0.31,5.308,0,0,768294912,0,5,1,cloister
63.856,21.832,0.919,0.0,20.044,1.449,227,808608,255,4.312,0.31,5.308,0,0,768294912,0,5,1,cloister
63.871,13.148,0.477,0.0,20.044,1.449,227,808608,255,4.357,0.31,5.307,0,0,768294912,0,5,1,cloister
63.886,14.327,1.347,0.0,20.044,1.449,227,808608,255,4.402,0.31,5.307,0,0,768294912,0,5,1,cloister
63.901,14.71,0.97,0.0,20.044,1.449,227,808608,255,4.447,0.31,5.306,0,0,768294912,0,5,1,cloister
63.916,13.476,1.111,0.0,20.044,1.449,227,808608,255,4.447,0.31,5.306,0,0,768294912,0,5,1,cloister
63.93,15.206,1.651,0.0,20.044,1.449,227,808608,255,4.492,0.31,5.306,0,0,768294912,0,5,1,cloister
63.945,14.062,1.242,0.0,20.044,1.449,227,808608,255,4.537,0.31,5.305,0,0,768294912,0,5,1,cloister
63.959,13.907,1.192,0.0,20.044,1.449,227,808608,255,4.582,0.31,5.305,0,0,768294912,0,5,1,cloister
63.974,14.248,1.353,0.0,20.044,1.449,227,808608,255,4.627,0.31,5.304,0,0,768294912,0,5,1,cloister
63.989,13.814,0.952,0.0,20.044,1.449,227,808608,255,4.672,0.31,5.304,0,0,768294912,0,5,1,cloister
64.003,14.253,1.283,0.0,20.044,1.449,227,808608,255,4.717,0.31,5.303,0,0,768294912,0,5,1,cloister
64.018,13.695,1.061,0.0,20.044,1.449,227,808608,255,4.762,0.31,5.302,0,0,768294912,0,5,1,cloister
64.032,13.338,0.554,0.0,20.044,1.449,227,808608,255,4.762,0.31,5.302,0,0,768294912,0,5,1,cloister
64.047,14.858,0.664,0.0,20.044,1.449,227,808608,255,4.807,0.31,5.302,0,0,768294912,0,5,1,cloister
64.062,14.001,0.665,0.0,20.044,1.449,227,808608,255,4.852,0.31,5.301,0,0,768294912,0,5,1,cloister
64.076,13.985,0.548,0.0,20.044,1.449,227,808608,255,4.897,0.31,5.3,0,0,768294912,0,5,1,cloister
64.091,14.153,0.57,0.0,20.044,1.449,227,808608,255,4.942,0.31,5.3,0,0,768294912,0,5,1,cloister
64.105,13.828,0.531,0.0,20.044,1.449,227,808608,255,4.987,0.31,5.299,0,0,768294912,0,5,1,cloister
64.12,14.533,0.698,0.0,20.044,1.449,227,808608,255,5.032,0.31,5.298,0,0,768294912,0,5,1,cloister
64.134,14.09,0.549,0.0,20.044,1.449,227,808608,255,5.077,0.31,5.297,0,0,768294912,0,5,1,cloister
64.149,13.332,0.663,0.0,19.771,1.171,227,808608,255,5.077,0.31,5.297,0,0,768294912,0,5,1,cloister
64.164,15.667,0.648,0.0,19.771,1.171,227,808608,255,5.122,0.31,5.296,0,0,768294912,0,5,1,cloister
64.178,14.5,0.794,0.0,19.771,1.171,227,808608,255,5.167,0.31,5.295,0,0,768294912,0,5,1,cloister
64.193,13.796,1.346,0.0,19.771,1.171,227,808608,255,5.212,0.31,5.294,0,0,768294912,0,5,1,cloister
64.207,13.775,1.153,0.0,19.771,1.171,227,808608,255,5.257,0.31,5.294,0,0,768294912,0,5,1,cloister
64.221,22.111,0.877,0.0,19.771,1.171,227,808608,255,5.302,0.31,5.293,0,0,768294912,0,5,1,cloister
64.236,13.348,0.665,0.0,19.771,1.171,227,808608,255,5.347,0.31,5.292,0,0,768294912,0,5,1,cloister
64.251,14.703,1.076,0.0,19.771,1.171,227,808608,255,5.392,0.31,5.291,0,0,768294912,0,5,1,cloister
64.265,13.466,1.036,0.0,19.771,1.171,227,808608,255,5.392,0.31,5.291,0,0,768294912,0,5,1,cloister
64.28,15.575,1.206,0.0,19.771,1.171,227,808608,255,5.437,0.31,5.29,0,0,768294912,0,5,1,cloister
64.294,13.847,1.214,0.0,19.771,1.171,227,808608,255,5.482,0.31,5.288,0,0,768294912,0,5,1,cloister
64.309,14.279,1.131,0.0,19.771,1.171,227,808608,255,5.527,0.31,5.287,0,0,768294912,0,5,1,cloister
64.324,15.703,0.89,0.0,19.771,1.171,227,808608,255,5.572,0.31,5.286,0,0,768294912,0,5,1,cloister
64.338,12.882,1.008,0.0,19.771,1.171,227,808608,255,5.617,0.31,5.285,0,0,768294912,0,5,1,cloister
64.353,13.82,0.994,0.0,19.771,1.171,227,808608,255,5.662,0.31,5.284,0,0,768294912,0,5,1,cloister
64.367,14.971,0.657,0.0,19.771,1.171,227,808608,255,5.707,0.31,5.283,0,0,768294912,0,5,1,cloister
64.382,13.306,0.55,0.0,19.771,1.171,226,808606,254,5.707,0.31,5.283,0,0,768294912,0,5,1,cloister
64.396,15.044,0.53,0.0,19.771,1.171,226,808606,254,5.752,0.31,5.282,0,0,768294912,0,5,1,cloister
64.411,15.037,0.644,0.0,19.771,1.171,225,808430,253,5.797,0.31,5.281,0,0,768294912,0,5,1,cloister
64.426,13.766,0.673,0.0,19.771,1.171,225,808430,253,5.842,0.31,5.28,0,0,768294912,0,5,1,cloister
64.44,14.175,0.67,0.0,19.771,1.171,225,808430,253,5.887,0.31,5.279,0,0,768294912,0,5,1,cloister
64.455,20.637,1.353,0.0,19.771,1.171,225,808430,253,5.932,0.31,5.277,0,0,768294912,0,5,1,cloister
64.469,13.644,0.748,0.0,19.771,1.171,225,808430,253,5.977,0.31,5.276,0,0,768294912,0,5,1,cloister
64.484,14.299,1.263,0.0,19.771,1.171,225,808430,253,6.022,0.31,5.275,0,0,768294912,0,5,1,cloister
64.499,13.388,1.105,0.0,19.771,1.171,225,808430,253,6.022,0.31,5.275,0,0,768294912,0,5,1,cloister
64.513,15.125,1.094,0.0,19.771,1.171,225,808430,253,6.067,0.31,5.274,0,0,768294912,0,5,1,cloister
64.528,14.345,0.975,0.0,19.771,1.171,225,808430,253,6.112,0.31,5.273,0,0,768294912,0,5,1,cloister
64.542,14.507,0.977,0.0,19.771,1.171,225,808430,253,6.157,0.31,5.272,0,0,768294912,0,5,1,cloister
64.557,13.785,1.223,0.0,19.771,1.171,225,808430,253,6.202,0.31,5.271,0,0,768294912,0,5,1,cloister
64.571,14.655,1.349,0.0,19.771,1.171,225,808430,253,6.247,0.31,5.269,0,0,768294912,0,5,1,cloister
64.586,13.885,1.073,0.0,19.771,1.171,225,808430,253,6.292,0.31,5.268,0,0,768294912,0,5,1,cloister
64.601,14.917,1.326,0.0,19.771,1.171,225,808430,253,6.337,0.31,5.267,0,0,768294912,0,5,1,cloister
64.615,12.702,1.156,0.0,19.771,1.171,225,808430,253,6.337,0.31,5.267,0,0,768294912,0,5,1,cloister
64.63,15.056,0.84,0.0,19.771,1.171,225,808430,253,6.382,0.31,5.266,0,0,768294912,0,5,1,cloister
64.644,14.086,1.049,0.0,19.771,1.171,225,808430,253,6.427,0.31,5.265,0,0,768294912,0,5,1,cloister
64.659,13.972,1.057,0.0,19.771,1.171,225,808430,253,6.472,0.31,5.263,0,0,768294912,0,5,1,cloister
64.674,13.986,1.12,0.0,19.771,1.171,225,808430,253,6.517,0.31,5.262,0,0,768294912,0,5,1,cloister
64.688,16.596,1.013,0.0,19.771,1.171,225,808430,253,6.562,0.31,5.261,0,0,768294912,0,5,1,cloister
64.703,12.136,0.669,0.0,19.771,1.171,225,808430,253,6.607,0.31,5.26,0,0,768294912,0,5,1,cloister
64.717,14.601,0.632,0.0,19.771,1.171,225,808430,253,6.652,0.31,5.259,0,0,768294912,0,5,1,cloister
64.732,13.284,1.049,0.0,19.771,1.171,225,808430,253,6.652,0.31,5.259,0,0,768294912,0,5,1,cloister
64.746,15.151,1.02,0.0,19.771,1.171,225,808430,253,6.697,0.31,5.257,0,0,768294912,0,5,1,cloister
64.761,13.985,1.056,0.0,19.771,1.171,225,808430,253,6.742,0.31,5.256,0,0,768294912,0,5,1,cloister
64.776,14.072,0.987,0.0,19.771,1.171,225,808430,253,6.787,0.31,5.255,0,0,768294912,0,5,1,cloister
64.79,14.638,1.067,0.0,19.771,1.171,225,808430,253,6.832,0.31,5.254,0,0,768294912,0,5,1,cloister
64.804,13.918,0.963,0.0,19.771,1.171,225,808430,253,6.877,0.31,5.253,0,0,768294912,0,5,1,cloister
64.818,14.16,1.061,0.0,19.771,1.171,225,808430,253,6.922,0.31,5.251,0,0,768294912,0,5,1,cloister
64.833,14.102,0.992,0.0,19.771,1.171,225,808430,253,6.922,0.31,5.251,0,0,768294912,0,5,1,cloister
64.847,13.95,1.146,0.0,19.771,1.171,225,808430,253,6.967,0.31,5.25,0,0,768294912,0,5,1,cloister
64.861,14.491,1.442,0.0,19.771,1.171,225,808430,253,7.012,0.31,5.249,0,0,768294912,0,5,1,cloister
64.875,14.153,0.625,0.0,19.771,1.171,225,808430,253,7.057,0.31,5.248,0,0,768294912,0,5,1,cloister
64.889,14.193,1.132,0.0,19.771,1.171,225,808430,253,7.101,0.31,5.247,0,0,768294912,0,5,1,cloister
64.903,14.073,1.121,0.0,19.771,1.171,225,808430,253,7.146,0.31,5.245,0,0,768294912,0,5,1,cloister
64.917,14.186,1.454,0.0,19.771,1.171,225,808430,253,7.191,0.31,5.244,0,0,768294912,0,5,1,cloister
64.932,13.667,1.153,0.0,19.771,1.171,225,808430,253,7.191,0.31,5.244,0,0,768294912,0,5,1,cloister
64.946,14.691,0.994,0.0,19.771,1.171,225,808430,253,7.236,0.31,5.243,0,0,768294912,0,5,1,cloister
64.96,14.135,1.131,0.0,19.771,1.171,225,808430,253,7.281,0.31,5.242,0,0,768294912,0,5,1,cloister
64.974,14.257,1.097,0.0,19.771,1.171,225,808430,253,7.326,0.31,5.241,0,0,768294912,0,5,1,cloister
64.988,14.63,1.055,0.0,19.771,1.171,225,808430,253,7.371,0.31,5.239,0,0,768294912,0,5,1,cloister
65.003,13.991,1.114,0.0,19.771,1.171,225,808430,253,7.416,0.31,5.238,0,0,768294912,0,5,1,cloister
65.017,14.45,1.333,0.0,19.771,1.171,225,808430,253,7.461,0.31,5.237,0,0,768294912,0,5,1,cloister
65.031,19.061,1.206,0.0,19.771,1.171,225,808430,253,7.461,0.31,5.237,0,0,768294912,0,5,1,cloister
65.046,14.633,1.123,0.0,19.771,1.171,225,808430,253,7.506,0.31,5.236,0,0,768294912,0,5,1,cloister
65.06,14.148,0.568,0.0,19.771,1.171,225,808430,253,7.551,0.31,5.235,0,0,768294912,0,5,1,cloister
65.074,14.164,0.478,0.0,19.771,1.171,225,808430,253,7.596,0.31,5.233,0,0,768294912,0,5,1,cloister
65.088,14.295,0.527,0.0,19.771,1.171,225,808430,253,7.641,0.31,5.232,0,0,768294912,0,5,1,cloister
65.103,14.242,0.547,0.0,19.771,1.171,226,810522,254,7.686,0.31,5.231,0,0,768294912,0,5,1,cloister
65.117,14.085,0.607,0.0,19.771,1.171,226,810522,254,7.731,0.31,5.23,0,0,768294912,0,5,1,cloister
65.131,13.448,0.57,0.0,19.771,1.171,226,810522,254,7.731,0.31,5.23,0,0,768294912,0,5,1,cloister
65.146,14.833,0.487,0.0,20.351,1.467,226,810522,254,7.776,0.31,5.229,0,0,768294912,0,5,1,cloister
65.16,13.859,0.6,0.0,20.351,1.467,226,810522,254,7.821,0.31,5.227,0,0,768294912,0,5,1,cloister
65.174,14.571,0.55,0.0,20.351,1.467,226,810522,254,7.866,0.31,5.226,0,0,768294912,0,5,1,cloister
65.188,15.352,0.509,0.0,20.351,1.467,226,810522,254,7.911,0.31,5.225,0,0,768294912,0,5,1,cloister
65.203,12.901,0.815,0.0,20.351,1.467,226,810522,254,7.956,0.31,5.224,0,0,768294912,0,5,1,cloister
65.217,14.434,1.026,0.0,20.351,1.467,226,810522,254,8.001,0.31,5.223,0,0,768294912,0,5,1,cloister
65.231,13.766,0.67,0.0,20.351,1.467,226,810522,254,8.001,0.31,5.223,0,0,768294912,0,5,1,cloister
65.246,20.061,0.864,0.0,20.351,1.467,226,810522,254,8.046,0.31,5.221,0,0,768294912,0,5,1,cloister
65.261,13.916,1.216,0.0,20.351,1.467,226,810522,254,8.091,0.31,5.22,0,0,768294912,0,5,1,cloister
65.275,14.154,1.189,0.0,20.351,1.467,226,810522,254,8.136,0.31,5.219,0,0,768294912,0,5,1,cloister
65.289,14.323,1.121,0.0,20.351,1.467,226,810522,254,8.181,0.31,5.218,0,0,768294912,0,5,1,cloister
65.303,14.171,1.168,0.0,20.351,1.467,226,810522,254,8.226,0.31,5.217,0,0,768294912,0,5,1,cloister
65.318,13.742,1.107,0.0,20.351,1.467,226,810522,254,8.271,0.31,5.215,0,0,768294912,0,5,1,cloister
65.332,13.822,1.051,0.0,20.351,1.467,226,810522,254,8.271,0.31,5.215,0,0,768294912,0,5,1,cloister
65.346,14.83,0.679,0.0,20.351,1.467,226,810522,254,8.316,0.31,5.214,0,0,768294912,0,5,1,cloister
65.361,14.669,0.839,0.0,20.351,1.467,226,810522,254,8.361,0.31,5.213,0,0,768294912,0,5,1,cloister
65.375,14.06,1.193,0.0,20.351,1.467,225,810520,253,8.406,0.31,5.212,0,0,768294912,0,5,1,cloister
65.389,13.924,1.071,0.0,20.351,1.467,225,810520,253,8.451,0.31,5.21,0,0,768294912,0,5,1,cloister
65.404,22.338,1.405,0.0,20.351,1.467,225,810520,253,8.496,0.31,5.209,0,0,768294912,0,5,1,cloister
65.418,12.512,0.813,0.0,20.351,1.467,225,810520,253,8.541,0.31,5.208,0,0,768294912,0,5,1,cloister
65.433,14.413,1.2,0.0,20.351,1.467,225,810520,253,8.586,0.31,5.207,0,0,768294912,0,5,1,cloister
65.448,13.795,0.487,0.0,20.351,1.467,225,810520,253,8.586,0.31,5.207,0,0,768294912,0,5,1,cloister
65.462,16.106,0.421,0.0,20.351,1.467,225,810520,253,8.631,0.31,5.206,0,0,768294912,0,5,1,cloister
65.477,13.963,1.285,0.0,20.351,1.467,225,810520,253,8.676,0.31,5.204,0,0,768294912,0,5,1,cloister
65.492,13.811,1.457,0.0,20.351,1.467,226,814750,254,8.721,0.31,5.203,0,0,768294912,0,5,1,cloister
65.506,14.144,1.286,0.0,20.351,1.467,226,814750,254,8.766,0.31,5.202,0,0,768294912,0,5,1,cloister
65.521,14.283,1.096,0.0,20.351,1.467,226,814750,254,8.811,0.31,5.201,0,0,768294912,0,5,1,cloister
65.535,14.026,0.814,0.0,20.351,1.467,225,814726,253,8.856,0.31,5.2,0,0,768294912,0,5,1,cloister
65.55,14.171,1.392,0.0,20.351,1.467,225,814726,253,8.901,0.31,5.198,0,0,768294912,0,5,1,cloister
65.565,13.097,0.747,0.0,20.351,1.467,225,814726,253,8.901,0.31,5.198,0,0,768294912,0,5,1,cloister
65.579,16.018,1.03,0.0,20.351,1.467,225,814726,253,8.946,0.31,5.197,0,0,768294912,0,5,1,cloister
65.594,13.978,0.755,0.0,20.351,1.467,225,814726,253,8.991,0.31,5.196,0,0,768294912,0,5,1,cloister
65.608,15.04,1.279,0.0,20.351,1.467,225,814726,253,9.036,0.31,5.195,0,0,768294912,0,5,1,cloister
65.623,12.91,1.367,0.0,20.351,1.467,225,814726,253,9.081,0.31,5.194,0,0,768294912,0,5,1,cloister
65.637,21.366,1.172,0.0,20.351,1.467,225,814726,253,9.126,0.31,5.192,0,0,768294912,0,5,1,cloister
65.652,13.489,0.822,0.0,20.351,1.467,225,814726,253,9.171,0.31,5.191,0,0,768294912,0,5,1,cloister
65.667,14.232,1.14,0.0,20.351,1.467,224,814724,252,9.216,0.31,5.19,0,0,768294912,0,5,1,cloister
65.681,13.973,1.245,0.0,20.351,1.467,224,814724,252,9.216,0.31,5.19,0,0,768294912,0,5,1,cloister
65.696,14.732,1.096,0.0,20.351,1.467,224,814724,252,9.261,0.31,5.189,0,0,768294912,0,5,1,cloister
65.71,14.013,1.217,0.0,20.351,1.467,224,814724,252,9.306,0.31,5.187,0,0,768294912,0,5,1,cloister
65.725,14.062,1.054,0.0,20.351,1.467,224,814724,252,9.351,0.31,5.186,0,0,768294912,0,5,1,cloister
65.74,14.137,1.514,0.0,20.351,1.467,224,814724,252,9.396,0.31,5.185,0,0,768294912,0,5,1,cloister
65.754,14.231,0.785,0.0,20.351,1.467,224,814724,252,9.441,0.31,5.184,0,0,768294912,0,5,1,cloister
65.769,15.203,0.632,0.0,20.351,1.467,224,814724,252,9.486,0.31,5.183,0,0,768294912,0,5,1,cloister
65.783,14.145,0.678,0.0,20.351,1.467,224,814724,252,9.531,0.31,5.181,0,0,768294912,0,5,1,cloister
65.798,14.259,1.048,0.0,20.351,1.467,224,814724,252,9.531,0.31,5.181,0,0,768294912,0,5,1,cloister
65.812,15.092,1.26,0.0,20.351,1.467,224,814724,252,9.576,0.31,5.18,0,0,768294912,0,5,1,cloister
65.827,13.85,1.394,0.0,20.351,1.467,224,814724,252,9.621,0.31,5.179,0,0,768294912,0,5,1,cloister
65.842,14.225,1.065,0.0,20.351,1.467,224,814724,252,9.666,0.31,5.178,0,0,768294912,0,5,1,cloister
65.856,14.086,1.112,0.0,20.351,1.467,224,814724,252,9.711,0.31,5.177,0,0,768294912,0,5,1,cloister
65.871,14.18,1.196,0.0,20.351,1.467,224,814724,252,9.756,0.31,5.175,0,0,768294912,0,5,1,cloister
65.885,14.407,1.061,0.0,20.351,1.467,224,814724,252,9.801,0.31,5.174,0,0,768294912,0,5,1,cloister
65.9,14.413,0.998,0.0,20.351,1.467,224,814724,252,9.846,0.31,5.173,0,0,768294912,0,5,1,cloister
65.915,13.895,1.185,0.0,20.351,1.467,224,814724,252,9.846,0.31,5.173,0,0,768294912,0,5,1,cloister
65.929,15.314,1.007,0.0,20.351,1.467,224,814724,252,9.89,0.31,5.172,0,0,768294912,0,5,1,cloister
65.944,13.944,1.302,0.0,20.351,1.467,224,814724,252,9.935,0.31,5.171,0,0,768294912,0,5,1,cloister
65.958,14.586,1.086,0.0,20.351,1.467,225,814804,253,9.98,0.31,5.169,0,0,768294912,0,5,1,cloister
65.973,15.279,0.974,0.0,20.351,1.467,225,814804,253,10.025,0.31,5.168,0,0,768294912,0,5,1,cloister
65.987,14.143,1.268,0.0,20.351,1.467,225,814804,253,10.07,0.31,5.167,0,0,768294912,0,5,1,cloister
66.002,14.601,0.675,0.0,20.351,1.467,225,814804,253,10.115,0.31,5.166,0,0,768294912,0,5,1,cloister
66.017,14.453,1.14,0.0,20.351,1.467,225,814804,253,10.16,0.31,5.165,0,0,768294912,0,5,1,cloister
66.031,13.361,0.835,0.0,20.351,1.467,225,814804,253,10.16,0.31,5.165,0,0,768294912,0,5,1,cloister
66.046,14.595,1.179,0.0,20.351,1.467,225,814804,253,10.205,0.31,5.163,0,0,768294912,0,5,1,cloister
66.06,14.438,0.955,0.0,20.351,1.467,225,814804,253,10.25,0.31,5.162,0,0,768294912,0,5,1,cloister
66.074,13.931,0.492,0.0,20.351,1.467,225,814804,253,10.295,0.31,5.161,0,0,768294912,0,5,1,cloister
66.089,15.425,0.503,0.0,20.351,1.467,224,814802,252,10.34,0.31,5.16,0,0,768294912,0,5,1,cloister
66.103,13.937,0.462,0.0,20.351,1.467,224,814802,252,10.385,0.31,5.158,0,0,768294912,0,5,1,cloister
66.117,14.369,1.433,0.0,20.351,1.467,224,814802,252,10.43,0.31,5.157,0,0,768294912,0,5,1,cloister
66.132,14.002,1.153,0.0,20.549,1.493,223,814800,251,10.43,0.31,5.157,0,0,768294912,0,5,1,cloister
66.147,20.29,1.062,0.0,20.549,1.493,223,814800,251,10.475,0.31,5.156,0,0,768294912,0,5,1,cloister
66.161,14.361,1.126,0.0,20.549,1.493,223,814800,251,10.52,0.31,5.155,0,0,768294912,0,5,1,cloister
66.176,14.195,1.101,0.0,20.549,1.493,223,814800,251,10.565,0.31,5.154,0,0,768294912,0,5,1,cloister
66.19,14.323,1.009,0.0,20.549,1.493,223,814800,251,10.61,0.31,5.152,0,0,768294912,0,5,1,cloister
66.205,14.426,1.083,0.0,20.549,1.493,223,814800,251,10.655,0.31,5.151,0,0,768294912,0,5,1,cloister
66.221,20.627,1.162,0.0,20.549,1.493,223,814800,251,10.7,0.31,5.15,0,0,768294912,0,5,1,cloister
66.236,14.121,1.613,0.0,20.549,1.493,223,814800,251,10.745,0.31,5.149,0,0,768294912,0,5,1,cloister
66.25,13.975,1.053,0.0,20.549,1.493,223,814800,251,10.745,0.31,5.149,0,0,768294912,0,5,1,cloister
66.265,15.049,1.05,0.0,20.549,1.493,223,814800,251,10.79,0.31,5.148,0,0,768294912,0,5,1,cloister
66.279,13.778,1.064,0.0,20.549,1.493,222,814780,250,10.835,0.31,5.146,0,0,768294912,0,5,1,cloister
66.294,14.575,1.029,0.0,20.549,1.493,222,814780,250,10.88,0.31,5.145,0,0,768294912,0,5,1,cloister
66.308,14.267,0.973,0.0,20.549,1.493,222,814780,250,10.925,0.31,5.144,0,0,768294912,0,5,1,cloister
66.323,14.565,1.016,0.0,20.549,1.493,222,814780,250,10.97,0.31,5.143,0,0,768294912,0,5,1,cloister
66.337,14.253,0.991,0.0,20.549,1.493,221,812088,249,11.015,0.31,5.142,0,0,768294912,0,5,1,cloister
66.352,14.652,1.163,0.0,20.549,1.493,221,812088,249,11.06,0.31,5.14,0,0,768294912,0,5,1,cloister
66.367,13.918,0.805,0.0,20.549,1.493,221,812088,249,11.06,0.31,5.14,0,0,768294912,0,5,1,cloister
66.381,15.068,0.966,0.0,20.549,1.493,221,812088,249,11.105,0.31,5.139,0,0,768294912,0,5,1,cloister
66.396,14.113,0.991,0.0,20.549,1.493,221,812088,249,11.15,0.31,5.138,0,0,768294912,0,5,1,cloister
66.41,14.595,1.101,0.0,20.549,1.493,221,812088,249,11.195,0.31,5.137,0,0,768294912,0,5,1,cloister
66.425,14.654,0.978,0.0,20.549,1.493,221,812088,249,11.24,0.31,5.135,0,0,768294912,0,5,1,cloister
66.44,14.741,1.007,0.0,20.549,1.493,221,812088,249,11.285,0.31,5.134,0,0,768294912,0,5,1,cloister
66.454,14.514,0.988,0.0,20.549,1.493,222,812090,250,11.33,0.31,5.133,0,0,768294912,0,5,1,cloister
66.469,14.577,1.109,0.0,20.549,1.493,222,812090,250,11.375,0.31,5.132,0,0,768294912,0,5,1,cloister
66.483,13.612,1.004,0.0,20.549,1.493,222,812090,250,11.375,0.31,5.132,0,0,768294912,0,5,1,cloister
66.498,15.102,1.016,0.0,20.549,1.493,222,812090,250,11.42,0.31,5.131,0,0,768294912,0,5,1,cloister
66.512,14.858,1.047,0.0,20.549,1.493,222,812090,250,11.465,0.31,5.129,0,0,768294912,0,5,1,cloister
66.527,14.185,1.053,0.0,20.549,1.493,222,812090,250,11.51,0.31,5.128,0,0,768294912,0,5,1,cloister
66.542,14.572,1.118,0.0,20.549,1.493,222,812090,250,11.555,0.31,5.127,0,0,768294912,0,5,1,cloister
66.556,14.648,1.025,0.0,20.549,1.493,223,812092,251,11.6,0.31,5.126,0,0,768294912,0,5,1,cloister
66.571,14.639,1.128,0.0,20.549,1.493,223,812092,251,11.645,0.31,5.125,0,0,768294912,0,5,1,cloister
66.585,14.239,1.035,0.0,20.549,1.493,223,812092,251,11.69,0.31,5.123,0,0,768294912,0,5,1,cloister
66.605,22.659,1.136,0.0,20.549,1.493,223,812092,251,11.735,0.31,5.122,0,0,768294912,0,5,1,cloister
66.62,13.41,1.107,0.0,20.549,1.493,223,812092,251,11.78,0.31,5.121,0,0,768294912,0,5,1,cloister
66.633,14.013,1.106,0.0,20.549,1.493,223,812092,251,11.78,0.31,5.121,0,0,768294912,0,5,1,cloister
66.648,15.879,0.628,0.0,20.549,1.493,223,812092,251,11.825,0.31,5.12,0,0,768294912,0,5,1,cloister
66.663,13.761,1.293,0.0,20.549,1.493,223,812092,251,11.87,0.31,5.119,0,0,768294912,0,5,1,cloister
66.678,14.454,1.051,0.0,20.549,1.493,223,812092,251,11.915,0.31,5.117,0,0,768294912,0,5,1,cloister
66.693,14.305,0.989,0.0,20.549,1.493,223,812092,251,11.96,0.31,5.116,0,0,768294912,0,5,1,cloister
66.708,14.599,1.02,0.0,20.549,1.493,223,812092,251,12.005,0.31,5.115,0,0,768294912,0,5,1,cloister
66.723,14.445,0.988,0.0,20.549,1.493,223,812092,251,12.05,0.31,5.114,0,0,768294912,0,5,1,cloister
66.738,14.435,1.009,0.0,20.549,1.493,223,812092,251,12.095,0.31,5.113,0,0,768294912,0,5,1,cloister
66.753,14.42,1.364,0.0,20.549,1.493,223,812092,251,12.14,0.31,5.111,0,0,768294912,0,5,1,cloister
66.768,14.608,1.04,0.0,20.549,1.493,223,812092,251,12.185,0.31,5.11,0,0,768294912,0,5,1,cloister
66.783,13.745,1.124,0.0,20.549,1.493,223,812092,251,12.185,0.31,5.11,0,0,768294912,0,5,1,cloister
66.798,15.384,1.079,0.0,20.549,1.493,223,812092,251,12.23,0.31,5.109,0,0,768294912,0,5,1,cloister
66.813,14.424,0.93,0.0,20.549,1.493,223,812092,251,12.275,0.31,5.108,0,0,768294912,0,5,1,cloister
66.828,20.695,0.85,0.0,20.549,1.493,223,813556,251,12.32,0.31,5.106,0,0,768294912,0,5,1,cloister
66.843,14.199,0.734,0.0,20.549,1.493,223,813556,251,12.365,0.31,5.105,0,0,768294912,0,5,1,cloister
66.858,14.729,1.116,0.0,20.549,1.493,223,813556,251,12.41,0.31,5.104,0,0,768294912,0,5,1,cloister
66.873,15.073,0.994,0.0,20.549,1.493,223,813556,251,12.455,0.31,5.103,0,0,768294912,0,5,1,cloister
66.888,14.012,1.02,0.0,20.549,1.493,223,813556,251,12.5,0.31,5.102,0,0,768294912,0,5,1,cloister
66.903,14.673,1.075,0.0,20.549,1.493,223,813556,251,12.545,0.31,5.1,0,0,768294912,0,5,1,cloister
66.918,14.771,0.998,0.0,20.549,1.493,223,813556,251,12.59,0.31,5.099,0,0,768294912,0,5,1,cloister
66.933,14.064,1.009,0.0,20.549,1.493,222,810864,250,12.59,0.31,5.099,0,0,768294912,0,5,1,cloister
66.948,14.938,1.039,0.0,20.549,1.493,222,810864,250,12.635,0.31,5.098,0,0,768294912,0,5,1,cloister
66.963,14.766,1.018,0.0,20.549,1.493,222,810864,250,12.679,0.31,5.097,0,0,768294912,0,5,1,cloister
66.978,14.486,1.051,0.0,20.549,1.493,222,810864,250,12.724,0.31,5.096,0,0,768294912,0,5,1,cloister
66.993,15.424,0.985,0.0,20.549,1.493,222,810864,250,12.769,0.31,5.094,0,0,768294912,0,5,1,cloister
67.008,13.708,0.91,0.0,20.549,1.493,222,810864,250,12.814,0.31,5.093,0,0,768294912,0,5,1,cloister
67.023,14.288,1.018,0.0,20.549,1.493,222,810864,250,12.859,0.31,5.092,0,0,768294912,0,5,1,cloister
67.038,14.373,0.668,0.0,20.549,1.493,221,808172,249,12.904,0.31,5.091,0,0,768294912,0,5,1,cloister
67.053,14.761,0.512,0.0,20.549,1.493,221,808172,249,12.949,0.31,5.09,0,0,768294912,0,5,1,cloister
67.068,14.406,0.545,0.0,20.549,1.493,220,805480,248,12.994,0.31,5.088,0,0,768294912,0,5,1,cloister
67.083,13.606,0.654,0.0,20.549,1.493,220,805480,248,12.994,0.31,5.088,0,0,768294912,0,5,1,cloister
67.098,15.061,0.559,0.0,20.549,1.493,220,805480,248,13.039,0.31,5.087,0,0,768294912,0,5,1,cloister
67.113,14.774,0.478,0.0,20.549,1.493,221,830136,249,13.084,0.31,5.086,0,0,768294912,0,5,1,cloister
67.128,14.726,0.44,0.0,20.549,1.493,221,830136,249,13.129,0.31,5.085,0,0,768294912,0,5,1,cloister
67.143,13.86,0.577,0.0,21.726,1.353,221,830136,249,13.174,0.31,5.083,0,0,768294912,0,5,1,cloister
67.157,14.845,0.658,0.0,21.726,1.353,221,830136,249,13.219,0.31,5.082,0,0,768294912,0,5,1,cloister
67.172,14.44,0.535,0.0,21.726,1.353,221,830136,249,13.264,0.31,5.081,0,0,768294912,0,5,1,cloister
67.187,14.576,0.559,0.0,21.726,1.353,221,830136,249,13.309,0.31,5.08,0,0,768294912,0,5,1,cloister
67.202,14.588,0.614,0.0,21.726,1.353,221,830136,249,13.354,0.31,5.079,0,0,768294912,0,5,1,cloister
67.217,14.429,0.75,0.0,21.726,1.353,221,830136,249,13.354,0.31,5.079,0,0,768294912,0,5,1,cloister
67.231,15.039,0.615,0.0,21.726,1.353,221,830136,249,13.399,0.31,5.077,0,0,768294912,0,5,1,cloister
67.246,14.739,1.036,0.0,21.726,1.353,221,830136,249,13.444,0.31,5.076,0,0,768294912,0,5,1,cloister
67.261,14.255,1.079,0.0,21.726,1.353,220,828044,248,13.489,0.31,5.075,0,0,768294912,0,5,1,cloister
67.276,14.717,1.048,0.0,21.726,1.353,220,828044,248,13.534,0.31,5.074,0,0,768294912,0,5,1,cloister
67.291,14.115,1.016,0.0,21.726,1.353,220,828044,248,13.579,0.31,5.073,0,0,768294912,0,5,1,cloister
67.306,14.545,1.187,0.0,21.726,1.353,220,828044,248,13.624,0.31,5.071,0,0,768294912,0,5,1,cloister
67.32,14.576,0.988,0.0,21.726,1.353,220,828044,248,13.669,0.31,5.07,0,0,768294912,0,5,1,cloister
67.335,14.558,1.017,0.0,21.726,1.353,221,828116,249,13.714,0.31,5.069,0,0,768294912,0,5,1,cloister
67.35,13.413,1.174,0.0,21.726,1.353,221,828116,249,13.714,0.31,5.069,0,0,768294912,0,5,1,cloister
67.365,15.245,1.152,0.0,21.726,1.353,221,828116,249,13.759,0.31,5.068,0,0,768294912,0,5,1,cloister
67.38,14.514,0.788,0.0,21.726,1.353,221,828116,249,13.804,0.31,5.067,0,0,768294912,0,5,1,cloister
67.394,15.172,0.707,0.0,21.726,1.353,221,828116,249,13.849,0.31,5.065,0,0,768294912,0,5,1,cloister
67.409,21.06,0.919,0.0,21.726,1.353,221,828116,249,13.894,0.31,5.064,0,0,768294912,0,5,1,cloister
67.424,14.195,1.216,0.0,21.726,1.353,221,828116,249,13.939,0.31,5.063,0,0,768294912,0,5,1,cloister
67.439,14.569,1.363,0.0,21.726,1.353,221,828116,249,13.984,0.31,5.062,0,0,768294912,0,5,1,cloister
67.454,14.605,0.957,0.0,21.726,1.353,221,828116,249,14.029,0.31,5.061,0,0,768294912,0,5,1,cloister
67.469,15.077,1.091,0.0,21.726,1.353,221,828116,249,14.074,0.31,5.059,0,0,768294912,0,5,1,cloister
67.483,13.761,1.146,0.0,21.726,1.353,221,828116,249,14.074,0.31,5.059,0,0,768294912,0,5,1,cloister
67.498,15.542,1.164,0.0,21.726,1.353,221,828116,249,14.119,0.31,5.058,0,0,768294912,0,5,1,cloister
67.513,14.461,1.092,0.0,21.726,1.353,220,828114,248,14.164,0.31,5.057,0,0,768294912,0,5,1,cloister
67.528,14.57,1.306,0.0,21.726,1.353,220,828114,248,14.209,0.31,5.056,0,0,768294912,0,5,1,cloister
67.543,14.251,1.122,0.0,21.726,1.353,220,828114,248,14.254,0.31,5.054,0,0,768294912,0,5,1,cloister
67.557,14.904,1.105,0.0,21.726,1.353,220,828114,248,14.299,0.31,5.053,0,0,768294912,0,5,1,cloister
67.572,14.539,1.093,0.0,21.726,1.353,219,828090,247,14.344,0.31,5.052,0,0,768294912,0,5,1,cloister
67.587,14.811,1.018,0.0,21.726,1.353,219,828090,247,14.389,0.31,5.051,0,0,768294912,0,5,1,cloister
67.602,14.287,1.348,0.0,21.726,1.353,218,828010,246,14.434,0.31,5.05,0,0,768294912,0,5,1,cloister
67.617,14.076,1.079,0.0,21.726,1.353,219,829786,247,14.434,0.31,5.05,0,0,768294912,0,5,1,cloister
67.631,15.009,1.088,0.0,21.726,1.353,219,829786,247,14.479,0.31,5.048,0,0,768294912,0,5,1,cloister
67.646,14.553,1.288,0.0,21.726,1.353,220,829788,248,14.524,0.31,5.047,0,0,768294912,0,5,1,cloister
67.661,15.003,1.126,0.0,21.726,1.353,220,829788,248,14.569,0.31,5.046,0,0,768294912,0,5,1,cloister
67.676,14.29,1.096,0.0,21.726,1.353,220,829788,248,14.614,0.31,5.045,0,0,768294912,0,5,1,cloister
67.691,14.564,1.334,0.0,21.726,1.353,220,829788,248,14.659,0.31,5.044,0,0,768294912,0,5,1,cloister
67.706,14.878,1.045,0.0,21.726,1.353,219,827004,247,14.704,0.31,5.042,0,0,768294912,0,5,1,cloister
67.72,14.082,1.094,0.0,21.726,1.353,219,827004,247,14.749,0.31,5.041,0,0,768294912,0,5,1,cloister
67.735,14.491,1.06,0.0,21.726,1.353,219,827004,247,14.794,0.31,5.04,0,0,768294912,0,5,1,cloister
67.75,14.367,1.962,0.0,21.726,1.353,219,827004,247,14.794,0.31,5.04,0,0,768294912,0,5,1,cloister
67.765,15.29,1.183,0.0,21.726,1.353,219,827004,247,14.839,0.31,5.039,0,0,768294912,0,5,1,cloister
67.78,14.258,1.227,0.0,21.726,1.353,219,827004,247,14.884,0.31,5.038,0,0,768294912,0,5,1,cloister
67.795,21.688,1.239,0.0,21.726,1.353,219,827004,247,14.929,0.31,5.036,0,0,768294912,0,5,1,cloister
67.809,13.565,1.138,0.0,21.726,1.353,219,827004,247,14.974,0.31,5.035,0,0,768294912,0,5,1,cloister
67.824,15.0,1.197,0.0,21.726,1.353,218,826924,246,15.019,0.31,5.034,0,0,768294912,0,5,1,cloister
67.839,13.105,1.166,0.0,21.726,1.353,218,826924,246,15.064,0.31,5.033,0,0,768294912,0,5,1,cloister
67.854,14.762,1.701,0.0,21.726,1.353,218,826924,246,15.109,0.31,5.031,0,0,768294912,0,5,1,cloister
67.869,15.221,0.496,0.0,21.726,1.353,218,826924,246,15.154,0.31,5.03,0,0,768294912,0,5,1,cloister
67.883,13.544,0.59,0.0,21.726,1.353,219,826948,247,15.154,0.31,5.03,0,0,768294912,0,5,1,cloister
67.898,15.107,1.077,0.0,21.726,1.353,219,826948,247,15.199,0.31,5.029,0,0,768294912,0,5,1,cloister
67.913,14.257,1.193,0.0,21.726,1.353,219,826948,247,15.244,0.31,5.028,0,0,768294912,0,5,1,cloister
67.928,14.766,1.08,0.0,21.726,1.353,219,826948,247,15.289,0.31,5.027,0,0,768294912,0,5,1,cloister
67.943,14.697,1.199,0.0,21.726,1.353,219,826948,247,15.334,0.31,5.025,0,0,768294912,0,5,1,cloister
67.957,14.346,1.163,0.0,21.726,1.353,219,826948,247,15.379,0.31,5.024,0,0,768294912,0,5,1,cloister
67.972,15.269,0.703,0.0,21.726,1.353,219,826948,247,15.424,0.31,5.023,0,0,768294912,0,5,1,cloister
67.987,13.706,1.065,0.0,21.726,1.353,219,826948,247,15.468,0.31,5.022,0,0,768294912,0,5,1,cloister
68.002,22.296,1.085,0.0,21.726,1.353,219,826948,247,15.513,0.31,5.021,0,0,768294912,0,5,1,cloister
68.017,13.363,0.712,0.0,21.726,1.353,219,826948,247,15.558,0.31,5.019,0,0,768294912,0,5,1,cloister
68.032,14.222,1.29,0.0,21.726,1.353,219,826948,247,15.558,0.31,5.019,0,0,768294912,0,5,1,cloister
68.047,15.304,1.106,0.0,21.726,1.353,219,826948,247,15.603,0.31,5.018,0,0,768294912,0,5,1,cloister
68.062,14.9,1.178,0.0,21.726,1.353,219,826948,247,15.648,0.31,5.017,0,0,768294912,0,5,1,cloister
68.077,13.831,0.982,0.0,21.726,1.353,218,826828,246,15.693,0.31,5.016,0,0,768294912,0,5,1,cloister
68.092,14.795,1.924,0.0,21.726,1.353,218,826828,246,15.738,0.31,5.015,0,0,768294912,0,5,1,cloister
68.107,14.907,0.464,0.0,21.726,1.353,218,826828,246,15.783,0.31,5.013,0,0,768294912,0,5,1,cloister
68.122,14.983,0.464,0.0,21.726,1.353,218,826828,246,15.828,0.31,5.012,0,0,768294912,0,5,1,cloister
68.137,15.344,0.507,0.0,20.135,1.339,218,826828,246,15.873,0.31,5.011,0,0,768294912,0,5,1,cloister
68.152,14.866,0.773,0.0,20.135,1.339,218,826828,246,15.918,0.31,5.01,0,0,768294912,0,5,1,cloister
68.167,13.97,1.152,0.0,20.135,1.339,218,826828,246,15.918,0.31,5.01,0,0,768294912,0,5,1,cloister
68.182,17.034,1.039,0.0,20.135,1.339,218,826828,246,15.963,0.31,5.009,0,0,768294912,0,5,1,cloister
68.196,12.673,1.04,0.0,20.135,1.339,218,826796,246,16.008,0.31,5.007,0,0,768294912,0,5,1,cloister
68.211,14.771,0.767,0.0,20.135,1.339,217,826760,245,16.053,0.31,5.006,0,0,768294912,0,5,1,cloister
68.226,14.123,0.726,0.0,20.135,1.339,216,826758,244,16.098,0.31,5.005,0,0,768294912,0,5,1,cloister
68.241,15.137,1.558,0.0,20.135,1.339,215,826718,243,16.143,0.31,5.004,0,0,768294912,0,5,1,cloister
68.256,14.344,0.716,0.0,20.135,1.339,215,826718,243,16.188,0.31,5.002,0,0,768294912,0,5,1,cloister
68.27,14.562,0.961,0.0,20.135,1.339,215,826718,243,16.233,0.31,5.001,0,0,768294912,0,5,1,cloister
68.285,14.45,1.087,0.0,20.135,1.339,215,826718,243,16.278,0.31,5.0,0,0,768294912,0,5,1,cloister
68.3,14.343,1.122,0.0,20.135,1.339,215,826718,243,16.278,0.31,5.0,0,0,768294912,0,5,1,cloister
68.315,14.811,1.099,0.0,20.135,1.339,215,826718,243,16.323,0.31,4.999,0,0,768294912,0,5,1,cloister
68.33,14.366,1.409,0.0,20.135,1.339,215,826718,243,16.368,0.31,4.998,0,0,768294912,0,5,1,cloister
68.344,14.616,1.039,0.0,20.135,1.339,215,826718,243,16.413,0.31,4.996,0,0,768294912,0,5,1,cloister
68.359,14.015,1.029,0.0,20.135,1.339,215,826718,243,16.458,0.31,4.995,0,0,768294912,0,5,1,cloister
68.374,14.879,0.613,0.0,20.135,1.339,214,826598,242,16.503,0.31,4.994,0,0,768294912,0,5,1,cloister
68.389,14.975,0.578,0.0,20.135,1.339,214,826598,242,16.548,0.31,4.993,0,0,768294912,0,5,1,cloister
68.404,14.651,0.63,0.0,20.135,1.339,214,826598,242,16.593,0.31,4.992,0,0,768294912,0,5,1,cloister
68.419,14.724,1.123,0.0,20.135,1.339,215,826610,243,16.638,0.31,4.99,0,0,768294912,0,5,1,cloister
68.433,13.742,1.104,0.0,20.135,1.339,215,826610,243,16.638,0.31,4.99,0,0,768294912,0,5,1,cloister
68.448,15.062,1.28,0.0,20.135,1.339,215,826610,243,16.683,0.31,4.989,0,0,768294912,0,5,1,cloister
68.463,15.417,1.065,0.0,20.135,1.339,215,826610,243,16.728,0.31,4.988,0,0,768294912,0,5,1,cloister
68.478,13.995,1.081,0.0,20.135,1.339,215,826610,243,16.773,0.31,4.987,0,0,768294912,0,5,1,cloister
68.493,14.249,1.314,0.0,20.135,1.339,215,826610,243,16.818,0.31,4.986,0,0,768294912,0,5,1,cloister
68.507,14.237,1.124,0.0,20.135,1.339,215,826610,243,16.863,0.31,4.984,0,0,768294912,0,5,1,cloister
68.522,20.627,1.24,0.0,20.135,1.339,215,826610,243,16.908,0.31,4.983,0,0,768294912,0,5,1,cloister
68.537,13.456,1.363,0.0,20.135,1.339,214,826490,242,16.953,0.31,4.982,0,0,768294912,0,5,1,cloister
68.552,14.846,1.491,0.0,20.135,1.339,214,826490,242,16.998,0.31,4.981,0,0,768294912,0,5,1,cloister
68.567,14.653,1.066,0.0,20.135,1.339,214,826490,242,16.998,0.31,4.981,0,0,768294912,0,5,1,cloister
68.581,14.427,1.086,0.0,20.135,1.339,214,826490,242,17.043,0.31,4.98,0,0,768294912,0,5,1,cloister
68.596,14.411,1.242,0.0,20.135,1.339,214,826490,242,17.088,0.31,4.978,0,0,768294912,0,5,1,cloister
68.611,20.937,1.288,0.0,20.135,1.339,214,826490,242,17.133,0.31,4.977,0,0,768294912,0,5,1,cloister
68.626,14.206,1.067,0.0,20.135,1.339,214,826490,242,17.178,0.31,4.976,0,0,768294912,0,5,1,cloister
68.641,14.88,1.176,0.0,20.135,1.339,214,826490,242,17.223,0.31,4.975,0,0,768294912,0,5,1,cloister
68.656,15.012,0.995,0.0,20.135,1.339,214,826490,242,17.268,0.31,4.973,0,0,768294912,0,5,1,cloister
68.671,15.12,1.036,0.0,20.135,1.339,214,826490,242,17.313,0.31,4.972,0,0,768294912,0,5,1,cloister
68.686,14.817,0.966,0.0,20.135,1.339,213,826410,241,17.358,0.31,4.971,0,0,768294912,0,5,1,cloister
68.701,14.656,0.837,0.0,20.135,1.339,212,826408,240,17.403,0.31,4.97,0,0,768294912,0,5,1,cloister
68.716,14.347,0.988,0.0,20.135,1.339,212,826408,240,17.403,0.31,4.97,0,0,768294912,0,5,1,cloister
68.731,15.723,1.212,0.0,20.135,1.339,212,826408,240,17.448,0.31,4.969,0,0,768294912,0,5,1,cloister
68.746,14.878,1.15,0.0,20.135,1.339,212,826408,240,17.493,0.31,4.967,0,0,768294912,0,5,1,cloister
68.761,15.139,1.164,0.0,20.135,1.339,212,826408,240,17.538,0.31,4.966,0,0,768294912,0,5,1,cloister
68.776,14.335,1.025,0.0,20.135,1.339,212,826408,240,17.583,0.31,4.965,0,0,768294912,0,5,1,cloister
68.791,14.874,1.251,0.0,20.135,1.339,212,826408,240,17.628,0.31,4.964,0,0,768294912,0,5,1,cloister
68.806,14.515,1.098,0.0,20.135,1.339,212,826408,240,17.673,0.31,4.963,0,0,768294912,0,5,1,cloister
68.821,15.452,1.168,0.0,20.135,1.339,211,826406,239,17.718,0.31,4.961,0,0,768294912,0,5,1,cloister
68.836,13.446,1.12,0.0,20.135,1.339,211,826406,239,17.763,0.31,4.96,0,0,768294912,0,5,1,cloister
68.851,14.768,1.519,0.0,20.135,1.339,209,826302,237,17.808,0.31,4.959,0,0,768294912,0,5,1,cloister
68.866,14.178,0.354,0.0,20.135,1.339,209,826302,237,17.808,0.31,4.959,0,0,768294912,0,5,1,cloister
68.881,15.828,0.449,0.0,20.135,1.339,209,826302,237,17.853,0.31,4.958,0,0,768294912,0,5,1,cloister
68.896,15.152,0.503,0.0,20.135,1.339,207,826202,235,17.898,0.31,4.957,0,0,768294912,0,5,1,cloister
68.911,14.82,1.344,0.0,20.135,1.339,205,826130,233,17.943,0.31,4.955,0,0,768294912,0,5,1,cloister
68.925,14.732,1.081,0.0,20.135,1.339,205,826130,233,17.988,0.31,4.954,0,0,768294912,0,5,1,cloister
68.94,14.954,1.066,0.0,20.135,1.339,205,826130,233,18.033,0.31,4.953,0,0,768294912,0,5,1,cloister
68.955,13.859,1.603,0.0,20.135,1.339,203,825970,231,18.078,0.31,4.952,0,0,768294912,0,5,1,cloister
68.97,22.54,1.162,0.0,20.135,1.339,203,825970,231,18.122,0.31,4.95,0,0,768294912,0,5,1,cloister
68.985,14.026,0.712,0.0,20.135,1.339,203,825970,231,18.167,0.31,4.949,0,0,768294912,0,5,1,cloister
69.0,14.105,1.345,0.0,20.135,1.339,203,825970,231,18.212,0.31,4.948,0,0,768294912,0,5,1,cloister
69.015,14.156,1.268,0.0,20.135,1.339,203,825970,231,18.212,0.31,4.948,0,0,768294912,0,5,1,cloister
69.03,15.359,0.98,0.0,20.135,1.339,203,825970,231,18.257,0.31,4.947,0,0,768294912,0,5,1,cloister
69.045,15.56,1.054,0.0,20.135,1.339,203,825970,231,18.302,0.31,4.946,0,0,768294912,0,5,1,cloister
69.06,13.985,1.016,0.0,20.135,1.339,203,825970,231,18.347,0.31,4.944,0,0,768294912,0,5,1,cloister
69.075,15.355,1.292,0.0,20.135,1.339,203,825970,231,18.392,0.31,4.943,0,0,768294912,0,5,1,cloister
69.09,13.995,1.057,0.0,20.135,1.339,203,825970,231,18.437,0.31,4.942,0,0,768294912,0,5,1,cloister
69.105,14.484,1.007,0.0,20.135,1.339,202,825850,230,18.482,0.31,4.941,0,0,768294912,0,5,1,cloister
69.12,14.65,0.6,0.0,20.135,1.339,203,830080,231,18.527,0.31,4.94,0,0,768294912,0,5,1,cloister
69.135,15.029,0.503,0.0,20.385,1.253,202,830060,230,18.572,0.31,4.938,0,0,768294912,0,5,1,cloister
69.15,14.875,0.542,0.0,20.385,1.253,201,830024,229,18.617,0.31,4.937,0,0,768294912,0,5,1,cloister
69.165,13.913,0.565,0.0,20.385,1.253,201,830024,229,18.617,0.31,4.937,0,0,768294912,0,5,1,cloister
69.18,21.832,0.602,0.0,20.385,1.253,201,830024,229,18.662,0.31,4.936,0,0,768294912,0,5,1,cloister
69.195,15.081,0.626,0.0,20.385,1.253,199,829868,227,18.707,0.31,4.935,0,0,768294912,0,5,1,cloister
69.21,14.252,0.628,0.0,20.385,1.253,199,829868,227,18.752,0.31,4.934,0,0,768294912,0,5,1,cloister
69.225,15.218,0.611,0.0,20.385,1.253,199,829868,227,18.797,0.31,4.932,0,0,768294912,0,5,1,cloister
69.24,14.248,0.61,0.0,20.385,1.253,199,829868,227,18.842,0.31,4.931,0,0,768294912,0,5,1,cloister
69.255,14.541,0.912,0.0,20.385,1.253,199,829868,227,18.887,0.31,4.93,0,0,768294912,0,5,1,cloister
69.27,14.861,0.5,0.0,20.385,1.253,199,829868,227,18.932,0.31,4.929,0,0,768294912,0,5,1,cloister
69.285,15.075,0.47,0.0,20.385,1.253,199,829868,227,18.977,0.31,4.928,0,0,768294912,0,5,1,cloister
69.3,14.636,0.573,0.0,20.385,1.253,199,829868,227,19.022,0.31,4.926,0,0,768294912,0,5,1,cloister
69.315,13.931,0.585,0.0,20.385,1.253,199,829868,227,19.022,0.31,4.926,0,0,768294912,0,5,1,cloister
69.33,15.701,0.541,0.0,20.385,1.253,199,829868,227,19.067,0.31,4.925,0,0,768294912,0,5,1,cloister
69.345,14.741,0.583,0.0,20.385,1.253,199,829868,227,19.112,0.31,4.924,0,0,768294912,0,5,1,cloister
69.36,14.471,0.593,0.0,20.385,1.253,199,829868,227,19.157,0.31,4.923,0,0,768294912,0,5,1,cloister
69.375,14.65,0.575,0.0,20.385,1.253,199,829868,227,19.202,0.31,4.921,0,0,768294912,0,5,1,cloister
69.39,14.619,0.541,0.0,20.385,1.253,199,829868,227,19.247,0.31,4.92,0,0,768294912,0,5,1,cloister
69.405,15.209,0.557,0.0,20.385,1.253,199,829868,227,19.292,0.31,4.919,0,0,768294912,0,5,1,cloister
69.42,14.813,0.503,0.0,20.385,1.253,199,829868,227,19.337,0.31,4.918,0,0,768294912,0,5,1,cloister
69.435,15.776,0.692,0.0,20.385,1.253,198,827800,226,19.382,0.31,4.917,0,0,768294912,0,5,1,cloister
69.45,13.822,1.004,0.0,20.385,1.253,198,827800,226,19.427,0.31,4.915,0,0,768294912,0,5,1,cloister
69.465,14.481,1.221,0.0,20.385,1.253,198,827800,226,19.427,0.31,4.915,0,0,768294912,0,5,1,cloister
69.48,15.527,0.729,0.0,20.385,1.253,198,827800,226,19.472,0.31,4.914,0,0,768294912,0,5,1,cloister
69.495,14.631,1.166,0.0,20.385,1.253,198,827800,226,19.517,0.31,4.913,0,0,768294912,0,5,1,cloister
69.51,15.119,1.076,0.0,20.385,1.253,198,827800,226,19.562,0.31,4.912,0,0,768294912,0,5,1,cloister
69.525,14.483,1.125,0.0,20.385,1.253,198,827800,226,19.607,0.31,4.911,0,0,768294912,0,5,1,cloister
69.54,15.138,1.387,0.0,20.385,1.253,198,827800,226,19.652,0.31,4.909,0,0,768294912,0,5,1,cloister
69.555,13.995,1.178,0.0,20.385,1.253,198,827800,226,19.697,0.31,4.908,0,0,768294912,0,5,1,cloister
69.57,15.113,1.275,0.0,20.385,1.253,198,827800,226,19.742,0.31,4.907,0,0,768294912,0,5,1,cloister
69.585,14.456,0.867,0.0,20.385,1.253,198,827800,226,19.787,0.31,4.905,0,0,768294912,0,5,1,cloister
69.6,14.926,0.773,0.0,20.385,1.253,197,827776,225,19.832,0.31,4.904,0,0,768294912,0,5,1,cloister
69.615,13.825,1.417,0.0,20.385,1.253,197,827776,225,19.832,0.31,4.904,0,0,768294912,0,5,1,cloister
69.63,15.815,1.12,0.0,20.385,1.253,197,827776,225,19.877,0.31,4.903,0,0,768294912,0,5,1,cloister
69.645,14.27,1.053,0.0,20.385,1.253,197,827776,225,19.922,0.31,4.901,0,0,768294912,0,5,1,cloister
69.66,14.767,1.147,0.0,20.385,1.253,197,827776,225,19.967,0.31,4.9,0,0,768294912,0,5,1,cloister
69.675,14.63,0.968,0.0,20.385,1.253,197,827776,225,20.012,0.31,4.898,0,0,768294912,0,5,1,cloister
69.69,14.387,1.067,0.0,20.385,1.253,197,827776,225,20.057,0.31,4.897,0,0,768294912,0,5,1,cloister
69.705,15.819,0.514,0.0,20.385,1.253,197,827776,225,20.102,0.31,4.895,0,0,768294912,0,5,1,cloister
69.719,13.96,1.329,0.0,20.385,1.253,197,827776,225,20.147,0.31,4.894,0,0,768294912,0,5,1,cloister
69.734,14.532,1.157,0.0,20.385,1.253,197,827776,225,20.192,0.31,4.892,0,0,768294912,0,5,1,cloister
69.749,14.05,1.222,0.0,20.385,1.253,197,827776,225,20.192,0.31,4.892,0,0,768294912,0,5,1,cloister
69.764,15.316,1.131,0.0,20.385,1.253,197,827776,225,20.237,0.31,4.891,0,0,768294912,0,5,1,cloister
69.779,14.396,1.138,0.0,20.385,1.253,197,827776,225,20.282,0.31,4.889,0,0,768294912,0,5,1,cloister
69.794,22.328,1.343,0.0,20.385,1.253,197,827776,225,20.327,0.31,4.888,0,0,768294912,0,5,1,cloister
69.809,14.511,1.08,0.0,20.385,1.253,197,827776,225,20.372,0.31,4.886,0,0,768294912,0,5,1,cloister
69.824,13.994,1.278,0.0,20.385,1.253,197,827776,225,20.416,0.31,4.884,0,0,768294912,0,5,1,cloister
69.839,14.873,0.758,0.0,20.385,1.253,197,827776,225,20.461,0.31,4.883,0,0,768294912,0,5,1,cloister
69.854,14.832,0.99,0.0,20.385,1.253,197,827776,225,20.506,0.31,4.881,0,0,768294912,0,5,1,cloister
69.869,14.258,0.781,0.0,20.385,1.253,197,827776,225,20.551,0.31,4.879,0,0,768294912,0,5,1,cloister
69.884,15.166,1.003,0.0,20.385,1.253,197,827776,225,20.596,0.31,4.878,0,0,768294912,0,5,1,cloister
69.899,13.921,0.956,0.0,20.385,1.253,197,827776,225,20.596,0.31,4.878,0,0,768294912,0,5,1,cloister
69.914,15.36,1.634,0.0,20.385,1.253,197,827776,225,20.641,0.31,4.876,0,0,768294912,0,5,1,cloister
69.929,14.585,1.032,0.0,20.385,1.253,197,827776,225,20.686,0.31,4.874,0,0,768294912,0,5,1,cloister
69.944,14.752,1.028,0.0,20.385,1.253,197,827776,225,20.731,0.31,4.873,0,0,768294912,0,5,1,cloister
69.959,14.878,0.997,0.0,20.385,1.253,197,827776,225,20.776,0.31,4.871,0,0,768294912,0,5,1,cloister
69.974,15.09,0.684,0.0,20.385,1.253,197,827776,225,20.821,0.31,4.869,0,0,768294912,0,5,1,cloister
69.989,14.724,0.651,0.0,20.385,1.253,197,827738,225,20.866,0.31,4.867,0,0,768294912,0,5,1,cloister
70.004,21.021,0.742,0.0,20.385,1.253,197,827738,225,20.911,0.31,4.866,0,0,768294912,0,5,1,cloister
70.019,14.905,0.692,0.0,20.385,1.253,197,827804,225,20.956,0.31,4.864,0,0,768294912,0,5,1,cloister
70.034,15.468,1.105,0.0,20.385,1.253,197,827804,225,21.001,0.31,4.862,0,0,768294912,0,5,1,cloister
70.049,13.977,1.052,0.0,20.385,1.253,197,827804,225,21.001,0.31,4.862,0,0,768294912,0,5,1,cloister
70.064,16.163,0.665,0.0,20.385,1.253,197,827804,225,21.046,0.31,4.861,0,0,768294912,0,5,1,cloister
70.079,14.271,1.369,0.0,20.385,1.253,197,827804,225,21.091,0.31,4.859,0,0,768294912,0,5,1,cloister
70.094,15.416,1.076,0.0,20.385,1.253,197,827804,225,21.136,0.31,4.857,0,0,768294912,0,5,1,cloister
70.109,14.331,1.122,0.0,20.385,1.253,197,827804,225,21.181,0.31,4.855,0,0,768294912,0,5,1,cloister
70.124,14.931,1.05,0.0,20.95,1.171,196,827792,224,21.226,0.31,4.854,0,0,768294912,0,5,1,cloister
70.139,14.907,0.532,0.0,20.95,1.171,196,827792,224,21.271,0.31,4.852,0,0,768294912,0,5,1,cloister
70.159,21.206,0.634,0.0,20.95,1.171,196,827792,224,21.316,0.31,4.85,0,0,768294912,0,5,1,cloister
70.174,14.713,0.545,0.0,20.95,1.171,196,827792,224,21.361,0.31,4.848,0,0,768294912,0,5,1,cloister
70.189,15.246,0.502,0.0,20.95,1.171,196,827792,224,21.406,0.31,4.846,0,0,768294912,0,5,1,cloister
70.204,14.689,0.494,0.0,20.95,1.171,196,827792,224,21.451,0.31,4.845,0,0,768294912,0,5,1,cloister
70.22,15.814,0.604,0.0,20.95,1.171,195,827672,223,21.496,0.31,4.843,0,0,768294912,0,5,1,cloister
70.236,14.39,0.671,0.0,20.95,1.171,195,827672,223,21.541,0.31,4.841,0,0,768294912,0,5,1,cloister
70.253,14.959,1.386,0.0,20.95,1.171,195,827672,223,21.586,0.31,4.839,0,0,768294912,0,5,1,cloister
70.27,15.691,1.065,0.0,20.95,1.171,195,827672,223,21.631,0.31,4.838,0,0,768294912,0,5,1,cloister
70.286,14.475,1.007,0.0,20.95,1.171,195,827672,223,21.676,0.31,4.836,0,0,768294912,0,5,1,cloister
70.301,13.891,0.802,0.0,20.95,1.171,195,827672,223,21.721,0.31,4.834,0,0,768294912,0,5,1,cloister
70.317,15.035,1.749,0.0,20.95,1.171,195,827672,223,21.721,0.31,4.834,0,0,768294912,0,5,1,cloister
70.332,15.071,0.556,0.0,20.95,1.171,195,827672,223,21.765,0.31,4.832,0,0,768294912,0,5,1,cloister
70.347,15.034,1.17,0.0,20.95,1.171,195,827672,223,21.81,0.31,4.831,0,0,768294912,0,5,1,cloister
70.362,14.281,1.0,0.0,20.95,1.171,195,827672,223,21.855,0.31,4.829,0,0,768294912,0,5,1,cloister
70.379,21.438,0.797,0.0,20.95,1.171,194,827624,222,21.9,0.31,4.827,0,0,768294912,0,5,1,cloister
70.396,14.254,0.568,0.0,20.95,1.171,194,827624,222,21.945,0.31,4.825,0,0,768294912,0,5,1,cloister
70.412,16.257,0.628,0.0,20.95,1.171,194,827624,222,21.99,0.31,4.823,0,0,768294912,0,5,1,cloister
70.427,13.894,0.725,0.0,20.95,1.171,194,827624,222,22.035,0.31,4.822,0,0,768294912,0,5,1,cloister
70.443,14.669,1.125,0.0,20.95,1.171,194,827624,222,22.08,0.31,4.82,0,0,768294912,0,5,1,cloister
70.458,14.917,1.073,0.0,20.95,1.171,194,827624,222,22.125,0.31,4.818,0,0,768294912,0,5,1,cloister
70.473,14.589,1.198,0.0,20.95,1.171,194,827624,222,22.17,0.31,4.816,0,0,768294912,0,5,1,cloister
70.489,15.17,1.056,0.0,20.95,1.171,194,827624,222,22.215,0.31,4.814,0,0,768294912,0,5,1,cloister
70.5,13.664,1.057,0.0,20.95,1.171,194,827624,222,22.215,0.31,4.814,0,0,768294912,0,5,1,cloister
70.515,15.438,1.327,0.0,20.95,1.171,194,827624,222,22.26,0.31,4.813,0,0,768294912,0,5,1,cloister
70.531,14.877,1.06,0.0,20.95,1.171,194,827624,222,22.305,0.31,4.811,0,0,768294912,0,5,1,cloister
70.546,14.029,1.132,0.0,20.95,1.171,193,827588,221,22.35,0.31,4.809,0,0,768294912,0,5,1,cloister
70.561,14.741,0.96,0.0,20.95,1.171,194,852244,222,22.395,0.31,4.807,0,0,768294912,0,5,1,cloister
70.576,14.641,1.069,0.0,20.95,1.171,194,852244,222,22.44,0.31,4.806,0,0,768294912,0,5,1,cloister
70.592,14.36,1.667,0.0,20.95,1.171,194,852244,222,22.485,0.31,4.804,0,0,768294912,0,5,1,cloister
70.607,14.872,0.723,0.0,20.95,1.171,194,852244,222,22.53,0.31,4.802,0,0,768294912,0,5,1,cloister
70.622,14.686,1.019,0.0,20.95,1.171,193,850152,221,22.575,0.31,4.8,0,0,768294912,0,5,1,cloister
70.637,14.572,1.12,0.0,20.95,1.171,193,850152,221,22.62,0.31,4.798,0,0,768294912,0,5,1,cloister
70.653,14.974,0.998,0.0,20.95,1.171,193,850152,221,22.665,0.31,4.797,0,0,768294912,0,5,1,cloister
70.668,21.354,1.044,0.0,20.95,1.171,193,850152,221,22.71,0.31,4.795,0,0,768294912,0,5,1,cloister
70.683,12.36,0.976,0.0,20.95,1.171,193,850152,221,22.71,0.31,4.795,0,0,768294912,0,5,1,cloister
70.699,15.698,0.971,0.0,20.95,1.171,193,850152,221,22.755,0.31,4.793,0,0,768294912,0,5,1,cloister
70.714,15.027,0.773,0.0,20.95,1.171,194,850224,222,22.8,0.31,4.791,0,0,768294912,0,5,1,cloister
70.729,14.396,1.076,0.0,20.95,1.171,194,850224,222,22.845,0.31,4.789,0,0,768294912,0,5,1,cloister
70.744,14.676,1.286,0.0,20.95,1.171,194,850224,222,22.89,0.31,4.788,0,0,768294912,0,5,1,cloister
70.76,14.66,1.027,0.0,20.95,1.171,194,850224,222,22.935,0.31,4.786,0,0,768294912,0,5,1,cloister
70.775,14.575,1.092,0.0,20.95,1.171,193,850176,221,22.98,0.31,4.784,0,0,768294912,0,5,1,cloister
70.79,15.305,0.801,0.0,20.95,1.171,193,850176,221,23.024,0.31,4.782,0,0,768294912,0,5,1,cloister
70.806,13.669,1.066,0.0,20.95,1.171,193,850176,221,23.069,0.31,4.78,0,0,768294912,0,5,1,cloister
70.821,14.887,1.149,0.0,20.95,1.171,193,850176,221,23.114,0.31,4.779,0,0,768294912,0,5,1,cloister
70.836,14.41,1.08,0.0,20.95,1.171,193,850176,221,23.159,0.31,4.777,0,0,768294912,0,5,1,cloister
70.85,14.759,1.236,0.0,20.95,1.171,193,850176,221,23.204,0.31,4.775,0,0,768294912,0,5,1,cloister
70.865,13.72,0.964,0.0,20.95,1.171,193,850176,221,23.204,0.31,4.775,0,0,768294912,0,5,1,cloister
70.88,20.432,1.352,0.0,20.95,1.171,193,850176,221,23.249,0.31,4.773,0,0,768294912,0,5,1,cloister
70.895,14.976,0.984,0.0,20.95,1.171,193,850176,221,23.294,0.31,4.772,0,0,768294912,0,5,1,cloister
70.911,13.877,0.992,0.0,20.95,1.171,193,850176,221,23.339,0.31,4.77,0,0,768294912,0,5,1,cloister
70.926,14.236,1.309,0.0,20.95,1.171,193,850176,221,23.384,0.31,4.768,0,0,768294912,0,5,1,cloister
70.941,14.767,1.2,0.0,20.95,1.171,192,850140,220,23.429,0.31,4.766,0,0,768294912,0,5,1,cloister
70.957,13.48,1.669,0.0,20.95,1.171,192,850140,220,23.474,0.31,4.764,0,0,768294912,0,5,1,cloister
70.972,20.861,1.197,0.0,20.95,1.171,192,850140,220,23.519,0.31,4.763,0,0,768294912,0,5,1,cloister
70.987,14.554,0.548,0.0,20.95,1.171,194,850144,222,23.564,0.31,4.761,0,0,768294912,0,5,1,cloister
71.002,14.651,0.505,0.0,20.95,1.171,193,850120,221,23.609,0.31,4.759,0,0,768294912,0,5,1,cloister
71.018,14.612,0.45,0.0,20.95,1.171,193,850120,221,23.654,0.31,4.757,0,0,768294912,0,5,1,cloister
71.033,14.125,0.497,0.0,20.95,1.171,194,850122,222,23.699,0.31,4.755,0,0,768294912,0,5,1,cloister
71.049,14.381,0.389,0.0,20.95,1.171,194,850122,222,23.699,0.31,4.755,0,0,768294912,0,5,1,cloister
71.064,14.716,0.397,0.0,20.95,1.171,194,850122,222,23.744,0.31,4.754,0,0,768294912,0,5,1,cloister
71.079,14.276,0.414,0.0,20.95,1.171,194,850122,222,23.789,0.31,4.752,0,0,768294912,0,5,1,cloister
71.094,14.823,0.633,0.0,20.95,1.171,193,850110,221,23.834,0.31,4.75,0,0,768294912,0,5,1,cloister
71.108,15.397,0.338,0.0,20.95,1.171,193,850110,221,23.879,0.31,4.748,0,0,768294912,0,5,1,cloister
71.123,14.561,0.455,0.0,20.95,1.171,192,850070,220,23.924,0.31,4.746,0,0,768294912,0,5,1,cloister
71.137,13.998,1.167,0.0,20.95,1.171,192,850070,220,23.969,0.31,4.745,0,0,768294912,0,5,1,cloister
71.152,14.42,1.004,0.0,20.492,1.099,191,847978,219,24.014,0.31,4.743,0,0,768294912,0,5,1,cloister
71.166,13.566,0.505,0.0,20.492,1.099,191,847978,219,24.014,0.31,4.743,0,0,768294912,0,5,1,cloister
71.181,15.26,0.62,0.0,20.492,1.099,191,847978,219,24.059,0.31,4.741,0,0,768294912,0,5,1,cloister
71.195,15.138,0.463,0.0,20.492,1.099,191,847978,219,24.104,0.31,4.739,0,0,768294912,0,5,1,cloister
71.21,14.777,0.516,0.0,20.492,1.099,191,847978,219,24.149,0.31,4.738,0,0,768294912,0,5,1,cloister
71.224,14.591,1.074,0.0,20.492,1.099,189,847856,217,24.194,0.31,4.736,0,0,768294912,0,5,1,cloister
71.239,14.16,0.977,0.0,20.492,1.099,189,847856,217,24.239,0.31,4.734,0,0,768294912,0,5,1,cloister
71.253,14.472,0.966,0.0,20.492,1.099,189,847856,217,24.283,0.31,4.732,0,0,768294912,0,5,1,cloister
71.268,14.528,1.101,0.0,20.492,1.099,188,847808,216,24.328,0.31,4.73,0,0,768294912,0,5,1,cloister
71.282,14.311,0.973,0.0,20.492,1.099,188,847808,216,24.328,0.31,4.73,0,0,768294912,0,5,1,cloister
71.297,14.984,0.958,0.0,20.492,1.099,188,847808,216,24.373,0.31,4.729,0,0,768294912,0,5,1,cloister
71.312,14.484,1.026,0.0,20.492,1.099,188,847808,216,24.418,0.31,4.727,0,0,768294912,0,5,1,cloister
71.326,15.439,0.978,0.0,20.492,1.099,188,847426,216,24.463,0.31,4.725,0,0,768294912,0,5,1,cloister
71.341,20.584,1.102,0.0,20.492,1.099,188,847426,216,24.508,0.31,4.723,0,0,768294912,0,5,1,cloister
71.355,14.234,1.066,0.0,20.492,1.099,189,851382,217,24.553,0.31,4.721,0,0,768294912,0,5,1,cloister
71.37,14.179,1.054,0.0,20.492,1.099,190,853158,218,24.598,0.31,4.72,0,0,768294912,0,5,1,cloister
71.385,14.357,0.813,0.0,20.492,1.099,190,853158,218,24.643,0.31,4.718,0,0,768294912,0,5,1,cloister
71.399,13.308,0.715,0.0,20.492,1.099,190,853158,218,24.643,0.31,4.718,0,0,768294912,0,5,1,cloister
71.414,15.145,1.74,0.0,20.492,1.099,190,853158,218,24.688,0.31,4.716,0,0,768294912,0,5,1,cloister
71.428,15.658,0.581,0.0,20.492,1.099,188,853134,216,24.733,0.31,4.714,0,0,768294912,0,5,1,cloister
71.443,13.732,1.308,0.0,20.492,1.099,188,853134,216,24.778,0.31,4.712,0,0,768294912,0,5,1,cloister
71.457,14.632,1.141,0.0,20.492,1.099,187,853098,215,24.823,0.31,4.711,0,0,768294912,0,5,1,cloister
71.472,14.522,1.064,0.0,20.492,1.099,186,853096,214,24.868,0.31,4.709,0,0,768294912,0,5,1,cloister
71.487,14.713,1.057,0.0,20.492,1.099,186,853096,214,24.913,0.31,4.707,0,0,768294912,0,5,1,cloister
71.501,14.299,1.011,0.0,20.492,1.099,187,853144,215,24.958,0.31,4.705,0,0,768294912,0,5,1,cloister
71.516,13.836,0.995,0.0,20.492,1.099,188,853146,216,24.958,0.31,4.705,0,0,768294912,0,5,1,cloister
71.53,14.962,0.995,0.0,20.492,1.099,188,853146,216,25.003,0.31,4.703,0,0,768294912,0,5,1,cloister
71.545,14.823,0.952,0.0,20.492,1.099,189,853170,217,25.048,0.31,4.702,0,0,768294912,0,5,1,cloister
71.56,21.376,1.084,0.0,20.492,1.099,189,853170,217,25.093,0.31,4.7,0,0,768294912,0,5,1,cloister
71.575,14.404,0.981,0.0,20.492,1.099,189,853170,217,25.138,0.31,4.698,0,0,768294912,0,5,1,cloister
71.589,14.773,0.978,0.0,20.492,1.099,189,853170,217,25.183,0.31,4.696,0,0,768294912,0,5,1,cloister
71.604,14.915,1.02,0.0,20.492,1.099,188,851394,216,25.228,0.31,4.695,0,0,768294912,0,5,1,cloister
71.619,14.6,1.099,0.0,20.492,1.099,187,849302,215,25.273,0.31,4.693,0,0,768294912,0,5,1,cloister
71.634,14.541,0.947,0.0,20.492,1.099,187,849302,215,25.318,0.31,4.691,0,0,768294912,0,5,1,cloister
71.649,14.027,1.007,0.0,20.492,1.099,188,849304,216,25.318,0.31,4.691,0,0,768294912,0,5,1,cloister
71.664,15.356,0.943,0.0,20.492,1.099,188,849304,216,25.363,0.31,4.689,0,0,768294912,0,5,1,cloister
71.678,14.85,0.98,0.0,20.492,1.099,188,849304,216,25.408,0.31,4.687,0,0,768294912,0,5,1,cloister
71.693,14.121,1.202,0.0,20.492,1.099,187,849268,215,25.453,0.31,4.686,0,0,768294912,0,5,1,cloister
71.708,14.286,0.997,0.0,20.492,1.099,187,849268,215,25.497,0.31,4.684,0,0,768294912,0,5,1,cloister
71.723,14.613,0.922,0.0,20.492,1.099,187,849268,215,25.542,0.31,4.682,0,0,768294912,0,5,1,cloister
71.738,14.312,0.964,0.0,20.492,1.099,187,849268,215,25.587,0.31,4.68,0,0,768294912,0,5,1,cloister
71.752,14.575,1.039,0.0,20.492,1.099,186,847200,214,25.632,0.31,4.678,0,0,768294912,0,5,1,cloister
71.767,13.097,0.872,0.0,20.492,1.099,186,847200,214,25.632,0.31,4.678,0,0,768294912,0,5,1,cloister
71.781,15.327,1.125,0.0,20.492,1.099,186,847200,214,25.677,0.31,4.677,0,0,768294912,0,5,1,cloister
71.796,14.155,0.837,0.0,20.492,1.099,186,847200,214,25.722,0.31,4.675,0,0,768294912,0,5,1,cloister
71.81,14.475,1.088,0.0,20.492,1.099,185,847152,213,25.767,0.31,4.673,0,0,768294912,0,5,1,cloister
71.825,14.362,1.321,0.0,20.492,1.099,185,847152,213,25.812,0.31,4.671,0,0,768294912,0,5,1,cloister
71.84,13.504,0.985,0.0,20.492,1.099,185,847152,213,25.857,0.31,4.669,0,0,768294912,0,5,1,cloister
71.854,14.278,1.759,0.0,20.492,1.099,185,847152,213,25.902,0.31,4.668,0,0,768294912,0,5,1,cloister
71.869,14.904,0.413,0.0,20.492,1.099,185,847152,213,25.947,0.31,4.666,0,0,768294912,0,5,1,cloister
71.883,14.21,0.415,0.0,20.492,1.099,185,847152,213,25.947,0.31,4.666,0,0,768294912,0,5,1,cloister
71.898,14.84,0.724,0.0,20.492,1.099,185,847152,213,25.992,0.31,4.664,0,0,768294912,0,5,1,cloister
71.912,14.271,1.14,0.0,20.492,1.099,184,847104,212,26.037,0.31,4.662,0,0,768294912,0,5,1,cloister
71.927,15.087,0.981,0.0,20.492,1.099,184,847104,212,26.082,0.31,4.66,0,0,768294912,0,5,1,cloister
71.942,14.122,0.859,0.0,20.492,1.099,184,847104,212,26.127,0.31,4.659,0,0,768294912,0,5,1,cloister
71.956,14.543,1.065,0.0,20.492,1.099,184,847104,212,26.172,0.31,4.657,0,0,768294912,0,5,1,cloister
71.971,14.917,1.105,0.0,20.492,1.099,184,847104,212,26.217,0.31,4.655,0,0,768294912,0,5,1,cloister
71.985,14.035,1.066,0.0,20.492,1.099,184,847104,212,26.262,0.31,4.653,0,0,768294912,0,5,1,cloister
72.0,14.595,0.979,0.0,20.492,1.099,185,847106,213,26.262,0.31,4.653,0,0,768294912,0,5,1,cloister
72.015,15.364,0.968,0.0,20.492,1.099,185,847106,213,26.307,0.31,4.652,0,0,768294912,0,5,1,cloister
72.029,14.6,0.991,0.0,20.492,1.099,185,847106,213,26.352,0.31,4.65,0,0,768294912,0,5,1,cloister
72.044,14.698,1.045,0.0,20.492,1.099,185,847106,213,26.397,0.31,4.648,0,0,768294912,0,5,1,cloister
72.058,14.382,1.017,0.0,20.492,1.099,185,847106,213,26.442,0.31,4.646,0,0,768294912,0,5,1,cloister
72.073,14.654,1.008,0.0,20.492,1.099,185,847106,213,26.487,0.31,4.644,0,0,768294912,0,5,1,cloister
72.087,14.409,0.976,0.0,20.492,1.099,184,845014,212,26.532,0.31,4.643,0,0,768294912,0,5,1,cloister
72.102,14.034,0.984,0.0,20.492,1.099,183,842946,211,26.577,0.31,4.641,0,0,768294912,0,5,1,cloister
72.117,13.502,0.964,0.0,20.492,1.099,182,842910,210,26.577,0.31,4.641,0,0,768294912,0,5,1,cloister
72.131,14.73,0.973,0.0,20.492,1.099,182,842910,210,26.622,0.31,4.639,0,0,768294912,0,5,1,cloister
72.146,13.897,0.965,0.0,20.591,1.339,180,842846,208,26.667,0.31,4.637,0,0,768294912,0,5,1,cloister
72.161,19.999,1.092,0.0,20.591,1.339,180,842846,208,26.712,0.31,4.635,0,0,768294912,0,5,1,cloister
72.175,14.115,1.014,0.0,20.591,1.339,180,842846,208,26.756,0.31,4.634,0,0,768294912,0,5,1,cloister
72.19,14.021,0.552,0.0,20.591,1.339,179,842830,207,26.801,0.31,4.632,0,0,768294912,0,5,1,cloister
72.205,14.284,0.512,0.0,20.591,1.339,179,842830,207,26.846,0.31,4.63,0,0,768294912,0,5,1,cloister
72.219,14.433,0.435,0.0,20.591,1.339,178,842806,206,26.891,0.31,4.628,0,0,768294912,0,5,1,cloister
72.233,13.38,0.438,0.0,20.591,1.339,178,842806,206,26.891,0.31,4.628,0,0,768294912,0,5,1,cloister
72.248,15.141,0.512,0.0,20.591,1.339,178,842806,206,26.936,0.31,4.626,0,0,768294912,0,5,1,cloister
72.262,14.001,0.509,0.0,20.591,1.339,178,842806,206,26.981,0.31,4.625,0,0,768294912,0,5,1,cloister
72.277,14.622,0.629,0.0,20.591,1.339,178,842806,206,27.026,0.31,4.623,0,0,768294912,0,5,1,cloister
72.292,14.115,0.626,0.0,20.591,1.339,178,842806,206,27.071,0.31,4.621,0,0,768294912,0,5,1,cloister
72.306,14.089,1.038,0.0,20.591,1.339,178,842806,206,27.116,0.31,4.619,0,0,768294912,0,5,1,cloister
72.321,14.199,0.931,0.0,20.591,1.339,177,842698,205,27.159,0.31,4.617,0,0,768294912,0,5,1,cloister
72.335,14.078,0.923,0.0,20.591,1.339,189,851354,217,27.199,0.31,4.614,0,0,768294912,0,5,1,cloister
72.35,12.884,1.014,0.0,20.591,1.339,197,851788,225,27.199,0.31,4.614,0,0,768294912,0,5,1,cloister
72.365,14.967,0.955,0.0,20.591,1.339,197,851788,225,27.239,0.31,4.61,0,0,768294912,0,5,1,cloister
72.379,14.106,0.628,0.0,20.591,1.339,217,862673,245,27.278,0.31,4.604,0,0,768294912,0,5,1,cloister
72.394,14.265,0.621,0.0,20.591,1.339,224,866229,252,27.316,0.31,4.597,0,0,768294912,0,5,1,cloister
72.408,14.212,0.516,0.0,20.591,1.339,229,864765,257,27.353,0.31,4.588,0,0,768294912,0,5,1,cloister
72.423,14.048,0.547,0.0,20.591,1.339,235,868701,263,27.39,0.31,4.577,0,0,768294912,0,5,1,cloister
72.437,14.385,0.756,0.0,20.591,1.339,239,870909,267,27.426,0.31,4.564,0,0,768294912,0,5,1,cloister
72.452,14.098,0.805,0.0,20.591,1.339,239,870909,267,27.462,0.31,4.549,0,0,768294912,0,5,1,cloister
72.467,13.687,0.815,0.0,20.591,1.339,242,873257,270,27.462,0.31,4.549,0,0,768294912,0,5,1,cloister
72.481,14.212,1.181,0.0,20.591,1.339,242,873257,270,27.497,0.31,4.533,0,0,768294912,0,5,1,cloister
72.495,14.432,1.159,0.0,20.591,1.339,244,873283,272,27.531,0.31,4.514,0,0,768294912,0,5,1,cloister
72.51,14.722,1.046,0.0,20.591,1.339,244,872263,272,27.565,0.31,4.494,0,0,768294912,0,5,1,cloister
72.524,13.701,0.951,0.0,20.591,1.339,246,872267,274,27.598,0.31,4.472,0,0,768294912,0,5,1,cloister
72.538,14.448,1.151,0.0,20.591,1.339,247,873389,275,27.631,0.31,4.448,0,0,768294912,0,5,1,cloister
72.553,14.89,0.728,0.0,20.591,1.339,246,873387,274,27.663,0.31,4.424,0,0,768294912,0,5,1,cloister
72.568,19.391,1.293,0.0,20.591,1.339,245,841323,273,27.694,0.31,4.397,0,0,768294912,0,5,1,cloister
72.582,13.803,1.151,0.0,20.591,1.339,243,841319,271,27.694,0.31,4.397,0,0,768294912,0,5,1,cloister
72.597,14.742,1.189,0.0,20.591,1.339,243,841319,271,27.724,0.31,4.37,0,0,768294912,0,5,1,cloister
72.611,14.278,1.154,0.0,20.591,1.339,243,841319,271,27.753,0.31,4.34,0,0,768294912,0,5,1,cloister
72.626,13.875,1.194,0.0,20.591,1.339,244,844011,272,27.782,0.31,4.31,0,0,768294912,0,5,1,cloister
72.64,14.635,1.261,0.0,20.591,1.339,245,844155,273,27.809,0.31,4.279,0,0,768294912,0,5,1,cloister
72.655,13.661,1.151,0.0,20.591,1.339,244,842087,272,27.836,0.31,4.246,0,0,768294912,0,5,1,cloister
72.67,14.161,1.147,0.0,20.591,1.339,244,842129,272,27.862,0.31,4.213,0,0,768294912,0,5,1,cloister
72.684,14.114,1.372,0.0,20.591,1.339,245,840739,273,27.887,0.31,4.179,0,0,768294912,0,5,1,cloister
72.699,13.267,1.154,0.0,20.591,1.339,245,840749,273,27.887,0.31,4.179,0,0,768294912,0,5,1,cloister
72.713,15.257,1.142,0.0,20.591,1.339,245,840749,273,27.911,0.31,4.144,0,0,768294912,0,5,1,cloister
72.728,14.287,0.752,0.0,20.591,1.339,247,843927,275,27.935,0.31,4.108,0,0,768294912,0,5,1,cloister
72.743,14.281,1.332,0.0,20.591,1.339,247,844622,275,27.957,0.31,4.071,0,0,768294912,0,5,1,cloister
72.757,14.152,1.269,0.0,20.591,1.339,246,844620,274,27.978,0.31,4.034,0,0,768294912,0,5,1,cloister
72.772,14.472,1.305,0.0,20.591,1.339,244,844918,272,27.999,0.31,3.996,0,0,768294912,0,5,1,cloister
72.786,14.094,0.806,0.0,20.591,1.339,246,844968,274,28.018,0.31,3.958,0,0,768294912,0,5,1,cloister
72.8,20.901,1.219,0.0,20.591,1.339,248,845004,276,28.037,0.31,3.919,0,0,768294912,0,5,1,cloister
72.815,13.923,0.826,0.0,20.591,1.339,247,845002,275,28.037,0.31,3.919,0,0,768294912,0,5,1,cloister
72.83,14.888,1.209,0.0,20.591,1.339,247,845002,275,28.055,0.31,3.88,0,0,768294912,0,5,1,cloister
72.844,14.188,1.21,0.0,20.591,1.339,249,845406,277,28.072,0.31,3.84,0,0,768294912,0,5,1,cloister
72.859,14.524,1.065,0.0,20.591,1.339,247,845428,275,28.087,0.31,3.8,0,0,768294912,0,5,1,cloister
72.873,14.198,1.237,0.0,20.591,1.339,247,845516,275,28.102,0.31,3.759,0,0,768294912,0,5,1,cloister
72.888,14.121,1.02,0.0,20.591,1.339,246,845396,274,28.116,0.31,3.718,0,0,768294912,0,5,1,cloister
72.903,15.242,1.073,0.0,20.591,1.339,246,845962,274,28.129,0.31,3.677,0,0,768294912,0,5,1,cloister
72.917,13.261,1.111,0.0,20.591,1.339,243,842102,271,28.141,0.31,3.635,0,0,768294912,0,5,1,cloister
72.932,13.829,1.131,0.0,20.591,1.339,241,841750,269,28.141,0.31,3.635,0,0,768294912,0,5,1,cloister
72.946,14.757,1.035,0.0,20.591,1.339,241,841750,269,28.152,0.31,3.593,0,0,768294912,0,5,1,cloister
72.961,14.134,1.309,0.0,20.591,1.339,233,838733,261,28.163,0.31,3.551,0,0,768294912,0,5,1,cloister
72.975,14.373,1.206,0.0,20.591,1.339,234,838823,262,28.172,0.31,3.508,0,0,768294912,0,5,1,cloister
72.99,14.173,1.019,0.0,20.591,1.339,234,838815,262,28.18,0.31,3.465,0,0,768294912,0,5,1,cloister
73.005,14.447,1.182,0.0,20.591,1.339,232,837691,260,28.188,0.31,3.422,0,0,768294912,0,5,1,cloister
73.019,14.554,1.136,0.0,20.591,1.339,229,840341,257,28.195,0.31,3.379,0,0,768294912,0,5,1,cloister
73.034,14.3,1.028,0.0,20.591,1.339,229,838685,257,28.201,0.31,3.335,0,0,768294912,0,5,1,cloister
73.048,12.686,1.151,0.0,20.591,1.339,226,834711,254,28.201,0.31,3.335,0,0,768294912,0,5,1,cloister
73.063,22.712,0.733,0.0,20.591,1.339,226,834711,254,28.207,0.31,3.291,0,0,768294912,0,5,1,cloister
73.078,13.241,0.874,0.0,20.591,1.339,220,830651,248,28.212,0.31,3.247,0,0,768294912,0,5,1,cloister
73.092,14.198,1.445,0.0,20.591,1.339,216,830457,244,28.216,0.31,3.203,0,0,768294912,0,5,1,cloister
73.107,14.692,1.168,0.0,20.591,1.339,215,830433,243,28.219,0.31,3.159,0,0,768294912,0,5,1,cloister
73.121,14.38,1.011,0.0,20.591,1.339,211,830425,239,28.222,0.31,3.114,0,0,768294912,0,5,1,cloister
73.136,20.923,1.315,0.0,20.783,1.283,209,830421,237,28.225,0.31,3.07,0,0,768294912,0,5,1,cloister
73.151,13.404,1.27,0.0,20.783,1.283,208,830373,236,28.227,0.298,3.025,0,0,768294912,0,5,1,cloister
73.167,14.168,1.492,0.0,20.783,1.283,207,828281,235,28.229,0.287,2.98,0,0,768294912,0,5,1,cloister
73.181,13.552,0.703,0.0,20.783,1.283,205,828245,233,28.229,0.287,2.98,0,0,768294912,0,5,1,cloister
73.196,15.123,1.02,0.0,20.783,1.283,205,828245,233,28.23,0.269,2.935,0,0,768294912,0,5,1,cloister
73.211,15.061,0.468,0.0,20.783,1.283,203,826117,231,28.23,0.242,2.892,0,0,768294912,0,5,1,cloister
73.226,14.652,0.554,0.0,20.783,1.283,203,826117,231,28.23,0.242,2.842,0,0,768294912,0,5,1,cloister
73.241,14.366,0.663,0.0,20.783,1.283,202,826233,230,28.231,0.236,2.798,0,0,768294912,0,5,1,cloister
73.255,14.8,0.521,0.0,20.783,1.283,200,827005,228,28.231,0.228,2.772,0,0,768294912,0,5,1,cloister
73.27,15.192,0.509,0.0,20.783,1.283,200,827005,228,28.23,0.215,2.781,0,0,768294912,0,5,1,cloister
73.285,14.45,0.595,0.0,20.783,1.283,199,826925,227,28.23,0.195,2.792,0,0,768294912,0,5,1,cloister
73.3,13.52,0.704,0.0,20.783,1.283,198,826517,226,28.23,0.195,2.792,0,0,768294912,0,5,1,cloister
73.314,15.691,0.736,0.0,20.783,1.283,198,826517,226,28.23,0.169,2.805,0,0,768294912,0,5,1,cloister
73.329,14.543,0.699,0.0,20.783,1.283,196,826457,224,28.229,0.145,2.807,0,0,768294912,0,5,1,cloister
73.343,14.935,0.61,0.0,20.783,1.283,196,826457,224,28.215,0.317,2.658,0,0,768294912,0,5,1,cloister
73.358,14.604,0.659,0.0,20.783,1.283,195,826007,223,28.214,0.326,2.654,0,0,768294912,0,5,1,cloister
73.373,14.478,1.068,0.0,20.783,1.283,194,825927,222,28.213,0.333,2.643,0,0,768294912,0,5,1,cloister
73.388,15.034,0.685,0.0,20.783,1.283,193,825807,221,28.211,0.34,2.625,0,0,768294912,0,5,1,cloister
73.402,14.634,0.734,0.0,20.783,1.283,193,825807,221,28.209,0.348,2.602,0,0,768294912,0,5,1,cloister
73.417,15.041,0.719,0.0,20.783,1.283,192,801151,220,28.207,0.354,2.575,0,0,768294912,0,5,1,cloister
73.432,14.276,1.147,0.0,20.783,1.283,191,801115,219,28.207,0.354,2.575,0,0,768294912,0,5,1,cloister
73.447,15.424,1.322,0.0,20.783,1.283,191,801115,219,28.204,0.358,2.544,0,0,768294912,0,5,1,cloister
73.462,28.579,1.098,0.0,20.783,1.283,190,802201,218,28.202,0.351,2.51,0,0,768294912,0,6,1,church
73.477,3.427,1.228,0.0,20.783,1.283,210,836924,285,28.198,0.359,2.475,0,0,770048000,0,6,1,church
73.491,14.793,0.731,0.0,20.783,1.283,210,836924,285,28.195,0.36,2.437,0,0,770048000,0,6,1,church
73.506,14.316,0.527,0.0,20.783,1.283,209,836876,284,28.192,0.36,2.399,0,0,770048000,0,6,1,church
73.521,14.513,0.522,0.0,20.783,1.283,208,836852,283,28.188,0.36,2.359,0,0,770048000,0,6,1,church
73.536,20.972,0.476,0.0,20.783,1.283,206,836828,281,28.184,0.36,2.318,0,0,770048000,0,6,1,church
73.551,14.964,0.459,0.0,20.783,1.283,206,836828,281,28.18,0.36,2.277,0,0,770048000,0,6,1,church
73.566,13.814,0.525,0.0,20.783,1.283,206,836828,281,28.18,0.36,2.277,0,0,770048000,0,6,1,church
73.58,15.256,0.437,0.0,20.783,1.283,206,836828,281,28.176,0.36,2.234,0,0,770048000,0,6,1,church
73.595,14.78,0.456,0.0,20.783,1.283,206,836828,281,28.172,0.36,2.192,0,0,770048000,0,6,1,church
73.61,14.846,0.519,0.0,20.783,1.283,206,836828,281,28.168,0.36,2.149,0,0,770048000,0,6,1,church
73.625,14.778,0.522,0.0,20.783,1.283,206,836828,281,28.164,0.36,2.106,0,0,770048000,0,6,1,church
73.64,14.309,0.538,0.0,20.783,1.283,205,835052,280,28.159,0.36,2.062,0,0,770048000,0,6,1,church
73.654,14.798,0.509,0.0,20.783,1.283,205,835052,280,28.155,0.36,2.018,0,0,770048000,0,6,1,church
73.669,15.192,0.693,0.0,20.783,1.283,205,835052,280,28.15,0.36,1.974,0,0,770048000,0,6,1,church
73.684,14.552,0.638,0.0,20.783,1.283,205,835052,280,28.146,0.36,1.93,0,0,770048000,0,6,1,church
73.699,14.326,1.04,0.0,20.783,1.283,205,835052,280,28.146,0.36,1.93,0,0,770048000,0,6,1,church
73.714,15.168,1.068,0.0,20.783,1.283,205,835052,280,28.141,0.36,1.886,0,0,770048000,0,6,1,church
73.728,14.594,1.456,0.0,20.783,1.283,202,831676,277,28.136,0.36,1.843,0,0,770048000,0,6,1,church
73.743,14.786,1.147,0.0,20.783,1.283,199,826143,274,28.13,0.36,1.799,0,0,770048000,0,6,1,church
73.758,14.705,1.057,0.0,20.783,1.283,197,836679,272,28.124,0.36,1.756,0,0,770048000,0,6,1,church
73.773,15.129,0.755,0.0,20.783,1.283,192,832367,267,28.117,0.36,1.712,0,0,770048000,0,6,1,church
73.788,14.786,0.963,0.0,20.783,1.283,189,805887,264,28.11,0.36,1.669,0,0,770048000,0,6,1,church
73.803,14.834,1.2,0.0,20.783,1.283,189,805887,264,28.102,0.36,1.625,0,0,770048000,0,6,1,church
73.817,16.537,1.061,0.0,20.783,1.283,188,803103,263,28.093,0.36,1.582,0,0,770048000,0,6,1,church
73.832,12.361,0.764,0.0,20.783,1.283,186,799551,261,28.093,0.36,1.582,0,0,770048000,0,6,1,church
73.851,21.59,1.881,0.0,20.783,1.283,186,799551,261,28.074,0.36,1.496,0,0,770048000,0,6,1,church
73.868,15.197,0.544,0.0,20.783,1.283,185,800643,260,28.063,0.36,1.453,0,0,770048000,0,6,1,church
73.885,15.352,0.51,0.0,20.783,1.283,184,800595,259,28.052,0.36,1.41,0,0,770048000,0,6,1,church
73.901,14.747,1.337,0.0,20.783,1.283,183,800579,258,28.04,0.36,1.367,0,0,770048000,0,6,1,church
73.918,15.489,1.315,0.0,20.783,1.283,179,794719,254,28.028,0.36,1.324,0,0,770048000,0,6,1,church
73.935,15.121,1.088,0.0,20.783,1.283,179,794719,254,28.015,0.36,1.281,0,0,770048000,0,6,1,church
73.951,14.859,1.359,0.0,20.783,1.283,177,794587,252,28.002,0.36,1.239,0,0,770048000,0,6,1,church
73.968,14.688,1.154,0.0,20.783,1.283,175,794009,250,27.989,0.36,1.196,0,0,770048000,0,6,1,church
73.985,14.916,1.508,0.0,20.783,1.283,173,799661,248,27.975,0.36,1.154,0,0,770048000,0,6,1,church
74.001,22.171,1.337,0.0,20.783,1.283,173,799661,248,27.96,0.36,1.111,0,0,770048000,0,6,1,church
74.018,14.704,1.107,0.0,20.783,1.283,170,799475,245,27.946,0.36,1.069,0,0,770048000,0,6,1,church
74.035,14.665,0.989,0.0,20.783,1.283,169,799331,244,27.93,0.36,1.027,0,0,770048000,0,6,1,church
74.051,14.952,0.989,0.0,20.783,1.283,168,799071,243,27.915,0.36,0.985,0,0,770048000,0,6,1,church
74.068,14.795,1.032,0.0,20.783,1.283,167,794841,242,27.899,0.36,0.943,0,0,770048000,0,6,1,church
74.085,14.926,1.207,0.0,20.783,1.283,166,770185,241,27.884,0.36,0.901,0,0,770048000,0,6,1,church
74.1,15.743,1.215,0.0,20.783,1.283,166,770185,241,27.867,0.36,0.859,0,0,770048000,0,6,1,church
74.114,13.403,1.099,0.0,20.783,1.283,165,766323,240,27.867,0.36,0.859,0,0,770048000,0,6,1,church
74.129,16.101,1.324,0.0,20.783,1.283,165,766323,240,27.851,0.36,0.817,0,0,770048000,0,6,1,church
74.144,14.034,1.301,0.0,20.886,14.641,164,766311,239,27.834,0.36,0.776,0,0,770048000,0,6,1,church
74.159,14.951,1.355,0.0,20.886,14.641,164,766311,239,27.818,0.36,0.734,0,0,770048000,0,6,1,church
74.174,20.461,1.099,0.0,20.886,14.641,164,766311,239,27.801,0.36,0.692,0,0,770048000,0,6,1,church
74.189,14.943,0.722,0.0,20.886,14.641,164,766311,239,27.784,0.36,0.651,0,0,770048000,0,6,1,church
74.205,14.58,0.812,0.0,20.886,14.641,163,763647,238,27.766,0.36,0.609,0,0,770048000,0,6,1,church
74.22,14.894,1.118,0.0,20.886,14.641,162,758124,237,27.749,0.36,0.568,0,0,770048000,0,6,1,church
74.235,14.958,0.588,0.0,20.886,14.641,162,758124,237,27.732,0.36,0.526,0,0,770048000,0,6,1,church
74.25,15.083,0.529,0.0,20.886,14.641,162,758124,237,27.714,0.36,0.485,0,0,770048000,0,6,1,church
74.267,14.614,0.545,0.0,20.886,14.641,160,708812,235,27.696,0.36,0.444,0,0,770048000,0,6,1,church
74.283,14.784,0.514,0.0,20.886,14.641,160,708812,235,27.678,0.36,0.402,0,0,770048000,0,6,1,church
74.298,13.921,0.444,0.0,20.886,14.641,159,708802,234,27.678,0.36,0.402,0,0,770048000,0,6,1,church
74.313,15.663,0.516,0.0,20.886,14.641,159,708802,234,27.661,0.36,0.361,0,0,770048000,0,6,1,church
74.328,14.69,0.491,0.0,20.886,14.641,159,708802,234,27.643,0.36,0.32,0,0,770048000,0,6,1,church
74.343,14.969,0.632,0.0,20.886,14.641,159,708802,234,27.625,0.36,0.279,0,0,770048000,0,6,1,church
74.357,14.551,0.705,0.0,20.886,14.641,159,708802,234,27.607,0.36,0.237,0,0,770048000,0,6,1,church
74.372,14.728,1.115,0.0,20.886,14.641,158,708786,233,27.588,0.36,0.196,0,0,770048000,0,6,1,church
74.387,14.774,0.612,0.0,20.886,14.641,158,708786,233,27.57,0.36,0.155,0,0,770048000,0,6,1,church
74.401,14.311,0.563,0.0,20.886,14.641,158,708786,233,27.552,0.36,0.114,0,0,770048000,0,6,1,church
74.416,14.19,0.378,0.0,20.886,14.641,158,708786,233,27.552,0.36,0.114,0,0,770048000,0,6,1,church
74.431,15.562,0.432,0.0,20.886,14.641,158,708786,233,27.534,0.36,0.073,0,0,770048000,0,6,1,church
74.445,14.197,0.41,0.0,20.886,14.641,157,707726,232,27.515,0.36,0.032,0,0,770048000,0,6,1,church
74.46,14.969,0.441,0.0,20.886,14.641,157,707726,232,27.497,0.36,-0.009,0,0,770048000,0,6,1,church
74.474,14.487,0.441,0.0,20.886,14.641,156,707710,231,27.479,0.36,-0.05,0,0,770048000,0,6,1,church
74.489,14.385,0.601,0.0,20.886,14.641,156,707710,231,27.46,0.36,-0.092,0,0,770048000,0,6,1,church
74.503,14.588,0.56,0.0,20.886,14.641,156,707710,231,27.442,0.36,-0.133,0,0,770048000,0,6,1,church
74.518,14.833,0.501,0.0,20.886,14.641,156,707710,231,27.423,0.36,-0.174,0,0,770048000,0,6,1,church
74.533,13.631,0.577,0.0,20.886,14.641,156,707710,231,27.423,0.36,-0.174,0,0,770048000,0,6,1,church
74.547,14.915,0.608,0.0,20.886,14.641,156,707710,231,27.405,0.36,-0.215,0,0,770048000,0,6,1,church
74.561,14.444,0.505,0.0,20.886,14.641,156,707710,231,27.386,0.36,-0.256,0,0,770048000,0,6,1,church
74.576,15.138,0.445,0.0,20.886,14.641,156,707710,231,27.368,0.36,-0.297,0,0,770048000,0,6,1,church
74.59,14.29,0.494,0.0,20.886,14.641,156,707710,231,27.349,0.36,-0.338,0,0,770048000,0,6,1,church
74.605,14.845,1.173,0.0,20.886,14.641,156,707710,231,27.33,0.36,-0.379,0,0,770048000,0,6,1,church
74.619,13.856,1.032,0.0,20.886,14.641,156,707710,231,27.312,0.36,-0.42,0,0,770048000,0,6,1,church
74.634,14.278,1.24,0.0,20.886,14.641,156,707710,231,27.293,0.36,-0.46,0,0,770048000,0,6,1,church
74.648,13.886,1.183,0.0,20.886,14.641,156,707710,231,27.293,0.36,-0.46,0,0,770048000,0,6,1,church
74.662,15.44,1.446,0.0,20.886,14.641,156,707710,231,27.275,0.36,-0.501,0,0,770048000,0,6,1,church
74.677,14.348,1.213,0.0,20.886,14.641,156,707710,231,27.256,0.36,-0.542,0,0,770048000,0,6,1,church
74.691,13.792,1.392,0.0,20.886,14.641,156,707710,231,27.237,0.36,-0.583,0,0,770048000,0,6,1,church
74.705,14.217,1.035,0.0,20.886,14.641,156,707710,231,27.219,0.36,-0.624,0,0,770048000,0,6,1,church
74.719,13.764,1.037,0.0,20.886,14.641,156,707710,231,27.2,0.36,-0.665,0,0,770048000,0,6,1,church
74.732,12.704,1.291,0.0,20.886,14.641,156,707710,231,27.2,0.36,-0.665,0,0,770048000,0,6,1,church
74.746,21.564,1.179,0.0,20.886,14.641,156,707710,231,27.181,0.36,-0.706,0,0,770048000,0,6,1,church
74.76,13.14,0.777,0.0,20.886,14.641,156,707710,231,27.163,0.36,-0.747,0,0,770048000,0,6,1,church
74.774,14.819,0.937,0.0,20.886,14.641,156,707710,231,27.144,0.36,-0.788,0,0,770048000,0,6,1,church
74.788,12.779,0.676,0.0,20.886,14.641,155,675646,230,27.125,0.36,-0.829,0,0,770048000,0,6,1,church
74.802,13.97,1.039,0.0,20.886,14.641,155,675646,230,27.107,0.36,-0.87,0,0,770048000,0,6,1,church
74.816,12.644,1.014,0.0,20.886,14.641,155,675646,230,27.107,0.36,-0.87,0,0,770048000,0,6,1,church
74.83,14.735,1.312,0.0,20.886,14.641,155,675646,230,27.088,0.36,-0.911,0,0,770048000,0,6,1,church
74.844,12.947,1.302,0.0,20.886,14.641,155,675646,230,27.069,0.36,-0.952,0,0,770048000,0,6,1,church
74.857,13.609,1.207,0.0,20.886,14.641,155,675646,230,27.05,0.36,-0.993,0,0,770048000,0,6,1,church
74.871,12.913,0.568,0.0,20.886,14.641,155,675646,230,27.032,0.36,-1.034,0,0,770048000,0,6,1,church
74.885,12.907,0.901,0.0,20.886,14.641,155,675646,230,27.013,0.36,-1.075,0,0,770048000,0,6,1,church
74.899,19.394,0.838,0.0,20.886,14.641,155,675646,230,27.013,0.36,-1.075,0,0,770048000,0,6,1,church
74.913,14.002,1.119,0.0,20.886,14.641,155,675646,230,26.994,0.36,-1.115,0,0,770048000,0,6,1,church
74.927,12.848,1.391,0.0,20.886,14.641,155,675646,230,26.983,0.38,-1.15,0,0,770048000,0,6,1,church
74.941,13.593,0.769,0.0,20.886,14.641,155,675646,230,26.971,0.405,-1.185,0,0,770048000,0,6,1,church
74.955,12.872,1.186,0.0,20.886,14.641,155,675646,230,26.957,0.425,-1.223,0,0,770048000,0,6,1,church
74.969,13.721,1.236,0.0,20.886,14.641,155,675646,230,26.968,0.426,-1.234,0,0,770048000,0,6,1,church
74.982,12.192,1.002,0.0,20.886,14.641,155,675646,230,26.968,0.426,-1.234,0,0,770048000,0,6,1,church
74.996,14.022,1.097,0.0,20.886,14.641,155,675646,230,26.975,0.429,-1.249,0,0,770048000,0,6,1,church
75.01,13.181,1.046,0.0,20.886,14.641,155,675646,230,26.978,0.434,-1.268,0,0,770048000,0,6,1,church
75.024,13.667,1.112,0.0,20.886,14.641,155,675646,230,26.989,0.435,-1.28,0,0,770048000,0,6,1,church
75.038,12.999,0.935,0.0,20.886,14.641,155,675646,230,26.996,0.437,-1.296,0,0,770048000,0,6,1,church
75.052,14.002,0.933,0.0,20.886,14.641,155,675646,230,27.006,0.438,-1.31,0,0,770048000,0,6,1,church
75.066,12.309,1.067,0.0,20.886,14.641,155,675646,230,27.006,0.438,-1.31,0,0,770048000,0,6,1,church
75.08,14.803,1.139,0.0,20.886,14.641,155,675646,230,27.017,0.439,-1.325,0,0,770048000,0,6,1,church
75.094,12.666,1.013,0.0,20.886,14.641,155,675646,230,27.027,0.44,-1.343,0,0,770048000,0,6,1,church
75.107,13.833,1.311,0.0,20.886,14.641,155,675646,230,27.036,0.44,-1.363,0,0,770048000,0,6,1,church
75.121,13.318,1.071,0.0,20.886,14.641,155,675646,230,27.04,0.43,-1.386,0,0,770048000,0,6,1,church
75.135,13.614,1.165,0.0,20.886,14.641,155,675646,230,27.051,0.438,-1.41,0,0,770048000,0,6,1,church
75.148,12.621,1.221,0.0,20.581,1.577,155,675646,230,27.051,0.438,-1.41,0,0,770048000,0,6,1,church
75.161,14.189,1.069,0.0,20.581,1.577,155,675646,230,27.059,0.438,-1.436,0,0,770048000,0,6,1,church
75.175,13.533,1.055,0.0,20.581,1.577,155,675646,230,27.061,0.438,-1.465,0,0,770048000,0,6,1,church
75.189,14.745,1.061,0.0,20.581,1.577,155,675646,230,27.071,0.441,-1.493,0,0,770048000,0,6,1,church
75.202,11.998,1.14,0.0,20.581,1.577,155,675646,230,27.08,0.441,-1.522,0,0,770048000,0,6,1,church
75.216,12.958,0.689,0.0,20.581,1.577,155,675646,230,27.08,0.441,-1.522,0,0,770048000,0,6,1,church
75.229,15.223,0.403,0.0,20.581,1.577,155,675646,230,27.082,0.441,-1.553,0,0,770048000,0,6,1,church
75.243,13.656,0.603,0.0,20.581,1.577,152,675226,227,27.094,0.443,-1.582,0,0,770048000,0,6,1,church
75.257,14.006,0.469,0.0,20.581,1.577,154,675322,229,27.107,0.437,-1.612,0,0,770048000,0,6,1,church
75.27,13.904,0.633,0.0,20.581,1.577,154,675322,229,27.116,0.438,-1.643,0,0,770048000,0,6,1,church
75.284,14.295,0.503,0.0,20.581,1.577,154,675322,229,27.119,0.438,-1.676,0,0,770048000,0,6,1,church
75.298,13.445,0.58,0.0,20.581,1.577,154,675322,229,27.119,0.438,-1.676,0,0,770048000,0,6,1,church
75.311,15.496,0.506,0.0,20.581,1.577,154,675322,229,27.127,0.44,-1.708,0,0,770048000,0,6,1,church
75.325,14.247,0.593,0.0,20.581,1.577,154,675322,229,27.131,0.441,-1.741,0,0,770048000,0,6,1,church
75.338,14.853,0.498,0.0,20.581,1.577,154,675322,229,27.13,0.433,-1.776,0,0,770048000,0,6,1,church
75.352,15.24,0.488,0.0,20.581,1.577,154,675322,229,27.129,0.43,-1.812,0,0,770048000,0,6,1,church
75.366,13.09,0.598,0.0,20.581,1.577,154,675322,229,27.129,0.43,-1.812,0,0,770048000,0,6,1,church
75.38,15.917,0.681,0.0,20.581,1.577,154,675322,229,27.125,0.436,-1.85,0,0,770048000,0,6,1,church
75.394,14.655,0.604,0.0,20.581,1.577,154,675322,229,27.114,0.436,-1.887,0,0,770048000,0,6,1,church
75.407,15.011,0.592,0.0,20.581,1.577,154,675322,229,27.103,0.438,-1.924,0,0,770048000,0,6,1,church
75.421,15.302,0.578,0.0,20.581,1.577,153,674200,228,27.092,0.438,-1.963,0,0,770048000,0,6,1,church
75.435,15.426,0.569,0.0,20.581,1.577,154,674210,229,27.08,0.438,-2.002,0,0,770048000,0,6,1,church
75.449,14.098,0.711,0.0,20.581,1.577,154,674210,229,27.08,0.438,-2.002,0,0,770048000,0,6,1,church
75.468,23.384,1.238,0.0,20.581,1.577,154,674210,229,27.057,0.439,-2.082,0,0,770048000,0,6,1,church
75.485,13.387,0.656,0.0,20.581,1.577,152,673598,227,27.045,0.44,-2.123,0,0,770048000,0,6,1,church
75.501,16.071,1.078,0.0,20.581,1.577,152,673598,227,27.032,0.431,-2.163,0,0,770048000,0,6,1,church
75.518,15.068,0.741,0.0,20.581,1.577,152,673598,227,27.02,0.426,-2.204,0,0,770048000,0,6,1,church
75.535,15.177,1.375,0.0,20.581,1.577,151,670814,226,27.006,0.416,-2.246,0,0,770048000,0,6,1,church
75.551,15.527,1.016,0.0,20.581,1.577,151,670814,226,26.99,0.406,-2.287,0,0,770048000,0,6,1,church
75.568,15.1,1.004,0.0,20.581,1.577,150,667478,225,26.975,0.395,-2.329,0,0,770048000,0,6,1,church
75.585,15.332,1.047,0.0,20.581,1.577,150,667478,225,26.959,0.381,-2.371,0,0,770048000,0,6,1,church
75.601,15.738,0.987,0.0,20.581,1.577,149,667476,224,26.943,0.366,-2.413,0,0,770048000,0,6,1,church
75.618,14.737,0.818,0.0,20.581,1.577,147,663058,222,26.928,0.36,-2.455,0,0,770048000,0,6,1,church
75.635,15.614,1.653,0.0,20.581,1.577,147,663058,222,26.907,0.36,-2.494,0,0,770048000,0,6,1,church
75.651,15.392,1.113,0.0,20.581,1.577,147,663058,222,26.885,0.36,-2.533,0,0,770048000,0,6,1,church
75.668,14.968,1.078,0.0,20.581,1.577,147,663058,222,26.863,0.36,-2.572,0,0,770048000,0,6,1,church
75.683,14.573,1.298,0.0,20.581,1.577,146,659054,221,26.863,0.36,-2.572,0,0,770048000,0,6,1,church
75.698,16.778,1.047,0.0,20.581,1.577,146,659054,221,26.841,0.36,-2.61,0,0,770048000,0,6,1,church
75.714,14.646,1.083,0.0,20.581,1.577,146,659054,221,26.819,0.36,-2.649,0,0,770048000,0,6,1,church
75.729,22.577,1.16,0.0,20.581,1.577,146,659054,221,26.796,0.36,-2.687,0,0,770048000,0,6,1,church
75.744,14.958,1.088,0.0,20.581,1.577,146,659054,221,26.773,0.36,-2.726,0,0,770048000,0,6,1,church
75.76,14.16,1.08,0.0,20.581,1.577,144,659028,219,26.75,0.36,-2.764,0,0,770048000,0,6,1,church
75.775,15.692,1.074,0.0,20.581,1.577,143,656336,218,26.727,0.36,-2.803,0,0,770048000,0,6,1,church
75.79,14.63,1.025,0.0,20.581,1.577,143,656336,218,26.703,0.36,-2.841,0,0,770048000,0,6,1,church
75.805,15.239,1.251,0.0,20.581,1.577,143,656336,218,26.68,0.36,-2.879,0,0,770048000,0,6,1,church
75.821,14.951,0.944,0.0,20.581,1.577,143,656336,218,26.656,0.36,-2.918,0,0,770048000,0,6,1,church
75.836,15.522,1.015,0.0,20.581,1.577,143,657896,218,26.633,0.36,-2.956,0,0,770048000,0,6,1,church
75.851,14.731,0.991,0.0,20.581,1.577,142,657788,217,26.609,0.36,-2.994,0,0,770048000,0,6,1,church
75.867,14.29,1.256,0.0,20.581,1.577,142,657788,217,26.609,0.36,-2.994,0,0,770048000,0,6,1,church
75.882,15.815,1.24,0.0,20.581,1.577,142,657788,217,26.585,0.36,-3.032,0,0,770048000,0,6,1,church
75.897,15.685,1.021,0.0,20.581,1.577,142,657788,217,26.561,0.36,-3.07,0,0,770048000,0,6,1,church
75.912,14.09,1.188,0.0,20.581,1.577,142,657788,217,26.537,0.36,-3.108,0,0,770048000,0,6,1,church
75.928,15.254,1.037,0.0,20.581,1.577,142,657788,217,26.513,0.36,-3.146,0,0,770048000,0,6,1,church
75.943,15.168,0.982,0.0,20.581,1.577,142,657788,217,26.489,0.36,-3.184,0,0,770048000,0,6,1,church
75.958,15.255,1.091,0.0,20.581,1.577,142,657788,217,26.465,0.36,-3.222,0,0,770048000,0,6,1,church
75.973,15.211,0.936,0.0,20.581,1.577,142,657788,217,26.441,0.36,-3.26,0,0,770048000,0,6,1,church
75.989,14.846,1.03,0.0,20.581,1.577,143,663311,218,26.416,0.36,-3.298,0,0,770048000,0,6,1,church
76.004,15.448,1.011,0.0,20.581,1.577,143,663311,218,26.392,0.36,-3.336,0,0,770048000,0,6,1,church
76.019,15.158,1.071,0.0,20.581,1.577,143,663311,218,26.368,0.36,-3.374,0,0,770048000,0,6,1,church
76.036,20.794,1.459,0.0,20.581,1.577,144,672501,219,26.343,0.36,-3.411,0,0,770048000,0,6,1,church
76.051,15.819,1.346,0.0,20.581,1.577,144,672501,219,26.319,0.36,-3.449,0,0,770048000,0,6,1,church
76.066,13.865,0.493,0.0,20.581,1.577,145,677829,220,26.319,0.36,-3.449,0,0,770048000,0,6,1,church
76.081,16.66,1.434,0.0,20.581,1.577,145,677829,220,26.295,0.36,-3.487,0,0,770048000,0,6,1,church
76.097,14.942,0.566,0.0,20.581,1.577,145,677829,220,26.27,0.36,-3.525,0,0,770048000,0,6,1,church
76.112,14.897,1.328,0.0,20.581,1.577,145,677829,220,26.246,0.36,-3.563,0,0,770048000,0,6,1,church
76.127,15.385,1.055,0.0,20.581,1.577,145,677829,220,26.221,0.36,-3.6,0,0,770048000,0,6,1,church
76.143,15.206,0.525,0.0,20.809,1.446,145,677829,220,26.197,0.36,-3.638,0,0,770048000,0,6,1,church
76.158,14.87,1.214,0.0,20.809,1.446,145,677829,220,26.172,0.36,-3.676,0,0,770048000,0,6,1,church
76.173,15.271,0.976,0.0,20.809,1.446,145,677829,220,26.148,0.36,-3.714,0,0,770048000,0,6,1,church
76.188,15.224,0.95,0.0,20.809,1.446,145,677829,220,26.123,0.36,-3.751,0,0,770048000,0,6,1,church
76.204,15.871,0.931,0.0,20.809,1.446,145,677829,220,26.099,0.36,-3.789,0,0,770048000,0,6,1,church
76.219,14.572,1.052,0.0,20.809,1.446,144,673825,219,26.074,0.36,-3.827,0,0,770048000,0,6,1,church
76.234,14.762,0.954,0.0,20.809,1.446,145,673837,220,26.05,0.36,-3.864,0,0,770048000,0,6,1,church
76.249,14.195,1.009,0.0,20.809,1.446,145,673837,220,26.05,0.36,-3.864,0,0,770048000,0,6,1,church
76.265,15.865,1.368,0.0,20.809,1.446,145,673837,220,26.025,0.36,-3.902,0,0,770048000,0,6,1,church
76.28,15.115,0.534,0.0,20.809,1.446,145,673837,220,26.0,0.36,-3.94,0,0,770048000,0,6,1,church
76.295,14.962,0.595,0.0,20.809,1.446,145,673837,220,25.976,0.36,-3.977,0,0,770048000,0,6,1,church
76.311,14.908,0.535,0.0,20.809,1.446,145,673837,220,25.951,0.36,-4.015,0,0,770048000,0,6,1,church
76.326,15.133,0.556,0.0,20.809,1.446,144,673649,219,25.926,0.36,-4.053,0,0,770048000,0,6,1,church
76.343,20.228,0.473,0.0,20.809,1.446,144,673649,219,25.902,0.36,-4.09,0,0,770048000,0,6,1,church
76.358,15.065,0.413,0.0,20.809,1.446,142,665189,217,25.877,0.36,-4.128,0,0,770048000,0,6,1,church
76.374,15.272,0.443,0.0,20.809,1.446,142,665189,217,25.853,0.36,-4.166,0,0,770048000,0,6,1,church
76.389,14.775,0.522,0.0,20.809,1.446,142,665189,217,25.828,0.36,-4.203,0,0,770048000,0,6,1,church
76.404,15.062,0.913,0.0,20.809,1.446,142,665189,217,25.803,0.36,-4.241,0,0,770048000,0,6,1,church
76.421,21.008,1.068,0.0,20.809,1.446,142,665189,217,25.778,0.36,-4.279,0,0,770048000,0,6,1,church
76.438,14.749,1.027,0.0,20.809,1.446,142,665189,217,25.754,0.36,-4.316,0,0,770048000,0,6,1,church
76.454,14.658,1.007,0.0,20.809,1.446,142,665189,217,25.729,0.36,-4.354,0,0,770048000,0,6,1,church
76.469,14.665,0.933,0.0,20.809,1.446,138,665087,166,25.704,0.36,-4.391,0,0,770048000,0,6,1,church
76.483,14.162,1.006,0.0,20.809,1.446,138,665087,166,25.704,0.36,-4.391,0,0,770048000,0,6,1,church
76.499,15.182,0.924,0.0,20.809,1.446,138,665087,166,25.68,0.36,-4.429,0,0,770048000,0,6,1,church
76.514,14.731,0.899,0.0,20.809,1.446,138,665087,166,25.655,0.36,-4.467,0,0,770048000,0,6,1,church
76.529,14.789,0.946,0.0,20.809,1.446,138,665087,166,25.63,0.36,-4.504,0,0,770048000,0,6,1,church
76.544,14.462,0.778,0.0,20.809,1.446,138,665087,166,25.606,0.36,-4.542,0,0,770048000,0,6,1,church
76.56,14.542,0.723,0.0,20.809,1.446,138,665087,166,25.581,0.36,-4.579,0,0,770048000,0,6,1,church
76.575,14.412,1.061,0.0,20.809,1.446,138,665087,166,25.556,0.36,-4.617,0,0,770048000,0,6,1,church
76.59,14.481,1.0,0.0,20.809,1.446,138,665087,166,25.531,0.36,-4.655,0,0,770048000,0,6,1,church
76.606,14.658,0.937,0.0,20.809,1.446,138,665087,166,25.507,0.36,-4.692,0,0,770048000,0,6,1,church
76.621,14.45,1.168,0.0,20.809,1.446,138,665087,166,25.482,0.36,-4.73,0,0,770048000,0,6,1,church
76.636,16.881,0.92,0.0,20.809,1.446,138,665087,166,25.457,0.36,-4.767,0,0,770048000,0,6,1,church
76.651,12.083,0.912,0.0,20.809,1.446,138,665087,166,25.432,0.36,-4.805,0,0,770048000,0,6,1,church
76.666,13.822,0.641,0.0,20.809,1.446,138,665087,166,25.432,0.36,-4.805,0,0,770048000,0,6,1,church
76.681,15.914,0.548,0.0,20.809,1.446,138,665087,166,25.408,0.36,-4.843,0,0,770048000,0,6,1,church
76.695,14.335,0.565,0.0,20.809,1.446,138,665087,166,25.383,0.36,-4.88,0,0,770048000,0,6,1,church
76.71,14.524,0.897,0.0,20.809,1.446,138,665087,166,25.358,0.36,-4.918,0,0,770048000,0,6,1,church
76.725,14.784,0.957,0.0,20.809,1.446,138,665087,166,25.333,0.36,-4.955,0,0,770048000,0,6,1,church
76.74,14.8,0.94,0.0,20.809,1.446,138,665087,166,25.309,0.36,-4.993,0,0,770048000,0,6,1,church
76.754,14.431,0.928,0.0,20.809,1.446,138,665087,166,25.284,0.36,-5.03,0,0,770048000,0,6,1,church
76.769,14.827,0.972,0.0,20.809,1.446,138,665087,166,25.259,0.36,-5.068,0,0,770048000,0,6,1,church
76.784,14.805,1.267,0.0,20.809,1.446,138,665087,166,25.234,0.36,-5.105,0,0,770048000,0,6,1,church
76.799,14.231,0.931,0.0,20.809,1.446,137,664047,165,25.234,0.36,-5.105,0,0,770048000,0,6,1,church
76.813,14.798,0.913,0.0,20.809,1.446,137,664047,165,25.209,0.36,-5.142,0,0,770048000,0,6,1,church
76.827,14.661,0.913,0.0,20.809,1.446,131,650051,159,25.184,0.36,-5.178,0,0,770048000,0,6,1,church
76.842,14.954,0.909,0.0,20.809,1.446,127,585113,155,25.158,0.36,-5.213,0,0,770048000,0,6,1,church
76.857,15.093,1.165,0.0,20.809,1.446,131,588718,159,25.131,0.36,-5.248,0,0,770048000,0,6,1,church
76.872,21.07,1.086,0.0,20.809,1.446,130,588636,158,25.104,0.36,-5.282,0,0,770048000,0,6,1,church
76.887,13.436,0.926,0.0,20.809,1.446,130,588516,158,25.076,0.36,-5.316,0,0,770048000,0,6,1,church
76.901,14.895,1.012,0.0,20.809,1.446,130,588516,158,25.047,0.36,-5.35,0,0,770048000,0,6,1,church
76.917,14.804,0.4,0.0,20.809,1.446,130,578838,158,25.018,0.36,-5.383,0,0,770048000,0,6,1,church
76.931,14.518,0.298,0.0,20.809,1.446,130,578838,158,25.018,0.36,-5.383,0,0,770048000,0,6,1,church
76.946,16.206,0.368,0.0,20.809,1.446,130,578838,158,24.988,0.36,-5.415,0,0,770048000,0,6,1,church
76.961,14.806,0.676,0.0,20.809,1.446,130,576504,158,24.958,0.36,-5.448,0,0,770048000,0,6,1,church
76.976,15.011,0.926,0.0,20.809,1.446,131,576506,159,24.927,0.36,-5.479,0,0,770048000,0,6,1,church
76.991,15.195,1.582,0.0,20.809,1.446,131,576506,159,24.895,0.36,-5.51,0,0,770048000,0,6,1,church
77.006,14.505,1.001,0.0,20.809,1.446,131,576506,159,24.863,0.36,-5.541,0,0,770048000,0,6,1,church
77.02,15.184,1.115,0.0,20.809,1.446,132,579290,160,24.831,0.36,-5.571,0,0,770048000,0,6,1,church
77.035,15.085,0.81,0.0,20.809,1.446,132,579290,160,24.798,0.36,-5.602,0,0,770048000,0,6,1,church
77.05,14.485,0.979,0.0,20.809,1.446,132,575430,160,24.765,0.36,-5.631,0,0,770048000,0,6,1,church
77.067,21.726,1.1,0.0,20.809,1.446,131,575418,159,24.731,0.36,-5.661,0,0,770048000,0,6,1,church
77.082,13.986,0.987,0.0,20.809,1.446,132,575562,160,24.731,0.36,-5.661,0,0,770048000,0,6,1,church
77.097,15.48,1.132,0.0,20.809,1.446,132,575562,160,24.697,0.36,-5.69,0,0,770048000,0,6,1,church
77.112,14.976,0.942,0.0,20.809,1.446,132,575562,160,24.663,0.36,-5.719,0,0,770048000,0,6,1,church
77.127,15.466,0.946,0.0,20.809,1.446,132,575562,160,24.629,0.36,-5.747,0,0,770048000,0,6,1,church
77.142,14.411,0.954,0.0,20.998,1.122,132,575562,160,24.594,0.36,-5.775,0,0,770048000,0,6,1,church
77.157,15.225,1.121,0.0,20.998,1.122,132,575562,160,24.559,0.36,-5.803,0,0,770048000,0,6,1,church
77.172,14.799,0.942,0.0,20.998,1.122,133,576622,161,24.524,0.36,-5.831,0,0,770048000,0,6,1,church
77.187,21.074,1.125,0.0,20.998,1.122,133,576622,161,24.488,0.36,-5.859,0,0,770048000,0,6,1,church
77.202,14.498,0.947,0.0,20.998,1.122,133,576622,161,24.453,0.36,-5.886,0,0,770048000,0,6,1,church
77.217,14.92,0.939,0.0,20.998,1.122,134,576712,162,24.417,0.36,-5.913,0,0,770048000,0,6,1,church
77.232,14.411,0.921,0.0,20.998,1.122,134,576712,162,24.417,0.36,-5.913,0,0,770048000,0,6,1,church
77.247,15.192,0.992,0.0,20.998,1.122,134,576712,162,24.381,0.36,-5.94,0,0,770048000,0,6,1,church
77.262,14.779,0.937,0.0,20.998,1.122,134,576712,162,24.346,0.36,-5.967,0,0,770048000,0,6,1,church
77.277,14.504,0.928,0.0,20.998,1.122,133,571384,161,24.309,0.36,-5.994,0,0,770048000,0,6,1,church
77.292,14.916,0.705,0.0,20.998,1.122,133,571384,161,24.273,0.36,-6.021,0,0,770048000,0,6,1,church
77.307,14.505,0.566,0.0,20.998,1.122,132,565861,160,24.237,0.36,-6.047,0,0,770048000,0,6,1,church
77.322,14.928,0.633,0.0,20.998,1.122,132,576913,160,24.201,0.36,-6.074,0,0,770048000,0,6,1,church
77.337,14.678,0.589,0.0,20.998,1.122,132,576913,160,24.164,0.36,-6.1,0,0,770048000,0,6,1,church
77.352,15.281,0.593,0.0,20.998,1.122,132,576913,160,24.128,0.36,-6.126,0,0,770048000,0,6,1,church
77.367,14.474,0.491,0.0,20.998,1.122,132,576913,160,24.091,0.36,-6.152,0,0,770048000,0,6,1,church
77.382,14.278,0.578,0.0,20.998,1.122,133,577489,161,24.091,0.36,-6.152,0,0,770048000,0,6,1,church
77.397,15.888,0.635,0.0,20.998,1.122,133,577489,161,24.054,0.36,-6.179,0,0,770048000,0,6,1,church
77.412,14.814,0.514,0.0,20.998,1.122,132,574705,160,24.018,0.36,-6.205,0,0,770048000,0,6,1,church
77.427,14.977,0.711,0.0,20.998,1.122,132,574705,160,23.981,0.36,-6.23,0,0,770048000,0,6,1,church
77.442,14.549,0.64,0.0,20.998,1.122,132,574705,160,23.944,0.36,-6.256,0,0,770048000,0,6,1,church
77.46,20.912,0.73,0.0,20.998,1.122,132,574705,160,23.907,0.36,-6.282,0,0,770048000,0,6,1,church
77.475,14.841,0.633,0.0,20.998,1.122,132,574705,160,23.87,0.36,-6.308,0,0,770048000,0,6,1,church
77.49,14.824,0.651,0.0,20.998,1.122,133,574821,161,23.833,0.36,-6.334,0,0,770048000,0,6,1,church
77.505,14.584,0.655,0.0,20.998,1.122,133,574821,161,23.796,0.36,-6.359,0,0,770048000,0,6,1,church
77.52,14.734,1.12,0.0,20.998,1.122,133,576549,161,23.759,0.36,-6.385,0,0,770048000,0,6,1,church
77.533,14.183,1.088,0.0,20.998,1.122,133,576551,161,23.759,0.36,-6.385,0,0,770048000,0,6,1,church
77.548,15.062,0.982,0.0,20.998,1.122,133,576551,161,23.722,0.36,-6.41,0,0,770048000,0,6,1,church
77.563,14.629,1.034,0.0,20.998,1.122,133,576551,161,23.685,0.36,-6.436,0,0,770048000,0,6,1,church
77.578,14.189,1.148,0.0,20.998,1.122,134,576563,162,23.648,0.36,-6.461,0,0,770048000,0,6,1,church
77.593,14.709,1.108,0.0,20.998,1.122,134,576563,162,23.611,0.36,-6.487,0,0,770048000,0,6,1,church
77.608,14.654,1.038,0.0,20.998,1.122,134,576563,162,23.574,0.36,-6.512,0,0,770048000,0,6,1,church
77.623,14.332,1.02,0.0,20.998,1.122,133,575503,161,23.537,0.36,-6.538,0,0,770048000,0,6,1,church
77.638,15.056,1.045,0.0,20.998,1.122,133,575503,161,23.5,0.36,-6.563,0,0,770048000,0,6,1,church
77.653,13.872,0.751,0.0,20.998,1.122,133,575503,161,23.463,0.36,-6.589,0,0,770048000,0,6,1,church
77.668,14.834,0.796,0.0,20.998,1.122,133,575503,161,23.426,0.36,-6.614,0,0,770048000,0,6,1,church
77.683,13.531,0.966,0.0,20.998,1.122,133,575503,161,23.426,0.36,-6.614,0,0,770048000,0,6,1,church
77.698,14.892,1.363,0.0,20.998,1.122,133,575503,161,23.388,0.36,-6.639,0,0,770048000,0,6,1,church
77.713,14.419,1.039,0.0,20.998,1.122,133,575503,161,23.351,0.36,-6.665,0,0,770048000,0,6,1,church
77.728,14.598,1.676,0.0,20.998,1.122,133,575503,161,23.314,0.36,-6.69,0,0,770048000,0,6,1,church
77.743,14.182,1.182,0.0,20.998,1.122,133,575503,161,23.277,0.36,-6.715,0,0,770048000,0,6,1,church
77.758,14.461,1.011,0.0,20.998,1.122,133,575503,161,23.24,0.36,-6.741,0,0,770048000,0,6,1,church
77.773,13.944,0.992,0.0,20.998,1.122,133,575503,161,23.202,0.36,-6.766,0,0,770048000,0,6,1,church
77.788,14.103,0.702,0.0,20.998,1.122,133,575503,161,23.165,0.36,-6.791,0,0,770048000,0,6,1,church
77.803,14.624,0.567,0.0,20.998,1.122,134,580819,162,23.128,0.36,-6.816,0,0,770048000,0,6,1,church
77.818,20.843,0.689,0.0,20.998,1.122,134,580819,162,23.091,0.36,-6.842,0,0,770048000,0,6,1,church
77.833,14.037,0.688,0.0,20.998,1.122,133,580817,161,23.091,0.36,-6.842,0,0,770048000,0,6,1,church
77.848,14.559,0.757,0.0,20.998,1.122,133,580817,161,23.053,0.36,-6.867,0,0,770048000,0,6,1,church
77.863,13.953,1.006,0.0,20.998,1.122,133,580817,161,23.016,0.36,-6.892,0,0,770048000,0,6,1,church
77.878,14.519,0.728,0.0,20.998,1.122,133,580817,161,22.979,0.36,-6.917,0,0,770048000,0,6,1,church
77.893,13.869,0.746,0.0,20.998,1.122,134,581857,162,22.942,0.36,-6.943,0,0,770048000,0,6,1,church
77.908,14.459,0.668,0.0,20.998,1.122,134,581857,162,22.904,0.36,-6.968,0,0,770048000,0,6,1,church
77.922,14.021,0.602,0.0,20.998,1.122,134,581857,162,22.867,0.36,-6.993,0,0,770048000,0,6,1,church
77.937,14.618,0.581,0.0,20.998,1.122,134,581857,162,22.83,0.36,-7.018,0,0,770048000,0,6,1,church
77.952,14.545,0.601,0.0,20.998,1.122,133,581855,161,22.792,0.36,-7.043,0,0,770048000,0,6,1,church
77.967,13.252,1.147,0.0,20.998,1.122,133,581855,161,22.792,0.36,-7.043,0,0,770048000,0,6,1,church
77.981,15.056,1.143,0.0,20.998,1.122,133,581855,161,22.755,0.36,-7.069,0,0,770048000,0,6,1,church
77.996,14.415,1.074,0.0,20.998,1.122,133,581855,161,22.718,0.36,-7.094,0,0,770048000,0,6,1,church
78.011,13.913,1.272,0.0,20.998,1.122,133,581855,161,22.681,0.36,-7.119,0,0,770048000,0,6,1,church
78.026,14.133,1.159,0.0,20.998,1.122,133,581855,161,22.643,0.36,-7.144,0,0,770048000,0,6,1,church
78.041,14.622,1.103,0.0,20.998,1.122,133,581855,161,22.606,0.36,-7.169,0,0,770048000,0,6,1,church
78.056,13.769,1.024,0.0,20.998,1.122,133,581855,161,22.569,0.36,-7.194,0,0,770048000,0,6,1,church
78.07,12.872,1.206,0.0,20.998,1.122,133,581855,161,22.531,0.36,-7.22,0,0,770048000,0,6,1,church
78.085,14.114,1.29,0.0,20.998,1.122,133,581855,161,22.494,0.36,-7.245,0,0,770048000,0,6,1,church
78.1,13.67,0.376,0.0,20.998,1.122,133,581855,161,22.494,0.36,-7.245,0,0,770048000,0,6,1,church
78.114,15.357,0.343,0.0,20.998,1.122,133,581855,161,22.457,0.36,-7.27,0,0,770048000,0,6,1,church
78.128,14.208,0.619,0.0,20.998,1.122,133,581855,161,22.42,0.36,-7.295,0,0,770048000,0,6,1,church
78.142,13.866,0.966,0.0,20.287,1.074,133,581855,161,22.382,0.36,-7.32,0,0,770048000,0,6,1,church
78.156,13.802,1.702,0.0,20.287,1.074,133,581855,161,22.345,0.36,-7.346,0,0,770048000,0,6,1,church
78.171,20.35,1.006,0.0,20.287,1.074,133,581855,161,22.308,0.36,-7.371,0,0,770048000,0,6,1,church
78.186,13.636,1.433,0.0,20.287,1.074,133,581855,161,22.27,0.36,-7.396,0,0,770048000,0,6,1,church
78.201,15.639,1.199,0.0,20.287,1.074,133,581855,161,22.233,0.36,-7.421,0,0,770048000,0,6,1,church
78.217,11.485,1.1,0.0,20.287,1.074,133,581855,161,22.196,0.36,-7.446,0,0,770048000,0,6,1,church
78.231,19.8,0.744,0.0,20.287,1.074,133,581855,161,22.196,0.36,-7.446,0,0,770048000,0,6,1,church
78.246,14.623,0.298,0.0,20.287,1.074,133,581855,161,22.158,0.36,-7.471,0,0,770048000,0,6,1,church
78.261,15.466,0.396,0.0,20.287,1.074,133,581855,161,22.121,0.36,-7.496,0,0,770048000,0,6,1,church
78.276,12.864,0.681,0.0,20.287,1.074,133,581855,161,22.084,0.36,-7.522,0,0,770048000,0,6,1,church
78.291,14.438,1.32,0.0,20.287,1.074,133,581855,161,22.046,0.36,-7.547,0,0,770048000,0,6,1,church
78.306,13.163,0.904,0.0,20.287,1.074,133,581855,161,22.009,0.36,-7.572,0,0,770048000,0,6,1,church
78.32,13.97,0.624,0.0,20.287,1.074,133,581855,161,21.972,0.36,-7.597,0,0,770048000,0,6,1,church
78.335,14.036,0.548,0.0,20.287,1.074,134,581865,162,21.935,0.36,-7.622,0,0,770048000,0,6,1,church
78.35,13.268,0.525,0.0,20.287,1.074,134,581865,162,21.935,0.36,-7.622,0,0,770048000,0,6,1,church
78.364,14.838,0.546,0.0,20.287,1.074,134,581865,162,21.897,0.36,-7.647,0,0,770048000,0,6,1,church
78.378,13.959,0.552,0.0,20.287,1.074,134,581865,162,21.86,0.36,-7.673,0,0,770048000,0,6,1,church
78.392,13.913,0.473,0.0,20.287,1.074,134,581865,162,21.823,0.36,-7.698,0,0,770048000,0,6,1,church
78.406,14.132,0.481,0.0,20.287,1.074,134,581865,162,21.785,0.36,-7.723,0,0,770048000,0,6,1,church
78.42,14.081,0.575,0.0,20.287,1.074,134,581865,162,21.748,0.36,-7.748,0,0,770048000,0,6,1,church
78.434,14.26,0.552,0.0,20.287,1.074,134,581865,162,21.711,0.36,-7.773,0,0,770048000,0,6,1,church
78.448,13.251,0.478,0.0,20.287,1.074,133,579173,161,21.711,0.36,-7.773,0,0,770048000,0,6,1,church
78.462,15.048,0.531,0.0,20.287,1.074,133,579173,161,21.673,0.36,-7.798,0,0,770048000,0,6,1,church
78.477,14.544,0.684,0.0,20.287,1.074,133,579173,161,21.636,0.36,-7.824,0,0,770048000,0,6,1,church
78.491,14.598,0.637,0.0,20.287,1.074,133,579173,161,21.599,0.36,-7.849,0,0,770048000,0,6,1,church
78.505,13.524,0.947,0.0,20.287,1.074,133,579173,161,21.561,0.36,-7.874,0,0,770048000,0,6,1,church
78.519,20.972,1.088,0.0,20.287,1.074,133,579173,161,21.524,0.36,-7.899,0,0,770048000,0,6,1,church
78.533,13.811,0.783,0.0,20.287,1.074,133,579173,161,21.487,0.36,-7.924,0,0,770048000,0,6,1,church
78.548,13.16,1.024,0.0,20.287,1.074,132,578723,160,21.487,0.36,-7.924,0,0,770048000,0,6,1,church
78.562,14.995,1.018,0.0,20.287,1.074,132,578723,160,21.449,0.36,-7.949,0,0,770048000,0,6,1,church
78.576,13.814,1.002,0.0,20.287,1.074,132,578723,160,21.412,0.36,-7.974,0,0,770048000,0,6,1,church
78.591,14.16,1.241,0.0,20.287,1.074,132,578723,160,21.375,0.36,-8.0,0,0,770048000,0,6,1,church
78.605,14.539,0.79,0.0,20.287,1.074,131,577683,159,21.338,0.36,-8.025,0,0,770048000,0,6,1,church
78.619,13.496,1.147,0.0,20.287,1.074,131,577683,159,21.3,0.36,-8.05,0,0,770048000,0,6,1,church
78.634,20.643,1.108,0.0,20.287,1.074,130,577671,158,21.263,0.36,-8.075,0,0,770048000,0,6,1,church
78.648,11.99,1.131,0.0,20.287,1.074,130,577671,158,21.263,0.36,-8.075,0,0,770048000,0,6,1,church
78.663,14.804,1.195,0.0,20.287,1.074,130,577671,158,21.226,0.36,-8.1,0,0,770048000,0,6,1,church
78.677,13.465,1.031,0.0,20.287,1.074,128,572343,156,21.188,0.36,-8.125,0,0,770048000,0,6,1,church
78.691,14.533,1.045,0.0,20.287,1.074,128,572343,156,21.151,0.36,-8.15,0,0,770048000,0,6,1,church
78.706,13.648,1.094,0.0,20.287,1.074,128,572343,156,21.114,0.36,-8.176,0,0,770048000,0,6,1,church
78.72,14.043,1.124,0.0,20.287,1.074,128,572343,156,21.076,0.36,-8.201,0,0,770048000,0,6,1,church
78.734,13.874,1.025,0.0,20.287,1.074,128,572343,156,21.039,0.36,-8.226,0,0,770048000,0,6,1,church
78.749,13.037,1.057,0.0,20.287,1.074,127,570275,155,21.039,0.36,-8.226,0,0,770048000,0,6,1,church
78.763,14.652,0.85,0.0,20.287,1.074,127,570275,155,21.002,0.36,-8.251,0,0,770048000,0,6,1,church
78.777,14.207,0.991,0.0,20.287,1.074,126,570259,154,20.964,0.36,-8.276,0,0,770048000,0,6,1,church
78.791,12.577,1.78,0.0,20.287,1.074,126,570259,154,20.927,0.36,-8.301,0,0,770048000,0,6,1,church
78.806,13.578,1.335,0.0,20.287,1.074,126,570259,154,20.89,0.36,-8.327,0,0,770048000,0,6,1,church
78.82,15.784,0.531,0.0,20.287,1.074,126,570259,154,20.852,0.36,-8.352,0,0,770048000,0,6,1,church
78.834,12.748,0.565,0.0,20.287,1.074,126,570259,154,20.815,0.36,-8.377,0,0,770048000,0,6,1,church
78.849,13.193,1.073,0.0,20.287,1.074,127,570271,155,20.815,0.36,-8.377,0,0,770048000,0,6,1,church
78.863,14.813,0.932,0.0,20.287,1.074,127,570271,155,20.778,0.36,-8.402,0,0,770048000,0,6,1,church
78.877,13.463,1.07,0.0,20.287,1.074,127,570271,155,20.74,0.36,-8.427,0,0,770048000,0,6,1,church
78.891,20.195,1.279,0.0,20.287,1.074,128,581320,156,20.703,0.36,-8.452,0,0,770048000,0,6,1,church
78.906,13.093,0.694,0.0,20.287,1.074,127,581304,155,20.666,0.36,-8.477,0,0,770048000,0,6,1,church
78.92,13.89,0.48,0.0,20.287,1.074,128,581328,156,20.629,0.36,-8.503,0,0,770048000,0,6,1,church
78.934,13.809,0.397,0.0,20.287,1.074,129,585190,157,20.591,0.36,-8.528,0,0,770048000,0,6,1,church
78.949,13.185,0.418,0.0,20.287,1.074,129,585190,157,20.591,0.36,-8.528,0,0,770048000,0,6,1,church
78.963,14.756,0.39,0.0,20.287,1.074,129,585190,157,20.554,0.36,-8.553,0,0,770048000,0,6,1,church
78.977,13.684,0.482,0.0,20.287,1.074,130,590518,158,20.517,0.36,-8.578,0,0,770048000,0,6,1,church
78.991,13.785,0.572,0.0,20.287,1.074,130,590518,158,20.479,0.36,-8.603,0,0,770048000,0,6,1,church
79.006,13.162,0.569,0.0,20.287,1.074,130,590518,158,20.442,0.36,-8.628,0,0,770048000,0,6,1,church
79.02,14.056,0.496,0.0,20.287,1.074,129,590168,157,20.405,0.36,-8.653,0,0,770048000,0,6,1,church
79.034,13.562,0.535,0.0,20.287,1.074,128,589016,156,20.367,0.36,-8.679,0,0,770048000,0,6,1,church
79.049,13.284,0.554,0.0,20.287,1.074,126,588271,154,20.367,0.36,-8.679,0,0,770048000,0,6,1,church
79.063,15.035,0.539,0.0,20.287,1.074,126,588271,154,20.33,0.36,-8.704,0,0,770048000,0,6,1,church
79.077,14.052,0.605,0.0,20.287,1.074,126,588271,154,20.293,0.36,-8.729,0,0,770048000,0,6,1,church
79.091,13.691,0.734,0.0,20.287,1.074,126,588271,154,20.255,0.36,-8.754,0,0,770048000,0,6,1,church
79.106,14.442,1.054,0.0,20.287,1.074,126,588271,154,20.218,0.36,-8.779,0,0,770048000,0,6,1,church
79.12,13.406,0.662,0.0,20.287,1.074,125,587872,153,20.181,0.36,-8.804,0,0,770048000,0,6,1,church
79.134,13.975,1.281,0.0,20.287,1.074,124,585273,152,20.143,0.36,-8.829,0,0,770048000,0,6,1,church
79.147,12.655,1.031,0.0,19.806,1.564,124,585273,152,20.143,0.36,-8.829,0,0,770048000,0,6,1,church
79.161,14.393,1.034,0.0,19.806,1.564,124,585273,152,20.106,0.36,-8.855,0,0,770048000,0,6,1,church
79.174,13.528,1.039,0.0,19.806,1.564,124,585273,152,20.069,0.36,-8.88,0,0,770048000,0,6,1,church
79.189,14.211,0.986,0.0,19.806,1.564,124,585273,152,20.031,0.36,-8.905,0,0,770048000,0,6,1,church
79.202,13.161,1.321,0.0,19.806,1.564,123,585157,151,19.994,0.36,-8.93,0,0,770048000,0,6,1,church
79.215,12.372,1.115,0.0,19.806,1.564,123,585157,151,19.994,0.36,-8.93,0,0,770048000,0,6,1,church
79.229,21.807,1.117,0.0,19.806,1.564,123,585157,151,19.957,0.36,-8.955,0,0,770048000,0,6,1,church
79.243,12.812,1.317,0.0,19.806,1.564,123,585157,151,19.919,0.36,-8.98,0,0,770048000,0,6,1,church
79.257,14.186,1.382,0.0,19.806,1.564,123,585157,151,19.882,0.36,-9.006,0,0,770048000,0,6,1,church
79.271,12.78,1.19,0.0,19.806,1.564,122,585067,150,19.845,0.36,-9.031,0,0,770048000,0,6,1,church
79.285,21.453,1.24,0.0,19.806,1.564,121,585043,149,19.808,0.36,-9.056,0,0,770048000,0,6,1,church
79.298,11.599,0.666,0.0,19.806,1.564,121,585043,149,19.808,0.36,-9.056,0,0,770048000,0,6,1,church
79.312,13.9,1.205,0.0,19.806,1.564,121,585043,149,19.77,0.36,-9.081,0,0,770048000,0,6,1,church
79.326,13.798,1.04,0.0,19.806,1.564,122,585067,150,19.733,0.36,-9.106,0,0,770048000,0,6,1,church
79.34,13.332,0.639,0.0,19.806,1.564,122,585067,150,19.696,0.36,-9.131,0,0,770048000,0,6,1,church
79.354,13.755,0.523,0.0,19.806,1.564,122,585067,150,19.658,0.36,-9.156,0,0,770048000,0,6,1,church
79.368,13.851,0.557,0.0,19.806,1.564,121,582999,149,19.621,0.36,-9.182,0,0,770048000,0,6,1,church
79.382,12.787,0.457,0.0,19.806,1.564,121,582999,149,19.621,0.36,-9.182,0,0,770048000,0,6,1,church
79.396,14.571,0.51,0.0,19.806,1.564,121,582999,149,19.584,0.36,-9.207,0,0,770048000,0,6,1,church
79.41,13.446,0.57,0.0,19.806,1.564,121,582999,149,19.546,0.36,-9.232,0,0,770048000,0,6,1,church
79.423,14.034,0.434,0.0,19.806,1.564,121,582999,149,19.509,0.36,-9.257,0,0,770048000,0,6,1,church
79.437,13.472,0.426,0.0,19.806,1.564,121,582999,149,19.472,0.36,-9.282,0,0,770048000,0,6,1,church
79.451,13.825,0.446,0.0,19.806,1.564,121,582999,149,19.434,0.36,-9.307,0,0,770048000,0,6,1,church
79.465,12.833,0.526,0.0,19.806,1.564,121,582999,149,19.434,0.36,-9.307,0,0,770048000,0,6,1,church
79.479,14.402,0.544,0.0,19.806,1.564,121,582999,149,19.397,0.36,-9.332,0,0,770048000,0,6,1,church
79.493,14.517,0.656,0.0,19.806,1.564,121,582999,149,19.36,0.36,-9.358,0,0,770048000,0,6,1,church
79.507,13.764,0.968,0.0,19.806,1.564,121,582999,149,19.323,0.36,-9.383,0,0,770048000,0,6,1,church
79.52,13.65,0.978,0.0,19.806,1.564,120,550935,148,19.285,0.36,-9.408,0,0,770048000,0,6,1,church
79.534,13.338,1.062,0.0,19.806,1.564,120,550935,148,19.248,0.36,-9.434,0,0,770048000,0,6,1,church
79.548,13.058,1.071,0.0,19.806,1.564,119,550933,147,19.248,0.36,-9.434,0,0,770048000,0,6,1,church
79.561,14.767,0.899,0.0,19.806,1.564,119,550933,147,19.211,0.36,-9.459,0,0,770048000,0,6,1,church
79.575,13.54,0.898,0.0,19.806,1.564,118,548241,146,19.174,0.36,-9.485,0,0,770048000,0,6,1,church
79.589,13.894,1.256,0.0,19.806,1.564,118,548241,146,19.137,0.36,-9.51,0,0,770048000,0,6,1,church
79.603,19.136,1.047,0.0,19.806,1.564,118,548241,146,19.1,0.36,-9.536,0,0,770048000,0,6,1,church
79.617,13.588,0.98,0.0,19.806,1.564,118,548241,146,19.063,0.36,-9.562,0,0,770048000,0,6,1,church
79.631,13.181,1.038,0.0,19.806,1.564,117,548097,145,19.063,0.36,-9.562,0,0,770048000,0,6,1,church
79.645,14.278,1.13,0.0,19.806,1.564,117,548097,145,19.027,0.36,-9.588,0,0,770048000,0,6,1,church
79.659,13.752,1.221,0.0,19.806,1.564,116,545313,144,18.99,0.36,-9.613,0,0,770048000,0,6,1,church
79.672,14.005,0.968,0.0,19.806,1.564,116,545313,144,18.953,0.36,-9.639,0,0,770048000,0,6,1,church
79.686,13.937,0.981,0.0,19.806,1.564,116,545313,144,18.916,0.36,-9.666,0,0,770048000,0,6,1,church
79.7,14.136,1.181,0.0,19.806,1.564,116,545313,144,18.88,0.36,-9.692,0,0,770048000,0,6,1,church
79.714,13.16,0.989,0.0,19.806,1.564,116,545313,144,18.88,0.36,-9.692,0,0,770048000,0,6,1,church
79.728,14.694,1.17,0.0,19.806,1.564,116,545313,144,18.843,0.36,-9.718,0,0,770048000,0,6,1,church
79.742,14.039,0.98,0.0,19.806,1.564,116,545313,144,18.807,0.36,-9.744,0,0,770048000,0,6,1,church
79.756,13.813,1.15,0.0,19.806,1.564,116,545313,144,18.77,0.36,-9.77,0,0,770048000,0,6,1,church
79.77,14.996,1.009,0.0,19.806,1.564,116,545313,144,18.734,0.36,-9.797,0,0,770048000,0,6,1,church
79.784,13.343,0.811,0.0,19.806,1.564,116,545313,144,18.697,0.36,-9.823,0,0,770048000,0,6,1,church
79.797,13.706,0.849,0.0,19.806,1.564,116,545313,144,18.697,0.36,-9.823,0,0,770048000,0,6,1,church
79.811,16.721,0.628,0.0,19.806,1.564,116,545313,144,18.661,0.36,-9.849,0,0,770048000,0,6,1,church
79.825,11.71,1.12,0.0,19.806,1.564,116,545313,144,18.624,0.36,-9.876,0,0,770048000,0,6,1,church
79.839,14.109,0.936,0.0,19.806,1.564,116,545313,144,18.588,0.36,-9.902,0,0,770048000,0,6,1,church
79.853,13.83,0.386,0.0,19.806,1.564,116,545313,144,18.552,0.36,-9.929,0,0,770048000,0,6,1,church
79.867,16.107,0.39,0.0,19.806,1.564,116,545313,144,18.515,0.36,-9.956,0,0,770048000,0,6,1,church
79.881,12.482,0.511,0.0,19.806,1.564,116,545313,144,18.515,0.36,-9.956,0,0,770048000,0,6,1,church
79.895,14.864,0.995,0.0,19.806,1.564,116,545313,144,18.479,0.36,-9.982,0,0,770048000,0,6,1,church
79.909,13.545,1.107,0.0,19.806,1.564,115,545297,143,18.443,0.36,-10.009,0,0,770048000,0,6,1,church
79.922,14.208,1.137,0.0,19.806,1.564,115,545297,143,18.406,0.36,-10.035,0,0,770048000,0,6,1,church
79.936,13.745,0.904,0.0,19.806,1.564,114,545249,142,18.37,0.36,-10.062,0,0,770048000,0,6,1,church
79.95,13.885,0.98,0.0,19.806,1.564,111,544851,139,18.334,0.36,-10.089,0,0,770048000,0,6,1,church
79.971,20.496,0.626,0.0,19.806,1.564,111,544851,139,18.298,0.36,-10.115,0,0,770048000,0,6,1,church
79.985,13.655,0.489,0.0,19.806,1.564,111,544851,139,18.262,0.36,-10.142,0,0,770048000,0,6,1,church
80.0,13.586,0.502,0.0,19.806,1.564,111,544851,139,18.262,0.36,-10.142,0,0,770048000,0,6,1,church
80.014,15.013,0.482,0.0,19.806,1.564,111,544851,139,18.225,0.36,-10.169,0,0,770048000,0,6,1,church
80.029,14.428,0.606,0.0,19.806,1.564,111,544851,139,18.189,0.36,-10.196,0,0,770048000,0,6,1,church
80.043,13.82,0.617,0.0,19.806,1.564,111,544851,139,18.153,0.36,-10.222,0,0,770048000,0,6,1,church
80.058,14.612,1.018,0.0,19.806,1.564,111,544851,139,18.117,0.36,-10.249,0,0,770048000,0,6,1,church
80.073,13.93,0.936,0.0,19.806,1.564,111,544851,139,18.081,0.36,-10.276,0,0,770048000,0,6,1,church
80.087,14.052,1.036,0.0,19.806,1.564,110,537241,138,18.045,0.36,-10.303,0,0,770048000,0,6,1,church
80.102,14.031,0.985,0.0,19.806,1.564,110,537241,138,18.008,0.36,-10.33,0,0,770048000,0,6,1,church
80.116,13.865,0.903,0.0,19.806,1.564,110,537241,138,18.008,0.36,-10.33,0,0,770048000,0,6,1,church
80.131,14.483,1.037,0.0,20.009,2.303,110,537241,138,17.972,0.36,-10.356,0,0,770048000,0,6,1,church
80.146,14.139,1.028,0.0,20.009,2.303,110,537241,138,17.936,0.36,-10.383,0,0,770048000,0,6,1,church
80.16,14.059,0.923,0.0,20.009,2.303,110,537241,138,17.9,0.36,-10.41,0,0,770048000,0,6,1,church
80.175,13.671,1.2,0.0,20.009,2.303,110,537241,138,17.864,0.36,-10.437,0,0,770048000,0,6,1,church
80.189,20.261,1.111,0.0,20.009,2.303,109,537239,137,17.828,0.36,-10.464,0,0,770048000,0,6,1,church
80.204,13.006,1.066,0.0,20.009,2.303,109,537239,137,17.792,0.36,-10.491,0,0,770048000,0,6,1,church
80.218,14.627,1.099,0.0,20.009,2.303,109,537239,137,17.756,0.36,-10.518,0,0,770048000,0,6,1,church
80.233,12.514,0.892,0.0,20.009,2.303,109,537239,137,17.756,0.36,-10.518,0,0,770048000,0,6,1,church
80.248,14.824,1.256,0.0,20.009,2.303,109,537239,137,17.72,0.36,-10.544,0,0,770048000,0,6,1,church
80.262,13.237,0.96,0.0,20.009,2.303,110,537241,138,17.683,0.36,-10.571,0,0,770048000,0,6,1,church
80.277,14.439,0.972,0.0,20.009,2.303,111,537243,139,17.647,0.36,-10.598,0,0,770048000,0,6,1,church
80.291,13.55,1.058,0.0,20.009,2.303,111,537243,139,17.611,0.36,-10.625,0,0,770048000,0,6,1,church
80.306,13.895,1.187,0.0,20.009,2.303,110,537067,138,17.575,0.36,-10.652,0,0,770048000,0,6,1,church
80.321,19.409,0.885,0.0,20.009,2.303,110,537067,138,17.539,0.36,-10.679,0,0,770048000,0,6,1,church
80.338,20.224,1.107,0.0,20.009,2.303,110,537067,138,17.503,0.36,-10.706,0,0,770048000,0,6,1,church
80.352,13.271,1.085,0.0,20.009,2.303,109,536743,137,17.467,0.36,-10.733,0,0,770048000,0,6,1,church
80.367,13.279,0.606,0.0,20.009,2.303,108,536455,136,17.467,0.36,-10.733,0,0,770048000,0,6,1,church
80.381,13.967,0.498,0.0,20.009,2.303,108,536455,136,17.431,0.36,-10.76,0,0,770048000,0,6,1,church
80.396,14.007,0.391,0.0,20.009,2.303,108,536455,136,17.395,0.36,-10.786,0,0,770048000,0,6,1,church
80.411,13.401,0.411,0.0,20.009,2.303,108,536455,136,17.359,0.36,-10.813,0,0,770048000,0,6,1,church
80.426,13.704,0.534,0.0,20.009,2.303,108,536455,136,17.323,0.36,-10.84,0,0,770048000,0,6,1,church
80.441,13.925,0.511,0.0,20.009,2.303,107,532593,135,17.287,0.36,-10.867,0,0,770048000,0,6,1,church
80.456,14.162,0.483,0.0,20.009,2.303,105,532189,133,17.251,0.36,-10.894,0,0,770048000,0,6,1,church
80.47,13.187,0.47,0.0,20.009,2.303,104,532081,132,17.215,0.36,-10.921,0,0,770048000,0,6,1,church
80.483,13.067,0.662,0.0,20.009,2.303,104,532081,132,17.215,0.36,-10.921,0,0,770048000,0,6,1,church
80.498,14.452,0.672,0.0,20.009,2.303,104,532081,132,17.178,0.36,-10.948,0,0,770048000,0,6,1,church
80.512,14.459,0.65,0.0,20.009,2.303,104,532081,132,17.142,0.36,-10.975,0,0,770048000,0,6,1,church
80.527,13.718,0.611,0.0,20.009,2.303,102,539773,130,17.106,0.36,-11.002,0,0,770048000,0,6,1,church
80.542,13.533,1.04,0.0,20.009,2.303,102,539773,130,17.07,0.36,-11.029,0,0,770048000,0,6,1,church
80.556,14.018,1.03,0.0,20.009,2.303,102,539773,130,17.034,0.36,-11.056,0,0,770048000,0,6,1,church
80.571,14.179,0.719,0.0,20.009,2.303,102,539773,130,16.998,0.36,-11.083,0,0,770048000,0,6,1,church
80.585,13.097,0.698,0.0,20.009,2.303,102,539773,130,16.962,0.36,-11.11,0,0,770048000,0,6,1,church
80.6,12.976,0.986,0.0,20.009,2.303,102,539773,130,16.962,0.36,-11.11,0,0,770048000,0,6,1,church
80.615,15.295,1.128,0.0,20.009,2.303,102,539773,130,16.926,0.36,-11.137,0,0,770048000,0,6,1,church
80.629,13.592,0.459,0.0,20.009,2.303,102,539773,130,16.89,0.36,-11.163,0,0,770048000,0,6,1,church
80.643,14.143,1.018,0.0,20.009,2.303,102,539773,130,16.854,0.36,-11.19,0,0,770048000,0,6,1,church
80.657,13.334,0.992,0.0,20.009,2.303,102,539773,130,16.818,0.36,-11.217,0,0,770048000,0,6,1,church
80.671,14.387,1.078,0.0,20.009,2.303,102,539773,130,16.782,0.36,-11.244,0,0,770048000,0,6,1,church
80.685,13.421,0.983,0.0,20.009,2.303,102,539773,130,16.746,0.36,-11.271,0,0,770048000,0,6,1,church
80.7,19.971,1.083,0.0,20.009,2.303,102,539773,130,16.71,0.36,-11.298,0,0,770048000,0,6,1,church
80.715,12.452,0.934,0.0,20.009,2.303,100,536347,128,16.71,0.36,-11.298,0,0,770048000,0,6,1,church
80.729,13.891,0.907,0.0,20.009,2.303,100,536347,128,16.674,0.36,-11.325,0,0,770048000,0,6,1,church
80.744,14.045,0.865,0.0,20.009,2.303,100,536347,128,16.638,0.36,-11.352,0,0,770048000,0,6,1,church
80.758,13.17,0.957,0.0,20.009,2.303,100,536347,128,16.602,0.36,-11.379,0,0,770048000,0,6,1,church
80.772,13.792,0.905,0.0,20.009,2.303,100,536347,128,16.566,0.36,-11.406,0,0,770048000,0,6,1,church
80.785,13.221,0.923,0.0,20.009,2.303,100,536347,128,16.53,0.36,-11.433,0,0,770048000,0,6,1,church
80.799,13.368,0.993,0.0,20.009,2.303,101,536349,129,16.53,0.36,-11.433,0,0,770048000,0,6,1,church
80.812,13.75,1.15,0.0,20.009,2.303,101,536349,129,16.494,0.36,-11.46,0,0,770048000,0,6,1,church
80.826,13.81,0.985,0.0,20.009,2.303,101,536349,129,16.457,0.36,-11.487,0,0,770048000,0,6,1,church
80.839,12.95,0.965,0.0,20.009,2.303,98,515569,126,16.421,0.36,-11.514,0,0,770048000,0,6,1,church
80.853,13.759,0.948,0.0,20.009,2.303,98,515569,126,16.385,0.36,-11.541,0,0,770048000,0,6,1,church
80.867,13.063,1.011,0.0,20.009,2.303,98,515569,126,16.385,0.36,-11.541,0,0,770048000,0,6,1,church
80.88,14.631,0.865,0.0,20.009,2.303,98,515569,126,16.349,0.36,-11.568,0,0,770048000,0,6,1,church
80.893,13.396,0.911,0.0,20.009,2.303,95,504496,123,16.313,0.36,-11.595,0,0,770048000,0,6,1,church
80.907,12.915,1.182,0.0,20.009,2.303,95,504496,123,16.277,0.36,-11.621,0,0,770048000,0,6,1,church
80.92,13.541,0.937,0.0,20.009,2.303,95,504496,123,16.241,0.36,-11.648,0,0,770048000,0,6,1,church
80.934,18.823,0.954,0.0,20.009,2.303,95,504496,123,16.205,0.36,-11.675,0,0,770048000,0,6,1,church
80.947,12.996,0.697,0.0,20.009,2.303,94,504494,122,16.205,0.36,-11.675,0,0,770048000,0,6,1,church
80.961,14.578,0.806,0.0,20.009,2.303,94,504494,122,16.169,0.36,-11.702,0,0,770048000,0,6,1,church
80.975,12.854,0.939,0.0,20.009,2.303,94,504494,122,16.133,0.36,-11.729,0,0,770048000,0,6,1,church
80.988,13.826,1.998,0.0,20.009,2.303,94,504494,122,16.097,0.36,-11.756,0,0,770048000,0,6,1,church
81.002,13.544,0.483,0.0,20.009,2.303,94,504494,122,16.061,0.36,-11.783,0,0,770048000,0,6,1,church
81.016,12.944,0.541,0.0,20.009,2.303,94,504494,122,16.061,0.36,-11.783,0,0,770048000,0,6,1,church
81.029,14.223,0.964,0.0,20.009,2.303,94,504494,122,16.025,0.36,-11.81,0,0,770048000,0,6,1,church
81.043,13.614,1.105,0.0,20.009,2.303,94,504494,122,15.989,0.36,-11.837,0,0,770048000,0,6,1,church
81.057,13.108,0.859,0.0,20.009,2.303,94,504494,122,15.953,0.36,-11.864,0,0,770048000,0,6,1,church
81.07,20.609,1.038,0.0,20.009,2.303,94,504494,122,15.917,0.36,-11.891,0,0,770048000,0,6,1,church
81.084,11.921,0.902,0.0,20.009,2.303,95,504610,196,15.881,0.36,-11.918,0,0,770048000,0,6,1,church
81.098,11.847,0.938,0.0,20.009,2.303,94,503458,195,15.881,0.36,-11.918,0,0,770048000,0,6,1,church
81.112,14.73,0.517,0.0,20.009,2.303,94,503458,195,15.845,0.36,-11.945,0,0,770048000,0,6,1,church
81.125,13.504,0.946,0.0,20.009,2.303,94,503458,195,15.809,0.36,-11.972,0,0,770048000,0,6,1,church
81.139,12.978,0.953,0.0,19.379,2.078,94,503458,195,15.773,0.36,-11.999,0,0,770048000,0,6,1,church
81.153,13.259,1.128,0.0,19.379,2.078,94,503458,195,15.738,0.36,-12.025,0,0,770048000,0,6,1,church
81.166,12.854,1.018,0.0,19.379,2.078,91,503212,192,15.738,0.36,-12.025,0,0,770048000,0,6,1,church
81.18,14.719,0.939,0.0,19.379,2.078,91,503212,192,15.705,0.36,-12.052,0,0,770048000,0,6,1,church
81.193,13.286,0.867,0.0,19.379,2.078,102,546257,203,15.673,0.36,-12.079,0,0,770048000,0,6,1,church
81.207,13.157,0.968,0.0,19.379,2.078,103,546659,204,15.642,0.36,-12.106,0,0,770048000,0,6,1,church
81.221,12.935,1.772,0.0,19.379,2.078,107,547373,208,15.613,0.36,-12.135,0,0,770048000,0,6,1,church
81.234,12.914,1.007,0.0,19.379,2.078,106,555003,207,15.584,0.36,-12.164,0,0,770048000,0,6,1,church
81.248,12.685,0.966,0.0,19.379,2.078,108,555371,209,15.584,0.36,-12.164,0,0,770048000,0,6,1,church
81.262,13.335,0.899,0.0,19.379,2.078,108,555371,209,15.557,0.36,-12.194,0,0,770048000,0,6,1,church
81.275,13.009,0.974,0.0,19.379,2.078,109,565051,210,15.531,0.36,-12.226,0,0,770048000,0,6,1,church
81.289,14.782,0.97,0.0,19.379,2.078,110,597115,211,15.506,0.36,-12.258,0,0,770048000,0,5,1,skull
81.303,17.493,0.943,0.0,19.379,2.078,111,587731,313,15.482,0.36,-12.292,0,0,770048000,0,5,1,skull
81.316,13.02,0.835,0.0,19.379,2.078,114,649611,316,15.482,0.36,-12.292,0,0,769736704,0,5,1,skull
81.33,13.522,0.931,0.0,19.379,2.078,114,649611,316,15.46,0.36,-12.326,0,0,769736704,0,5,1,skull
81.344,13.237,1.001,0.0,19.379,2.078,122,659459,324,15.439,0.36,-12.362,0,0,769736704,0,5,1,skull
81.357,13.191,0.934,0.0,19.379,2.078,123,670508,325,15.419,0.36,-12.398,0,0,769736704,0,5,1,skull
81.371,12.487,1.034,0.0,19.379,2.078,124,675836,326,15.4,0.36,-12.436,0,0,769736704,0,5,1,skull
81.384,13.181,0.938,0.0,19.379,2.078,131,683800,333,15.382,0.36,-12.474,0,0,769736704,0,5,1,skull
81.398,12.326,0.426,0.0,19.379,2.078,134,683934,336,15.382,0.36,-12.474,0,0,769736704,0,5,1,skull
81.412,14.092,0.41,0.0,19.379,2.078,134,683934,336,15.365,0.36,-12.513,0,0,769736704,0,5,1,skull
81.425,12.639,0.297,0.0,19.379,2.078,138,689034,340,15.35,0.36,-12.552,0,0,769736704,0,5,1,skull
81.439,14.249,0.297,0.0,19.379,2.078,139,689294,341,15.336,0.36,-12.592,0,0,769736704,0,5,1,skull
81.453,13.211,0.36,0.0,19.379,2.078,140,721358,342,15.322,0.36,-12.633,0,0,769736704,0,5,1,skull
81.466,12.457,0.895,0.0,19.379,2.078,143,721566,345,15.322,0.36,-12.633,0,0,769736704,0,5,1,skull
81.48,13.822,0.924,0.0,19.379,2.078,143,721566,345,15.31,0.36,-12.674,0,0,769736704,0,5,1,skull
81.494,12.855,1.089,0.0,19.379,2.078,152,728154,354,15.299,0.36,-12.715,0,0,769736704,0,5,1,skull
81.507,13.132,0.99,0.0,19.379,2.078,158,745609,360,15.289,0.36,-12.757,0,0,769736704,0,5,1,skull
81.521,13.303,0.92,0.0,19.379,2.078,159,754431,361,15.28,0.36,-12.8,0,0,769736704,0,5,1,skull
81.534,12.857,0.938,0.0,19.379,2.078,162,757477,364,15.272,0.36,-12.842,0,0,769736704,0,5,1,skull
81.547,12.147,1.171,0.0,19.379,2.078,171,764522,373,15.272,0.36,-12.842,0,0,769736704,0,5,1,skull
81.56,13.665,1.061,0.0,19.379,2.078,171,764522,373,15.265,0.36,-12.885,0,0,769736704,0,5,1,skull
81.573,12.845,0.994,0.0,19.379,2.078,182,775111,384,15.259,0.36,-12.928,0,0,769736704,0,5,1,skull
81.586,13.183,1.017,0.0,19.379,2.078,187,783559,389,15.254,0.36,-12.971,0,0,769736704,0,5,1,skull
81.599,11.664,0.875,0.0,19.379,2.078,191,791637,393,15.254,0.36,-12.971,0,0,769736704,0,5,1,skull
81.612,13.67,0.759,0.0,19.379,2.078,191,791637,393,15.249,0.36,-13.015,0,0,769736704,0,5,1,skull
81.625,13.129,0.784,0.0,19.379,2.078,191,790599,393,15.246,0.36,-13.058,0,0,769736704,0,5,1,skull
81.638,13.425,0.791,0.0,19.379,2.078,191,790599,393,15.243,0.36,-13.102,0,0,769736704,0,5,1,skull
81.652,13.23,1.08,0.0,19.379,2.078,191,790599,393,15.241,0.36,-13.146,0,0,769736704,0,5,1,skull
81.664,11.406,1.155,0.0,19.379,2.078,191,790599,393,15.241,0.36,-13.146,0,0,769736704,0,5,1,skull
81.677,14.244,0.996,0.0,19.379,2.078,191,790599,393,15.24,0.36,-13.19,0,0,769736704,0,5,1,skull
81.69,12.762,0.741,0.0,19.379,2.078,191,817135,393,15.239,0.36,-13.235,0,0,769736704,0,5,1,skull
81.703,12.893,1.115,0.0,19.379,2.078,191,817135,393,15.238,0.36,-13.279,0,0,769736704,0,5,1,skull
81.716,12.344,1.052,0.0,19.379,2.078,190,811819,392,15.238,0.36,-13.279,0,0,769736704,0,5,1,skull
81.729,13.736,1.105,0.0,19.379,2.078,190,811819,392,15.238,0.36,-13.324,0,0,769736704,0,5,1,skull
81.742,13.03,1.056,0.0,19.379,2.078,190,811819,392,15.238,0.36,-13.368,0,0,769736704,0,5,1,skull
81.755,14.53,1.031,0.0,19.379,2.078,190,811819,392,15.238,0.36,-13.413,0,0,769736704,0,5,1,skull
81.768,11.542,1.297,0.0,19.379,2.078,190,811819,392,15.238,0.36,-13.458,0,0,769736704,0,5,1,skull
81.781,11.801,0.81,0.0,19.379,2.078,189,811807,391,15.238,0.36,-13.458,0,0,769736704,0,5,1,skull
81.793,14.443,0.819,0.0,19.379,2.078,189,811807,391,15.239,0.36,-13.503,0,0,769736704,0,5,1,skull
81.806,12.423,0.785,0.0,19.379,2.078,189,811807,391,15.24,0.36,-13.547,0,0,769736704,0,5,1,skull
81.819,14.175,1.673,0.0,19.379,2.078,189,811807,391,15.241,0.36,-13.592,0,0,769736704,0,5,1,skull
81.832,12.348,0.653,0.0,19.379,2.078,189,811807,391,15.241,0.36,-13.592,0,0,769736704,0,5,1,skull
81.845,13.707,1.14,0.0,19.379,2.078,189,811807,391,15.242,0.36,-13.637,0,0,769736704,0,5,1,skull
81.858,13.345,1.258,0.0,19.379,2.078,188,811795,390,15.243,0.36,-13.682,0,0,769736704,0,5,1,skull
81.871,12.923,0.793,0.0,19.379,2.078,188,811795,390,15.245,0.36,-13.727,0,0,769736704,0,5,1,skull
81.884,13.108,1.09,0.0,19.379,2.078,188,811795,390,15.246,0.36,-13.772,0,0,769736704,0,5,1,skull
81.897,12.125,1.118,0.0,19.379,2.078,188,811795,390,15.246,0.36,-13.772,0,0,769736704,0,5,1,skull
81.91,13.698,0.799,0.0,19.379,2.078,188,811795,390,15.248,0.36,-13.817,0,0,769736704,0,5,1,skull
81.923,13.145,1.008,0.0,19.379,2.078,188,811795,390,15.249,0.36,-13.862,0,0,769736704,0,5,1,skull
81.936,18.334,1.139,0.0,19.379,2.078,188,811795,390,15.251,0.36,-13.907,0,0,769736704,0,5,1,skull
81.949,12.708,1.019,0.0,19.379,2.078,189,811819,391,15.251,0.36,-13.907,0,0,769736704,0,5,1,skull
81.962,12.887,1.271,0.0,19.379,2.078,189,811819,391,15.253,0.36,-13.951,0,0,769736704,0,5,1,skull
81.975,12.876,1.628,0.0,19.379,2.078,189,811819,391,15.255,0.36,-13.996,0,0,769736704,0,5,1,skull
81.988,12.707,0.417,0.0,19.379,2.078,189,811819,391,15.257,0.347,-14.041,0,0,769736704,0,5,1,skull
82.001,13.351,0.36,0.0,19.379,2.078,189,811819,391,15.259,0.358,-14.086,0,0,769736704,0,5,1,skull
82.014,12.855,0.452,0.0,19.379,2.078,189,811819,391,15.259,0.358,-14.086,0,0,769736704,0,5,1,skull
82.027,12.693,0.772,0.0,19.379,2.078,189,811819,391,15.261,0.348,-14.131,0,0,769736704,0,5,1,skull
82.04,12.758,1.296,0.0,19.379,2.078,189,811819,391,15.263,0.337,-14.177,0,0,769736704,0,5,1,skull
82.053,13.444,0.357,0.0,19.379,2.078,189,811819,391,15.265,0.32,-14.222,0,0,769736704,0,5,1,skull
82.066,12.266,0.448,0.0,19.379,2.078,189,811819,391,15.265,0.32,-14.222,0,0,769736704,0,5,1,skull
82.079,14.446,0.452,0.0,19.379,2.078,189,811819,391,15.267,0.295,-14.266,0,0,769736704,0,5,1,skull
82.092,11.873,0.742,0.0,19.379,2.078,189,811819,391,15.269,0.269,-14.309,0,0,769736704,0,5,1,skull
82.105,12.607,1.895,0.0,19.379,2.078,189,811819,391,15.272,0.244,-14.352,0,0,769736704,0,5,1,skull
82.118,12.708,0.329,0.0,19.379,2.078,189,811819,391,15.274,0.219,-14.395,0,0,769736704,0,5,1,skull
82.131,12.218,0.371,0.0,17.42,1.974,189,811819,391,15.274,0.219,-14.395,0,0,769736704,0,5,1,skull
82.143,14.513,0.376,0.0,17.42,1.974,189,811819,391,15.276,0.193,-14.438,0,0,769736704,0,5,1,skull
82.156,12.908,0.627,0.0,17.42,1.974,189,811819,391,15.278,0.168,-14.481,0,0,769736704,0,5,1,skull
82.169,12.616,1.138,0.0,17.42,1.974,189,811819,391,15.28,0.142,-14.524,0,0,769736704,0,5,1,skull
82.182,11.429,0.793,0.0,17.42,1.974,189,811819,391,15.28,0.142,-14.524,0,0,769736704,0,5,1,skull
82.195,14.077,1.073,0.0,17.42,1.974,189,811819,391,15.282,0.117,-14.567,0,0,769736704,0,5,1,skull
82.208,11.949,0.655,0.0,17.42,1.974,189,811819,391,15.284,0.092,-14.611,0,0,769736704,0,5,1,skull
82.221,13.21,1.089,0.0,17.42,1.974,189,811819,391,15.287,0.066,-14.654,0,0,769736704,0,5,1,skull
82.234,13.01,0.731,0.0,17.42,1.974,189,811819,391,15.289,0.041,-14.697,0,0,769736704,0,5,1,skull
82.247,10.669,0.89,0.0,17.42,1.974,189,811819,391,15.289,0.041,-14.697,0,0,769736704,0,5,1,skull
82.26,13.606,1.063,0.0,17.42,1.974,189,811819,391,15.291,0.016,-14.74,0,0,769736704,0,5,1,skull
82.273,13.042,0.647,0.0,17.42,1.974,189,811819,391,15.294,-0.01,-14.783,0,0,769736704,0,5,1,skull
82.286,12.745,0.701,0.0,17.42,1.974,186,811663,315,15.296,-0.035,-14.826,0,0,769736704,0,5,1,skull
82.299,11.576,1.221,0.0,17.42,1.974,186,811663,315,15.296,-0.035,-14.826,0,0,769736704,0,5,1,skull
82.312,18.119,1.354,0.0,17.42,1.974,186,811663,315,15.298,-0.061,-14.869,0,0,769736704,0,5,1,skull
82.325,11.792,1.076,0.0,17.42,1.974,186,811663,315,15.301,-0.086,-14.912,0,0,769736704,0,5,1,skull
82.338,11.921,0.986,0.0,17.42,1.974,186,811663,315,15.303,-0.111,-14.955,0,0,769736704,0,5,1,skull
82.351,11.518,0.794,0.0,17.42,1.974,186,811663,315,15.305,-0.137,-14.999,0,0,769736704,0,5,1,skull
82.364,16.446,1.145,0.0,17.42,1.974,186,811663,315,15.305,-0.137,-14.999,0,0,769736704,0,5,1,skull
82.377,12.423,0.642,0.0,17.42,1.974,186,811663,315,15.308,-0.162,-15.042,0,0,769736704,0,5,1,skull
82.39,11.287,0.696,0.0,17.42,1.974,187,871143,316,15.31,-0.187,-15.085,0,0,769736704,0,5,1,skull
82.403,11.721,0.632,0.0,17.42,1.974,187,871143,316,15.313,-0.213,-15.128,0,0,769736704,0,4,1,ossuary
82.416,9.516,0.582,0.0,17.42,1.974,160,741239,241,15.313,-0.213,-15.128,0,0,769736704,0,4,1,ossuary
82.429,12.185,0.51,0.0,17.42,1.974,160,741239,241,15.315,-0.238,-15.171,0,0,765444096,0,4,1,ossuary
82.439,10.749,0.579,0.0,17.42,1.974,160,741239,241,15.318,-0.264,-15.214,0,0,765444096,0,4,1,ossuary
82.451,11.231,0.551,0.0,17.42,1.974,160,741239,241,15.321,-0.289,-15.257,0,0,765444096,0,4,1,ossuary
82.462,10.885,0.488,0.0,17.42,1.974,160,741239,241,15.321,-0.289,-15.257,0,0,765444096,0,4,1,ossuary
82.473,11.717,0.46,0.0,17.42,1.974,160,741239,241,15.323,-0.314,-15.3,0,0,765444096,0,4,1,ossuary
82.485,11.621,0.478,0.0,17.42,1.974,160,741239,241,15.326,-0.34,-15.343,0,0,765444096,0,4,1,ossuary
82.496,10.651,0.454,0.0,17.42,1.974,160,741239,241,15.326,-0.34,-15.343,0,0,765444096,0,4,1,ossuary
82.508,12.154,0.564,0.0,17.42,1.974,160,741239,241,15.328,-0.365,-15.386,0,0,765444096,0,4,1,ossuary
82.519,11.195,0.581,0.0,17.42,1.974,160,741239,241,15.331,-0.39,-15.429,0,0,765444096,0,4,1,ossuary
82.53,10.773,0.496,0.0,17.42,1.974,159,679463,240,15.331,-0.39,-15.429,0,0,765444096,0,4,1,ossuary
82.542,17.929,0.575,0.0,17.42,1.974,159,679463,240,15.334,-0.416,-15.473,0,0,765444096,0,4,1,ossuary
82.554,11.361,0.532,0.0,17.42,1.974,157,674909,238,15.336,-0.441,-15.516,0,0,765444096,0,4,1,ossuary
82.567,11.514,0.433,0.0,17.42,1.974,156,674249,237,15.339,-0.467,-15.559,0,0,765444096,0,4,1,ossuary
82.578,10.806,0.496,0.0,17.42,1.974,155,671557,236,15.339,-0.467,-15.559,0,0,765444096,0,4,1,ossuary
82.59,12.447,0.501,0.0,17.42,1.974,155,671557,236,15.341,-0.492,-15.602,0,0,765444096,0,4,1,ossuary
82.602,11.533,0.732,0.0,17.42,1.974,155,671293,236,15.344,-0.517,-15.645,0,0,765444096,0,4,1,ossuary
82.613,10.355,0.558,0.0,17.42,1.974,155,671293,236,15.344,-0.517,-15.645,0,0,765444096,0,4,1,ossuary
82.625,12.312,0.548,0.0,17.42,1.974,155,671293,236,15.346,-0.543,-15.688,0,0,765444096,0,4,1,ossuary
82.637,11.834,0.627,0.0,17.42,1.974,155,671293,236,15.348,-0.568,-15.731,0,0,765444096,0,4,1,ossuary
82.648,9.85,0.957,0.0,17.42,1.974,155,671293,236,15.348,-0.568,-15.731,0,0,765444096,0,4,1,ossuary
82.66,12.248,0.951,0.0,17.42,1.974,155,671293,236,15.35,-0.593,-15.774,0,0,765444096,0,4,1,ossuary
82.672,11.693,0.637,0.0,17.42,1.974,154,667957,235,15.352,-0.619,-15.817,0,0,765444096,0,4,1,ossuary
82.683,11.248,0.611,0.0,17.42,1.974,152,665887,233,15.353,-0.644,-15.86,0,0,765444096,0,4,1,ossuary
82.695,9.998,1.16,0.0,17.42,1.974,151,664847,232,15.353,-0.644,-15.86,0,0,765444096,0,4,1,ossuary
82.707,19.555,1.124,0.0,17.42,1.974,151,664847,232,15.355,-0.67,-15.903,0,0,765444096,0,4,1,ossuary
82.718,10.162,0.656,0.0,17.42,1.974,150,656271,231,15.357,-0.695,-15.947,0,0,765444096,0,4,1,ossuary
82.73,10.401,1.238,0.0,17.42,1.974,150,656271,231,15.357,-0.695,-15.947,0,0,765444096,0,4,1,ossuary
82.742,12.156,1.009,0.0,17.42,1.974,150,656271,231,15.358,-0.72,-15.99,0,0,765444096,0,4,1,ossuary
82.753,11.239,0.93,0.0,17.42,1.974,147,650931,228,15.359,-0.746,-16.033,0,0,765444096,0,4,1,ossuary
82.765,10.218,1.03,0.0,17.42,1.974,147,650931,228,15.359,-0.746,-16.033,0,0,765444096,0,4,1,ossuary
82.777,12.036,1.384,0.0,17.42,1.974,147,650931,228,15.361,-0.771,-16.076,0,0,765444096,0,4,1,ossuary
82.788,11.792,0.447,0.0,17.42,1.974,146,650929,227,15.362,-0.796,-16.119,0,0,765444096,0,4,1,ossuary
82.8,12.099,0.514,0.0,17.42,1.974,145,650785,226,15.363,-0.822,-16.162,0,0,765444096,0,4,1,ossuary
82.812,9.742,0.669,0.0,17.42,1.974,145,650785,226,15.363,-0.822,-16.162,0,0,765444096,0,4,1,ossuary
82.823,11.974,1.009,0.0,17.42,1.974,145,650785,226,15.364,-0.847,-16.205,0,0,765444096,0,4,1,ossuary
82.835,11.522,0.686,0.0,17.42,1.974,145,650785,226,15.365,-0.873,-16.249,0,0,765444096,0,4,1,ossuary
82.847,10.163,0.912,0.0,17.42,1.974,145,650785,226,15.365,-0.873,-16.249,0,0,765444096,0,4,1,ossuary
82.858,12.28,0.727,0.0,17.42,1.974,145,650785,226,15.366,-0.898,-16.292,0,0,765444096,0,4,1,ossuary
82.87,11.552,0.709,0.0,17.42,1.974,143,647053,224,15.367,-0.923,-16.335,0,0,765444096,0,4,1,ossuary
82.882,10.012,0.935,0.0,17.42,1.974,143,647053,224,15.367,-0.923,-16.335,0,0,765444096,0,4,1,ossuary
82.893,12.215,0.753,0.0,17.42,1.974,143,647053,224,15.367,-0.949,-16.378,0,0,765444096,0,4,1,ossuary
82.905,11.313,0.579,0.0,17.42,1.974,142,647041,223,15.368,-0.974,-16.421,0,0,765444096,0,4,1,ossuary
82.916,10.849,0.593,0.0,17.42,1.974,140,641713,221,15.368,-0.974,-16.421,0,0,765444096,0,4,1,ossuary
82.927,11.168,0.706,0.0,17.42,1.974,140,641713,221,15.369,-1.0,-16.464,0,0,765444096,0,4,1,ossuary
82.938,11.284,3.665,0.0,17.42,1.974,140,641713,221,15.369,-1.025,-16.507,0,0,765444096,0,4,1,ossuary
82.949,10.953,0.417,0.0,17.42,1.974,140,641713,221,15.369,-1.025,-16.507,0,0,765444096,0,4,1,ossuary
82.96,12.07,0.329,0.0,17.42,1.974,140,641713,221,15.37,-1.051,-16.551,0,0,765444096,0,4,1,ossuary
82.971,11.507,0.473,0.0,17.42,1.974,140,641713,221,15.37,-1.076,-16.594,0,0,765444096,0,4,1,ossuary
82.983,11.105,0.551,0.0,17.42,1.974,140,641713,221,15.37,-1.076,-16.594,0,0,765444096,0,4,1,ossuary
82.994,11.83,0.881,0.0,17.42,1.974,140,641713,221,15.371,-1.101,-16.637,0,0,765444096,0,4,1,ossuary
83.005,10.945,1.261,0.0,17.42,1.974,139,639645,220,15.371,-1.127,-16.68,0,0,765444096,0,4,1,ossuary
83.016,10.412,0.912,0.0,17.42,1.974,139,639645,220,15.371,-1.127,-16.68,0,0,765444096,0,4,1,ossuary
83.027,12.662,0.616,0.0,17.42,1.974,139,639645,220,15.372,-1.152,-16.723,0,0,765444096,0,4,1,ossuary
83.038,10.618,0.505,0.0,17.42,1.974,139,639645,220,15.372,-1.178,-16.766,0,0,765444096,0,4,1,ossuary
83.049,10.301,1.06,0.0,17.42,1.974,139,639645,220,15.372,-1.178,-16.766,0,0,765444096,0,4,1,ossuary
83.06,12.66,0.975,0.0,17.42,1.974,139,639645,220,15.372,-1.203,-16.809,0,0,765444096,0,4,1,ossuary
83.071,10.522,0.527,0.0,17.42,1.974,139,639645,220,15.373,-1.228,-16.853,0,0,765444096,0,4,1,ossuary
83.083,22.412,1.597,0.0,17.42,1.974,139,639645,220,15.373,-1.254,-16.896,0,0,765444096,0,4,1,ossuary
83.095,10.468,0.431,0.0,17.42,1.974,138,639643,219,15.373,-1.254,-16.896,0,0,765444096,0,4,1,ossuary
83.107,12.585,0.478,0.0,17.42,1.974,138,639643,219,15.373,-1.269,-16.939,0,0,765444096,0,4,1,ossuary
83.118,10.875,0.504,0.0,17.42,1.974,138,639643,219,15.373,-1.302,-16.978,0,0,765444096,0,4,1,ossuary
83.13,10.257,0.97,0.0,21.593,1.501,138,639643,219,15.373,-1.302,-16.978,0,0,765444096,0,4,1,ossuary
83.142,11.896,0.978,0.0,21.593,1.501,138,639643,219,15.373,-1.328,-17.021,0,0,765444096,0,4,1,ossuary
83.153,12.087,0.453,0.0,21.593,1.501,138,639643,219,15.374,-1.353,-17.064,0,0,765444096,0,4,1,ossuary
83.165,15.195,0.623,0.0,21.593,1.501,138,639643,219,15.374,-1.353,-17.064,0,0,765444096,0,4,1,ossuary
83.177,11.662,0.918,0.0,21.593,1.501,138,639643,219,15.374,-1.379,-17.108,0,0,765444096,0,4,1,ossuary
83.188,12.09,0.403,0.0,21.593,1.501,137,638603,218,15.374,-1.404,-17.151,0,0,765444096,0,4,1,ossuary
83.2,11.021,0.468,0.0,21.593,1.501,135,634759,216,15.374,-1.429,-17.194,0,0,765444096,0,4,1,ossuary
83.212,10.127,1.076,0.0,21.593,1.501,133,634397,214,15.374,-1.429,-17.194,0,0,765444096,0,4,1,ossuary
83.223,12.146,0.9,0.0,21.593,1.501,133,634397,214,15.374,-1.455,-17.237,0,0,765444096,0,4,1,ossuary
83.235,11.276,0.655,0.0,21.593,1.501,130,628619,211,15.374,-1.48,-17.28,0,0,765444096,0,4,1,ossuary
83.247,10.647,0.917,0.0,21.593,1.501,130,628619,211,15.374,-1.48,-17.28,0,0,765444096,0,4,1,ossuary
83.258,11.613,0.917,0.0,21.593,1.501,130,628619,211,15.374,-1.506,-17.323,0,0,765444096,0,4,1,ossuary
83.27,10.489,0.95,0.0,21.593,1.501,129,627922,210,15.374,-1.531,-17.367,0,0,765444096,0,4,1,ossuary
83.282,10.686,1.292,0.0,21.593,1.501,129,627922,210,15.374,-1.531,-17.367,0,0,765444096,0,4,1,ossuary
83.293,12.036,0.308,0.0,21.593,1.501,129,627922,210,15.374,-1.556,-17.41,0,0,765444096,0,4,1,ossuary
83.305,11.51,0.351,0.0,21.593,1.501,129,627525,210,15.374,-1.582,-17.453,0,0,765444096,0,4,1,ossuary
83.317,12.238,0.468,0.0,21.593,1.501,129,627525,210,15.374,-1.607,-17.496,0,0,765444096,0,4,1,ossuary
83.328,9.259,0.542,0.0,21.593,1.501,126,624189,207,15.374,-1.607,-17.496,0,0,765444096,0,4,1,ossuary
83.34,12.635,1.167,0.0,21.593,1.501,126,624189,207,15.374,-1.633,-17.539,0,0,765444096,0,4,1,ossuary
83.351,10.75,0.853,0.0,21.593,1.501,125,621590,206,15.374,-1.658,-17.582,0,0,765444096,0,4,1,ossuary
83.362,10.129,1.233,0.0,21.593,1.501,125,621590,206,15.374,-1.658,-17.582,0,0,765444096,0,4,1,ossuary
83.374,12.304,0.563,0.0,21.593,1.501,125,621590,206,15.374,-1.683,-17.626,0,0,765444096,0,4,1,ossuary
83.385,10.746,0.743,0.0,21.593,1.501,125,621590,206,15.374,-1.709,-17.669,0,0,765444096,0,4,1,ossuary
83.396,10.293,0.994,0.0,21.593,1.501,125,621590,206,15.374,-1.709,-17.669,0,0,765444096,0,4,1,ossuary
83.407,12.135,0.657,0.0,21.593,1.501,125,621590,206,15.374,-1.734,-17.712,0,0,765444096,0,4,1,ossuary
83.418,10.847,0.6,0.0,21.593,1.501,125,621590,206,15.374,-1.76,-17.755,0,0,765444096,0,4,1,ossuary
83.429,10.081,0.605,0.0,21.593,1.501,125,621590,206,15.374,-1.76,-17.755,0,0,765444096,0,4,1,ossuary
83.44,11.882,0.554,0.0,21.593,1.501,125,621590,206,15.374,-1.785,-17.798,0,0,765444096,0,4,1,ossuary
83.451,11.212,0.411,0.0,21.593,1.501,124,621474,205,15.373,-1.811,-17.841,0,0,765444096,0,4,1,ossuary
83.463,10.175,0.445,0.0,21.593,1.501,124,621474,205,15.373,-1.811,-17.841,0,0,765444096,0,4,1,ossuary
83.474,11.933,0.534,0.0,21.593,1.501,124,621474,205,15.373,-1.836,-17.885,0,0,765444096,0,4,1,ossuary
83.485,11.224,0.454,0.0,21.593,1.501,124,621474,205,15.373,-1.861,-17.928,0,0,765444096,0,4,1,ossuary
83.496,10.175,0.447,0.0,21.593,1.501,124,621474,205,15.373,-1.861,-17.928,0,0,765444096,0,4,1,ossuary
83.507,11.82,0.518,0.0,21.593,1.501,124,621474,205,15.373,-1.887,-17.971,0,0,765444096,0,4,1,ossuary
83.518,11.042,0.457,0.0,21.593,1.501,124,621474,205,15.373,-1.912,-18.014,0,0,765444096,0,4,1,ossuary
83.529,10.243,0.477,0.0,21.593,1.501,124,621474,205,15.373,-1.912,-18.014,0,0,765444096,0,4,1,ossuary
83.541,17.701,0.535,0.0,21.593,1.501,124,621474,205,15.373,-1.938,-18.057,0,0,765444096,0,4,1,ossuary
83.553,10.945,0.442,0.0,21.593,1.501,124,621474,205,15.373,-1.963,-18.1,0,0,765444096,0,4,1,ossuary
83.567,11.188,0.59,0.0,21.593,1.501,124,621474,205,15.373,-1.988,-18.143,0,0,765444096,0,4,1,ossuary
83.578,9.953,0.557,0.0,21.593,1.501,124,621474,205,15.373,-1.988,-18.143,0,0,765444096,0,4,1,ossuary
83.589,11.904,0.582,0.0,21.593,1.501,124,621474,205,15.373,-2.014,-18.187,0,0,765444096,0,4,1,ossuary
83.601,11.124,0.491,0.0,21.593,1.501,124,621474,205,15.373,-2.039,-18.23,0,0,765444096,0,4,1,ossuary
83.612,9.972,0.656,0.0,21.593,1.501,124,621474,205,15.373,-2.039,-18.23,0,0,765444096,0,4,1,ossuary
83.623,12.103,2.182,0.0,21.593,1.501,124,621474,205,15.372,-2.065,-18.273,0,0,765444096,0,4,1,ossuary
83.634,10.635,0.862,0.0,21.593,1.501,123,621384,204,15.372,-2.09,-18.316,0,0,765444096,0,4,1,ossuary
83.645,10.087,1.01,0.0,21.593,1.501,123,621384,204,15.372,-2.09,-18.316,0,0,765444096,0,4,1,ossuary
83.656,11.574,1.005,0.0,21.593,1.501,123,621384,204,15.372,-2.115,-18.359,0,0,765444096,0,4,1,ossuary
83.667,10.741,1.38,0.0,21.593,1.501,122,620344,203,15.372,-2.141,-18.402,0,0,765444096,0,4,1,ossuary
83.678,10.108,1.005,0.0,21.593,1.501,121,619994,202,15.372,-2.141,-18.402,0,0,765444096,0,4,1,ossuary
83.689,11.399,1.038,0.0,21.593,1.501,121,619994,202,15.372,-2.166,-18.446,0,0,765444096,0,4,1,ossuary
83.701,10.945,1.002,0.0,21.593,1.501,120,619544,201,15.372,-2.192,-18.489,0,0,765444096,0,4,1,ossuary
83.712,9.239,1.194,0.0,21.593,1.501,119,617074,200,15.372,-2.192,-18.489,0,0,765444096,0,4,1,ossuary
83.723,11.465,0.845,0.0,21.593,1.501,119,617074,200,15.372,-2.217,-18.532,0,0,765444096,0,4,1,ossuary
83.734,10.405,0.924,0.0,21.593,1.501,119,617074,200,15.372,-2.243,-18.575,0,0,765444096,0,4,1,ossuary
83.745,9.936,0.969,0.0,21.593,1.501,118,615922,199,15.372,-2.243,-18.575,0,0,765444096,0,4,1,ossuary
83.756,10.859,0.981,0.0,21.593,1.501,118,615922,199,15.372,-2.268,-18.618,0,0,765444096,0,4,1,ossuary
83.767,9.747,1.18,0.0,21.593,1.501,114,609807,195,15.372,-2.293,-18.661,0,0,765444096,0,4,1,ossuary
83.778,16.467,0.968,0.0,21.593,1.501,113,609795,194,15.372,-2.293,-18.661,0,0,765444096,0,4,1,ossuary
83.789,11.36,0.42,0.0,21.593,1.501,113,609795,194,15.372,-2.319,-18.705,0,0,765444096,0,4,1,ossuary
83.801,10.026,1.102,0.0,21.593,1.501,113,609795,194,15.372,-2.344,-18.748,0,0,765444096,0,4,1,ossuary
83.812,8.989,1.068,0.0,21.593,1.501,113,609795,194,15.372,-2.344,-18.748,0,0,765444096,0,4,1,ossuary
83.823,10.229,0.538,0.0,21.593,1.501,113,609795,194,15.371,-2.37,-18.791,0,0,765444096,0,4,1,ossuary
83.834,11.929,1.523,0.0,21.593,1.501,113,609795,194,15.371,-2.395,-18.834,0,0,765444096,0,4,1,ossuary
83.845,7.984,0.371,0.0,21.593,1.501,113,609795,194,15.371,-2.395,-18.834,0,0,765444096,0,4,1,ossuary
83.856,11.509,0.367,0.0,21.593,1.501,113,609795,194,15.371,-2.42,-18.877,0,0,765444096,0,4,1,ossuary
83.866,8.87,0.372,0.0,21.593,1.501,111,609280,192,15.371,-2.42,-18.877,0,0,765444096,0,4,1,ossuary
83.877,16.75,1.235,0.0,21.593,1.501,111,609280,192,15.371,-2.446,-18.92,0,0,765444096,0,4,1,ossuary
83.887,9.495,0.549,0.0,21.593,1.501,111,609280,192,15.371,-2.471,-18.964,0,0,765444096,0,4,1,ossuary
83.898,8.412,0.804,0.0,21.593,1.501,111,609280,192,15.371,-2.471,-18.964,0,0,765444096,0,4,1,ossuary
83.909,11.225,0.838,0.0,21.593,1.501,111,609280,192,15.371,-2.497,-19.007,0,0,765444096,0,4,1,ossuary
83.919,9.256,0.727,0.0,21.593,1.501,110,606681,191,15.371,-2.522,-19.05,0,0,765444096,0,4,1,ossuary
83.93,8.904,0.983,0.0,21.593,1.501,109,606537,190,15.371,-2.522,-19.05,0,0,765444096,0,4,1,ossuary
83.94,11.33,0.603,0.0,21.593,1.501,109,606537,190,15.371,-2.547,-19.093,0,0,765444096,0,4,1,ossuary
83.95,9.386,0.59,0.0,21.593,1.501,109,606537,190,15.371,-2.573,-19.136,0,0,765444096,0,4,1,ossuary
83.96,9.721,0.964,0.0,21.593,1.501,108,596857,189,15.371,-2.573,-19.136,0,0,765444096,0,4,1,ossuary
83.97,10.101,0.869,0.0,21.593,1.501,108,596857,189,15.371,-2.598,-19.179,0,0,765444096,0,4,1,ossuary
83.98,8.658,0.87,0.0,21.593,1.501,108,596857,189,15.371,-2.598,-19.179,0,0,765444096,0,4,1,ossuary
83.99,11.796,0.581,0.0,21.593,1.501,108,596857,189,15.371,-2.624,-19.222,0,0,765444096,0,4,1,ossuary
83.999,8.065,0.61,0.0,21.593,1.501,110,597157,339,15.371,-2.624,-19.222,0,0,765444096,0,4,1,ossuary
84.009,11.569,0.856,0.0,21.593,1.501,110,597157,339,15.371,-2.649,-19.266,0,0,765444096,0,4,1,ossuary
84.019,9.399,0.661,0.0,21.593,1.501,110,597157,339,15.371,-2.675,-19.309,0,0,765444096,0,4,1,ossuary
84.029,8.558,1.082,0.0,21.593,1.501,110,597157,339,15.371,-2.675,-19.309,0,0,765444096,0,4,1,ossuary
84.039,11.602,0.859,0.0,21.593,1.501,110,597157,339,15.371,-2.7,-19.352,0,0,765444096,0,4,1,ossuary
84.048,7.778,1.001,0.0,21.593,1.501,109,597013,338,15.371,-2.7,-19.352,0,0,765444096,0,4,1,ossuary
84.058,11.415,0.775,0.0,21.593,1.501,109,597013,338,15.371,-2.725,-19.395,0,0,765444096,0,4,1,ossuary
84.068,9.415,0.626,0.0,21.593,1.501,121,608150,350,15.371,-2.751,-19.438,0,0,765444096,0,4,1,ossuary
84.078,9.333,1.105,0.0,21.593,1.501,123,611370,352,15.371,-2.751,-19.438,0,0,765444096,0,4,1,ossuary
84.087,9.674,0.972,0.0,21.593,1.501,123,611370,352,15.371,-2.776,-19.481,0,0,765444096,0,4,1,ossuary
84.097,9.052,2.021,0.0,21.593,1.501,137,634853,366,15.371,-2.776,-19.481,0,0,765444096,0,4,1,ossuary
84.107,10.873,0.563,0.0,21.593,1.501,137,634853,366,15.372,-2.791,-19.524,0,0,765444096,0,4,1,ossuary
84.116,8.884,0.625,0.0,21.593,1.501,139,637037,368,15.372,-2.791,-19.524,0,0,765444096,0,4,1,ossuary
84.126,10.632,0.971,0.0,21.593,1.501,139,637037,368,15.373,-2.79,-19.569,0,0,765444096,0,4,1,ossuary
84.136,9.25,0.933,0.0,16.707,1.147,143,640973,372,15.375,-2.79,-19.613,0,0,765444096,0,4,1,ossuary
84.145,9.45,0.961,0.0,16.707,1.147,144,640975,373,15.375,-2.79,-19.613,0,0,765444096,0,4,1,ossuary
84.155,10.001,1.054,0.0,16.707,1.147,144,640975,373,15.377,-2.79,-19.658,0,0,765444096,0,4,1,ossuary
84.165,8.21,1.089,0.0,16.707,1.147,145,643445,374,15.377,-2.79,-19.658,0,0,765444096,0,4,1,ossuary
84.174,10.423,0.637,0.0,16.707,1.147,145,643445,374,15.38,-2.79,-19.703,0,0,765444096,0,4,1,ossuary
84.183,9.533,0.618,0.0,16.707,1.147,146,647675,375,15.383,-2.79,-19.747,0,0,765444096,0,4,1,ossuary
84.193,8.689,0.534,0.0,16.707,1.147,150,653017,379,15.383,-2.79,-19.747,0,0,765444096,0,4,1,ossuary
84.203,10.412,0.622,0.0,16.707,1.147,150,653017,379,15.387,-2.79,-19.792,0,0,765444096,0,4,1,ossuary
84.212,8.797,0.607,0.0,16.707,1.147,151,654057,380,15.387,-2.79,-19.792,0,0,765444096,0,4,1,ossuary
84.222,11.235,0.581,0.0,16.707,1.147,151,654057,380,15.391,-2.79,-19.836,0,0,765444096,0,4,1,ossuary
84.231,8.356,0.678,0.0,16.707,1.147,155,679189,384,15.391,-2.79,-19.836,0,0,765444096,0,4,1,ossuary
84.241,9.641,0.971,0.0,16.707,1.147,155,679189,384,15.395,-2.79,-19.88,0,0,765444096,0,4,1,ossuary
84.25,9.571,1.136,0.0,16.707,1.147,157,680413,386,15.401,-2.79,-19.925,0,0,765444096,0,4,1,ossuary
84.26,8.441,0.631,0.0,16.707,1.147,159,680463,388,15.401,-2.79,-19.925,0,0,765444096,0,4,1,ossuary
84.269,10.137,0.605,0.0,16.707,1.147,159,680463,388,15.406,-2.79,-19.969,0,0,765444096,0,4,1,ossuary
84.278,8.5,0.596,0.0,16.707,1.147,163,684727,392,15.406,-2.79,-19.969,0,0,765444096,0,4,1,ossuary
84.288,10.86,0.967,0.0,16.707,1.147,163,684727,392,15.413,-2.79,-20.013,0,0,765444096,0,4,1,ossuary
84.297,7.942,0.665,0.0,16.707,1.147,165,686819,394,15.413,-2.79,-20.013,0,0,765444096,0,4,1,ossuary
84.307,11.68,0.97,0.0,16.707,1.147,165,686819,394,15.419,-2.79,-20.057,0,0,765444096,0,4,1,ossuary
84.316,6.886,0.691,0.0,16.707,1.147,167,686823,396,15.419,-2.79,-20.057,0,0,765444096,0,4,1,ossuary
84.325,10.241,1.024,0.0,16.707,1.147,167,686823,396,15.426,-2.79,-20.101,0,0,765444096,0,4,1,ossuary
84.334,9.466,0.315,0.0,16.707,1.147,167,689513,396,15.434,-2.79,-20.145,0,0,765444096,0,4,1,ossuary
84.344,8.82,0.369,0.0,16.707,1.147,167,686823,396,15.434,-2.79,-20.145,0,0,765444096,0,4,1,ossuary
84.353,11.189,0.446,0.0,16.707,1.147,167,686823,396,15.441,-2.79,-20.183,0,0,765444096,0,4,1,ossuary
84.362,7.574,0.753,0.0,16.707,1.147,198,811288,427,15.441,-2.79,-20.183,0,0,765444096,0,4,1,ossuary
84.371,9.98,1.148,0.0,16.707,1.147,198,811288,427,15.448,-2.79,-20.215,0,0,765444096,0,4,1,ossuary
84.381,8.623,0.707,0.0,16.707,1.147,213,813886,442,15.448,-2.79,-20.215,0,0,765444096,0,4,1,ossuary
84.39,15.082,0.73,0.0,16.707,1.147,213,813886,442,15.454,-2.79,-20.242,0,0,765444096,0,4,1,ossuary
84.399,7.319,0.69,0.0,16.707,1.147,215,838600,444,15.454,-2.79,-20.242,0,0,765444096,0,4,1,ossuary
84.408,11.711,0.914,0.0,16.707,1.147,215,838600,444,15.461,-2.79,-20.265,0,0,765444096,0,4,1,ossuary
84.418,5.815,0.688,0.0,16.707,1.147,224,857356,453,15.469,-2.79,-20.284,0,0,765444096,0,4,1,ossuary
84.427,8.557,1.289,0.0,16.707,1.147,226,884082,455,15.469,-2.79,-20.284,0,0,765444096,0,4,1,ossuary
84.436,9.6,0.315,0.0,16.707,1.147,226,884082,455,15.476,-2.79,-20.3,0,0,765444096,0,4,1,ossuary
84.445,8.519,0.432,0.0,16.707,1.147,228,889546,457,15.476,-2.79,-20.3,0,0,765444096,0,4,1,ossuary
84.455,11.011,0.384,0.0,16.707,1.147,228,889546,457,15.484,-2.79,-20.313,0,0,765444096,0,4,1,ossuary
84.464,8.739,0.456,0.0,16.707,1.147,198,791012,427,15.484,-2.79,-20.313,0,0,765444096,0,4,1,ossuary
84.473,11.007,0.514,0.0,16.707,1.147,198,791012,427,15.492,-2.79,-20.323,0,0,765444096,0,4,1,ossuary
84.482,8.851,0.62,0.0,16.707,1.147,187,736330,416,15.492,-2.79,-20.323,0,0,765444096,0,4,1,ossuary
84.492,11.575,0.738,0.0,16.707,1.147,187,736330,416,15.501,-2.79,-20.33,0,0,765444096,0,4,1,ossuary
84.501,10.259,0.71,0.0,16.707,1.147,172,700966,401,15.512,-2.79,-20.335,0,0,765444096,0,4,1,ossuary
84.511,9.572,0.655,0.0,16.707,1.147,163,697092,392,15.512,-2.79,-20.335,0,0,765444096,0,4,1,ossuary
84.52,11.887,0.808,0.0,16.707,1.147,163,697092,392,15.524,-2.79,-20.336,0,0,765444096,0,4,1,ossuary
84.53,9.948,0.661,0.0,16.707,1.147,151,650156,380,15.524,-2.79,-20.336,0,0,765444096,0,4,1,ossuary
84.539,12.376,0.582,0.0,16.707,1.147,151,650156,380,15.537,-2.79,-20.334,0,0,765444096,0,4,1,ossuary
84.549,10.327,0.672,0.0,16.707,1.147,143,584416,372,15.537,-2.79,-20.334,0,0,765444096,0,4,1,ossuary
84.558,12.341,0.629,0.0,16.707,1.147,143,584416,372,15.552,-2.79,-20.329,0,0,765444096,0,4,1,ossuary
84.57,11.324,0.645,0.0,16.707,1.147,141,597848,370,15.568,-2.79,-20.32,0,0,765444096,0,4,1,ossuary
84.582,11.007,0.641,0.0,16.707,1.147,143,597930,372,15.568,-2.79,-20.32,0,0,765444096,0,4,1,ossuary
84.593,12.629,0.498,0.0,16.707,1.147,143,597930,372,15.584,-2.79,-20.308,0,0,765444096,0,4,1,ossuary
84.605,11.661,0.619,0.0,16.707,1.147,148,607052,377,15.601,-2.79,-20.292,0,0,765444096,0,4,1,ossuary
84.617,12.14,0.577,0.0,16.707,1.147,151,608842,380,15.619,-2.79,-20.274,0,0,765444096,0,4,1,ossuary
84.629,10.624,0.66,0.0,16.707,1.147,155,612536,384,15.619,-2.79,-20.274,0,0,765444096,0,4,1,ossuary
84.641,13.721,1.111,0.0,16.707,1.147,155,612536,384,15.636,-2.79,-20.253,0,0,765444096,0,4,1,ossuary
84.652,10.561,0.763,0.0,16.707,1.147,157,617117,386,15.653,-2.79,-20.229,0,0,765444096,0,4,1,ossuary
84.665,12.272,1.058,0.0,16.707,1.147,161,622650,390,15.653,-2.79,-20.229,0,0,765444096,0,4,1,ossuary
84.676,11.446,0.719,0.0,16.707,1.147,161,622650,390,15.669,-2.79,-20.202,0,0,765444096,0,4,1,ossuary
84.688,12.955,1.254,0.0,16.707,1.147,164,622610,393,15.684,-2.79,-20.173,0,0,765444096,0,4,1,ossuary
84.7,9.898,0.761,0.0,16.707,1.147,160,614218,389,15.684,-2.79,-20.173,0,0,765444096,0,4,1,ossuary
84.712,13.051,1.08,0.0,16.707,1.147,160,614218,389,15.699,-2.79,-20.142,0,0,765444096,0,4,1,ossuary
84.724,12.22,0.697,0.0,16.707,1.147,161,614220,390,15.712,-2.79,-20.109,0,0,765444096,0,4,1,ossuary
84.735,11.069,1.145,0.0,16.707,1.147,161,614220,390,15.725,-2.79,-20.075,0,0,765444096,0,4,1,ossuary
84.747,10.842,1.027,0.0,16.707,1.147,162,618333,391,15.725,-2.79,-20.075,0,0,765444096,0,4,1,ossuary
84.759,12.674,0.65,0.0,16.707,1.147,162,618333,391,15.736,-2.79,-20.039,0,0,765444096,0,4,1,ossuary
84.771,12.062,1.178,0.0,16.707,1.147,158,616815,387,15.747,-2.79,-20.002,0,0,765444096,0,4,1,ossuary
84.782,10.951,0.676,0.0,16.707,1.147,156,616811,385,15.747,-2.79,-20.002,0,0,765444096,0,4,1,ossuary
84.794,12.289,0.78,0.0,16.707,1.147,156,616811,385,15.756,-2.79,-19.964,0,0,765444096,0,4,1,ossuary
84.806,11.657,0.674,0.0,16.707,1.147,152,591552,381,15.764,-2.79,-19.925,0,0,765444096,0,4,1,ossuary
84.823,17.655,0.623,0.0,16.707,1.147,150,591372,379,15.77,-2.79,-19.885,0,0,765444096,0,4,1,ossuary
84.836,12.066,0.685,0.0,16.707,1.147,148,575920,377,15.776,-2.79,-19.844,0,0,765444096,0,4,1,ossuary
84.848,10.595,0.706,0.0,16.707,1.147,145,575754,374,15.776,-2.79,-19.844,0,0,765444096,0,4,1,ossuary
84.861,12.961,0.639,0.0,16.707,1.147,145,575754,374,15.781,-2.79,-19.803,0,0,765444096,0,4,1,ossuary
84.873,11.413,0.857,0.0,16.707,1.147,145,506906,374,15.785,-2.79,-19.761,0,0,765444096,0,4,1,ossuary
84.886,11.923,0.79,0.0,16.707,1.147,143,506746,372,15.787,-2.79,-19.719,0,0,765444096,0,4,1,ossuary
84.898,10.649,0.637,0.0,16.707,1.147,140,453978,369,15.787,-2.79,-19.719,0,0,765444096,0,4,1,ossuary
84.911,12.64,0.659,0.0,16.707,1.147,140,453978,369,15.789,-2.79,-19.676,0,0,765444096,0,4,1,ossuary
84.923,11.768,0.581,0.0,16.707,1.147,133,453854,362,15.79,-2.8,-19.633,0,0,765444096,0,4,1,ossuary
84.936,11.946,0.717,0.0,16.707,1.147,131,453830,360,15.764,-2.791,-19.61,0,0,765444096,0,4,1,ossuary
84.949,11.298,1.111,0.0,16.707,1.147,131,453830,360,15.764,-2.791,-19.61,0,0,765444096,0,4,1,ossuary
84.962,12.881,0.614,0.0,16.707,1.147,131,453830,360,15.745,-2.79,-19.58,0,0,765444096,0,4,1,ossuary
84.974,11.267,1.07,0.0,16.707,1.147,128,445358,357,15.73,-2.79,-19.547,0,0,765444096,0,4,1,ossuary
84.987,11.151,1.172,0.0,16.707,1.147,128,445358,357,15.716,-2.79,-19.513,0,0,765444096,0,4,1,ossuary
84.999,11.467,1.056,0.0,16.707,1.147,128,445358,357,15.716,-2.79,-19.513,0,0,765444096,0,4,1,ossuary
85.012,11.722,0.724,0.0,16.707,1.147,128,445358,357,15.702,-2.767,-19.482,0,0,765444096,0,4,1,ossuary
85.024,11.677,1.205,0.0,16.707,1.147,128,445358,357,15.69,-2.747,-19.45,0,0,765444096,0,4,1,ossuary
85.037,11.924,0.634,0.0,16.707,1.147,128,445358,357,15.679,-2.728,-19.416,0,0,765444096,0,4,1,ossuary
85.049,10.742,0.62,0.0,16.707,1.147,128,445358,357,15.679,-2.728,-19.416,0,0,765444096,0,4,1,ossuary
85.062,14.041,0.594,0.0,16.707,1.147,128,445358,357,15.668,-2.708,-19.382,0,0,765444096,0,4,1,ossuary
85.074,9.93,0.645,0.0,16.707,1.147,129,445534,358,15.658,-2.687,-19.347,0,0,765444096,0,4,1,ossuary
85.086,12.169,0.911,0.0,16.707,1.147,129,445534,358,15.649,-2.666,-19.311,0,0,765444096,0,4,1,ossuary
85.098,11.723,0.494,0.0,16.707,1.147,129,445534,358,15.649,-2.666,-19.311,0,0,765444096,0,4,1,ossuary
85.109,12.045,0.745,0.0,16.707,1.147,129,445534,358,15.64,-2.645,-19.275,0,0,765444096,0,4,1,ossuary
85.121,11.777,1.316,0.0,16.707,1.147,129,445534,358,15.631,-2.623,-19.239,0,0,765444096,0,4,1,ossuary
85.133,10.438,1.001,0.0,16.707,1.147,129,445534,358,15.631,-2.623,-19.239,0,0,765444096,0,4,1,ossuary
85.145,13.085,0.861,0.0,16.531,2.486,129,445534,358,15.622,-2.602,-19.202,0,0,765444096,0,4,1,ossuary
85.156,11.206,0.673,0.0,16.531,2.486,129,445534,358,15.613,-2.58,-19.165,0,0,765444096,0,4,1,ossuary
85.168,11.83,1.132,0.0,16.531,2.486,129,445534,358,15.605,-2.558,-19.128,0,0,765444096,0,4,1,ossuary
85.18,11.258,0.695,0.0,16.531,2.486,129,445534,358,15.605,-2.558,-19.128,0,0,765444096,0,4,1,ossuary
85.191,12.191,0.707,0.0,16.531,2.486,129,445534,358,15.596,-2.536,-19.091,0,0,765444096,0,4,1,ossuary
85.203,12.142,1.331,0.0,16.531,2.486,129,445534,358,15.588,-2.514,-19.053,0,0,765444096,0,4,1,ossuary
85.215,10.871,0.651,0.0,16.531,2.486,127,445234,208,15.588,-2.514,-19.053,0,0,765444096,0,4,1,ossuary
85.227,12.279,0.75,0.0,16.531,2.486,127,445234,208,15.579,-2.492,-19.016,0,0,765444096,0,4,1,ossuary
85.239,12.094,1.083,0.0,16.531,2.486,127,445234,208,15.571,-2.47,-18.978,0,0,765444096,0,4,1,ossuary
85.251,11.683,0.951,0.0,16.531,2.486,127,445234,208,15.562,-2.448,-18.94,0,0,765444096,0,4,1,ossuary
85.262,11.074,1.018,0.0,16.531,2.486,127,445234,208,15.562,-2.448,-18.94,0,0,765444096,0,4,1,ossuary
85.274,12.395,1.015,0.0,16.531,2.486,127,445234,208,15.554,-2.425,-18.903,0,0,765444096,0,4,1,ossuary
85.286,11.695,0.98,0.0,16.531,2.486,127,445234,208,15.546,-2.403,-18.865,0,0,765444096,0,4,1,ossuary
85.297,11.089,1.08,0.0,16.531,2.486,127,445234,208,15.546,-2.403,-18.865,0,0,765444096,0,4,1,ossuary
85.309,12.338,1.094,0.0,16.531,2.486,127,445234,208,15.537,-2.381,-18.827,0,0,765444096,0,4,1,ossuary
85.321,12.068,1.119,0.0,16.531,2.486,127,445234,208,15.529,-2.358,-18.789,0,0,765444096,0,4,1,ossuary
85.332,10.456,1.046,0.0,16.531,2.486,127,445234,208,15.529,-2.358,-18.789,0,0,765444096,0,4,1,ossuary
85.344,12.837,1.034,0.0,16.531,2.486,127,445234,208,15.52,-2.336,-18.751,0,0,765444096,0,4,1,ossuary
85.356,11.616,0.695,0.0,16.531,2.486,127,445234,208,15.512,-2.314,-18.713,0,0,765444096,0,4,1,ossuary
85.367,11.536,1.121,0.0,16.531,2.486,127,445234,208,15.503,-2.291,-18.675,0,0,765444096,0,4,1,ossuary
85.379,10.802,1.032,0.0,16.531,2.486,127,445234,208,15.503,-2.291,-18.675,0,0,765444096,0,4,1,ossuary
85.391,12.515,0.761,0.0,16.531,2.486,127,445234,208,15.495,-2.269,-18.637,0,0,765444096,0,4,1,ossuary
85.402,11.553,0.657,0.0,16.531,2.486,122,444721,150,15.486,-2.247,-18.599,0,0,765444096,0,4,1,ossuary
85.414,11.035,0.5,0.0,16.531,2.486,122,444721,150,15.486,-2.247,-18.599,0,0,765444096,0,4,1,ossuary
85.426,12.394,0.467,0.0,16.531,2.486,122,444721,150,15.478,-2.224,-18.561,0,0,765444096,0,4,1,ossuary
85.437,11.945,0.51,0.0,16.531,2.486,121,442122,149,15.47,-2.202,-18.523,0,0,765444096,0,4,1,ossuary
85.449,11.076,0.468,0.0,16.531,2.486,121,442122,149,15.47,-2.202,-18.523,0,0,765444096,0,4,1,ossuary
85.461,12.609,0.56,0.0,16.531,2.486,121,442122,149,15.461,-2.179,-18.485,0,0,765444096,0,4,1,ossuary
85.472,11.282,0.604,0.0,16.531,2.486,121,442122,149,15.453,-2.157,-18.447,0,0,765444096,0,4,1,ossuary
85.484,11.652,0.482,0.0,16.531,2.486,121,442122,149,15.445,-2.135,-18.409,0,0,765444096,0,4,1,ossuary
85.496,11.294,0.555,0.0,16.531,2.486,121,442122,149,15.445,-2.135,-18.409,0,0,765444096,0,4,1,ossuary
85.507,12.396,0.461,0.0,16.531,2.486,121,442122,149,15.437,-2.112,-18.371,0,0,765444096,0,4,1,ossuary
85.519,11.75,0.441,0.0,16.531,2.486,121,442122,149,15.429,-2.09,-18.333,0,0,765444096,0,4,1,ossuary
85.531,16.458,0.547,0.0,16.531,2.486,121,442122,149,15.429,-2.09,-18.333,0,0,765444096,0,4,1,ossuary
85.542,12.78,0.484,0.0,16.531,2.486,121,442122,149,15.421,-2.068,-18.295,0,0,765444096,0,4,1,ossuary
85.554,11.879,0.64,0.0,16.531,2.486,119,441770,147,15.414,-2.045,-18.257,0,0,765444096,0,4,1,ossuary
85.566,11.357,0.493,0.0,16.531,2.486,118,441073,146,15.414,-2.045,-18.257,0,0,765444096,0,4,1,ossuary
85.578,18.174,0.594,0.0,16.531,2.486,118,441073,146,15.407,-2.023,-18.219,0,0,765444096,0,4,1,ossuary
85.59,12.065,0.521,0.0,16.531,2.486,118,441073,146,15.4,-2.0,-18.181,0,0,765444096,0,4,1,ossuary
85.602,12.041,0.449,0.0,16.531,2.486,117,440965,145,15.394,-1.978,-18.143,0,0,765444096,0,4,1,ossuary
85.613,11.295,0.545,0.0,16.531,2.486,118,440977,146,15.394,-1.978,-18.143,0,0,765444096,0,4,1,ossuary
85.625,12.7,0.535,0.0,16.531,2.486,118,440977,146,15.389,-1.956,-18.105,0,0,765444096,0,4,1,ossuary
85.637,12.242,0.48,0.0,16.531,2.486,117,437641,145,15.383,-1.933,-18.067,0,0,765444096,0,4,1,ossuary
85.649,11.01,0.52,0.0,16.531,2.486,117,437641,145,15.383,-1.933,-18.067,0,0,765444096,0,4,1,ossuary
85.661,13.48,0.596,0.0,16.531,2.486,117,437641,145,15.378,-1.911,-18.029,0,0,765444096,0,4,1,ossuary
85.673,11.485,0.617,0.0,16.531,2.486,117,437641,145,15.374,-1.888,-17.99,0,0,765444096,0,4,1,ossuary
85.685,11.876,1.028,0.0,16.531,2.486,118,437663,146,15.369,-1.866,-17.952,0,0,765444096,0,4,1,ossuary
85.697,10.938,0.982,0.0,16.531,2.486,118,437663,146,15.369,-1.866,-17.952,0,0,765444096,0,4,1,ossuary
85.709,13.74,0.981,0.0,16.531,2.486,118,437663,146,15.365,-1.843,-17.914,0,0,765444096,0,4,1,ossuary
85.721,11.358,0.69,0.0,16.531,2.486,120,437687,148,15.362,-1.821,-17.876,0,0,765444096,0,4,1,ossuary
85.732,12.204,1.433,0.0,16.531,2.486,123,437879,151,15.362,-1.821,-17.876,0,0,765444096,0,4,1,ossuary
85.744,11.554,1.198,0.0,16.531,2.486,123,437879,151,15.359,-1.798,-17.837,0,0,765444096,0,4,1,ossuary
85.756,11.857,1.047,0.0,16.531,2.486,123,429315,151,15.355,-1.776,-17.799,0,0,765444096,0,4,1,ossuary
85.768,11.97,0.701,0.0,16.531,2.486,122,429313,150,15.353,-1.753,-17.761,0,0,765444096,0,4,1,ossuary
85.78,11.146,0.637,0.0,16.531,2.486,122,429313,150,15.353,-1.753,-17.761,0,0,765444096,0,4,1,ossuary
85.792,13.864,0.622,0.0,16.531,2.486,122,429313,150,15.35,-1.73,-17.722,0,0,765444096,0,4,1,ossuary
85.804,11.407,0.658,0.0,16.531,2.486,123,432769,151,15.348,-1.708,-17.684,0,0,765444096,0,4,1,ossuary
85.816,11.009,1.184,0.0,16.531,2.486,120,432589,148,15.348,-1.708,-17.684,0,0,765444096,0,4,1,ossuary
85.828,13.621,0.998,0.0,16.531,2.486,120,432589,148,15.346,-1.685,-17.645,0,0,765444096,0,4,1,ossuary
85.84,11.662,0.852,0.0,16.531,2.486,120,432589,148,15.344,-1.662,-17.607,0,0,765444096,0,4,1,ossuary
85.852,11.771,0.645,0.0,16.531,2.486,120,432589,148,15.342,-1.64,-17.568,0,0,765444096,0,4,1,ossuary
85.863,11.159,1.188,0.0,16.531,2.486,120,432589,148,15.342,-1.64,-17.568,0,0,765444096,0,4,1,ossuary
85.88,18.964,0.765,0.0,16.531,2.486,120,432589,148,15.341,-1.617,-17.53,0,0,765444096,0,4,1,ossuary
85.892,11.493,0.774,0.0,16.531,2.486,120,432589,148,15.339,-1.594,-17.491,0,0,765444096,0,4,1,ossuary
85.904,12.609,1.321,0.0,16.531,2.486,120,432589,148,15.338,-1.572,-17.453,0,0,765444096,0,4,1,ossuary
85.916,10.667,0.95,0.0,16.531,2.486,120,432589,148,15.338,-1.572,-17.453,0,0,765444096,0,4,1,ossuary
85.928,13.246,1.121,0.0,16.531,2.486,120,432589,148,15.337,-1.549,-17.414,0,0,765444096,0,4,1,ossuary
85.941,11.985,0.721,0.0,16.531,2.486,120,432589,148,15.336,-1.526,-17.376,0,0,765444096,0,4,1,ossuary
85.953,12.218,0.993,0.0,16.531,2.486,120,432589,148,15.335,-1.504,-17.337,0,0,765444096,0,4,1,ossuary
85.966,10.861,0.823,0.0,16.531,2.486,120,432589,148,15.335,-1.504,-17.337,0,0,765444096,0,4,1,ossuary
85.978,13.749,1.139,0.0,16.531,2.486,120,432589,148,15.334,-1.481,-17.299,0,0,765444096,0,4,1,ossuary
85.991,11.56,0.705,0.0,16.531,2.486,120,432589,148,15.334,-1.458,-17.26,0,0,765444096,0,4,1,ossuary
86.003,11.945,1.123,0.0,16.531,2.486,120,432589,148,15.333,-1.436,-17.222,0,0,765444096,0,4,1,ossuary
86.016,11.749,0.907,0.0,16.531,2.486,120,432589,148,15.333,-1.436,-17.222,0,0,765444096,0,4,1,ossuary
86.028,12.504,0.785,0.0,16.531,2.486,120,432589,148,15.333,-1.413,-17.183,0,0,765444096,0,4,1,ossuary
86.041,12.616,0.923,0.0,16.531,2.486,120,432589,148,15.332,-1.39,-17.145,0,0,765444096,0,4,1,ossuary
86.053,11.676,0.99,0.0,16.531,2.486,120,432589,148,15.332,-1.368,-17.106,0,0,765444096,0,4,1,ossuary
86.066,12.202,0.755,0.0,16.531,2.486,120,432589,148,15.332,-1.368,-17.106,0,0,765444096,0,4,1,ossuary
86.078,12.845,0.626,0.0,16.531,2.486,120,432589,148,15.332,-1.345,-17.068,0,0,765444096,0,4,1,ossuary
86.091,12.272,1.105,0.0,16.531,2.486,120,432589,148,15.332,-1.322,-17.029,0,0,765444096,0,4,1,ossuary
86.103,12.606,0.947,0.0,16.531,2.486,120,432589,148,15.332,-1.3,-16.991,0,0,765444096,0,4,1,ossuary
86.116,11.517,1.044,0.0,16.531,2.486,121,432765,149,15.332,-1.3,-16.991,0,0,765444096,0,4,1,ossuary
86.128,12.977,1.083,0.0,17.702,1.134,121,432765,149,15.332,-1.277,-16.952,0,0,765444096,0,4,1,ossuary
86.141,12.2,1.478,0.0,17.702,1.134,121,432765,149,15.332,-1.254,-16.913,0,0,765444096,0,4,1,ossuary
86.153,12.21,1.187,0.0,17.702,1.134,121,432765,149,15.332,-1.231,-16.875,0,0,765444096,0,4,1,ossuary
86.166,11.665,1.092,0.0,17.702,1.134,121,432765,149,15.332,-1.231,-16.875,0,0,765444096,0,4,1,ossuary
86.178,13.285,1.008,0.0,17.702,1.134,121,432765,149,15.332,-1.209,-16.836,0,0,765444096,0,4,1,ossuary
86.191,12.45,0.985,0.0,17.702,1.134,121,432765,149,15.332,-1.186,-16.798,0,0,765444096,0,4,1,ossuary
86.203,12.486,1.078,0.0,17.702,1.134,121,432765,149,15.332,-1.162,-16.76,0,0,765444096,0,4,1,ossuary
86.216,17.79,1.172,0.0,17.702,1.134,121,432765,149,15.332,-1.162,-16.76,0,0,765444096,0,4,1,ossuary
86.228,12.758,1.189,0.0,17.702,1.134,121,432765,149,15.332,-1.141,-16.721,0,0,765444096,0,4,1,ossuary
86.241,13.285,1.145,0.0,17.702,1.134,121,432765,149,15.332,-1.118,-16.682,0,0,765444096,0,4,1,ossuary
86.254,12.439,1.067,0.0,17.702,1.134,121,432765,149,15.333,-1.095,-16.644,0,0,765444096,0,4,1,ossuary
86.267,13.029,1.199,0.0,17.702,1.134,121,432765,149,15.333,-1.073,-16.605,0,0,765444096,0,4,1,ossuary
86.28,12.346,0.961,0.0,17.702,1.134,121,432765,149,15.333,-1.073,-16.605,0,0,765444096,0,4,1,ossuary
86.293,13.987,0.992,0.0,17.702,1.134,121,432765,149,15.333,-1.05,-16.567,0,0,765444096,0,4,1,ossuary
86.307,13.268,1.123,0.0,17.702,1.134,121,432765,149,15.334,-1.027,-16.528,0,0,765444096,0,4,1,ossuary
86.32,13.056,1.068,0.0,17.702,1.134,121,432765,149,15.334,-1.005,-16.49,0,0,765444096,0,4,1,ossuary
86.333,12.594,0.97,0.0,17.702,1.134,121,432765,149,15.334,-1.005,-16.49,0,0,765444096,0,4,1,ossuary
86.346,13.879,1.001,0.0,17.702,1.134,121,432765,149,15.334,-0.982,-16.451,0,0,765444096,0,4,1,ossuary
86.36,13.722,0.991,0.0,17.702,1.134,121,432765,149,15.335,-0.959,-16.412,0,0,765444096,0,4,1,ossuary
86.373,13.046,1.047,0.0,17.702,1.134,121,432765,149,15.335,-0.936,-16.374,0,0,765444096,0,4,1,ossuary
86.387,13.381,0.635,0.0,17.702,1.134,121,432765,149,15.336,-0.914,-16.335,0,0,765444096,0,4,1,ossuary
86.4,12.791,1.037,0.0,17.702,1.134,121,432765,149,15.336,-0.914,-16.335,0,0,765444096,0,4,1,ossuary
86.414,14.31,0.969,0.0,17.702,1.134,121,432765,149,15.336,-0.891,-16.297,0,0,765444096,0,4,1,ossuary
86.427,13.153,1.039,0.0,17.702,1.134,121,432765,149,15.337,-0.868,-16.258,0,0,765444096,0,4,1,ossuary
86.44,13.289,0.939,0.0,17.702,1.134,121,432765,149,15.337,-0.846,-16.22,0,0,765444096,0,4,1,ossuary
86.453,12.661,0.964,0.0,17.702,1.134,121,432765,149,15.338,-0.823,-16.181,0,0,765444096,0,4,1,ossuary
86.472,18.88,1.023,0.0,17.702,1.134,121,432765,149,15.338,-0.8,-16.143,0,0,765444096,0,4,1,ossuary
86.486,13.487,0.565,0.0,17.702,1.134,121,432765,149,15.339,-0.778,-16.104,0,0,765444096,0,4,1,ossuary
86.5,12.731,0.546,0.0,17.702,1.134,121,432765,149,15.339,-0.778,-16.104,0,0,765444096,0,4,1,ossuary
86.514,14.156,0.548,0.0,17.702,1.134,121,432765,149,15.339,-0.755,-16.066,0,0,765444096,0,4,1,ossuary
86.528,13.817,0.504,0.0,17.702,1.134,121,432765,149,15.34,-0.732,-16.027,0,0,765444096,0,4,1,ossuary
86.541,13.054,0.514,0.0,17.702,1.134,121,432765,149,15.34,-0.71,-15.988,0,0,765444096,0,4,1,ossuary
86.555,13.594,1.257,0.0,17.702,1.134,121,432765,149,15.341,-0.687,-15.95,0,0,765444096,0,4,1,ossuary
86.571,18.345,1.345,0.0,17.702,1.134,121,432765,149,15.341,-0.664,-15.911,0,0,765444096,0,4,1,ossuary
86.585,13.899,1.215,0.0,17.702,1.134,121,432765,149,15.342,-0.641,-15.873,0,0,765444096,0,4,1,ossuary
86.599,12.25,1.057,0.0,17.702,1.134,121,432765,149,15.342,-0.641,-15.873,0,0,765444096,0,4,1,ossuary
86.614,13.914,1.108,0.0,17.702,1.134,121,432765,149,15.342,-0.619,-15.834,0,0,765444096,0,4,1,ossuary
86.628,13.365,0.987,0.0,17.702,1.134,121,432765,149,15.343,-0.596,-15.796,0,0,765444096,0,4,1,ossuary
86.642,13.48,1.123,0.0,17.702,1.134,121,432765,149,15.343,-0.573,-15.757,0,0,765444096,0,4,1,ossuary
86.657,13.349,0.698,0.0,17.702,1.134,121,432765,149,15.344,-0.551,-15.719,0,0,765444096,0,4,1,ossuary
86.671,13.356,0.737,0.0,17.702,1.134,121,432765,149,15.345,-0.528,-15.68,0,0,765444096,0,4,1,ossuary
86.685,13.001,1.077,0.0,17.702,1.134,121,432765,149,15.345,-0.505,-15.642,0,0,765444096,0,4,1,ossuary
86.699,13.404,0.692,0.0,17.702,1.134,121,432765,149,15.345,-0.505,-15.642,0,0,765444096,0,4,1,ossuary
86.713,14.317,0.643,0.0,17.702,1.134,121,432765,149,15.346,-0.483,-15.603,0,0,765444096,0,4,1,ossuary
86.727,14.123,1.09,0.0,17.702,1.134,121,432765,149,15.346,-0.46,-15.564,0,0,765444096,0,4,1,ossuary
86.741,13.053,1.019,0.0,17.702,1.134,124,432921,225,15.347,-0.437,-15.526,0,0,765444096,0,4,1,ossuary
86.755,13.188,0.643,0.0,17.702,1.134,124,432921,225,15.347,-0.415,-15.487,0,0,765444096,0,4,1,ossuary
86.769,13.69,0.635,0.0,17.702,1.134,124,432921,225,15.348,-0.392,-15.449,0,0,765444096,0,4,1,ossuary
86.783,12.977,0.645,0.0,17.702,1.134,124,432921,225,15.348,-0.392,-15.449,0,0,765444096,0,4,1,ossuary
86.797,14.562,0.791,0.0,17.702,1.134,124,432921,225,15.349,-0.369,-15.41,0,0,765444096,0,4,1,ossuary
86.811,12.928,1.017,0.0,17.702,1.134,124,432921,225,15.349,-0.346,-15.372,0,0,765444096,0,4,1,ossuary
86.824,13.64,1.092,0.0,17.702,1.134,124,432921,225,15.35,-0.324,-15.333,0,0,765444096,0,4,1,ossuary
86.838,13.409,0.993,0.0,17.702,1.134,124,432921,225,15.35,-0.301,-15.295,0,0,765444096,0,4,1,ossuary
86.852,13.896,1.286,0.0,17.702,1.134,124,432921,225,15.351,-0.278,-15.256,0,0,765444096,0,4,1,ossuary
86.866,12.586,0.726,0.0,17.702,1.134,122,432689,223,15.351,-0.278,-15.256,0,0,765444096,0,4,1,ossuary
86.88,14.359,0.933,0.0,17.702,1.134,122,432689,223,15.351,-0.256,-15.218,0,0,765444096,0,4,1,ossuary
86.894,13.537,1.098,0.0,17.702,1.134,122,432689,223,15.352,-0.233,-15.179,0,0,765444096,0,4,1,ossuary
86.908,13.696,0.972,0.0,17.702,1.134,122,432689,223,15.353,-0.21,-15.14,0,0,765444096,0,4,1,ossuary
86.922,80.169,1.161,0.0,17.702,1.134,121,370913,222,15.353,-0.188,-15.102,0,0,765444096,0,5,1,skull
86.983,3.26,1.185,0.0,17.702,1.134,168,501759,370,15.355,-0.119,-14.986,0,0,769736704,0,5,1,skull
87.032,45.869,0.524,0.0,17.702,1.134,168,501759,370,15.356,-0.051,-14.871,0,0,769736704,0,5,1,skull
87.05,13.433,0.383,0.0,17.702,1.134,168,501759,370,15.358,-0.006,-14.794,0,0,769736704,0,5,1,skull
87.068,13.577,0.422,0.0,17.702,1.134,168,501759,370,15.358,0.017,-14.755,0,0,769736704,0,5,1,skull
87.074,13.923,0.352,0.0,17.702,1.134,168,501759,370,15.358,0.017,-14.755,0,0,769736704,0,5,1,skull
87.091,14.627,0.357,0.0,17.702,1.134,168,501759,370,15.359,0.039,-14.716,0,0,769736704,0,5,1,skull
87.108,14.423,0.394,0.0,17.702,1.134,168,501759,370,15.359,0.062,-14.678,0,0,769736704,0,5,1,skull
87.124,14.439,0.328,0.0,17.702,1.134,168,501759,370,15.36,0.085,-14.639,0,0,769736704,0,5,1,skull
87.141,14.668,0.421,0.0,44.501,62.03,168,501759,370,15.36,0.107,-14.601,0,0,769736704,0,5,1,skull
87.155,14.641,0.401,0.0,44.501,62.03,168,501759,370,15.361,0.13,-14.562,0,0,769736704,0,5,1,skull
87.17,14.644,0.408,0.0,44.501,62.03,168,501759,370,15.361,0.153,-14.524,0,0,769736704,0,5,1,skull
87.184,14.701,0.417,0.0,44.501,62.03,168,501759,370,15.362,0.176,-14.485,0,0,769736704,0,5,1,skull
87.199,14.383,0.423,0.0,44.501,62.03,168,501759,370,15.362,0.176,-14.485,0,0,769736704,0,5,1,skull
87.214,15.57,0.418,0.0,44.501,62.03,168,501759,370,15.362,0.198,-14.447,0,0,769736704,0,5,1,skull
87.228,15.179,0.422,0.0,44.501,62.03,168,501759,370,15.363,0.221,-14.408,0,0,769736704,0,5,1,skull
87.243,20.542,0.565,0.0,44.501,62.03,168,501759,370,15.363,0.244,-14.37,0,0,769736704,0,5,1,skull
87.257,15.326,0.52,0.0,44.501,62.03,168,501759,370,15.364,0.266,-14.331,0,0,769736704,0,5,1,skull
87.272,20.756,0.576,0.0,44.501,62.03,168,501759,370,15.364,0.289,-14.292,0,0,769736704,0,5,1,skull
87.287,15.433,0.491,0.0,44.501,62.03,168,501759,370,15.365,0.312,-14.254,0,0,769736704,0,5,1,skull
87.302,15.168,0.663,0.0,44.501,62.03,168,501759,370,15.365,0.333,-14.214,0,0,769736704,0,5,1,skull
87.317,15.209,0.602,0.0,44.501,62.03,168,501759,370,15.366,0.342,-14.172,0,0,769736704,0,5,1,skull
87.331,14.609,0.553,0.0,44.501,62.03,165,497209,367,15.366,0.342,-14.172,0,0,769736704,0,5,1,skull
87.346,17.166,0.571,0.0,44.501,62.03,165,497209,367,15.366,0.355,-14.129,0,0,769736704,0,5,1,skull
87.362,14.804,0.76,0.0,44.501,62.03,165,497209,367,15.367,0.351,-14.084,0,0,769736704,0,5,1,skull
87.377,16.418,1.106,0.0,44.501,62.03,165,497209,367,15.367,0.347,-14.039,0,0,769736704,0,5,1,skull
87.393,14.821,0.668,0.0,44.501,62.03,165,497209,367,15.367,0.358,-13.994,0,0,769736704,0,5,1,skull
87.408,15.432,0.995,0.0,44.501,62.03,164,495141,366,15.368,0.36,-13.949,0,0,769736704,0,5,1,skull
87.423,15.344,1.151,0.0,44.501,62.03,161,484453,363,15.368,0.36,-13.904,0,0,769736704,0,5,1,skull
87.438,15.144,1.07,0.0,44.501,62.03,159,482333,361,15.369,0.36,-13.859,0,0,769736704,0,5,1,skull
87.454,15.365,1.231,0.0,44.501,62.03,157,482309,359,15.369,0.36,-13.814,0,0,769736704,0,5,1,skull
87.469,15.367,1.06,0.0,44.501,62.03,157,482309,359,15.369,0.36,-13.769,0,0,769736704,0,5,1,skull
87.484,15.227,1.028,0.0,44.501,62.03,158,482311,360,15.37,0.36,-13.724,0,0,769736704,0,5,1,skull
87.5,14.471,0.701,0.0,44.501,62.03,158,482311,360,15.37,0.36,-13.724,0,0,769736704,0,5,1,skull
87.515,16.016,0.676,0.0,44.501,62.03,158,482311,360,15.37,0.36,-13.679,0,0,769736704,0,5,1,skull
87.531,15.396,0.604,0.0,44.501,62.03,158,482311,360,15.37,0.36,-13.634,0,0,769736704,0,5,1,skull
87.546,15.312,0.672,0.0,44.501,62.03,156,482287,358,15.37,0.36,-13.589,0,0,769736704,0,5,1,skull
87.561,15.408,0.539,0.0,44.501,62.03,157,484355,359,15.371,0.36,-13.545,0,0,769736704,0,5,1,skull
87.582,21.199,0.658,0.0,44.501,62.03,157,484355,359,15.371,0.36,-13.5,0,0,769736704,0,5,1,skull
87.598,16.249,0.748,0.0,44.501,62.03,157,484355,359,15.371,0.36,-13.455,0,0,769736704,0,5,1,skull
87.613,14.44,0.654,0.0,44.501,62.03,157,484355,359,15.371,0.36,-13.41,0,0,769736704,0,5,1,skull
87.628,15.584,1.126,0.0,44.501,62.03,157,484355,359,15.371,0.36,-13.365,0,0,769736704,0,5,1,skull
87.644,15.021,1.145,0.0,44.501,62.03,155,483743,357,15.371,0.36,-13.32,0,0,769736704,0,5,1,skull
87.659,15.073,1.356,0.0,44.501,62.03,155,483743,357,15.372,0.36,-13.275,0,0,769736704,0,5,1,skull
87.674,15.48,1.169,0.0,44.501,62.03,155,483743,357,15.372,0.36,-13.23,0,0,769736704,0,5,1,skull
87.691,15.106,1.23,0.0,44.501,62.03,155,483743,357,15.372,0.36,-13.185,0,0,769736704,0,5,1,skull
87.707,15.648,1.344,0.0,44.501,62.03,153,482994,355,15.372,0.36,-13.14,0,0,769736704,0,5,1,skull
87.724,14.818,1.345,0.0,44.501,62.03,153,482994,355,15.372,0.36,-13.095,0,0,769736704,0,5,1,skull
87.741,15.258,1.14,0.0,44.501,62.03,152,482530,354,15.372,0.36,-13.05,0,0,769736704,0,5,1,skull
87.757,15.251,1.135,0.0,44.501,62.03,151,482528,353,15.372,0.36,-13.005,0,0,769736704,0,5,1,skull
87.774,15.449,1.111,0.0,44.501,62.03,148,482400,350,15.372,0.36,-12.96,0,0,769736704,0,5,1,skull
87.789,14.647,0.99,0.0,44.501,62.03,146,482352,348,15.372,0.36,-12.915,0,0,769736704,0,5,1,skull
87.804,15.325,0.752,0.0,44.501,62.03,146,482352,348,15.372,0.36,-12.87,0,0,769736704,0,5,1,skull
87.82,15.9,0.602,0.0,44.501,62.03,139,470477,341,15.372,0.36,-12.825,0,0,769736704,0,5,1,skull
87.835,14.847,0.743,0.0,44.501,62.03,139,470477,341,15.372,0.36,-12.78,0,0,769736704,0,5,1,skull
87.85,15.508,0.893,0.0,44.501,62.03,138,470027,340,15.372,0.36,-12.735,0,0,769736704,0,5,1,skull
87.865,14.814,0.815,0.0,44.501,62.03,138,470027,340,15.372,0.36,-12.735,0,0,769736704,0,5,1,skull
87.881,15.765,1.015,0.0,44.501,62.03,138,470027,340,15.372,0.36,-12.69,0,0,769736704,0,5,1,skull
87.896,14.945,1.046,0.0,44.501,62.03,138,470027,340,15.372,0.36,-12.645,0,0,769736704,0,5,1,skull
87.911,15.084,1.126,0.0,44.501,62.03,138,470027,340,15.372,0.36,-12.6,0,0,769736704,0,5,1,skull
87.927,15.722,1.083,0.0,44.501,62.03,135,469871,264,15.372,0.36,-12.555,0,0,769736704,0,5,1,skull
87.942,14.397,0.902,0.0,44.501,62.03,132,465878,261,15.372,0.36,-12.51,0,0,769736704,0,5,1,skull
87.957,14.76,0.774,0.0,44.501,62.03,132,465878,261,15.372,0.36,-12.465,0,0,769736704,0,5,1,skull
87.972,15.047,0.923,0.0,44.501,62.03,132,465878,261,15.372,0.36,-12.422,0,0,769736704,0,5,1,skull
87.988,15.162,1.155,0.0,44.501,62.03,129,472986,258,15.373,0.36,-12.38,0,0,769736704,0,5,1,skull
88.003,15.233,0.925,0.0,44.501,62.03,129,534760,258,15.376,0.36,-12.34,0,0,769736704,0,5,1,skull
88.018,14.442,1.019,0.0,44.501,62.03,130,543336,259,15.379,0.36,-12.3,0,0,769736704,0,5,1,skull
88.034,15.349,1.136,0.0,44.501,62.03,136,605386,265,15.384,0.36,-12.26,0,0,769736704,0,5,1,skull
88.049,15.457,0.752,0.0,44.501,62.03,139,608726,268,15.384,0.36,-12.26,0,0,769736704,0,5,1,skull
88.064,30.31,0.763,0.0,44.501,62.03,139,608726,268,15.391,0.36,-12.221,0,0,769736704,0,6,1,church
88.081,3.621,1.369,0.0,44.501,62.03,178,671436,253,15.399,0.36,-12.183,0,0,770048000,0,6,1,church
88.096,14.327,1.155,0.0,44.501,62.03,183,672956,258,15.41,0.36,-12.144,0,0,770048000,0,6,1,church
88.111,13.934,0.485,0.0,44.501,62.03,184,672958,259,15.422,0.36,-12.105,0,0,770048000,0,6,1,church
88.127,13.601,0.55,0.0,44.501,62.03,187,673030,262,15.436,0.36,-12.067,0,0,770048000,0,6,1,church
88.142,13.836,0.526,0.0,20.217,16.875,188,674806,263,15.451,0.36,-12.029,0,0,770048000,0,6,1,church
88.157,14.12,0.591,0.0,20.217,16.875,189,674830,264,15.468,0.36,-11.992,0,0,770048000,0,6,1,church
88.172,13.392,0.498,0.0,20.217,16.875,191,682698,266,15.487,0.36,-11.954,0,0,770048000,0,6,1,church
88.188,21.011,0.552,0.0,20.217,16.875,186,682380,261,15.506,0.36,-11.917,0,0,770048000,0,6,1,church
88.203,15.3,0.511,0.0,20.217,16.875,186,682620,261,15.527,0.36,-11.88,0,0,770048000,0,6,1,church
88.218,15.483,0.595,0.0,20.217,16.875,182,682294,257,15.549,0.36,-11.844,0,0,770048000,0,6,1,church
88.233,15.03,0.552,0.0,20.217,16.875,179,682134,254,15.549,0.36,-11.844,0,0,770048000,0,6,1,church
88.249,16.142,0.56,0.0,20.217,16.875,179,682134,254,15.572,0.36,-11.808,0,0,770048000,0,6,1,church
88.264,15.478,0.552,0.0,20.217,16.875,177,682074,252,15.596,0.36,-11.772,0,0,770048000,0,6,1,church
88.279,16.366,0.676,0.0,20.217,16.875,177,682074,252,15.621,0.36,-11.736,0,0,770048000,0,6,1,church
88.294,14.607,1.11,0.0,20.217,16.875,175,682028,250,15.647,0.36,-11.701,0,0,770048000,0,6,1,church
88.31,15.623,1.2,0.0,20.217,16.875,175,681984,250,15.674,0.36,-11.667,0,0,770048000,0,6,1,church
88.325,15.013,1.008,0.0,20.217,16.875,174,681982,249,15.701,0.36,-11.632,0,0,770048000,0,6,1,church
88.34,15.524,1.154,0.0,20.217,16.875,174,682544,249,15.729,0.36,-11.598,0,0,770048000,0,6,1,church
88.356,15.492,1.071,0.0,20.217,16.875,174,682544,249,15.757,0.36,-11.565,0,0,770048000,0,6,1,church
88.371,15.454,1.219,0.0,20.217,16.875,173,682520,248,15.786,0.36,-11.531,0,0,770048000,0,6,1,church
88.386,15.286,1.07,0.0,20.217,16.875,173,682520,248,15.816,0.36,-11.498,0,0,770048000,0,6,1,church
88.401,15.046,0.7,0.0,20.217,16.875,175,682564,250,15.846,0.36,-11.465,0,0,770048000,0,6,1,church
88.417,16.404,0.631,0.0,20.217,16.875,175,682564,250,15.876,0.36,-11.433,0,0,770048000,0,6,1,church
88.432,13.636,0.887,0.0,20.217,16.875,175,682564,250,15.876,0.36,-11.433,0,0,770048000,0,6,1,church
88.447,16.783,1.037,0.0,20.217,16.875,175,682564,250,15.906,0.36,-11.4,0,0,770048000,0,6,1,church
88.463,15.073,0.807,0.0,20.217,16.875,174,679872,249,15.937,0.36,-11.368,0,0,770048000,0,6,1,church
88.478,15.143,1.31,0.0,20.217,16.875,174,680150,249,15.969,0.36,-11.336,0,0,770048000,0,6,1,church
88.493,15.317,1.114,0.0,20.217,16.875,174,680150,249,16.0,0.36,-11.304,0,0,770048000,0,6,1,church
88.509,14.735,1.414,0.0,20.217,16.875,174,680150,249,16.032,0.36,-11.273,0,0,770048000,0,6,1,church
88.524,15.147,1.03,0.0,20.217,16.875,174,680150,249,16.064,0.36,-11.242,0,0,770048000,0,6,1,church
88.539,15.015,0.474,0.0,20.217,16.875,174,680150,249,16.096,0.36,-11.21,0,0,770048000,0,6,1,church
88.554,15.082,0.596,0.0,20.217,16.875,174,680150,249,16.129,0.36,-11.179,0,0,770048000,0,6,1,church
88.57,15.127,0.511,0.0,20.217,16.875,174,680150,249,16.161,0.36,-11.148,0,0,770048000,0,6,1,church
88.586,20.517,0.687,0.0,20.217,16.875,173,677458,248,16.194,0.36,-11.118,0,0,770048000,0,6,1,church
88.603,15.23,0.623,0.0,20.217,16.875,173,677458,248,16.227,0.36,-11.087,0,0,770048000,0,6,1,church
88.619,15.473,0.535,0.0,20.217,16.875,173,677458,248,16.26,0.36,-11.057,0,0,770048000,0,6,1,church
88.635,15.108,0.575,0.0,20.217,16.875,173,677458,248,16.293,0.36,-11.026,0,0,770048000,0,6,1,church
88.65,14.03,0.663,0.0,20.217,16.875,173,677458,248,16.293,0.36,-11.026,0,0,770048000,0,6,1,church
88.665,16.208,0.67,0.0,20.217,16.875,173,677458,248,16.326,0.36,-10.996,0,0,770048000,0,6,1,church
88.68,15.007,0.808,0.0,20.217,16.875,173,677458,248,16.359,0.36,-10.966,0,0,770048000,0,6,1,church
88.696,15.512,0.716,0.0,20.217,16.875,173,677458,248,16.393,0.36,-10.936,0,0,770048000,0,6,1,church
88.711,13.829,1.082,0.0,20.217,16.875,173,677458,248,16.426,0.36,-10.905,0,0,770048000,0,6,1,church
88.726,15.126,0.772,0.0,20.217,16.875,173,677458,248,16.46,0.36,-10.875,0,0,770048000,0,6,1,church
88.742,15.044,1.095,0.0,20.217,16.875,173,677458,248,16.493,0.36,-10.846,0,0,770048000,0,6,1,church
88.757,13.977,1.293,0.0,20.217,16.875,173,677458,248,16.527,0.36,-10.816,0,0,770048000,0,6,1,church
88.772,15.829,1.166,0.0,20.217,16.875,173,677458,248,16.56,0.36,-10.786,0,0,770048000,0,6,1,church
88.787,13.522,0.722,0.0,20.217,16.875,173,677458,248,16.594,0.36,-10.756,0,0,770048000,0,6,1,church
88.803,14.01,0.763,0.0,20.217,16.875,172,677178,247,16.628,0.36,-10.726,0,0,770048000,0,6,1,church
88.818,15.341,1.083,0.0,20.217,16.875,172,677178,247,16.662,0.36,-10.697,0,0,770048000,0,6,1,church
88.833,13.49,0.814,0.0,20.217,16.875,172,677178,247,16.662,0.36,-10.697,0,0,770048000,0,6,1,church
88.848,14.988,1.339,0.0,20.217,16.875,172,677178,247,16.696,0.36,-10.667,0,0,770048000,0,6,1,church
88.863,14.179,1.537,0.0,20.217,16.875,172,677178,247,16.73,0.36,-10.638,0,0,770048000,0,6,1,church
88.877,14.39,1.173,0.0,20.217,16.875,172,677178,247,16.764,0.36,-10.608,0,0,770048000,0,6,1,church
88.891,14.068,0.83,0.0,20.217,16.875,172,677178,247,16.798,0.36,-10.579,0,0,770048000,0,6,1,church
88.905,14.337,0.99,0.0,20.217,16.875,172,677178,247,16.832,0.36,-10.549,0,0,770048000,0,6,1,church
88.919,13.923,1.048,0.0,20.217,16.875,172,677178,247,16.866,0.36,-10.52,0,0,770048000,0,6,1,church
88.935,19.205,1.014,0.0,20.217,16.875,172,677178,247,16.9,0.36,-10.49,0,0,770048000,0,6,1,church
88.95,14.388,0.652,0.0,20.217,16.875,172,677178,247,16.934,0.36,-10.461,0,0,770048000,0,6,1,church
88.967,14.158,0.46,0.0,20.217,16.875,172,677178,247,16.968,0.36,-10.431,0,0,770048000,0,6,1,church
88.981,13.407,0.551,0.0,20.217,16.875,172,677178,247,16.968,0.36,-10.431,0,0,770048000,0,6,1,church
88.995,14.777,0.48,0.0,20.217,16.875,172,677178,247,17.002,0.36,-10.402,0,0,770048000,0,6,1,church
89.01,14.379,0.522,0.0,20.217,16.875,171,677098,246,17.036,0.36,-10.373,0,0,770048000,0,6,1,church
89.025,20.256,0.599,0.0,20.217,16.875,172,677100,247,17.07,0.36,-10.343,0,0,770048000,0,6,1,church
89.04,20.657,0.647,0.0,20.217,16.875,172,677100,247,17.104,0.36,-10.314,0,0,770048000,0,6,1,church
89.055,14.23,0.526,0.0,20.217,16.875,172,677100,247,17.138,0.36,-10.285,0,0,770048000,0,6,1,church
89.07,13.975,0.612,0.0,20.217,16.875,172,677100,247,17.173,0.36,-10.256,0,0,770048000,0,6,1,church
89.085,14.436,0.589,0.0,20.217,16.875,173,677102,248,17.207,0.36,-10.226,0,0,770048000,0,6,1,church
89.1,14.776,0.683,0.0,20.217,16.875,173,677102,248,17.241,0.36,-10.197,0,0,770048000,0,6,1,church
89.117,13.462,1.104,0.0,20.217,16.875,173,677102,248,17.275,0.36,-10.168,0,0,770048000,0,6,1,church
89.132,13.396,1.184,0.0,20.217,16.875,173,677102,248,17.275,0.36,-10.168,0,0,770048000,0,6,1,church
89.147,13.973,1.208,0.0,20.109,1.035,173,677102,248,17.309,0.36,-10.139,0,0,770048000,0,6,1,church
89.162,14.467,0.98,0.0,20.109,1.035,173,677102,248,17.343,0.36,-10.109,0,0,770048000,0,6,1,church
89.177,14.089,0.756,0.0,20.109,1.035,173,677102,248,17.378,0.36,-10.08,0,0,770048000,0,6,1,church
89.191,13.936,1.105,0.0,20.109,1.035,174,677138,249,17.409,0.388,-10.063,0,0,770048000,0,6,1,church
89.205,14.187,1.135,0.0,20.109,1.035,174,677138,249,17.443,0.408,-10.041,0,0,770048000,0,6,1,church
89.219,13.688,1.305,0.0,20.109,1.035,174,677138,249,17.478,0.425,-10.018,0,0,770048000,0,6,1,church
89.233,13.334,1.243,0.0,20.109,1.035,174,677138,249,17.478,0.425,-10.018,0,0,770048000,0,6,1,church
89.247,15.107,1.069,0.0,20.109,1.035,174,677138,249,17.504,0.426,-10.024,0,0,770048000,0,6,1,church
89.261,13.37,1.101,0.0,20.109,1.035,174,677138,249,17.532,0.43,-10.025,0,0,770048000,0,6,1,church
89.275,14.033,0.907,0.0,20.109,1.035,174,677138,249,17.562,0.433,-10.02,0,0,770048000,0,6,1,church
89.289,14.246,0.638,0.0,20.109,1.035,174,677138,249,17.592,0.435,-10.011,0,0,770048000,0,6,1,church
89.303,13.97,0.546,0.0,20.109,1.035,174,677138,249,17.624,0.437,-9.999,0,0,770048000,0,6,1,church
89.318,14.205,0.536,0.0,20.109,1.035,174,677138,249,17.657,0.437,-9.99,0,0,770048000,0,6,1,church
89.332,13.618,0.499,0.0,20.109,1.035,174,677138,249,17.657,0.437,-9.99,0,0,770048000,0,6,1,church
89.346,15.051,0.515,0.0,20.109,1.035,174,677138,249,17.691,0.437,-9.977,0,0,770048000,0,6,1,church
89.36,14.648,0.575,0.0,20.109,1.035,174,677138,249,17.726,0.438,-9.968,0,0,770048000,0,6,1,church
89.375,14.355,0.633,0.0,20.109,1.035,174,677138,249,17.761,0.438,-9.955,0,0,770048000,0,6,1,church
89.389,14.546,0.618,0.0,20.109,1.035,174,677138,249,17.798,0.44,-9.947,0,0,770048000,0,6,1,church
89.403,14.006,0.626,0.0,20.109,1.035,174,677138,249,17.835,0.44,-9.937,0,0,770048000,0,6,1,church
89.418,14.606,0.772,0.0,20.109,1.035,174,677138,249,17.872,0.44,-9.924,0,0,770048000,0,6,1,church
89.432,13.765,0.694,0.0,20.109,1.035,174,677138,249,17.872,0.44,-9.924,0,0,770048000,0,6,1,church
89.446,15.938,0.629,0.0,20.109,1.035,174,677138,249,17.91,0.441,-9.916,0,0,770048000,0,6,1,church
89.46,14.552,0.764,0.0,20.109,1.035,174,677138,249,17.947,0.442,-9.903,0,0,770048000,0,6,1,church
89.475,14.85,1.089,0.0,20.109,1.035,174,677138,249,17.983,0.431,-9.886,0,0,770048000,0,6,1,church
89.489,14.68,1.171,0.0,20.109,1.035,170,677130,245,18.021,0.425,-9.87,0,0,770048000,0,6,1,church
89.503,14.258,1.115,0.0,20.109,1.035,169,677106,244,18.059,0.427,-9.852,0,0,770048000,0,6,1,church
89.518,21.732,1.096,0.0,20.109,1.035,169,677106,244,18.094,0.413,-9.829,0,0,770048000,0,6,1,church
89.533,13.854,0.476,0.0,20.109,1.035,169,677106,244,18.131,0.407,-9.808,0,0,770048000,0,6,1,church
89.548,13.845,1.145,0.0,20.109,1.035,169,677106,244,18.131,0.407,-9.808,0,0,770048000,0,6,1,church
89.562,15.467,0.479,0.0,20.109,1.035,169,677106,244,18.168,0.401,-9.786,0,0,770048000,0,6,1,church
89.577,15.052,0.588,0.0,20.109,1.035,169,677106,244,18.205,0.395,-9.763,0,0,770048000,0,6,1,church
89.592,15.176,0.44,0.0,20.109,1.035,169,677106,244,18.242,0.389,-9.739,0,0,770048000,0,6,1,church
89.606,14.681,0.535,0.0,20.109,1.035,169,677106,244,18.279,0.381,-9.715,0,0,770048000,0,6,1,church
89.621,15.509,0.635,0.0,20.109,1.035,169,677106,244,18.316,0.373,-9.69,0,0,770048000,0,6,1,church
89.635,15.569,0.504,0.0,20.109,1.035,169,677106,244,18.354,0.366,-9.666,0,0,770048000,0,6,1,church
89.65,14.971,0.639,0.0,20.109,1.035,169,677106,244,18.391,0.35,-9.64,0,0,770048000,0,6,1,church
89.665,14.026,1.114,0.0,20.109,1.035,169,677106,244,18.391,0.35,-9.64,0,0,770048000,0,6,1,church
89.679,16.086,0.802,0.0,20.109,1.035,169,677106,244,18.427,0.36,-9.612,0,0,770048000,0,6,1,church
89.694,15.21,1.093,0.0,20.109,1.035,169,677106,244,18.46,0.36,-9.582,0,0,770048000,0,6,1,church
89.708,14.008,1.466,0.0,20.109,1.035,169,677106,244,18.492,0.36,-9.552,0,0,770048000,0,6,1,church
89.725,21.518,1.133,0.0,20.109,1.035,170,677108,245,18.525,0.36,-9.522,0,0,770048000,0,6,1,church
89.74,14.149,0.94,0.0,20.109,1.035,170,677108,245,18.558,0.36,-9.491,0,0,770048000,0,6,1,church
89.755,15.218,1.033,0.0,20.109,1.035,170,677108,245,18.59,0.36,-9.46,0,0,770048000,0,6,1,church
89.771,14.806,1.134,0.0,20.109,1.035,170,699988,245,18.623,0.36,-9.43,0,0,770048000,0,6,1,church
89.785,14.626,1.221,0.0,20.109,1.035,170,699988,245,18.655,0.36,-9.398,0,0,770048000,0,6,1,church
89.807,22.137,0.831,0.0,20.109,1.035,169,699940,244,18.687,0.36,-9.367,0,0,770048000,0,6,1,church
89.822,15.157,0.536,0.0,20.109,1.035,168,699930,243,18.719,0.36,-9.336,0,0,770048000,0,6,1,church
89.838,15.648,1.036,0.0,20.109,1.035,168,699930,243,18.751,0.36,-9.305,0,0,770048000,0,6,1,church
89.855,14.495,1.111,0.0,20.109,1.035,168,699930,243,18.784,0.36,-9.273,0,0,770048000,0,6,1,church
89.871,15.941,1.14,0.0,20.109,1.035,168,699930,243,18.816,0.36,-9.242,0,0,770048000,0,6,1,church
89.888,14.632,1.13,0.0,20.109,1.035,168,699930,243,18.847,0.36,-9.21,0,0,770048000,0,6,1,church
89.905,15.122,1.366,0.0,20.109,1.035,168,699930,243,18.879,0.36,-9.178,0,0,770048000,0,6,1,church
89.921,15.18,1.269,0.0,20.109,1.035,168,699930,243,18.911,0.36,-9.147,0,0,770048000,0,6,1,church
89.937,16.208,0.994,0.0,20.109,1.035,169,700010,244,18.943,0.36,-9.115,0,0,770048000,0,6,1,church
89.953,14.704,1.117,0.0,20.109,1.035,169,700010,244,18.975,0.36,-9.083,0,0,770048000,0,6,1,church
89.968,15.738,1.367,0.0,20.109,1.035,169,700010,244,19.007,0.36,-9.051,0,0,770048000,0,6,1,church
89.984,15.201,1.123,0.0,20.109,1.035,168,699890,243,19.038,0.36,-9.019,0,0,770048000,0,6,1,church
89.999,15.012,1.058,0.0,20.109,1.035,169,703754,244,19.038,0.36,-9.019,0,0,770048000,0,6,1,church
90.014,16.194,1.053,0.0,20.109,1.035,169,703754,244,19.07,0.36,-8.987,0,0,770048000,0,6,1,church
90.03,15.099,1.143,0.0,20.109,1.035,169,703754,244,19.102,0.36,-8.955,0,0,770048000,0,6,1,church
90.045,16.029,1.406,0.0,20.109,1.035,170,703756,245,19.133,0.36,-8.923,0,0,770048000,0,6,1,church
90.062,16.539,1.576,0.0,20.109,1.035,170,703756,245,19.165,0.36,-8.891,0,0,770048000,0,6,1,church
90.077,13.549,1.347,0.0,20.109,1.035,170,703756,245,19.196,0.36,-8.859,0,0,770048000,0,6,1,church
90.093,16.305,1.312,0.0,20.109,1.035,170,703756,245,19.228,0.36,-8.827,0,0,770048000,0,6,1,church
90.108,16.433,0.436,0.0,20.109,1.035,170,703756,245,19.26,0.36,-8.795,0,0,770048000,0,6,1,church
90.124,15.574,0.578,0.0,20.109,1.035,170,703756,245,19.291,0.36,-8.763,0,0,770048000,0,6,1,church
90.141,21.823,1.51,0.0,21.115,1.247,170,703756,245,19.323,0.36,-8.731,0,0,770048000,0,6,1,church
90.158,15.794,0.843,0.0,21.115,1.247,170,703756,245,19.354,0.36,-8.699,0,0,770048000,0,6,1,church
90.174,15.418,1.017,0.0,21.115,1.247,170,703756,245,19.386,0.36,-8.667,0,0,770048000,0,6,1,church
90.191,16.051,1.306,0.0,21.115,1.247,170,703712,245,19.417,0.36,-8.635,0,0,770048000,0,6,1,church
90.208,16.151,1.115,0.0,21.115,1.247,170,703712,245,19.449,0.36,-8.602,0,0,770048000,0,6,1,church
90.224,15.123,1.21,0.0,21.115,1.247,170,703712,245,19.48,0.36,-8.57,0,0,770048000,0,6,1,church
90.241,15.939,1.08,0.0,21.115,1.247,170,703712,245,19.511,0.36,-8.538,0,0,770048000,0,6,1,church
90.256,16.329,1.1,0.0,21.115,1.247,171,703784,246,19.543,0.36,-8.506,0,0,770048000,0,6,1,church
90.272,15.616,1.198,0.0,21.115,1.247,171,703784,246,19.574,0.36,-8.473,0,0,770048000,0,6,1,church
90.288,15.299,1.068,0.0,21.115,1.247,170,703504,245,19.606,0.36,-8.441,0,0,770048000,0,6,1,church
90.303,15.555,0.877,0.0,21.115,1.247,169,703432,244,19.637,0.36,-8.409,0,0,770048000,0,6,1,church
90.319,16.042,1.05,0.0,21.115,1.247,168,701340,243,19.668,0.36,-8.377,0,0,770048000,0,6,1,church
90.335,15.643,1.06,0.0,21.115,1.247,168,701340,243,19.7,0.36,-8.344,0,0,770048000,0,6,1,church
90.351,15.596,1.145,0.0,21.115,1.247,167,701304,242,19.731,0.36,-8.312,0,0,770048000,0,6,1,church
90.366,15.909,1.439,0.0,21.115,1.247,167,701304,242,19.731,0.36,-8.312,0,0,770048000,0,6,1,church
90.382,15.387,1.131,0.0,21.115,1.247,167,701304,242,19.762,0.36,-8.28,0,0,770048000,0,6,1,church
90.398,15.55,1.969,0.0,21.115,1.247,167,701304,242,19.794,0.36,-8.248,0,0,770048000,0,6,1,church
90.413,15.74,0.646,0.0,21.115,1.247,167,701304,242,19.825,0.36,-8.215,0,0,770048000,0,6,1,church
90.429,16.045,0.775,0.0,21.115,1.247,167,701304,242,19.856,0.36,-8.183,0,0,770048000,0,6,1,church
90.445,15.946,0.675,0.0,21.115,1.247,167,701304,242,19.888,0.36,-8.151,0,0,770048000,0,6,1,church
90.46,15.156,0.988,0.0,21.115,1.247,167,701304,242,19.919,0.36,-8.118,0,0,770048000,0,6,1,church
90.476,15.781,1.352,0.0,21.115,1.247,167,701304,242,19.95,0.36,-8.086,0,0,770048000,0,6,1,church
90.492,15.606,1.377,0.0,21.115,1.247,167,701304,242,19.982,0.36,-8.054,0,0,770048000,0,6,1,church
90.508,15.758,1.076,0.0,21.115,1.247,167,701304,242,20.013,0.36,-8.022,0,0,770048000,0,6,1,church
90.523,15.229,1.029,0.0,21.115,1.247,167,701304,242,20.044,0.36,-7.989,0,0,770048000,0,6,1,church
90.539,16.269,1.015,0.0,21.115,1.247,167,701304,242,20.076,0.36,-7.957,0,0,770048000,0,6,1,church
90.555,20.291,1.331,0.0,21.115,1.247,167,701370,242,20.107,0.36,-7.925,0,0,770048000,0,6,1,church
90.572,15.043,0.981,0.0,21.115,1.247,167,701370,242,20.138,0.36,-7.892,0,0,770048000,0,6,1,church
90.589,15.677,0.474,0.0,21.115,1.247,167,701370,242,20.17,0.36,-7.86,0,0,770048000,0,6,1,church
90.605,15.588,0.667,0.0,21.115,1.247,168,701490,243,20.201,0.36,-7.828,0,0,770048000,0,6,1,church
90.621,15.247,0.554,0.0,21.115,1.247,168,701490,243,20.232,0.36,-7.795,0,0,770048000,0,6,1,church
90.638,21.769,0.638,0.0,21.115,1.247,167,699398,242,20.263,0.36,-7.763,0,0,770048000,0,6,1,church
90.655,15.928,0.564,0.0,21.115,1.247,167,699398,242,20.295,0.36,-7.731,0,0,770048000,0,6,1,church
90.671,16.297,0.535,0.0,21.115,1.247,166,699396,241,20.326,0.36,-7.698,0,0,770048000,0,6,1,church
90.688,14.921,0.653,0.0,21.115,1.247,166,699396,241,20.357,0.36,-7.666,0,0,770048000,0,6,1,church
90.705,15.46,1.305,0.0,21.115,1.247,166,699396,241,20.389,0.36,-7.634,0,0,770048000,0,6,1,church
90.721,15.911,1.044,0.0,21.115,1.247,165,696612,240,20.42,0.36,-7.601,0,0,770048000,0,6,1,church
90.736,15.095,0.999,0.0,21.115,1.247,165,696612,240,20.451,0.36,-7.569,0,0,770048000,0,6,1,church
90.752,15.929,1.04,0.0,21.115,1.247,164,696576,239,20.482,0.36,-7.536,0,0,770048000,0,6,1,church
90.767,14.995,1.269,0.0,21.115,1.247,164,696576,239,20.514,0.36,-7.504,0,0,770048000,0,6,1,church
90.783,15.369,1.754,0.0,21.115,1.247,165,696612,240,20.514,0.36,-7.504,0,0,770048000,0,6,1,church
90.798,15.901,1.124,0.0,21.115,1.247,165,696612,240,20.545,0.36,-7.472,0,0,770048000,0,6,1,church
90.814,15.252,1.482,0.0,21.115,1.247,165,696612,240,20.576,0.36,-7.439,0,0,770048000,0,6,1,church
90.829,15.085,1.047,0.0,21.115,1.247,165,696612,240,20.608,0.36,-7.407,0,0,770048000,0,6,1,church
90.844,15.213,2.403,0.0,21.115,1.247,165,696612,240,20.639,0.36,-7.375,0,0,770048000,0,6,1,church
90.86,17.55,0.59,0.0,21.115,1.247,165,696612,240,20.67,0.36,-7.342,0,0,770048000,0,6,1,church
90.876,13.948,0.635,0.0,21.115,1.247,163,696012,238,20.701,0.36,-7.31,0,0,770048000,0,6,1,church
90.891,15.868,1.167,0.0,21.115,1.247,164,696576,239,20.733,0.36,-7.278,0,0,770048000,0,6,1,church
90.907,15.084,1.245,0.0,21.115,1.247,164,696576,239,20.764,0.36,-7.246,0,0,770048000,0,6,1,church
90.922,15.466,1.079,0.0,21.115,1.247,164,696576,239,20.796,0.36,-7.214,0,0,770048000,0,6,1,church
90.937,15.687,1.045,0.0,21.115,1.247,163,696540,238,20.827,0.36,-7.182,0,0,770048000,0,6,1,church
90.953,15.225,1.061,0.0,21.115,1.247,163,696540,238,20.859,0.36,-7.15,0,0,770048000,0,6,1,church
90.972,28.375,1.201,0.0,21.115,1.247,163,696540,238,20.891,0.36,-7.119,0,0,770048000,0,6,1,church
90.989,14.16,0.85,0.0,21.115,1.247,163,696540,238,20.924,0.36,-7.087,0,0,770048000,0,6,1,church
91.005,15.311,1.129,0.0,21.115,1.247,163,696540,238,20.956,0.36,-7.056,0,0,770048000,0,6,1,church
91.022,15.822,1.464,0.0,21.115,1.247,163,696540,238,20.988,0.36,-7.025,0,0,770048000,0,6,1,church
91.039,14.863,1.413,0.0,21.115,1.247,163,696540,238,21.021,0.36,-6.994,0,0,770048000,0,6,1,church
91.055,16.233,0.966,0.0,21.115,1.247,163,696540,238,21.054,0.36,-6.963,0,0,770048000,0,6,1,church
91.072,15.561,0.579,0.0,21.115,1.247,160,696486,188,21.087,0.36,-6.933,0,0,770048000,0,6,1,church
91.088,15.393,1.119,0.0,21.115,1.247,160,696486,188,21.119,0.36,-6.902,0,0,770048000,0,6,1,church
91.104,15.618,1.132,0.0,21.115,1.247,161,698612,189,21.153,0.36,-6.872,0,0,770048000,0,6,1,church
91.12,15.429,1.09,0.0,21.115,1.247,161,698612,189,21.186,0.36,-6.841,0,0,770048000,0,6,1,church
91.135,16.527,1.085,0.0,26.432,1.441,161,698612,189,21.219,0.36,-6.811,0,0,770048000,0,6,1,church
91.151,14.921,1.025,0.0,26.432,1.441,161,698612,189,21.253,0.36,-6.781,0,0,770048000,0,6,1,church
91.168,21.339,1.532,0.0,26.432,1.441,161,698612,189,21.286,0.36,-6.751,0,0,770048000,0,6,1,church
91.184,16.237,1.019,0.0,26.432,1.441,161,698612,189,21.32,0.36,-6.721,0,0,770048000,0,6,1,church
91.201,13.744,1.085,0.0,26.432,1.441,161,698612,189,21.353,0.36,-6.691,0,0,770048000,0,6,1,church
91.218,14.86,1.246,0.0,26.432,1.441,160,698436,188,21.387,0.36,-6.661,0,0,770048000,0,6,1,church
91.234,17.214,0.48,0.0,26.432,1.441,160,698436,188,21.421,0.36,-6.632,0,0,770048000,0,6,1,church
91.249,13.835,0.433,0.0,26.432,1.441,160,698436,188,21.421,0.36,-6.632,0,0,770048000,0,6,1,church
91.265,16.648,1.162,0.0,26.432,1.441,160,698436,188,21.454,0.36,-6.602,0,0,770048000,0,6,1,church
91.28,14.547,1.145,0.0,26.432,1.441,160,698436,188,21.488,0.36,-6.572,0,0,770048000,0,6,1,church
91.295,15.511,1.179,0.0,26.432,1.441,161,698438,189,21.522,0.36,-6.543,0,0,770048000,0,6,1,church
91.311,15.537,1.205,0.0,26.432,1.441,162,700214,190,21.556,0.36,-6.513,0,0,770048000,0,6,1,church
91.326,15.177,1.32,0.0,26.432,1.441,162,700214,190,21.59,0.36,-6.484,0,0,770048000,0,6,1,church
91.342,16.319,1.263,0.0,26.432,1.441,162,700214,190,21.624,0.36,-6.454,0,0,770048000,0,6,1,church
91.357,14.722,1.19,0.0,26.432,1.441,162,700214,190,21.658,0.36,-6.425,0,0,770048000,0,6,1,church
91.372,15.373,1.177,0.0,26.432,1.441,162,700214,190,21.692,0.36,-6.396,0,0,770048000,0,6,1,church
91.388,15.057,1.507,0.0,26.432,1.441,160,699602,188,21.727,0.36,-6.366,0,0,770048000,0,6,1,church
91.404,21.546,0.583,0.0,26.432,1.441,160,699602,188,21.761,0.36,-6.337,0,0,770048000,0,6,1,church
91.421,13.861,0.671,0.0,26.432,1.441,160,699602,188,21.795,0.36,-6.308,0,0,770048000,0,6,1,church
91.438,15.131,1.138,0.0,26.432,1.441,160,699602,188,21.829,0.36,-6.279,0,0,770048000,0,6,1,church
91.454,15.441,0.398,0.0,26.432,1.441,159,699562,187,21.863,0.36,-6.249,0,0,770048000,0,6,1,church
91.47,22.75,0.536,0.0,26.432,1.441,159,699562,187,21.897,0.36,-6.22,0,0,770048000,0,6,1,church
91.487,14.907,0.687,0.0,26.432,1.441,159,699562,187,21.932,0.36,-6.191,0,0,770048000,0,6,1,church
91.504,15.414,1.272,0.0,26.432,1.441,159,699562,187,21.966,0.36,-6.162,0,0,770048000,0,6,1,church
91.52,15.365,0.966,0.0,26.432,1.441,159,699562,187,22.0,0.36,-6.133,0,0,770048000,0,6,1,church
91.537,15.245,0.949,0.0,26.432,1.441,157,693264,185,22.035,0.36,-6.104,0,0,770048000,0,6,1,church
91.553,16.12,0.934,0.0,26.432,1.441,157,693264,185,22.069,0.36,-6.074,0,0,770048000,0,6,1,church
91.568,14.292,1.041,0.0,26.432,1.441,157,693264,185,22.103,0.36,-6.045,0,0,770048000,0,6,1,church
91.583,14.28,1.005,0.0,26.432,1.441,156,668608,184,22.103,0.36,-6.045,0,0,770048000,0,6,1,church
91.599,16.002,0.682,0.0,26.432,1.441,156,668608,184,22.138,0.36,-6.016,0,0,770048000,0,6,1,church
91.614,15.152,0.575,0.0,26.432,1.441,156,668608,184,22.172,0.36,-5.987,0,0,770048000,0,6,1,church
91.629,15.279,0.598,0.0,26.432,1.441,156,668608,184,22.206,0.36,-5.958,0,0,770048000,0,6,1,church
91.644,14.978,0.552,0.0,26.432,1.441,156,668608,184,22.241,0.36,-5.929,0,0,770048000,0,6,1,church
91.66,15.271,0.657,0.0,26.432,1.441,156,668608,184,22.275,0.36,-5.9,0,0,770048000,0,6,1,church
91.675,15.07,0.51,0.0,26.432,1.441,156,668608,184,22.309,0.36,-5.871,0,0,770048000,0,6,1,church
91.69,15.552,0.487,0.0,26.432,1.441,155,665612,183,22.344,0.36,-5.842,0,0,770048000,0,6,1,church
91.706,14.75,0.731,0.0,26.432,1.441,154,664636,182,22.378,0.36,-5.813,0,0,770048000,0,6,1,church
91.721,15.1,1.169,0.0,26.432,1.441,154,664636,182,22.412,0.36,-5.784,0,0,770048000,0,6,1,church
91.736,15.167,1.03,0.0,26.432,1.441,154,664636,182,22.447,0.36,-5.755,0,0,770048000,0,6,1,church
91.751,14.678,1.006,0.0,26.432,1.441,154,664636,182,22.481,0.36,-5.726,0,0,770048000,0,6,1,church
91.767,14.277,0.988,0.0,26.432,1.441,154,662580,182,22.481,0.36,-5.726,0,0,770048000,0,6,1,church
91.782,15.467,0.996,0.0,26.432,1.441,154,662580,182,22.516,0.36,-5.697,0,0,770048000,0,6,1,church
91.797,14.883,0.996,0.0,26.432,1.441,154,662580,182,22.55,0.36,-5.668,0,0,770048000,0,6,1,church
91.812,15.438,1.05,0.0,26.432,1.441,154,662580,182,22.584,0.36,-5.639,0,0,770048000,0,6,1,church
91.828,15.084,1.088,0.0,26.432,1.441,154,662580,182,22.619,0.36,-5.61,0,0,770048000,0,6,1,church
91.843,14.359,0.997,0.0,26.432,1.441,154,662580,182,22.653,0.36,-5.581,0,0,770048000,0,6,1,church
91.858,14.925,0.998,0.0,26.432,1.441,154,662580,182,22.688,0.36,-5.552,0,0,770048000,0,6,1,church
91.874,21.35,0.852,0.0,26.432,1.441,154,662580,182,22.722,0.36,-5.523,0,0,770048000,0,6,1,church
91.89,14.756,1.016,0.0,26.432,1.441,154,662580,182,22.756,0.36,-5.494,0,0,770048000,0,6,1,church
91.905,15.701,0.983,0.0,26.432,1.441,154,662580,182,22.791,0.36,-5.465,0,0,770048000,0,6,1,church
91.92,14.361,0.989,0.0,26.432,1.441,153,659244,181,22.825,0.36,-5.436,0,0,770048000,0,6,1,church
91.935,14.931,1.053,0.0,26.432,1.441,153,659244,181,22.86,0.36,-5.407,0,0,770048000,0,6,1,church
91.95,14.254,0.965,0.0,26.432,1.441,153,659244,181,22.86,0.36,-5.407,0,0,770048000,0,6,1,church
91.965,15.427,1.874,0.0,26.432,1.441,153,659244,181,22.894,0.36,-5.378,0,0,770048000,0,6,1,church
91.981,15.242,0.955,0.0,26.432,1.441,153,659244,181,22.928,0.36,-5.349,0,0,770048000,0,6,1,church
91.996,14.696,0.987,0.0,26.432,1.441,153,659244,181,22.963,0.36,-5.32,0,0,770048000,0,6,1,church
92.011,15.046,1.125,0.0,26.432,1.441,152,659232,180,22.997,0.36,-5.291,0,0,770048000,0,6,1,church
92.026,14.597,1.075,0.0,26.432,1.441,152,659232,180,23.032,0.36,-5.262,0,0,770048000,0,6,1,church
92.042,14.807,1.143,0.0,26.432,1.441,152,659232,180,23.066,0.36,-5.233,0,0,770048000,0,6,1,church
92.057,15.031,0.975,0.0,26.432,1.441,152,659232,180,23.1,0.36,-5.204,0,0,770048000,0,6,1,church
92.072,14.89,0.993,0.0,26.432,1.441,152,659232,180,23.135,0.36,-5.175,0,0,770048000,0,6,1,church
92.087,14.289,0.997,0.0,26.432,1.441,152,659232,180,23.169,0.36,-5.146,0,0,770048000,0,6,1,church
92.103,14.738,1.618,0.0,26.432,1.441,152,659232,180,23.204,0.36,-5.117,0,0,770048000,0,6,1,church
92.118,15.312,0.477,0.0,26.432,1.441,153,659256,181,23.238,0.36,-5.088,0,0,770048000,0,6,1,church
92.133,19.486,0.668,0.0,26.432,1.441,153,659256,181,23.238,0.36,-5.088,0,0,770048000,0,6,1,church
92.149,15.25,1.348,0.0,21.402,1.22,153,659256,181,23.273,0.36,-5.059,0,0,770048000,0,6,1,church
92.164,14.834,0.97,0.0,21.402,1.22,153,659256,181,23.307,0.36,-5.03,0,0,770048000,0,6,1,church
92.179,14.643,1.028,0.0,21.402,1.22,152,659220,180,23.341,0.36,-5.001,0,0,770048000,0,6,1,church
92.194,14.834,0.995,0.0,21.402,1.22,150,659060,178,23.376,0.36,-4.972,0,0,770048000,0,6,1,church
92.21,14.792,0.986,0.0,21.402,1.22,151,659062,179,23.41,0.36,-4.943,0,0,770048000,0,6,1,church
92.225,14.439,1.0,0.0,21.402,1.22,151,659062,179,23.445,0.36,-4.914,0,0,770048000,0,6,1,church
92.242,21.43,1.215,0.0,21.402,1.22,151,659062,179,23.479,0.36,-4.885,0,0,770048000,0,6,1,church
92.257,14.947,1.136,0.0,21.402,1.22,151,659062,179,23.514,0.36,-4.856,0,0,770048000,0,6,1,church
92.272,14.624,1.074,0.0,21.402,1.22,151,659062,179,23.548,0.36,-4.827,0,0,770048000,0,6,1,church
92.288,14.559,1.021,0.0,21.402,1.22,151,659062,179,23.582,0.36,-4.798,0,0,770048000,0,6,1,church
92.303,14.447,1.175,0.0,21.402,1.22,151,659062,179,23.617,0.36,-4.769,0,0,770048000,0,6,1,church
92.32,20.711,1.839,0.0,21.402,1.22,151,659062,179,23.651,0.36,-4.74,0,0,770048000,0,6,1,church
92.336,14.583,1.006,0.0,21.402,1.22,151,659062,179,23.686,0.36,-4.711,0,0,770048000,0,6,1,church
92.351,14.45,1.072,0.0,21.402,1.22,148,658918,176,23.72,0.36,-4.682,0,0,770048000,0,6,1,church
92.367,13.92,1.01,0.0,21.402,1.22,148,658918,176,23.72,0.36,-4.682,0,0,770048000,0,6,1,church
92.382,14.973,1.209,0.0,21.402,1.22,148,658918,176,23.754,0.36,-4.653,0,0,770048000,0,6,1,church
92.397,14.361,1.096,0.0,21.402,1.22,148,658918,176,23.789,0.36,-4.624,0,0,770048000,0,6,1,church
92.412,14.302,0.788,0.0,21.402,1.22,148,658918,176,23.823,0.36,-4.595,0,0,770048000,0,6,1,church
92.428,14.702,0.77,0.0,21.402,1.22,148,658918,176,23.858,0.36,-4.566,0,0,770048000,0,6,1,church
92.443,14.222,0.85,0.0,21.402,1.22,148,658918,176,23.892,0.36,-4.537,0,0,770048000,0,6,1,church
92.458,14.776,1.076,0.0,21.402,1.22,148,658918,176,23.927,0.36,-4.508,0,0,770048000,0,6,1,church
92.474,14.017,0.858,0.0,21.402,1.22,148,658918,176,23.961,0.36,-4.479,0,0,770048000,0,6,1,church
92.489,14.682,0.649,0.0,21.402,1.22,148,658918,176,23.995,0.36,-4.45,0,0,770048000,0,6,1,church
92.503,14.0,1.11,0.0,21.402,1.22,148,658918,176,24.03,0.36,-4.421,0,0,770048000,0,6,1,church
92.517,14.133,0.854,0.0,21.402,1.22,148,658918,176,24.064,0.36,-4.392,0,0,770048000,0,6,1,church
92.531,13.848,1.041,0.0,21.402,1.22,148,658918,176,24.064,0.36,-4.392,0,0,770048000,0,6,1,church
92.545,14.475,1.001,0.0,21.402,1.22,148,658918,176,24.099,0.36,-4.363,0,0,770048000,0,6,1,church
92.559,14.07,0.975,0.0,21.402,1.22,149,658920,177,24.133,0.36,-4.334,0,0,770048000,0,6,1,church
92.574,14.66,1.002,0.0,21.402,1.22,149,658920,177,24.168,0.36,-4.305,0,0,770048000,0,6,1,church
92.588,13.809,0.99,0.0,21.402,1.22,148,658896,176,24.202,0.36,-4.276,0,0,770048000,0,6,1,church
92.602,13.981,1.058,0.0,21.402,1.22,148,658896,176,24.236,0.36,-4.247,0,0,770048000,0,6,1,church
92.616,13.376,1.049,0.0,21.402,1.22,148,658896,176,24.236,0.36,-4.247,0,0,770048000,0,6,1,church
92.63,14.875,0.595,0.0,21.402,1.22,148,658896,176,24.271,0.36,-4.218,0,0,770048000,0,6,1,church
92.644,14.08,0.588,0.0,21.402,1.22,148,658896,176,24.305,0.36,-4.189,0,0,770048000,0,6,1,church
92.657,14.556,0.528,0.0,21.402,1.22,148,658896,176,24.34,0.36,-4.16,0,0,770048000,0,6,1,church
92.671,13.857,0.47,0.0,21.402,1.22,148,658896,176,24.374,0.36,-4.131,0,0,770048000,0,6,1,church
92.685,14.655,0.476,0.0,21.402,1.22,147,658894,175,24.409,0.36,-4.102,0,0,770048000,0,6,1,church
92.699,13.575,0.499,0.0,21.402,1.22,146,658786,174,24.409,0.36,-4.102,0,0,770048000,0,6,1,church
92.713,21.755,0.645,0.0,21.402,1.22,146,658786,174,24.443,0.36,-4.073,0,0,770048000,0,6,1,church
92.728,13.865,0.736,0.0,21.402,1.22,146,658786,174,24.477,0.36,-4.044,0,0,770048000,0,6,1,church
92.742,14.064,1.123,0.0,21.402,1.22,146,658786,174,24.512,0.36,-4.015,0,0,770048000,0,6,1,church
92.756,14.218,0.985,0.0,21.402,1.22,146,658786,174,24.546,0.36,-3.986,0,0,770048000,0,6,1,church
92.77,13.895,1.068,0.0,21.402,1.22,146,658786,174,24.581,0.36,-3.957,0,0,770048000,0,6,1,church
92.785,21.085,1.431,0.0,21.402,1.22,146,658786,174,24.615,0.36,-3.928,0,0,770048000,0,6,1,church
92.799,12.474,0.711,0.0,21.402,1.22,146,658786,174,24.615,0.36,-3.928,0,0,770048000,0,6,1,church
92.813,15.018,1.26,0.0,21.402,1.22,146,658786,174,24.65,0.36,-3.899,0,0,770048000,0,6,1,church
92.827,14.296,0.77,0.0,21.402,1.22,146,658786,174,24.684,0.36,-3.87,0,0,770048000,0,6,1,church
92.842,13.702,1.793,0.0,21.402,1.22,144,652794,172,24.718,0.36,-3.841,0,0,770048000,0,6,1,church
92.856,14.104,0.975,0.0,21.402,1.22,141,647466,169,24.753,0.36,-3.812,0,0,770048000,0,6,1,church
92.87,14.877,0.948,0.0,21.402,1.22,139,645514,167,24.787,0.36,-3.783,0,0,770048000,0,6,1,church
92.885,13.276,1.031,0.0,21.402,1.22,139,645514,167,24.822,0.36,-3.754,0,0,770048000,0,6,1,church
92.899,13.279,0.847,0.0,21.402,1.22,139,645514,167,24.822,0.36,-3.754,0,0,770048000,0,6,1,church
92.913,14.361,1.081,0.0,21.402,1.22,139,645514,167,24.856,0.36,-3.726,0,0,770048000,0,6,1,church
92.927,14.068,1.01,0.0,21.402,1.22,139,645514,167,24.891,0.36,-3.697,0,0,770048000,0,6,1,church
92.942,14.345,0.933,0.0,21.402,1.22,139,645514,167,24.925,0.36,-3.668,0,0,770048000,0,6,1,church
92.956,14.034,0.943,0.0,21.402,1.22,139,645514,167,24.959,0.36,-3.639,0,0,770048000,0,6,1,church
92.97,14.48,1.049,0.0,21.402,1.22,138,645512,166,24.994,0.36,-3.61,0,0,770048000,0,6,1,church
92.985,13.644,1.12,0.0,21.402,1.22,139,645514,167,25.028,0.36,-3.581,0,0,770048000,0,6,1,church
92.999,13.224,1.103,0.0,21.402,1.22,132,643630,160,25.028,0.36,-3.581,0,0,770048000,0,6,1,church
93.014,22.384,1.278,0.0,21.402,1.22,132,643630,160,25.063,0.36,-3.552,0,0,770048000,0,6,1,church
93.028,12.984,0.976,0.0,21.402,1.22,132,643630,160,25.097,0.36,-3.523,0,0,770048000,0,6,1,church
93.042,13.441,1.074,0.0,21.402,1.22,131,643510,159,25.132,0.36,-3.494,0,0,770048000,0,6,1,church
93.057,14.047,1.021,0.0,21.402,1.22,131,643510,159,25.166,0.36,-3.465,0,0,770048000,0,6,1,church
93.071,13.971,0.939,0.0,21.402,1.22,131,643510,159,25.2,0.36,-3.436,0,0,770048000,0,6,1,church
93.085,14.204,1.041,0.0,21.402,1.22,131,643510,159,25.235,0.36,-3.407,0,0,770048000,0,6,1,church
93.1,12.584,1.356,0.0,21.402,1.22,128,630820,156,25.235,0.36,-3.407,0,0,770048000,0,6,1,church
93.114,14.488,0.689,0.0,21.402,1.22,128,630820,156,25.269,0.36,-3.378,0,0,770048000,0,6,1,church
93.128,14.22,1.12,0.0,20.911,1.318,128,630820,156,25.304,0.36,-3.349,0,0,770048000,0,6,1,church
93.142,12.817,1.33,0.0,20.911,1.318,129,630822,157,25.338,0.36,-3.32,0,0,770048000,0,6,1,church
93.157,13.524,0.855,0.0,20.911,1.318,129,630822,157,25.373,0.36,-3.291,0,0,770048000,0,6,1,church
93.171,14.669,0.478,0.0,20.911,1.318,128,630774,156,25.407,0.36,-3.262,0,0,770048000,0,6,1,church
93.185,12.943,0.446,0.0,20.911,1.318,127,630758,155,25.441,0.36,-3.233,0,0,770048000,0,6,1,church
93.2,13.091,0.976,0.0,20.911,1.318,127,630758,155,25.441,0.36,-3.233,0,0,770048000,0,6,1,church
93.214,14.328,0.934,0.0,20.911,1.318,127,630758,155,25.476,0.36,-3.204,0,0,770048000,0,6,1,church
93.228,12.984,1.07,0.0,20.911,1.318,126,630756,154,25.51,0.36,-3.175,0,0,770048000,0,6,1,church
93.242,13.307,1.433,0.0,20.911,1.318,125,622180,153,25.545,0.36,-3.146,0,0,770048000,0,6,1,church
93.256,18.437,1.112,0.0,20.911,1.318,123,622132,151,25.579,0.36,-3.117,0,0,770048000,0,6,1,church
93.27,13.165,1.069,0.0,20.911,1.318,123,622132,151,25.614,0.36,-3.088,0,0,770048000,0,6,1,church
93.284,13.324,1.373,0.0,20.911,1.318,123,622132,151,25.648,0.36,-3.059,0,0,770048000,0,6,1,church
93.299,12.626,0.853,0.0,20.911,1.318,123,622132,151,25.648,0.36,-3.059,0,0,770048000,0,6,1,church
93.312,13.589,1.006,0.0,20.911,1.318,123,622132,151,25.682,0.36,-3.03,0,0,770048000,0,6,1,church
93.326,12.952,1.252,0.0,20.911,1.318,123,622132,151,25.717,0.36,-3.001,0,0,770048000,0,6,1,church
93.34,13.109,1.225,0.0,20.911,1.318,122,622116,150,25.751,0.36,-2.972,0,0,770048000,0,6,1,church
93.354,12.487,1.091,0.0,20.911,1.318,122,622116,150,25.786,0.36,-2.943,0,0,770048000,0,6,1,church
93.368,13.571,0.94,0.0,20.911,1.318,119,621972,147,25.82,0.36,-2.914,0,0,770048000,0,6,1,church
93.382,11.858,0.788,0.0,20.911,1.318,119,621972,147,25.82,0.36,-2.914,0,0,770048000,0,6,1,church
93.396,13.698,1.252,0.0,20.911,1.318,119,621972,147,25.855,0.36,-2.885,0,0,770048000,0,6,1,church
93.41,12.849,0.696,0.0,20.911,1.318,119,621972,147,25.889,0.36,-2.856,0,0,770048000,0,6,1,church
93.423,12.997,1.085,0.0,20.911,1.318,118,619880,146,25.923,0.36,-2.827,0,0,770048000,0,6,1,church
93.436,12.861,1.052,0.0,20.911,1.318,115,619664,143,25.958,0.36,-2.798,0,0,770048000,0,6,1,church
93.449,12.232,1.076,0.0,20.911,1.318,115,619664,143,25.958,0.36,-2.798,0,0,770048000,0,6,1,church
93.461,13.23,1.018,0.0,20.911,1.318,115,619664,143,25.992,0.36,-2.769,0,0,770048000,0,6,1,church
93.474,12.811,0.933,0.0,20.911,1.318,115,619664,143,26.027,0.36,-2.74,0,0,770048000,0,6,1,church
93.487,12.591,0.954,0.0,20.911,1.318,115,619664,143,26.061,0.36,-2.711,0,0,770048000,0,6,1,church
93.5,13.39,0.835,0.0,20.911,1.318,115,619664,143,26.096,0.36,-2.682,0,0,770048000,0,6,1,church
93.513,11.788,1.088,0.0,20.911,1.318,115,619664,143,26.096,0.36,-2.682,0,0,770048000,0,6,1,church
93.525,13.132,1.237,0.0,20.911,1.318,115,619664,143,26.128,0.383,-2.664,0,0,770048000,0,6,1,church
93.538,13.323,1.076,0.0,20.911,1.318,115,619664,143,26.161,0.404,-2.643,0,0,770048000,0,6,1,church
93.551,12.565,0.931,0.0,20.911,1.318,115,619664,143,26.196,0.422,-2.62,0,0,770048000,0,6,1,church
93.564,11.758,1.198,0.0,20.911,1.318,115,619664,143,26.196,0.422,-2.62,0,0,770048000,0,6,1,church
93.577,14.869,0.769,0.0,20.911,1.318,115,619664,143,26.229,0.43,-2.595,0,0,770048000,0,6,1,church
93.59,11.769,0.778,0.0,20.911,1.318,115,619664,143,26.256,0.437,-2.604,0,0,770048000,0,6,1,church
93.602,12.714,0.658,0.0,20.911,1.318,115,619664,143,26.285,0.44,-2.605,0,0,770048000,0,6,1,church
93.615,12.1,0.926,0.0,20.911,1.318,115,619664,143,26.285,0.44,-2.605,0,0,770048000,0,6,1,church
93.627,13.428,0.578,0.0,20.911,1.318,115,619664,143,26.316,0.44,-2.602,0,0,770048000,0,6,1,church
93.64,12.879,0.64,0.0,20.911,1.318,113,619448,141,26.347,0.43,-2.595,0,0,770048000,0,6,1,church
93.652,12.916,0.532,0.0,20.911,1.318,112,587384,140,26.38,0.437,-2.591,0,0,770048000,0,6,1,church
93.665,12.243,0.463,0.0,20.911,1.318,111,587382,139,26.38,0.437,-2.591,0,0,770048000,0,6,1,church
93.677,13.778,0.445,0.0,20.911,1.318,111,587382,139,26.414,0.438,-2.582,0,0,770048000,0,6,1,church
93.69,13.069,0.492,0.0,20.911,1.318,112,587502,140,26.447,0.438,-2.569,0,0,770048000,0,6,1,church
93.702,13.012,0.526,0.0,20.911,1.318,112,587502,140,26.483,0.439,-2.561,0,0,770048000,0,6,1,church
93.715,12.306,0.496,0.0,20.911,1.318,112,587502,140,26.483,0.439,-2.561,0,0,770048000,0,6,1,church
93.727,14.138,0.487,0.0,20.911,1.318,112,587502,140,26.517,0.439,-2.548,0,0,770048000,0,6,1,church
93.74,13.411,0.479,0.0,20.911,1.318,113,619566,141,26.554,0.441,-2.541,0,0,770048000,0,6,1,church
93.752,13.144,0.522,0.0,20.911,1.318,113,619566,141,26.591,0.441,-2.531,0,0,770048000,0,6,1,church
93.765,12.756,0.551,0.0,20.911,1.318,114,619568,142,26.591,0.441,-2.531,0,0,770048000,0,6,1,church
93.778,14.976,0.535,0.0,20.911,1.318,114,619568,142,26.627,0.441,-2.517,0,0,770048000,0,6,1,church
93.791,12.802,0.536,0.0,20.911,1.318,116,619784,144,26.664,0.443,-2.507,0,0,770048000,0,6,1,church
93.804,21.135,0.609,0.0,20.911,1.318,116,619784,144,26.7,0.433,-2.493,0,0,770048000,0,6,1,church
93.817,13.657,0.559,0.0,20.911,1.318,116,619784,144,26.737,0.429,-2.478,0,0,770048000,0,6,1,church
93.831,12.076,1.385,0.0,20.911,1.318,116,619784,144,26.737,0.429,-2.478,0,0,770048000,0,6,1,church
93.845,14.589,1.037,0.0,20.911,1.318,116,619784,144,26.773,0.423,-2.459,0,0,770048000,0,6,1,church
93.859,13.967,0.365,0.0,20.911,1.318,117,619824,145,26.81,0.428,-2.439,0,0,770048000,0,6,1,church
93.872,14.323,0.361,0.0,20.911,1.318,122,621658,150,26.843,0.414,-2.414,0,0,770048000,0,6,1,church
93.886,13.162,0.467,0.0,20.911,1.318,122,621658,150,26.878,0.41,-2.39,0,0,770048000,0,6,1,church
93.9,13.22,1.323,0.0,20.911,1.318,123,621674,151,26.878,0.41,-2.39,0,0,770048000,0,6,1,church
93.92,22.419,0.573,0.0,20.911,1.318,123,621674,151,26.947,0.403,-2.339,0,0,770048000,0,6,1,church
93.937,13.191,0.682,0.0,20.911,1.318,121,621586,149,26.981,0.41,-2.312,0,0,770048000,0,6,1,church
93.953,13.463,1.235,0.0,20.911,1.318,122,621602,150,27.012,0.41,-2.281,0,0,770048000,0,6,1,church
93.97,13.672,0.943,0.0,20.911,1.318,120,623026,148,27.042,0.411,-2.25,0,0,770048000,0,6,1,church
93.987,14.429,0.903,0.0,20.911,1.318,118,549106,146,27.072,0.399,-2.218,0,0,770048000,0,6,1,church
94.003,13.788,0.984,0.0,20.911,1.318,117,487330,145,27.105,0.388,-2.188,0,0,770048000,0,6,1,church
94.02,12.912,0.705,0.0,20.911,1.318,117,487330,145,27.137,0.369,-2.158,0,0,770048000,0,6,1,church
94.034,13.928,1.05,0.0,20.911,1.318,117,487330,145,27.169,0.359,-2.127,0,0,770048000,0,6,1,church
94.048,13.311,0.329,0.0,20.911,1.318,116,484860,144,27.169,0.359,-2.127,0,0,770048000,0,6,1,church
94.062,16.417,0.388,0.0,20.911,1.318,116,484860,144,27.196,0.36,-2.093,0,0,770048000,0,6,1,church
94.076,13.11,0.551,0.0,20.911,1.318,116,481644,144,27.224,0.36,-2.058,0,0,770048000,0,6,1,church
94.09,13.97,1.428,0.0,20.911,1.318,118,483748,146,27.25,0.36,-2.023,0,0,770048000,0,6,1,church
94.104,13.811,1.148,0.0,20.911,1.318,119,483788,147,27.277,0.36,-1.987,0,0,770048000,0,6,1,church
94.118,13.637,0.952,0.0,20.911,1.318,118,483324,146,27.303,0.36,-1.951,0,0,770048000,0,6,1,church
94.131,13.971,1.063,0.0,20.911,1.318,117,473644,145,27.303,0.36,-1.951,0,0,770048000,0,6,1,church
94.145,14.466,0.926,0.0,20.086,1.25,117,473644,145,27.328,0.36,-1.915,0,0,770048000,0,6,1,church
94.159,13.642,0.921,0.0,20.086,1.25,114,473638,142,27.352,0.36,-1.878,0,0,770048000,0,6,1,church
94.173,14.794,0.893,0.0,20.086,1.25,114,473638,142,27.375,0.36,-1.841,0,0,770048000,0,6,1,church
94.187,13.839,0.901,0.0,20.086,1.25,114,473638,142,27.398,0.36,-1.804,0,0,770048000,0,6,1,church
94.201,14.294,1.213,0.0,20.086,1.25,112,473634,140,27.42,0.36,-1.766,0,0,770048000,0,6,1,church
94.215,14.089,1.054,0.0,20.086,1.25,111,465058,139,27.42,0.36,-1.766,0,0,770048000,0,6,1,church
94.229,14.926,1.191,0.0,20.086,1.25,111,465058,139,27.44,0.36,-1.728,0,0,770048000,0,6,1,church
94.243,13.605,1.037,0.0,20.086,1.25,113,467180,141,27.461,0.36,-1.689,0,0,770048000,0,6,1,church
94.256,14.853,1.142,0.0,20.086,1.25,114,469272,142,27.48,0.36,-1.649,0,0,770048000,0,6,1,church
94.27,13.726,1.008,0.0,20.086,1.25,114,469272,142,27.498,0.36,-1.61,0,0,770048000,0,6,1,church
94.284,13.99,0.816,0.0,20.086,1.25,112,469268,140,27.516,0.36,-1.569,0,0,770048000,0,6,1,church
94.298,13.824,0.603,0.0,20.086,1.25,113,469304,141,27.516,0.36,-1.569,0,0,770048000,0,6,1,church
94.312,21.064,0.632,0.0,20.086,1.25,113,469304,141,27.533,0.36,-1.529,0,0,770048000,0,6,1,church
94.327,14.036,0.515,0.0,20.086,1.25,113,469304,141,27.549,0.36,-1.488,0,0,770048000,0,6,1,church
94.341,14.222,0.491,0.0,20.086,1.25,113,469304,141,27.565,0.36,-1.447,0,0,770048000,0,6,1,church
94.355,14.681,0.524,0.0,20.086,1.25,114,469424,142,27.58,0.36,-1.405,0,0,770048000,0,6,1,church
94.37,14.569,0.634,0.0,20.086,1.25,117,469544,145,27.595,0.36,-1.363,0,0,770048000,0,6,1,church
94.384,14.469,0.6,0.0,20.086,1.25,117,469544,145,27.608,0.36,-1.321,0,0,770048000,0,6,1,church
94.398,14.081,1.263,0.0,20.086,1.25,117,469544,145,27.608,0.36,-1.321,0,0,770048000,0,6,1,church
94.413,20.342,0.761,0.0,20.086,1.25,117,469544,145,27.622,0.36,-1.278,0,0,770048000,0,6,1,church
94.427,14.128,0.52,0.0,20.086,1.25,117,407804,145,27.635,0.36,-1.236,0,0,770048000,0,6,1,church
94.442,14.43,0.411,0.0,20.086,1.25,117,407804,145,27.647,0.36,-1.193,0,0,770048000,0,6,1,church
94.456,14.648,0.419,0.0,20.086,1.25,115,407588,143,27.659,0.36,-1.15,0,0,770048000,0,6,1,church
94.47,14.289,0.503,0.0,20.086,1.25,114,405118,142,27.671,0.36,-1.107,0,0,770048000,0,6,1,church
94.484,13.732,0.536,0.0,20.086,1.25,114,405118,142,27.682,0.36,-1.064,0,0,770048000,0,6,1,church
94.499,13.945,0.495,0.0,20.086,1.25,110,403894,138,27.682,0.36,-1.064,0,0,770048000,0,6,1,church
94.513,15.005,0.435,0.0,20.086,1.25,110,403894,138,27.692,0.36,-1.02,0,0,770048000,0,6,1,church
94.527,14.311,0.548,0.0,20.086,1.25,110,403894,138,27.703,0.36,-0.977,0,0,770048000,0,6,1,church
94.542,14.867,0.505,0.0,20.086,1.25,109,403838,137,27.713,0.36,-0.933,0,0,770048000,0,6,1,church
94.556,14.156,0.466,0.0,20.086,1.25,109,403838,137,27.723,0.36,-0.889,0,0,770048000,0,6,1,church
94.57,14.091,0.532,0.0,20.086,1.25,108,403374,136,27.732,0.36,-0.845,0,0,770048000,0,6,1,church
94.585,15.193,0.563,0.0,20.086,1.25,107,393694,135,27.742,0.36,-0.802,0,0,770048000,0,6,1,church
94.599,13.263,0.633,0.0,20.086,1.25,107,393694,135,27.742,0.36,-0.802,0,0,770048000,0,6,1,church
94.614,14.938,0.965,0.0,20.086,1.25,107,393694,135,27.751,0.36,-0.758,0,0,770048000,0,6,1,church
94.628,14.106,0.998,0.0,20.086,1.25,107,393694,135,27.759,0.36,-0.714,0,0,770048000,0,6,1,church
94.648,20.202,1.152,0.0,20.086,1.25,107,393694,135,27.768,0.36,-0.669,0,0,770048000,0,6,1,church
94.662,13.879,0.585,0.0,20.086,1.25,106,393692,134,27.776,0.36,-0.625,0,0,770048000,0,6,1,church
94.677,14.265,0.557,0.0,20.086,1.25,106,393692,134,27.784,0.36,-0.581,0,0,770048000,0,6,1,church
94.691,14.744,0.462,0.0,20.086,1.25,106,393692,134,27.792,0.36,-0.537,0,0,770048000,0,6,1,church
94.705,14.026,0.653,0.0,20.086,1.25,106,393692,134,27.8,0.36,-0.493,0,0,770048000,0,6,1,church
94.72,13.479,0.578,0.0,20.086,1.25,106,393692,134,27.808,0.36,-0.448,0,0,770048000,0,6,1,church
94.733,13.77,0.493,0.0,20.086,1.25,106,393692,134,27.808,0.36,-0.448,0,0,770048000,0,6,1,church
94.748,14.808,0.431,0.0,20.086,1.25,106,393692,134,27.815,0.36,-0.404,0,0,770048000,0,6,1,church
94.763,14.296,0.507,0.0,20.086,1.25,106,393692,134,27.823,0.36,-0.36,0,0,770048000,0,6,1,church
94.778,13.343,0.589,0.0,20.086,1.25,105,393690,133,27.83,0.36,-0.315,0,0,770048000,0,6,1,church
94.793,13.666,0.88,0.0,20.086,1.25,105,393690,133,27.837,0.36,-0.271,0,0,770048000,0,6,1,church
94.807,14.171,0.63,0.0,20.086,1.25,105,393690,133,27.844,0.36,-0.227,0,0,770048000,0,6,1,church
94.822,13.794,0.589,0.0,20.086,1.25,105,393690,133,27.851,0.36,-0.182,0,0,770048000,0,6,1,church
94.837,14.389,0.587,0.0,20.086,1.25,105,393690,133,27.858,0.36,-0.138,0,0,770048000,0,6,1,church
94.852,13.944,0.565,0.0,20.086,1.25,105,393690,133,27.865,0.36,-0.093,0,0,770048000,0,6,1,church
94.867,13.197,0.626,0.0,20.086,1.25,105,393690,133,27.865,0.36,-0.093,0,0,770048000,0,6,1,church
94.881,15.465,0.618,0.0,20.086,1.25,105,393690,133,27.871,0.36,-0.049,0,0,770048000,0,6,1,church
94.896,13.212,0.602,0.0,20.086,1.25,105,393690,133,27.878,0.36,-0.004,0,0,770048000,0,6,1,church
94.91,13.842,0.635,0.0,20.086,1.25,105,393690,133,27.885,0.36,0.04,0,0,770048000,0,6,1,church
94.925,14.32,0.951,0.0,20.086,1.25,105,393690,133,27.891,0.36,0.085,0,0,770048000,0,6,1,church
94.94,13.656,0.988,0.0,20.086,1.25,105,393690,133,27.897,0.36,0.129,0,0,770048000,0,6,1,church
94.954,14.151,1.201,0.0,20.086,1.25,105,393690,133,27.904,0.36,0.174,0,0,770048000,0,6,1,church
94.969,14.039,0.96,0.0,20.086,1.25,105,393690,133,27.91,0.36,0.219,0,0,770048000,0,6,1,church
94.983,13.626,0.768,0.0,20.086,1.25,105,393690,133,27.91,0.36,0.219,0,0,770048000,0,6,1,church
94.998,14.653,1.012,0.0,20.086,1.25,105,393690,133,27.916,0.36,0.263,0,0,770048000,0,6,1,church
95.012,13.922,1.009,0.0,20.086,1.25,105,393690,133,27.922,0.36,0.308,0,0,770048000,0,6,1,church
95.027,13.679,1.092,0.0,20.086,1.25,105,393690,133,27.928,0.36,0.352,0,0,770048000,0,6,1,church
95.042,13.583,0.592,0.0,20.086,1.25,103,387018,131,27.934,0.36,0.397,0,0,770048000,0,6,1,church
95.056,13.495,0.535,0.0,20.086,1.25,103,387018,131,27.94,0.36,0.441,0,0,770048000,0,6,1,church
95.07,14.054,0.573,0.0,20.086,1.25,104,387020,132,27.946,0.36,0.486,0,0,770048000,0,6,1,church
95.084,13.497,0.58,0.0,20.086,1.25,104,387020,132,27.952,0.36,0.531,0,0,770048000,0,6,1,church
95.098,13.271,0.445,0.0,20.086,1.25,104,387020,132,27.952,0.36,0.531,0,0,770048000,0,6,1,church
95.111,14.875,0.421,0.0,20.086,1.25,104,387020,132,27.958,0.36,0.575,0,0,770048000,0,6,1,church
95.125,13.813,0.508,0.0,20.086,1.25,104,387020,132,27.964,0.36,0.62,0,0,770048000,0,6,1,church
95.139,13.477,0.606,0.0,20.37,1.081,104,387020,132,27.969,0.36,0.665,0,0,770048000,0,6,1,church
95.153,13.609,0.45,0.0,20.37,1.081,104,387020,132,27.975,0.36,0.709,0,0,770048000,0,6,1,church
95.167,14.038,0.444,0.0,20.37,1.081,104,387020,132,27.981,0.36,0.754,0,0,770048000,0,6,1,church
95.18,12.839,0.395,0.0,20.37,1.081,104,387020,132,27.981,0.36,0.754,0,0,770048000,0,6,1,church
95.194,14.381,0.385,0.0,20.37,1.081,104,387020,132,27.986,0.36,0.798,0,0,770048000,0,6,1,church
95.208,13.699,0.399,0.0,20.37,1.081,104,387020,132,27.992,0.36,0.843,0,0,770048000,0,6,1,church
95.221,13.721,0.49,0.0,20.37,1.081,104,387020,132,27.998,0.36,0.888,0,0,770048000,0,6,1,church
95.235,13.949,0.473,0.0,20.37,1.081,104,387020,132,28.003,0.36,0.932,0,0,770048000,0,6,1,church
95.249,13.155,0.577,0.0,20.37,1.081,104,387020,132,28.003,0.36,0.932,0,0,770048000,0,6,1,church
95.262,14.299,0.535,0.0,20.37,1.081,104,387020,132,28.009,0.36,0.977,0,0,770048000,0,6,1,church
95.276,13.312,0.475,0.0,20.37,1.081,104,387020,132,28.014,0.36,1.022,0,0,770048000,0,6,1,church
95.29,13.561,0.369,0.0,20.37,1.081,101,384024,129,28.02,0.36,1.066,0,0,770048000,0,6,1,church
95.303,19.97,0.386,0.0,20.37,1.081,101,384024,129,28.025,0.36,1.111,0,0,770048000,0,6,1,church
95.317,13.633,0.389,0.0,20.37,1.081,101,384024,129,28.031,0.36,1.156,0,0,770048000,0,6,1,church
95.331,12.9,0.387,0.0,20.37,1.081,101,384024,129,28.031,0.36,1.156,0,0,770048000,0,6,1,church
95.344,14.044,0.484,0.0,20.37,1.081,101,384024,129,28.036,0.36,1.2,0,0,770048000,0,6,1,church
95.358,13.848,0.542,0.0,20.37,1.081,99,366872,127,28.041,0.36,1.245,0,0,770048000,0,6,1,church
95.372,13.193,0.439,0.0,20.37,1.081,98,366212,126,28.045,0.36,1.29,0,0,770048000,0,6,1,church
95.385,14.007,0.555,0.0,20.37,1.081,95,235050,123,28.05,0.36,1.334,0,0,770048000,0,6,1,church
95.399,12.493,0.529,0.0,20.37,1.081,94,234862,122,28.05,0.36,1.334,0,0,770048000,0,6,1,church
95.412,14.478,0.55,0.0,20.37,1.081,94,234862,122,28.054,0.36,1.379,0,0,770048000,0,6,1,church
95.447,45.66,0.512,0.0,20.37,1.081,93,230858,121,28.062,0.36,1.468,0,0,770048000,0,6,1,church
95.463,2.525,0.381,0.0,20.37,1.081,93,230858,121,28.066,0.36,1.513,0,0,770048000,0,6,1,church
95.48,12.635,0.41,0.0,20.37,1.081,93,230858,121,28.069,0.36,1.558,0,0,770048000,0,6,1,church
95.493,13.55,0.359,0.0,20.37,1.081,93,230858,121,28.072,0.36,1.603,0,0,770048000,0,6,1,church
95.506,13.563,0.308,0.0,20.37,1.081,93,230858,121,28.075,0.36,1.648,0,0,770048000,0,6,1,church
95.52,13.325,0.325,0.0,20.37,1.081,93,230858,121,28.077,0.36,1.693,0,0,770048000,0,6,1,church
95.533,12.828,0.372,0.0,20.37,1.081,93,230858,121,28.077,0.36,1.693,0,0,770048000,0,6,1,church
95.546,13.929,0.359,0.0,20.37,1.081,93,230858,121,28.08,0.36,1.737,0,0,770048000,0,6,1,church
95.56,13.101,0.382,0.0,20.37,1.081,93,230858,121,28.082,0.36,1.782,0,0,770048000,0,6,1,church
95.574,13.768,0.374,0.0,20.37,1.081,93,230858,121,28.084,0.36,1.827,0,0,770048000,0,6,1,church
95.586,13.133,0.296,0.0,20.37,1.081,93,230858,121,28.086,0.36,1.872,0,0,770048000,0,6,1,church
95.6,12.791,0.296,0.0,20.37,1.081,93,230858,121,28.086,0.36,1.872,0,0,770048000,0,6,1,church
95.613,13.703,0.321,0.0,20.37,1.081,93,230858,121,28.088,0.36,1.917,0,0,770048000,0,6,1,church
95.627,13.548,0.319,0.0,20.37,1.081,93,230858,121,28.089,0.36,1.962,0,0,770048000,0,6,1,church
95.64,13.362,0.289,0.0,20.37,1.081,93,230858,121,28.091,0.36,2.007,0,0,770048000,0,6,1,church
95.653,13.462,0.332,0.0,20.37,1.081,93,230858,121,28.092,0.36,2.052,0,0,770048000,0,6,1,church
95.667,19.873,0.527,0.0,20.37,1.081,93,230858,121,28.093,0.36,2.097,0,0,770048000,0,6,1,church
95.681,12.756,0.396,0.0,20.37,1.081,91,230746,119,28.093,0.36,2.097,0,0,770048000,0,6,1,church
95.695,14.556,0.407,0.0,20.37,1.081,91,230746,119,28.094,0.36,2.142,0,0,770048000,0,6,1,church
95.708,13.376,0.327,0.0,20.37,1.081,91,230746,119,28.095,0.36,2.187,0,0,770048000,0,6,1,church
95.722,13.631,0.363,0.0,20.37,1.081,91,230746,119,28.096,0.36,2.232,0,0,770048000,0,6,1,church
95.736,13.777,0.364,0.0,20.37,1.081,91,230746,119,28.097,0.36,2.277,0,0,770048000,0,6,1,church
95.749,13.029,0.325,0.0,20.37,1.081,91,230746,119,28.097,0.36,2.277,0,0,770048000,0,6,1,church
95.763,14.239,0.347,0.0,20.37,1.081,91,230746,119,28.097,0.36,2.322,0,0,770048000,0,6,1,church
95.776,13.996,0.492,0.0,20.37,1.081,91,230746,119,28.098,0.36,2.367,0,0,770048000,0,6,1,church
95.79,14.459,0.437,0.0,20.37,1.081,91,230746,119,28.098,0.36,2.412,0,0,770048000,0,6,1,church
95.804,13.39,0.434,0.0,20.37,1.081,91,230746,119,28.099,0.36,2.457,0,0,770048000,0,6,1,church
95.817,13.58,0.591,0.0,20.37,1.081,91,230746,119,28.099,0.36,2.502,0,0,770048000,0,6,1,church
95.831,13.064,0.519,0.0,20.37,1.081,91,230746,119,28.099,0.36,2.502,0,0,770048000,0,6,1,church
95.845,15.153,0.458,0.0,20.37,1.081,91,230746,119,28.099,0.349,2.547,0,0,770048000,0,5,1,cloister
95.858,13.271,0.55,0.0,20.37,1.081,95,230866,179,28.1,0.341,2.592,0,0,770048000,0,5,1,cloister
95.872,14.467,0.478,0.0,20.37,1.081,95,230866,179,28.1,0.326,2.638,0,0,768294912,0,5,1,cloister
95.886,13.375,0.566,0.0,20.37,1.081,95,230866,179,28.1,0.303,2.683,0,0,768294912,0,5,1,cloister
95.9,20.089,0.724,0.0,20.37,1.081,95,230866,179,28.1,0.27,2.725,0,0,768294912,0,5,1,cloister
95.914,12.888,0.452,0.0,20.37,1.081,95,230866,179,28.1,0.27,2.725,0,0,768294912,0,5,1,cloister
95.928,15.589,0.439,0.0,20.37,1.081,95,230866,179,28.1,0.27,2.775,0,0,768294912,0,5,1,cloister
95.942,15.314,0.56,0.0,20.37,1.081,95,230866,179,28.1,0.264,2.82,0,0,768294912,0,5,1,cloister
95.958,17.508,1.067,0.0,20.37,1.081,95,230866,179,28.1,0.25,2.865,0,0,768294912,0,5,1,cloister
95.972,7.672,1.238,0.0,20.37,1.081,95,230866,179,28.1,0.253,2.893,0,0,768294912,0,5,1,cloister
95.986,14.052,0.503,0.0,20.37,1.081,95,230866,179,28.1,0.277,2.932,0,0,768294912,0,5,1,cloister
96.0,13.903,0.611,0.0,20.37,1.081,95,230866,179,28.1,0.277,2.932,0,0,768294912,0,5,1,cloister
96.013,14.5,0.504,0.0,20.37,1.081,95,230866,179,28.1,0.285,2.973,0,0,768294912,0,5,1,cloister
96.027,14.164,1.192,0.0,20.37,1.081,95,230866,179,28.099,0.299,3.015,0,0,768294912,0,5,1,cloister
96.041,14.387,0.969,0.0,20.37,1.081,95,230866,179,28.099,0.308,3.06,0,0,768294912,0,5,1,cloister
96.055,12.48,1.083,0.0,20.37,1.081,95,230866,179,28.099,0.3,3.105,0,0,768294912,0,5,1,cloister
96.069,13.975,1.962,0.0,20.37,1.081,94,227410,178,28.099,0.309,3.15,0,0,768294912,0,5,1,cloister
96.083,15.3,0.496,0.0,20.37,1.081,94,227410,178,28.099,0.309,3.15,0,0,768294912,0,5,1,cloister
96.097,13.556,0.576,0.0,20.37,1.081,94,227410,178,28.098,0.31,3.195,0,0,768294912,0,5,1,cloister
96.111,12.694,1.082,0.0,20.37,1.081,94,227410,178,28.098,0.31,3.24,0,0,768294912,0,5,1,cloister
96.125,13.625,1.751,0.0,20.37,1.081,94,227410,178,28.098,0.31,3.285,0,0,768294912,0,5,1,cloister
96.138,14.859,0.459,0.0,19.222,1.396,92,222470,176,28.097,0.31,3.33,0,0,768294912,0,5,1,cloister
96.152,14.114,0.56,0.0,19.222,1.396,92,222470,176,28.097,0.31,3.375,0,0,768294912,0,5,1,cloister
96.166,12.71,1.017,0.0,19.222,1.396,92,222470,176,28.097,0.31,3.375,0,0,768294912,0,5,1,cloister
96.18,15.666,1.183,0.0,19.222,1.396,92,222470,176,28.096,0.31,3.42,0,0,768294912,0,5,1,cloister
96.194,12.68,1.029,0.0,19.222,1.396,92,222470,176,28.096,0.31,3.465,0,0,768294912,0,5,1,cloister
96.208,14.426,0.92,0.0,19.222,1.396,92,222470,176,28.095,0.31,3.51,0,0,768294912,0,5,1,cloister
96.222,13.77,1.021,0.0,19.222,1.396,92,222470,176,28.095,0.31,3.555,0,0,768294912,0,5,1,cloister
96.236,13.767,0.96,0.0,19.222,1.396,92,222470,176,28.094,0.31,3.6,0,0,768294912,0,5,1,cloister
96.25,13.623,0.934,0.0,19.222,1.396,92,222470,176,28.094,0.31,3.6,0,0,768294912,0,5,1,cloister
96.263,14.614,0.914,0.0,19.222,1.396,92,222470,176,28.094,0.31,3.645,0,0,768294912,0,5,1,cloister
96.277,14.035,1.015,0.0,19.222,1.396,91,222454,175,28.093,0.31,3.69,0,0,768294912,0,5,1,cloister
96.291,13.696,0.649,0.0,19.222,1.396,91,222454,175,28.093,0.31,3.735,0,0,768294912,0,5,1,cloister
96.305,14.224,0.845,0.0,19.222,1.396,91,222454,175,28.092,0.31,3.78,0,0,768294912,0,5,1,cloister
96.319,13.47,1.09,0.0,19.222,1.396,91,222454,175,28.091,0.31,3.824,0,0,768294912,0,5,1,cloister
96.333,13.317,1.065,0.0,19.222,1.396,91,222454,175,28.091,0.31,3.824,0,0,768294912,0,5,1,cloister
96.351,24.831,0.917,0.0,19.222,1.396,91,222454,175,28.09,0.31,3.914,0,0,768294912,0,5,1,cloister
96.368,3.562,0.884,0.0,19.222,1.396,91,222454,175,28.089,0.31,3.959,0,0,768294912,0,5,1,cloister
96.385,13.48,0.512,0.0,19.222,1.396,91,222454,175,28.088,0.31,3.999,0,0,768294912,0,5,1,cloister
96.4,13.608,0.422,0.0,19.222,1.396,104,382628,188,28.088,0.31,3.999,0,0,768294912,0,5,1,cloister
96.414,14.661,0.45,0.0,19.222,1.396,104,382628,188,28.086,0.31,4.034,0,0,768294912,0,5,1,cloister
96.428,14.038,0.478,0.0,19.222,1.396,124,481932,208,28.082,0.31,4.067,0,0,768294912,0,5,1,cloister
96.443,20.029,0.393,0.0,19.222,1.396,132,488050,216,28.077,0.31,4.099,0,0,768294912,0,5,1,cloister
96.458,14.15,0.431,0.0,19.222,1.396,141,552928,225,28.069,0.31,4.129,0,0,768294912,0,5,1,cloister
96.472,15.63,0.888,0.0,19.222,1.396,149,535698,233,28.059,0.31,4.158,0,0,768294912,0,5,1,cloister
96.487,12.667,1.015,0.0,19.222,1.396,146,535670,230,28.046,0.31,4.187,0,0,768294912,0,5,1,cloister
96.502,14.942,0.512,0.0,19.222,1.396,144,288570,228,28.031,0.31,4.214,0,0,768294912,0,5,1,cloister
96.518,13.607,0.478,0.0,19.222,1.396,134,238376,218,28.014,0.31,4.241,0,0,768294912,0,5,1,cloister
96.533,21.703,1.099,0.0,19.222,1.396,146,288832,230,27.994,0.31,4.267,0,0,768294912,0,5,1,cloister
96.55,13.851,0.813,0.0,19.222,1.396,152,536632,236,27.972,0.31,4.293,0,0,768294912,0,5,1,cloister
96.567,14.803,1.495,0.0,19.222,1.396,158,570972,242,27.947,0.31,4.318,0,0,768294912,0,5,1,cloister
96.582,14.064,1.037,0.0,19.222,1.396,174,588722,258,27.947,0.31,4.318,0,0,768294912,0,5,1,cloister
96.597,14.994,1.064,0.0,19.222,1.396,174,588722,258,27.92,0.31,4.341,0,0,768294912,0,5,1,cloister
96.612,14.292,1.161,0.0,19.222,1.396,179,592167,263,27.891,0.31,4.364,0,0,768294912,0,5,1,cloister
96.627,14.352,1.085,0.0,19.222,1.396,187,594615,271,27.861,0.31,4.385,0,0,768294912,0,5,1,cloister
96.641,14.377,1.106,0.0,19.222,1.396,187,594615,271,27.828,0.31,4.406,0,0,768294912,0,5,1,cloister
96.655,14.136,1.13,0.0,19.222,1.396,187,594615,271,27.794,0.31,4.425,0,0,768294912,0,5,1,cloister
96.67,14.58,1.19,0.0,19.222,1.396,187,594615,271,27.759,0.31,4.443,0,0,768294912,0,5,1,cloister
96.684,14.146,1.153,0.0,19.222,1.396,185,594539,269,27.722,0.31,4.461,0,0,768294912,0,5,1,cloister
96.698,13.354,1.079,0.0,19.222,1.396,184,594419,268,27.722,0.31,4.461,0,0,768294912,0,5,1,cloister
96.713,15.104,0.627,0.0,19.222,1.396,184,594419,268,27.685,0.31,4.477,0,0,768294912,0,5,1,cloister
96.727,14.097,0.55,0.0,19.222,1.396,184,594419,268,27.646,0.31,4.493,0,0,768294912,0,5,1,cloister
96.741,14.097,0.64,0.0,19.222,1.396,184,594419,268,27.607,0.31,4.507,0,0,768294912,0,5,1,cloister
96.755,14.243,0.739,0.0,19.222,1.396,178,594027,262,27.567,0.31,4.521,0,0,768294912,0,5,1,cloister
96.769,14.116,0.537,0.0,19.222,1.396,178,594027,262,27.526,0.31,4.534,0,0,768294912,0,5,1,cloister
96.784,14.483,0.569,0.0,19.222,1.396,177,593767,261,27.485,0.31,4.546,0,0,768294912,0,5,1,cloister
96.798,14.129,0.634,0.0,19.222,1.396,178,593823,262,27.485,0.31,4.546,0,0,768294912,0,5,1,cloister
96.812,15.24,0.552,0.0,19.222,1.396,178,593823,262,27.443,0.31,4.557,0,0,768294912,0,5,1,cloister
96.827,13.95,0.634,0.0,19.222,1.396,178,593823,262,27.401,0.31,4.568,0,0,768294912,0,5,1,cloister
96.841,14.579,0.738,0.0,19.222,1.396,178,593823,262,27.358,0.31,4.578,0,0,768294912,0,5,1,cloister
96.855,14.076,0.81,0.0,19.222,1.396,178,593823,262,27.316,0.31,4.587,0,0,768294912,0,5,1,cloister
96.869,14.028,1.38,0.0,19.222,1.396,177,593821,261,27.272,0.31,4.596,0,0,768294912,0,5,1,cloister
96.884,14.785,1.203,0.0,19.222,1.396,177,593821,261,27.229,0.31,4.605,0,0,768294912,0,5,1,cloister
96.898,13.292,0.881,0.0,19.222,1.396,176,593801,260,27.229,0.31,4.605,0,0,768294912,0,5,1,cloister
96.912,14.591,1.178,0.0,19.222,1.396,176,593801,260,27.185,0.31,4.612,0,0,768294912,0,5,1,cloister
96.926,14.345,1.13,0.0,19.222,1.396,176,593801,260,27.142,0.31,4.62,0,0,768294912,0,5,1,cloister
96.941,21.045,1.217,0.0,19.222,1.396,175,591017,259,27.098,0.31,4.627,0,0,768294912,0,5,1,cloister
96.955,13.881,1.046,0.0,19.222,1.396,175,591017,259,27.054,0.31,4.633,0,0,768294912,0,5,1,cloister
96.969,13.873,1.175,0.0,19.222,1.396,175,591017,259,27.009,0.31,4.639,0,0,768294912,0,5,1,cloister
96.983,14.961,1.74,0.0,19.222,1.396,175,591017,259,26.965,0.31,4.645,0,0,768294912,0,5,1,cloister
96.998,12.9,0.835,0.0,19.222,1.396,175,591017,259,26.965,0.31,4.645,0,0,768294912,0,5,1,cloister
97.012,15.044,1.045,0.0,19.222,1.396,175,591017,259,26.921,0.31,4.651,0,0,768294912,0,5,1,cloister
97.026,14.87,1.073,0.0,19.222,1.396,175,591017,259,26.876,0.31,4.656,0,0,768294912,0,5,1,cloister
97.041,13.928,1.107,0.0,19.222,1.396,175,591017,259,26.832,0.31,4.661,0,0,768294912,0,5,1,cloister
97.055,14.07,0.825,0.0,19.222,1.396,175,591017,259,26.787,0.31,4.666,0,0,768294912,0,5,1,cloister
97.069,14.385,0.698,0.0,19.222,1.396,175,591017,259,26.743,0.31,4.67,0,0,768294912,0,5,1,cloister
97.083,14.069,1.151,0.0,19.222,1.396,175,591017,259,26.698,0.31,4.674,0,0,768294912,0,5,1,cloister
97.098,13.431,1.176,0.0,19.222,1.396,174,590961,258,26.698,0.31,4.674,0,0,768294912,0,5,1,cloister
97.112,15.194,1.268,0.0,19.222,1.396,174,590961,258,26.653,0.31,4.679,0,0,768294912,0,5,1,cloister
97.126,13.683,1.132,0.0,19.222,1.396,174,590961,258,26.608,0.31,4.682,0,0,768294912,0,5,1,cloister
97.141,14.801,1.126,0.0,20.266,1.047,173,590881,257,26.564,0.31,4.686,0,0,768294912,0,5,1,cloister
97.155,15.04,0.875,0.0,20.266,1.047,173,590881,257,26.519,0.31,4.69,0,0,768294912,0,5,1,cloister
97.169,13.232,1.18,0.0,20.266,1.047,173,590881,257,26.474,0.31,4.693,0,0,768294912,0,5,1,cloister
97.183,14.509,0.823,0.0,20.266,1.047,173,590881,257,26.429,0.31,4.697,0,0,768294912,0,5,1,cloister
97.198,14.068,1.215,0.0,20.266,1.047,173,590881,257,26.429,0.31,4.697,0,0,768294912,0,5,1,cloister
97.212,14.919,0.805,0.0,20.266,1.047,173,590881,257,26.384,0.31,4.7,0,0,768294912,0,5,1,cloister
97.226,14.514,1.083,0.0,20.266,1.047,172,590845,256,26.34,0.31,4.703,0,0,768294912,0,5,1,cloister
97.241,21.124,1.186,0.0,20.266,1.047,172,590845,256,26.295,0.31,4.706,0,0,768294912,0,5,1,cloister
97.255,14.729,0.811,0.0,20.266,1.047,171,590725,255,26.25,0.31,4.709,0,0,768294912,0,5,1,cloister
97.27,14.618,1.132,0.0,20.266,1.047,171,590725,255,26.205,0.31,4.712,0,0,768294912,0,5,1,cloister
97.285,14.435,1.109,0.0,20.266,1.047,171,590725,255,26.16,0.31,4.715,0,0,768294912,0,5,1,cloister
97.3,14.348,1.073,0.0,20.266,1.047,171,590725,255,26.115,0.31,4.718,0,0,768294912,0,5,1,cloister
97.315,13.858,1.139,0.0,20.266,1.047,171,590725,255,26.115,0.31,4.718,0,0,768294912,0,5,1,cloister
97.329,15.156,1.072,0.0,20.266,1.047,171,590725,255,26.07,0.31,4.721,0,0,768294912,0,5,1,cloister
97.344,14.35,1.08,0.0,20.266,1.047,171,590725,255,26.025,0.31,4.723,0,0,768294912,0,5,1,cloister
97.358,14.518,1.128,0.0,20.266,1.047,171,590725,255,25.98,0.31,4.726,0,0,768294912,0,5,1,cloister
97.373,15.135,1.09,0.0,20.266,1.047,171,590725,255,25.936,0.31,4.728,0,0,768294912,0,5,1,cloister
97.387,13.918,1.176,0.0,20.266,1.047,171,590725,255,25.891,0.31,4.731,0,0,768294912,0,5,1,cloister
97.402,13.773,1.14,0.0,20.266,1.047,171,590725,255,25.846,0.31,4.733,0,0,768294912,0,5,1,cloister
97.417,14.769,0.727,0.0,20.266,1.047,171,590725,255,25.801,0.31,4.736,0,0,768294912,0,5,1,cloister
97.431,13.595,0.627,0.0,20.266,1.047,171,590725,255,25.801,0.31,4.736,0,0,768294912,0,5,1,cloister
97.446,20.816,0.668,0.0,20.266,1.047,171,590725,255,25.756,0.31,4.738,0,0,768294912,0,5,0,cloister
97.46,8.324,0.548,0.0,20.266,1.047,171,590725,255,25.711,0.31,4.74,0,0,768294912,0,5,0,cloister
97.475,16.401,0.55,0.0,20.266,1.047,172,590727,256,25.666,0.31,4.743,0,0,768294912,0,5,0,cloister
97.49,13.922,0.484,0.0,20.266,1.047,172,590727,256,25.621,0.31,4.745,0,0,768294912,0,5,0,cloister
97.504,14.968,0.478,0.0,20.266,1.047,172,590727,256,25.576,0.31,4.747,0,0,768294912,0,5,0,cloister
97.519,14.87,0.421,0.0,20.266,1.047,172,590727,256,25.531,0.31,4.75,0,0,768294912,0,5,0,cloister
97.533,14.518,0.517,0.0,20.266,1.047,172,590727,256,25.486,0.31,4.752,0,0,768294912,0,5,0,cloister
97.548,14.205,0.404,0.0,20.266,1.047,172,590727,256,25.486,0.31,4.752,0,0,768294912,0,5,0,cloister
97.562,15.616,0.46,0.0,20.266,1.047,172,590727,256,25.441,0.31,4.754,0,0,768294912,0,5,0,cloister
97.577,17.24,0.431,0.0,20.266,1.047,172,590727,256,25.396,0.31,4.756,0,0,768294912,0,5,0,cloister
97.592,11.558,0.401,0.0,20.266,1.047,172,590727,256,25.351,0.31,4.758,0,0,768294912,0,5,0,cloister
97.606,14.722,0.52,0.0,20.266,1.047,172,590727,256,25.306,0.31,4.761,0,0,768294912,0,5,0,cloister
97.621,14.197,0.363,0.0,20.266,1.047,172,590727,256,25.261,0.31,4.763,0,0,768294912,0,5,0,cloister
97.635,14.633,0.381,0.0,20.266,1.047,172,590727,256,25.217,0.31,4.765,0,0,768294912,0,5,0,cloister
97.65,14.144,0.491,0.0,20.266,1.047,172,590727,256,25.172,0.31,4.767,0,0,768294912,0,5,0,cloister
97.665,13.928,0.422,0.0,20.266,1.047,172,590727,256,25.172,0.31,4.767,0,0,768294912,0,5,0,cloister
97.679,15.231,0.47,0.0,20.266,1.047,172,590727,256,25.127,0.31,4.769,0,0,768294912,0,5,0,cloister
97.694,14.307,0.423,0.0,20.266,1.047,171,588635,255,25.082,0.31,4.771,0,0,768294912,0,5,0,cloister
97.708,14.389,0.435,0.0,20.266,1.047,171,588635,255,25.037,0.31,4.773,0,0,768294912,0,5,0,cloister
97.723,14.443,0.588,0.0,20.266,1.047,171,588635,255,24.992,0.31,4.776,0,0,768294912,0,5,0,cloister
97.737,14.469,0.508,0.0,20.266,1.047,171,588635,255,24.947,0.31,4.778,0,0,768294912,0,5,0,cloister
97.752,14.668,0.497,0.0,20.266,1.047,171,588635,255,24.902,0.31,4.78,0,0,768294912,0,5,0,cloister
97.767,14.398,0.42,0.0,20.266,1.047,171,588635,255,24.857,0.31,4.782,0,0,768294912,0,5,0,cloister
97.781,14.289,0.42,0.0,20.266,1.047,171,588471,255,24.857,0.31,4.782,0,0,768294912,0,5,0,cloister
97.796,15.226,0.439,0.0,20.266,1.047,171,588471,255,24.812,0.31,4.784,0,0,768294912,0,5,0,cloister
97.81,14.617,0.605,0.0,20.266,1.047,171,588471,255,24.767,0.31,4.786,0,0,768294912,0,5,0,cloister
97.825,14.715,0.435,0.0,20.266,1.047,171,588471,255,24.722,0.31,4.788,0,0,768294912,0,5,0,cloister
97.84,20.815,0.587,0.0,20.266,1.047,171,588471,255,24.677,0.31,4.79,0,0,768294912,0,5,0,cloister
97.855,14.208,0.63,0.0,20.266,1.047,171,588471,255,24.632,0.31,4.792,0,0,768294912,0,5,0,cloister
97.87,14.957,0.666,0.0,20.266,1.047,171,588471,255,24.587,0.31,4.794,0,0,768294912,0,5,0,cloister
97.884,14.412,0.566,0.0,20.266,1.047,171,588471,255,24.542,0.31,4.796,0,0,768294912,0,5,0,cloister
97.899,13.75,0.658,0.0,20.266,1.047,171,588471,255,24.542,0.31,4.796,0,0,768294912,0,5,0,cloister
97.913,15.509,0.568,0.0,20.266,1.047,171,588471,255,24.497,0.31,4.798,0,0,768294912,0,5,0,cloister
97.928,14.62,0.495,0.0,20.266,1.047,171,588471,255,24.452,0.31,4.8,0,0,768294912,0,5,0,cloister
97.943,14.868,0.601,0.0,20.266,1.047,171,588471,255,24.407,0.31,4.802,0,0,768294912,0,5,0,cloister
97.958,15.024,0.531,0.0,20.266,1.047,171,588471,255,24.362,0.31,4.804,0,0,768294912,0,5,0,cloister
97.972,14.421,0.637,0.0,20.266,1.047,171,588471,255,24.317,0.31,4.806,0,0,768294912,0,5,0,cloister
97.987,14.773,0.669,0.0,20.266,1.047,171,588471,255,24.273,0.31,4.809,0,0,768294912,0,5,0,cloister
98.002,14.75,0.572,0.0,20.266,1.047,172,588473,256,24.228,0.31,4.811,0,0,768294912,0,5,0,cloister
98.016,13.78,0.636,0.0,20.266,1.047,172,588473,256,24.228,0.31,4.811,0,0,768294912,0,5,0,cloister
98.031,15.5,0.585,0.0,20.266,1.047,172,588473,256,24.183,0.31,4.813,0,0,768294912,0,5,0,cloister
98.046,14.662,0.553,0.0,20.266,1.047,172,588473,256,24.138,0.31,4.815,0,0,768294912,0,5,0,cloister
98.06,14.813,0.715,0.0,20.266,1.047,172,588473,256,24.093,0.31,4.817,0,0,768294912,0,5,0,cloister
98.075,14.441,0.688,0.0,20.266,1.047,172,588473,256,24.048,0.31,4.819,0,0,768294912,0,5,0,cloister
98.09,14.541,0.571,0.0,20.266,1.047,172,588473,256,24.003,0.31,4.821,0,0,768294912,0,5,0,cloister
98.104,14.944,0.529,0.0,20.266,1.047,172,588473,256,23.958,0.31,4.823,0,0,768294912,0,5,0,cloister
98.119,14.22,0.514,0.0,20.266,1.047,172,588473,256,23.913,0.31,4.825,0,0,768294912,0,5,0,cloister
98.14,21.05,0.636,0.0,20.269,1.002,172,588473,256,23.868,0.31,4.827,0,0,768294912,0,5,0,cloister
98.155,14.892,0.583,0.0,20.269,1.002,172,588473,256,23.823,0.31,4.829,0,0,768294912,0,5,0,cloister
98.17,14.327,0.535,0.0,20.269,1.002,172,588473,256,23.778,0.31,4.831,0,0,768294912,0,5,0,cloister
98.183,13.473,0.722,0.0,20.269,1.002,172,588473,256,23.778,0.31,4.831,0,0,768294912,0,5,0,cloister
98.198,15.531,0.512,0.0,20.269,1.002,172,588473,256,23.733,0.31,4.833,0,0,768294912,0,5,0,cloister
98.214,14.361,0.528,0.0,20.269,1.002,172,588473,256,23.688,0.31,4.835,0,0,768294912,0,5,0,cloister
98.229,15.471,0.671,0.0,20.269,1.002,172,588473,256,23.643,0.31,4.837,0,0,768294912,0,5,0,cloister
98.244,13.85,0.676,0.0,20.269,1.002,172,588473,256,23.598,0.31,4.839,0,0,768294912,0,5,0,cloister
98.259,14.031,1.115,0.0,20.269,1.002,172,588473,256,23.553,0.31,4.841,0,0,768294912,0,5,0,cloister
98.274,14.231,1.22,0.0,20.269,1.002,172,588473,256,23.508,0.31,4.843,0,0,768294912,0,5,0,cloister
98.289,13.942,1.081,0.0,20.269,1.002,172,588473,256,23.463,0.31,4.845,0,0,768294912,0,5,0,cloister
98.305,14.237,0.78,0.0,20.269,1.002,172,588473,256,23.418,0.31,4.847,0,0,768294912,0,5,0,cloister
98.32,13.92,0.888,0.0,20.269,1.002,171,586381,255,23.373,0.31,4.849,0,0,768294912,0,5,0,cloister
98.335,14.498,1.04,0.0,20.269,1.002,171,586381,255,23.328,0.31,4.851,0,0,768294912,0,5,0,cloister
98.35,13.827,1.03,0.0,20.269,1.002,171,586381,255,23.328,0.31,4.851,0,0,768294912,0,5,0,cloister
98.365,14.925,1.229,0.0,20.269,1.002,171,586381,255,23.284,0.31,4.853,0,0,768294912,0,5,0,cloister
98.38,14.374,1.075,0.0,20.269,1.002,171,586381,255,23.239,0.31,4.855,0,0,768294912,0,5,0,cloister
98.395,14.595,0.985,0.0,20.269,1.002,171,586381,255,23.194,0.31,4.857,0,0,768294912,0,5,0,cloister
98.41,13.85,1.14,0.0,20.269,1.002,171,586381,255,23.149,0.31,4.859,0,0,768294912,0,5,0,cloister
98.425,20.226,0.7,0.0,20.269,1.002,171,586381,255,23.104,0.31,4.861,0,0,768294912,0,5,0,cloister
98.44,14.792,0.537,0.0,20.269,1.002,171,586381,255,23.059,0.31,4.863,0,0,768294912,0,5,0,cloister
98.455,14.699,0.691,0.0,20.269,1.002,171,586381,255,23.014,0.31,4.865,0,0,768294912,0,5,0,cloister
98.47,14.495,1.146,0.0,20.269,1.002,170,584289,254,22.969,0.31,4.867,0,0,768294912,0,5,0,cloister
98.485,13.937,1.059,0.0,20.269,1.002,170,584289,254,22.924,0.31,4.869,0,0,768294912,0,5,0,cloister
98.5,14.305,1.02,0.0,20.269,1.002,170,584289,254,22.924,0.31,4.869,0,0,768294912,0,5,0,cloister
98.515,15.37,1.127,0.0,20.269,1.002,170,584289,254,22.879,0.31,4.871,0,0,768294912,0,5,0,cloister
98.53,14.561,1.085,0.0,20.269,1.002,169,580285,253,22.834,0.31,4.873,0,0,768294912,0,5,0,cloister
98.545,13.812,1.241,0.0,20.269,1.002,169,580285,253,22.789,0.31,4.875,0,0,768294912,0,5,0,cloister
98.56,14.71,0.682,0.0,20.269,1.002,169,580285,253,22.744,0.31,4.877,0,0,768294912,0,5,0,cloister
98.575,14.703,0.635,0.0,20.269,1.002,169,580285,253,22.699,0.31,4.879,0,0,768294912,0,5,0,cloister
98.59,13.989,1.112,0.0,20.269,1.002,169,580285,253,22.654,0.31,4.881,0,0,768294912,0,5,0,cloister
98.605,14.457,0.986,0.0,20.269,1.002,169,580285,253,22.609,0.31,4.883,0,0,768294912,0,5,0,cloister
98.62,15.775,0.997,0.0,20.269,1.002,169,580285,253,22.564,0.31,4.885,0,0,768294912,0,5,0,cloister
98.635,12.768,1.318,0.0,20.269,1.002,169,580285,253,22.519,0.31,4.887,0,0,768294912,0,5,0,cloister
98.65,13.712,1.054,0.0,20.269,1.002,169,580285,253,22.519,0.31,4.887,0,0,768294912,0,5,0,cloister
98.665,15.288,0.973,0.0,20.269,1.002,169,580285,253,22.474,0.31,4.889,0,0,768294912,0,5,0,cloister
98.68,14.485,1.138,0.0,20.269,1.002,169,580285,253,22.429,0.31,4.891,0,0,768294912,0,5,0,cloister
98.695,14.546,1.209,0.0,20.269,1.002,169,580285,253,22.384,0.31,4.893,0,0,768294912,0,5,0,cloister
98.709,14.27,0.982,0.0,20.269,1.002,169,580285,253,22.339,0.31,4.895,0,0,768294912,0,5,0,cloister
98.724,19.255,1.378,0.0,20.269,1.002,169,580285,253,22.295,0.31,4.897,0,0,768294912,0,5,0,cloister
98.739,14.261,0.788,0.0,20.269,1.002,169,580285,253,22.25,0.31,4.899,0,0,768294912,0,5,0,cloister
98.754,14.484,0.595,0.0,20.269,1.002,169,580285,253,22.205,0.31,4.901,0,0,768294912,0,5,0,cloister
98.769,14.723,0.506,0.0,20.269,1.002,169,580285,253,22.16,0.31,4.903,0,0,768294912,0,5,0,cloister
98.784,14.239,0.547,0.0,20.269,1.002,169,580285,253,22.115,0.31,4.905,0,0,768294912,0,5,0,cloister
98.799,13.987,0.468,0.0,20.269,1.002,169,580285,253,22.115,0.31,4.905,0,0,768294912,0,5,0,cloister
98.814,15.168,0.533,0.0,20.269,1.002,169,580285,253,22.07,0.31,4.907,0,0,768294912,0,5,0,cloister
98.829,14.479,0.6,0.0,20.269,1.002,169,580285,253,22.025,0.31,4.909,0,0,768294912,0,5,0,cloister
98.844,14.672,0.625,0.0,20.269,1.002,165,580165,193,21.98,0.31,4.911,0,0,768294912,0,5,0,cloister
98.859,14.538,0.514,0.0,20.269,1.002,165,580165,193,21.935,0.31,4.913,0,0,768294912,0,5,0,cloister
98.874,14.623,0.578,0.0,20.269,1.002,165,580165,193,21.89,0.31,4.915,0,0,768294912,0,5,0,cloister
98.888,14.348,0.522,0.0,20.269,1.002,165,580165,193,21.845,0.31,4.917,0,0,768294912,0,5,0,cloister
98.903,14.181,0.668,0.0,20.269,1.002,165,580165,193,21.8,0.31,4.919,0,0,768294912,0,5,0,cloister
98.917,14.172,0.599,0.0,20.269,1.002,165,580165,193,21.755,0.31,4.921,0,0,768294912,0,5,0,cloister
98.932,14.243,0.539,0.0,20.269,1.002,165,580165,193,21.755,0.31,4.921,0,0,768294912,0,5,0,cloister
98.946,16.208,0.595,0.0,20.269,1.002,165,580165,193,21.71,0.31,4.923,0,0,768294912,0,5,0,cloister
98.96,13.235,0.605,0.0,20.269,1.002,165,580165,193,21.665,0.31,4.925,0,0,768294912,0,5,0,cloister
98.974,14.024,0.654,0.0,20.269,1.002,165,580165,193,21.62,0.31,4.927,0,0,768294912,0,5,0,cloister
98.989,14.829,1.018,0.0,20.269,1.002,165,580165,193,21.575,0.31,4.93,0,0,768294912,0,5,0,cloister
99.003,14.053,0.802,0.0,20.269,1.002,165,580165,193,21.53,0.31,4.932,0,0,768294912,0,5,0,cloister
99.018,21.141,1.227,0.0,20.269,1.002,165,580165,193,21.485,0.31,4.934,0,0,768294912,0,5,0,cloister
99.033,14.225,0.874,0.0,20.269,1.002,165,580165,193,21.44,0.31,4.936,0,0,768294912,0,5,0,cloister
99.05,13.127,1.325,0.0,20.269,1.002,165,580165,193,21.395,0.31,4.938,0,0,768294912,0,5,0,cloister
99.065,13.658,0.978,0.0,20.269,1.002,165,580165,193,21.395,0.31,4.938,0,0,768294912,0,5,0,cloister
99.08,16.395,1.31,0.0,20.269,1.002,165,580165,193,21.35,0.31,4.94,0,0,768294912,0,5,0,cloister
99.094,13.043,0.783,0.0,20.269,1.002,165,580165,193,21.306,0.31,4.942,0,0,768294912,0,5,0,cloister
99.109,14.369,1.044,0.0,20.269,1.002,165,580165,193,21.261,0.31,4.944,0,0,768294912,0,5,0,cloister
99.124,14.587,0.677,0.0,20.269,1.002,165,580165,193,21.216,0.31,4.946,0,0,768294912,0,5,0,cloister
99.138,13.804,0.689,0.0,20.269,1.002,165,580165,193,21.171,0.31,4.948,0,0,768294912,0,5,0,cloister
99.152,14.076,0.519,0.0,19.421,1.929,165,580165,193,21.126,0.31,4.95,0,0,768294912,0,5,0,cloister
99.166,13.819,0.535,0.0,19.421,1.929,165,580165,193,21.126,0.31,4.95,0,0,768294912,0,5,0,cloister
99.181,15.029,0.32,0.0,19.421,1.929,165,580165,193,21.081,0.31,4.952,0,0,768294912,0,5,0,cloister
99.195,14.383,0.493,0.0,19.421,1.929,165,580165,193,21.036,0.31,4.954,0,0,768294912,0,5,0,cloister
99.209,14.582,0.408,0.0,19.421,1.929,165,580165,193,20.991,0.31,4.956,0,0,768294912,0,5,0,cloister
99.223,14.099,0.39,0.0,19.421,1.929,165,580165,193,20.946,0.31,4.958,0,0,768294912,0,5,0,cloister
99.238,14.386,0.449,0.0,19.421,1.929,165,580165,193,20.901,0.31,4.96,0,0,768294912,0,5,0,cloister
99.252,14.54,0.452,0.0,19.421,1.929,165,580165,193,20.856,0.31,4.962,0,0,768294912,0,5,0,cloister
99.266,13.57,0.476,0.0,19.421,1.929,165,580165,193,20.856,0.31,4.962,0,0,768294912,0,5,0,cloister
99.281,15.106,0.534,0.0,19.421,1.929,165,580165,193,20.811,0.31,4.964,0,0,768294912,0,5,0,cloister
99.295,14.183,0.417,0.0,19.421,1.929,165,580165,193,20.766,0.31,4.966,0,0,768294912,0,5,0,cloister
99.309,14.343,0.49,0.0,19.421,1.929,165,580165,193,20.721,0.31,4.968,0,0,768294912,0,5,0,cloister
99.323,21.092,0.513,0.0,19.421,1.929,165,580165,193,20.676,0.31,4.97,0,0,768294912,0,5,0,cloister
99.338,14.386,0.595,0.0,19.421,1.929,164,580129,192,20.631,0.31,4.972,0,0,768294912,0,5,0,cloister
99.352,14.511,0.509,0.0,19.421,1.929,164,580129,192,20.586,0.31,4.974,0,0,768294912,0,5,0,cloister
99.366,13.815,0.533,0.0,19.421,1.929,164,580129,192,20.586,0.31,4.974,0,0,768294912,0,5,0,cloister
99.381,14.974,0.519,0.0,19.421,1.929,164,580129,192,20.541,0.31,4.976,0,0,768294912,0,5,0,cloister
99.395,14.587,0.534,0.0,19.421,1.929,164,580129,192,20.496,0.31,4.978,0,0,768294912,0,5,0,cloister
99.409,14.585,0.586,0.0,19.421,1.929,164,580129,192,20.451,0.31,4.98,0,0,768294912,0,5,0,cloister
99.424,14.358,0.65,0.0,19.421,1.929,164,580129,192,20.406,0.31,4.982,0,0,768294912,0,5,0,cloister
99.438,14.384,0.528,0.0,19.421,1.929,164,580129,192,20.362,0.31,4.984,0,0,768294912,0,5,0,cloister
99.453,14.576,0.527,0.0,19.421,1.929,164,580129,192,20.317,0.31,4.986,0,0,768294912,0,5,0,cloister
99.467,14.695,0.612,0.0,19.421,1.929,163,580093,191,20.272,0.31,4.987,0,0,768294912,0,5,0,cloister
99.482,13.532,0.485,0.0,19.421,1.929,163,580093,191,20.272,0.31,4.987,0,0,768294912,0,5,0,cloister
99.496,15.202,0.495,0.0,19.421,1.929,163,580093,191,20.227,0.31,4.989,0,0,768294912,0,5,0,cloister
99.511,14.504,0.611,0.0,19.421,1.929,162,572483,190,20.182,0.31,4.991,0,0,768294912,0,5,0,cloister
99.525,14.328,0.613,0.0,19.421,1.929,162,572483,190,20.137,0.31,4.992,0,0,768294912,0,5,0,cloister
99.539,15.422,0.569,0.0,19.421,1.929,162,572483,190,20.092,0.31,4.994,0,0,768294912,0,5,0,cloister
99.554,14.33,0.87,0.0,19.421,1.929,162,572483,190,20.047,0.31,4.995,0,0,768294912,0,5,0,cloister
99.569,14.388,1.058,0.0,19.421,1.929,162,572483,190,20.002,0.31,4.997,0,0,768294912,0,5,0,cloister
99.583,15.691,1.83,0.0,19.421,1.929,162,572483,190,20.002,0.31,4.997,0,0,768294912,0,5,0,cloister
99.597,12.862,0.934,0.0,19.421,1.929,162,572483,190,19.957,0.31,4.998,0,0,768294912,0,5,0,cloister
99.612,14.501,1.517,0.0,19.421,1.929,162,572483,190,19.912,0.31,4.999,0,0,768294912,0,5,0,cloister
99.627,21.152,0.766,0.0,19.421,1.929,162,572483,190,19.867,0.31,5.001,0,0,768294912,0,5,0,cloister
99.641,14.259,0.68,0.0,19.421,1.929,162,572483,190,19.822,0.31,5.002,0,0,768294912,0,5,0,cloister
99.656,15.148,1.393,0.0,19.421,1.929,162,572483,190,19.777,0.31,5.003,0,0,768294912,0,5,0,cloister
99.67,13.505,1.195,0.0,19.421,1.929,162,572483,190,19.732,0.31,5.004,0,0,768294912,0,5,0,cloister
99.685,16.506,1.061,0.0,19.421,1.929,162,572483,190,19.687,0.31,5.005,0,0,768294912,0,5,0,cloister
99.699,11.671,0.695,0.0,19.421,1.929,162,572483,190,19.687,0.31,5.005,0,0,768294912,0,5,0,cloister
99.714,15.595,0.996,0.0,19.421,1.929,162,572483,190,19.642,0.31,5.006,0,0,768294912,0,5,0,cloister
99.729,14.531,0.637,0.0,19.421,1.929,162,572483,190,19.597,0.31,5.007,0,0,768294912,0,5,0,cloister
99.743,14.009,0.721,0.0,19.421,1.929,162,572483,190,19.552,0.31,5.008,0,0,768294912,0,5,0,cloister
99.758,14.277,0.631,0.0,19.421,1.929,161,572481,189,19.507,0.31,5.009,0,0,768294912,0,5,0,cloister
99.772,14.509,0.618,0.0,19.421,1.929,161,572481,189,19.462,0.31,5.01,0,0,768294912,0,5,0,cloister
99.787,14.384,0.494,0.0,19.421,1.929,161,572481,189,19.417,0.31,5.011,0,0,768294912,0,5,0,cloister
99.802,14.354,0.65,0.0,19.421,1.929,161,572481,189,19.372,0.31,5.012,0,0,768294912,0,5,0,cloister
99.816,13.696,0.542,0.0,19.421,1.929,161,572481,189,19.372,0.31,5.012,0,0,768294912,0,5,0,cloister
99.831,15.274,0.486,0.0,19.421,1.929,161,572481,189,19.327,0.31,5.013,0,0,768294912,0,5,0,cloister
99.845,14.394,0.659,0.0,19.421,1.929,161,572481,189,19.282,0.31,5.014,0,0,768294912,0,5,0,cloister
99.86,14.347,0.488,0.0,19.421,1.929,161,572481,189,19.237,0.31,5.014,0,0,768294912,0,5,0,cloister
99.874,15.008,0.505,0.0,19.421,1.929,161,572481,189,19.192,0.31,5.015,0,0,768294912,0,5,0,cloister
99.889,13.963,0.609,0.0,19.421,1.929,161,572481,189,19.147,0.31,5.016,0,0,768294912,0,5,0,cloister
99.904,20.028,0.598,0.0,19.421,1.929,161,572481,189,19.102,0.31,5.017,0,0,768294912,0,5,0,cloister
99.919,14.487,0.49,0.0,19.421,1.929,160,572445,188,19.057,0.31,5.018,0,0,768294912,0,5,0,cloister
99.934,14.589,0.538,0.0,19.421,1.929,160,572445,188,19.012,0.31,5.018,0,0,768294912,0,5,0,cloister
99.949,14.034,0.723,0.0,19.421,1.929,160,572445,188,19.012,0.31,5.018,0,0,768294912,0,5,0,cloister
99.963,16.022,0.587,0.0,19.421,1.929,160,572445,188,18.967,0.31,5.019,0,0,768294912,0,5,0,cloister
99.978,14.363,0.772,0.0,19.421,1.929,160,572445,188,18.922,0.31,5.02,0,0,768294912,0,5,0,cloister
99.993,13.653,1.028,0.0,19.421,1.929,159,572409,187,18.877,0.31,5.021,0,0,768294912,0,5,0,cloister
100.008,14.549,0.706,0.0,19.421,1.929,159,572409,187,18.832,0.31,5.021,0,0,768294912,0,5,0,cloister
100.023,14.374,0.567,0.0,19.421,1.929,159,572409,187,18.787,0.31,5.022,0,0,768294912,0,5,0,cloister
100.037,14.679,0.609,0.0,19.421,1.929,158,572365,186,18.742,0.31,5.023,0,0,768294912,0,5,0,cloister
100.052,14.193,1.132,0.0,19.421,1.929,157,572341,185,18.697,0.31,5.024,0,0,768294912,0,5,0,cloister
100.067,14.226,1.173,0.0,19.421,1.929,157,572341,185,18.652,0.31,5.024,0,0,768294912,0,5,0,cloister
100.082,14.182,0.829,0.0,19.421,1.929,157,572341,185,18.652,0.31,5.024,0,0,768294912,0,5,0,cloister
100.097,14.547,1.005,0.0,19.421,1.929,157,572341,185,18.607,0.31,5.025,0,0,768294912,0,5,0,cloister
100.112,14.552,1.16,0.0,19.421,1.929,157,572341,185,18.562,0.31,5.026,0,0,768294912,0,5,0,cloister
100.126,14.891,1.327,0.0,19.421,1.929,158,572343,186,18.517,0.31,5.026,0,0,768294912,0,5,0,cloister
100.141,13.571,0.821,0.0,20.3,1.224,158,572343,186,18.472,0.31,5.027,0,0,768294912,0,5,0,cloister
100.156,14.11,1.116,0.0,20.3,1.224,158,572343,186,18.427,0.31,5.028,0,0,768294912,0,5,0,cloister
100.171,14.33,0.994,0.0,20.3,1.224,158,572343,186,18.382,0.31,5.029,0,0,768294912,0,5,0,cloister
100.186,15.104,1.51,0.0,20.3,1.224,158,572343,186,18.337,0.31,5.029,0,0,768294912,0,5,0,cloister
100.2,20.546,0.815,0.0,20.3,1.224,158,572343,186,18.292,0.31,5.03,0,0,768294912,0,5,0,cloister
100.215,13.482,0.714,0.0,20.3,1.224,158,572343,186,18.292,0.31,5.03,0,0,768294912,0,5,0,cloister
100.23,15.377,0.919,0.0,20.3,1.224,158,572343,186,18.247,0.31,5.031,0,0,768294912,0,5,0,cloister
100.245,14.224,1.988,0.0,20.3,1.224,158,572343,186,18.202,0.31,5.031,0,0,768294912,0,5,0,cloister
100.26,13.764,0.977,0.0,20.3,1.224,158,572343,186,18.157,0.31,5.032,0,0,768294912,0,5,0,cloister
100.274,16.916,1.309,0.0,20.3,1.224,158,572343,186,18.112,0.31,5.033,0,0,768294912,0,5,0,cloister
100.289,11.638,0.658,0.0,20.3,1.224,157,572341,185,18.067,0.31,5.033,0,0,768294912,0,5,0,cloister
100.304,14.02,0.815,0.0,20.3,1.224,157,572341,185,18.022,0.31,5.034,0,0,768294912,0,5,0,cloister
100.319,14.219,0.677,0.0,20.3,1.224,157,572341,185,17.977,0.31,5.035,0,0,768294912,0,5,0,cloister
100.334,14.198,0.445,0.0,20.3,1.224,157,572341,185,17.932,0.31,5.035,0,0,768294912,0,5,0,cloister
100.349,13.664,0.351,0.0,20.3,1.224,155,572181,183,17.932,0.31,5.035,0,0,768294912,0,5,0,cloister
100.363,15.486,0.362,0.0,20.3,1.224,155,572181,183,17.887,0.31,5.036,0,0,768294912,0,5,0,cloister
100.378,14.594,0.349,0.0,20.3,1.224,154,572145,182,17.842,0.31,5.037,0,0,768294912,0,5,0,cloister
100.393,14.361,0.46,0.0,20.3,1.224,153,572109,181,17.797,0.31,5.037,0,0,768294912,0,5,0,cloister
100.408,14.264,0.325,0.0,20.3,1.224,153,572109,181,17.752,0.31,5.038,0,0,768294912,0,5,0,cloister
100.423,14.162,0.334,0.0,20.3,1.224,153,572109,181,17.707,0.31,5.039,0,0,768294912,0,5,0,cloister
100.437,14.309,0.443,0.0,20.3,1.224,153,572109,181,17.662,0.31,5.039,0,0,768294912,0,5,0,cloister
100.452,13.934,0.334,0.0,20.3,1.224,153,572109,181,17.617,0.31,5.04,0,0,768294912,0,5,0,cloister
100.466,13.775,0.326,0.0,20.3,1.224,153,572109,181,17.617,0.31,5.04,0,0,768294912,0,5,0,cloister
100.481,14.592,0.307,0.0,20.3,1.224,153,572109,181,17.572,0.31,5.041,0,0,768294912,0,5,0,cloister
100.495,14.505,0.365,0.0,20.3,1.224,153,572109,181,17.527,0.31,5.041,0,0,768294912,0,5,0,cloister
100.51,20.588,0.416,0.0,20.3,1.224,152,571989,180,17.482,0.31,5.042,0,0,768294912,0,5,0,cloister
100.525,14.348,0.365,0.0,20.3,1.224,151,571965,179,17.437,0.31,5.043,0,0,768294912,0,5,0,cloister
100.54,14.394,0.531,0.0,20.3,1.224,151,571965,179,17.392,0.31,5.043,0,0,768294912,0,5,0,cloister
100.555,14.044,0.561,0.0,20.3,1.224,151,573165,179,17.347,0.31,5.044,0,0,768294912,0,5,0,cloister
100.57,14.168,0.42,0.0,20.3,1.224,151,573165,179,17.302,0.31,5.045,0,0,768294912,0,5,0,cloister
100.584,14.299,0.413,0.0,20.3,1.224,151,573165,179,17.257,0.31,5.045,0,0,768294912,0,5,0,cloister
100.599,13.357,0.555,0.0,20.3,1.224,151,573165,179,17.257,0.31,5.045,0,0,768294912,0,5,0,cloister
100.614,15.105,0.505,0.0,20.3,1.224,151,573165,179,17.212,0.31,5.046,0,0,768294912,0,5,0,cloister
100.628,14.031,0.485,0.0,20.3,1.224,151,573165,179,17.167,0.31,5.047,0,0,768294912,0,5,0,cloister
100.643,14.0,0.521,0.0,20.3,1.224,150,573045,178,17.122,0.31,5.047,0,0,768294912,0,5,0,cloister
100.657,14.346,0.457,0.0,20.3,1.224,150,573045,178,17.077,0.31,5.048,0,0,768294912,0,5,0,cloister
100.672,14.354,0.629,0.0,20.3,1.224,150,573045,178,17.032,0.31,5.049,0,0,768294912,0,5,0,cloister
100.687,14.372,0.548,0.0,20.3,1.224,149,572965,177,16.987,0.31,5.049,0,0,768294912,0,5,0,cloister
100.701,14.096,0.556,0.0,20.3,1.224,149,572965,177,16.942,0.31,5.05,0,0,768294912,0,5,0,cloister
100.716,13.79,0.695,0.0,20.3,1.224,148,572929,176,16.942,0.31,5.05,0,0,768294912,0,5,0,cloister
100.73,14.989,0.618,0.0,20.3,1.224,148,572929,176,16.897,0.31,5.051,0,0,768294912,0,5,0,cloister
100.745,13.633,1.227,0.0,20.3,1.224,148,572929,176,16.852,0.31,5.051,0,0,768294912,0,5,0,cloister
100.76,14.375,0.949,0.0,20.3,1.224,148,572929,176,16.807,0.31,5.052,0,0,768294912,0,5,0,cloister
100.774,13.854,0.649,0.0,20.3,1.224,148,572929,176,16.762,0.31,5.053,0,0,768294912,0,5,0,cloister
100.789,14.762,0.47,0.0,20.3,1.224,148,572929,176,16.717,0.31,5.053,0,0,768294912,0,5,0,cloister
100.804,20.152,0.552,0.0,20.3,1.224,148,572929,176,16.672,0.31,5.054,0,0,768294912,0,5,0,cloister
100.818,14.091,0.527,0.0,20.3,1.224,148,572929,176,16.627,0.31,5.055,0,0,768294912,0,5,0,cloister
100.833,13.831,0.504,0.0,20.3,1.224,148,572929,176,16.627,0.31,5.055,0,0,768294912,0,5,0,cloister
100.848,14.734,0.524,0.0,20.3,1.224,148,572929,176,16.582,0.31,5.055,0,0,768294912,0,5,0,cloister
100.862,14.576,0.568,0.0,20.3,1.224,148,572929,176,16.537,0.31,5.056,0,0,768294912,0,5,0,cloister
100.877,14.786,0.568,0.0,20.3,1.224,147,572927,175,16.492,0.31,5.057,0,0,768294912,0,5,0,cloister
100.891,13.759,0.687,0.0,20.3,1.224,146,572925,174,16.447,0.31,5.057,0,0,768294912,0,5,0,cloister
100.906,14.228,0.93,0.0,20.3,1.224,146,572925,174,16.402,0.31,5.058,0,0,768294912,0,5,0,cloister
100.92,15.648,1.304,0.0,20.3,1.224,146,572925,174,16.357,0.31,5.059,0,0,768294912,0,5,0,cloister
100.935,12.89,0.633,0.0,20.3,1.224,145,572805,173,16.312,0.31,5.059,0,0,768294912,0,5,0,cloister
100.95,17.096,1.226,0.0,20.3,1.224,145,572805,173,16.312,0.31,5.059,0,0,768294912,0,5,0,cloister
100.964,13.601,0.654,0.0,20.3,1.224,145,572805,173,16.267,0.31,5.06,0,0,768294912,0,5,0,cloister
100.979,12.581,1.04,0.0,20.3,1.224,145,572805,173,16.222,0.31,5.061,0,0,768294912,0,5,0,cloister
100.993,15.432,0.995,0.0,20.3,1.224,145,572805,173,16.177,0.31,5.061,0,0,768294912,0,5,0,cloister
101.008,13.614,0.934,0.0,20.3,1.224,145,572805,173,16.132,0.31,5.062,0,0,768294912,0,5,0,cloister
101.023,13.711,1.255,0.0,20.3,1.224,145,572805,173,16.087,0.31,5.063,0,0,768294912,0,5,0,cloister
101.037,14.512,0.898,0.0,20.3,1.224,145,572805,173,16.042,0.31,5.063,0,0,768294912,0,5,0,cloister
101.052,14.769,1.045,0.0,20.3,1.224,145,572805,173,15.997,0.31,5.064,0,0,768294912,0,5,0,cloister
101.066,12.959,0.707,0.0,20.3,1.224,145,572805,173,15.997,0.31,5.064,0,0,768294912,0,5,0,cloister
101.081,21.319,0.924,0.0,20.3,1.224,145,572805,173,15.952,0.31,5.065,0,0,768294912,0,5,0,cloister
101.096,12.793,1.027,0.0,20.3,1.224,145,572805,173,15.907,0.31,5.065,0,0,768294912,0,5,0,cloister
101.11,14.439,1.247,0.0,20.3,1.224,144,572781,172,15.862,0.31,5.066,0,0,768294912,0,5,0,cloister
101.125,14.204,1.012,0.0,20.3,1.224,144,572781,172,15.817,0.31,5.067,0,0,768294912,0,5,0,cloister
101.139,14.095,1.03,0.0,19.89,2.305,143,572757,171,15.772,0.31,5.067,0,0,768294912,0,5,0,cloister
101.154,18.425,1.151,0.0,19.89,2.305,143,572757,171,15.727,0.31,5.068,0,0,768294912,0,5,0,cloister
101.168,9.555,1.04,0.0,19.89,2.305,142,572433,170,15.682,0.31,5.069,0,0,768294912,0,5,0,cloister
101.183,13.639,1.37,0.0,19.89,2.305,141,572145,169,15.682,0.31,5.069,0,0,768294912,0,5,0,cloister
101.198,15.024,0.723,0.0,19.89,2.305,141,572145,169,15.638,0.31,5.069,0,0,768294912,0,5,0,cloister
101.212,13.431,1.352,0.0,19.89,2.305,141,572145,169,15.593,0.31,5.07,0,0,768294912,0,5,0,cloister
101.227,15.02,0.99,0.0,19.89,2.305,141,572145,169,15.548,0.31,5.071,0,0,768294912,0,5,0,cloister
101.241,14.243,0.673,0.0,19.89,2.305,141,572145,169,15.503,0.31,5.071,0,0,768294912,0,5,0,cloister
101.256,14.368,1.135,0.0,19.89,2.305,141,572145,169,15.458,0.31,5.072,0,0,768294912,0,5,0,cloister
101.271,13.119,0.735,0.0,19.89,2.305,141,572145,169,15.413,0.31,5.073,0,0,768294912,0,5,0,cloister
101.285,13.818,0.943,0.0,19.89,2.305,141,572145,169,15.368,0.31,5.073,0,0,768294912,0,5,0,cloister
101.3,13.878,0.931,0.0,19.89,2.305,141,572145,169,15.368,0.31,5.073,0,0,768294912,0,5,0,cloister
101.314,15.181,0.589,0.0,19.89,2.305,141,572145,169,15.323,0.31,5.074,0,0,768294912,0,5,0,cloister
101.329,13.071,0.966,0.0,19.89,2.305,141,572145,169,15.278,0.31,5.075,0,0,768294912,0,5,0,cloister
101.343,14.269,0.528,0.0,19.89,2.305,142,572169,170,15.233,0.31,5.075,0,0,768294912,0,5,0,cloister
101.358,15.467,0.454,0.0,19.89,2.305,142,572169,170,15.188,0.31,5.076,0,0,768294912,0,5,0,cloister
101.373,14.173,0.667,0.0,19.89,2.305,142,572169,170,15.143,0.31,5.077,0,0,768294912,0,5,0,cloister
101.387,22.784,1.141,0.0,19.89,2.305,142,572169,170,15.098,0.31,5.077,0,0,768294912,0,5,0,cloister
101.402,11.631,0.997,0.0,19.89,2.305,142,572169,170,15.053,0.31,5.078,0,0,768294912,0,5,0,cloister
101.416,13.89,0.573,0.0,19.89,2.305,142,572169,170,15.053,0.31,5.078,0,0,768294912,0,5,0,cloister
101.431,15.283,1.013,0.0,19.89,2.305,142,572169,170,15.008,0.31,5.079,0,0,768294912,0,5,0,cloister
101.446,13.919,1.154,0.0,19.89,2.305,142,572169,170,14.963,0.31,5.079,0,0,768294912,0,5,0,cloister
101.46,14.541,1.603,0.0,19.89,2.305,143,572866,171,14.918,0.31,5.08,0,0,768294912,0,5,0,cloister
101.475,15.17,0.716,0.0,19.89,2.305,143,572866,171,14.873,0.31,5.081,0,0,768294912,0,5,0,cloister
101.489,14.355,1.101,0.0,19.89,2.305,143,572866,171,14.828,0.31,5.081,0,0,768294912,0,5,0,cloister
101.504,14.292,1.154,0.0,19.89,2.305,144,575465,172,14.783,0.31,5.082,0,0,768294912,0,5,0,cloister
101.518,14.541,0.984,0.0,19.89,2.305,144,575465,172,14.738,0.31,5.083,0,0,768294912,0,5,0,cloister
101.533,14.078,1.107,0.0,19.89,2.305,145,575815,173,14.738,0.31,5.083,0,0,768294912,0,5,0,cloister
101.548,14.892,1.639,0.0,19.89,2.305,145,575815,173,14.693,0.31,5.083,0,0,768294912,0,5,0,cloister
101.562,14.488,1.895,0.0,19.89,2.305,144,572479,172,14.648,0.31,5.084,0,0,768294912,0,5,0,cloister
101.577,13.706,1.015,0.0,19.89,2.305,144,572479,172,14.603,0.31,5.085,0,0,768294912,0,5,0,cloister
101.591,14.458,0.939,0.0,19.89,2.305,144,572479,172,14.558,0.31,5.085,0,0,768294912,0,5,0,cloister
101.606,14.708,1.059,0.0,19.89,2.305,143,569787,171,14.513,0.31,5.086,0,0,768294912,0,5,0,cloister
101.621,13.445,0.998,0.0,19.89,2.305,143,569787,171,14.468,0.31,5.087,0,0,768294912,0,5,0,cloister
101.635,15.428,1.029,0.0,19.89,2.305,143,569787,171,14.423,0.31,5.087,0,0,768294912,0,5,0,cloister
101.65,13.427,0.487,0.0,19.89,2.305,143,569787,171,14.423,0.31,5.087,0,0,768294912,0,5,0,cloister
101.664,14.798,0.49,0.0,19.89,2.305,143,569787,171,14.378,0.31,5.088,0,0,768294912,0,5,0,cloister
101.679,13.842,1.005,0.0,19.89,2.305,144,569807,172,14.333,0.31,5.089,0,0,768294912,0,5,0,cloister
101.693,21.127,1.272,0.0,19.89,2.305,144,569807,172,14.288,0.31,5.089,0,0,768294912,0,5,0,cloister
101.708,14.509,1.437,0.0,19.89,2.305,144,569807,172,14.243,0.31,5.09,0,0,768294912,0,5,0,cloister
101.723,13.459,1.004,0.0,19.89,2.305,144,569807,172,14.198,0.31,5.091,0,0,768294912,0,5,0,cloister
101.737,14.139,0.964,0.0,19.89,2.305,144,569807,172,14.153,0.31,5.091,0,0,768294912,0,5,0,cloister
101.752,14.451,0.593,0.0,19.89,2.305,144,569807,172,14.108,0.31,5.092,0,0,768294912,0,5,0,cloister
101.766,13.481,0.495,0.0,19.89,2.305,144,580207,172,14.108,0.31,5.092,0,0,768294912,0,5,0,cloister
101.781,14.889,0.609,0.0,19.89,2.305,144,580207,172,14.063,0.31,5.093,0,0,768294912,0,5,0,cloister
101.796,14.308,0.556,0.0,19.89,2.305,144,580207,172,14.018,0.31,5.093,0,0,768294912,0,5,0,cloister
101.81,14.268,0.466,0.0,19.89,2.305,144,580207,172,13.973,0.31,5.094,0,0,768294912,0,5,0,cloister
101.825,13.906,0.591,0.0,19.89,2.305,144,580207,172,13.928,0.31,5.095,0,0,768294912,0,5,0,cloister
101.839,14.522,0.478,0.0,19.89,2.305,144,580207,172,13.883,0.31,5.095,0,0,768294912,0,5,0,cloister
101.854,14.221,0.496,0.0,19.89,2.305,144,580207,172,13.838,0.31,5.096,0,0,768294912,0,5,0,cloister
101.868,20.295,0.58,0.0,19.89,2.305,144,580207,172,13.793,0.31,5.097,0,0,768294912,0,5,0,cloister
101.883,7.882,0.494,0.0,19.89,2.305,144,583007,172,13.793,0.31,5.097,0,0,768294912,0,5,0,cloister
101.898,14.764,0.405,0.0,19.89,2.305,144,583007,172,13.748,0.31,5.097,0,0,768294912,0,5,0,cloister
101.912,14.475,0.409,0.0,19.89,2.305,144,583015,172,13.703,0.31,5.098,0,0,768294912,0,5,0,cloister
101.927,14.466,0.424,0.0,19.89,2.305,143,580947,171,13.658,0.31,5.098,0,0,768294912,0,5,0,cloister
101.941,14.146,0.535,0.0,19.89,2.305,144,581746,172,13.613,0.31,5.099,0,0,768294912,0,5,0,cloister
101.956,14.287,0.534,0.0,19.89,2.305,144,581746,172,13.568,0.31,5.1,0,0,768294912,0,5,0,cloister
101.971,14.207,0.468,0.0,19.89,2.305,144,581746,172,13.523,0.31,5.1,0,0,768294912,0,5,0,cloister
101.985,20.822,0.546,0.0,19.89,2.305,145,581770,173,13.478,0.31,5.101,0,0,768294912,0,5,0,cloister
102.0,13.397,0.388,0.0,19.89,2.305,145,581770,173,13.478,0.31,5.101,0,0,768294912,0,5,0,cloister
102.014,14.935,0.416,0.0,19.89,2.305,145,581770,173,13.433,0.31,5.102,0,0,768294912,0,5,0,cloister
102.029,14.526,0.585,0.0,19.89,2.305,145,581770,173,13.388,0.31,5.102,0,0,768294912,0,5,0,cloister
102.043,13.914,0.441,0.0,19.89,2.305,146,581772,174,13.343,0.31,5.103,0,0,768294912,0,5,0,cloister
102.058,14.38,0.51,0.0,19.89,2.305,146,581772,174,13.298,0.31,5.104,0,0,768294912,0,5,0,cloister
102.073,14.479,0.593,0.0,19.89,2.305,146,581772,174,13.253,0.31,5.104,0,0,768294912,0,5,0,cloister
102.087,14.407,0.533,0.0,19.89,2.305,146,581772,174,13.208,0.31,5.105,0,0,768294912,0,5,0,cloister
102.102,14.564,0.428,0.0,19.89,2.305,146,581772,174,13.163,0.31,5.106,0,0,768294912,0,5,0,cloister
102.116,13.777,0.486,0.0,19.89,2.305,146,581772,174,13.163,0.31,5.106,0,0,768294912,0,5,0,cloister
102.131,14.825,0.545,0.0,19.89,2.305,146,581772,174,13.118,0.31,5.106,0,0,768294912,0,5,0,cloister
102.146,14.445,0.52,0.0,20.301,5.27,146,581772,174,13.073,0.31,5.107,0,0,768294912,0,5,0,cloister
102.16,14.51,0.457,0.0,20.301,5.27,146,581772,174,13.028,0.31,5.108,0,0,768294912,0,5,0,cloister
102.175,14.626,0.571,0.0,20.301,5.27,146,581772,174,12.983,0.31,5.108,0,0,768294912,0,5,0,cloister
102.189,13.793,0.59,0.0,20.301,5.27,146,581772,174,12.938,0.31,5.109,0,0,768294912,0,5,0,cloister
102.204,14.066,0.75,0.0,20.301,5.27,146,581772,174,12.893,0.31,5.11,0,0,768294912,0,5,0,cloister
102.218,14.397,0.555,0.0,20.301,5.27,146,581772,174,12.848,0.31,5.11,0,0,768294912,0,5,0,cloister
102.233,13.594,0.528,0.0,20.301,5.27,146,581772,174,12.848,0.31,5.11,0,0,768294912,0,5,0,cloister
102.248,14.988,0.7,0.0,20.301,5.27,146,581772,174,12.803,0.31,5.111,0,0,768294912,0,5,0,cloister
102.262,15.104,0.623,0.0,20.301,5.27,146,581772,174,12.758,0.31,5.112,0,0,768294912,0,5,0,cloister
102.277,14.002,0.693,0.0,20.301,5.27,146,581772,174,12.713,0.31,5.112,0,0,768294912,0,5,0,cloister
102.291,14.085,0.694,0.0,20.301,5.27,146,581772,174,12.668,0.31,5.113,0,0,768294912,0,5,0,cloister
102.306,14.262,1.083,0.0,20.301,5.27,146,581772,174,12.623,0.31,5.114,0,0,768294912,0,5,0,cloister
102.321,13.72,1.034,0.0,20.301,5.27,145,581718,173,12.578,0.31,5.114,0,0,768294912,0,5,0,cloister
102.335,14.09,1.02,0.0,20.301,5.27,145,581718,173,12.533,0.31,5.115,0,0,768294912,0,5,0,cloister
102.35,13.531,0.674,0.0,20.301,5.27,145,581718,173,12.533,0.31,5.115,0,0,768294912,0,5,0,cloister
102.364,14.636,0.574,0.0,20.301,5.27,145,581718,173,12.488,0.31,5.116,0,0,768294912,0,5,0,cloister
102.379,14.213,0.473,0.0,20.301,5.27,145,581718,173,12.443,0.31,5.116,0,0,768294912,0,5,0,cloister
102.393,16.475,0.572,0.0,20.301,5.27,145,581718,173,12.398,0.31,5.117,0,0,768294912,0,5,0,cloister
102.407,12.259,0.567,0.0,20.301,5.27,145,581718,173,12.353,0.31,5.118,0,0,768294912,0,5,0,cloister
102.421,14.459,0.628,0.0,20.301,5.27,145,581718,173,12.308,0.31,5.118,0,0,768294912,0,5,0,cloister
102.436,14.572,0.691,0.0,20.301,5.27,145,581718,173,12.263,0.31,5.119,0,0,768294912,0,5,0,cloister
102.45,14.206,1.072,0.0,20.301,5.27,145,581718,173,12.218,0.31,5.12,0,0,768294912,0,5,0,cloister
102.464,13.389,0.811,0.0,20.301,5.27,145,581718,173,12.218,0.31,5.12,0,0,768294912,0,5,0,cloister
102.479,15.234,0.719,0.0,20.301,5.27,145,581718,173,12.173,0.31,5.12,0,0,768294912,0,5,0,cloister
102.493,16.068,1.128,0.0,20.301,5.27,145,581718,173,12.128,0.31,5.121,0,0,768294912,0,5,0,cloister
102.507,11.823,1.032,0.0,20.301,5.27,145,581718,173,12.083,0.31,5.122,0,0,768294912,0,5,0,cloister
102.521,14.476,0.564,0.0,20.301,5.27,145,581718,173,12.038,0.31,5.122,0,0,768294912,0,5,0,cloister
102.536,14.647,0.629,0.0,20.301,5.27,145,581718,173,11.993,0.31,5.123,0,0,768294912,0,5,0,cloister
102.55,14.694,0.754,0.0,20.301,5.27,145,581718,173,11.948,0.31,5.124,0,0,768294912,0,5,0,cloister
102.567,20.398,1.115,0.0,20.301,5.27,145,581718,173,11.903,0.31,5.124,0,0,768294912,0,5,0,cloister
102.581,13.617,0.622,0.0,20.301,5.27,146,581720,174,11.903,0.31,5.124,0,0,768294912,0,5,0,cloister
102.596,15.431,1.262,0.0,20.301,5.27,146,581720,174,11.858,0.31,5.125,0,0,768294912,0,5,0,cloister
102.61,14.474,1.298,0.0,20.301,5.27,146,581720,174,11.813,0.31,5.126,0,0,768294912,0,5,0,cloister
102.625,13.855,1.711,0.0,20.301,5.27,146,581720,174,11.768,0.31,5.126,0,0,768294912,0,5,0,cloister
102.64,15.982,1.088,0.0,20.301,5.27,146,581720,174,11.723,0.31,5.127,0,0,768294912,0,5,0,cloister
102.654,12.298,1.131,0.0,20.301,5.27,146,581720,174,11.678,0.31,5.128,0,0,768294912,0,5,0,cloister
102.669,15.504,0.775,0.0,20.301,5.27,145,581718,173,11.633,0.31,5.128,0,0,768294912,0,5,0,cloister
102.683,14.607,0.681,0.0,20.301,5.27,145,581718,173,11.588,0.31,5.129,0,0,768294912,0,5,0,cloister
102.698,13.265,1.073,0.0,20.301,5.27,145,581718,173,11.588,0.31,5.129,0,0,768294912,0,5,0,cloister
102.713,15.038,0.998,0.0,20.301,5.27,145,581718,173,11.543,0.31,5.13,0,0,768294912,0,5,0,cloister
102.727,14.941,1.119,0.0,20.301,5.27,145,581718,173,11.498,0.31,5.13,0,0,768294912,0,5,0,cloister
102.742,14.157,1.294,0.0,20.301,5.27,145,581718,173,11.453,0.31,5.131,0,0,768294912,0,5,0,cloister
102.756,14.358,0.843,0.0,20.301,5.27,145,581718,173,11.408,0.31,5.132,0,0,768294912,0,5,0,cloister
102.771,13.86,1.226,0.0,20.301,5.27,145,581718,173,11.363,0.31,5.132,0,0,768294912,0,5,0,cloister
102.785,14.033,1.065,0.0,20.301,5.27,145,581718,173,11.318,0.31,5.133,0,0,768294912,0,5,0,cloister
102.8,14.365,0.552,0.0,20.301,5.27,145,581718,173,11.273,0.31,5.134,0,0,768294912,0,5,0,cloister
102.815,13.689,0.55,0.0,20.301,5.27,145,581718,173,11.273,0.31,5.134,0,0,768294912,0,5,0,cloister
102.829,15.211,0.49,0.0,20.301,5.27,145,581718,173,11.228,0.31,5.134,0,0,768294912,0,5,0,cloister
102.844,14.345,0.452,0.0,20.301,5.27,145,581718,173,11.183,0.31,5.135,0,0,768294912,0,5,0,cloister
102.858,14.363,0.505,0.0,20.301,5.27,145,581718,173,11.138,0.31,5.136,0,0,768294912,0,5,0,cloister
102.873,20.757,0.62,0.0,20.301,5.27,145,581718,173,11.093,0.31,5.136,0,0,768294912,0,5,0,cloister
102.888,14.001,0.423,0.0,20.301,5.27,145,581718,173,11.048,0.31,5.137,0,0,768294912,0,5,0,cloister
102.902,14.494,0.544,0.0,20.301,5.27,144,581670,172,11.003,0.31,5.138,0,0,768294912,0,5,0,cloister
102.917,14.493,0.53,0.0,20.301,5.27,144,581670,172,10.958,0.31,5.138,0,0,768294912,0,5,0,cloister
102.931,13.657,0.571,0.0,20.301,5.27,144,581670,172,10.958,0.31,5.138,0,0,768294912,0,5,0,cloister
102.946,15.241,0.658,0.0,20.301,5.27,144,581670,172,10.913,0.31,5.139,0,0,768294912,0,5,0,cloister
102.96,14.758,0.614,0.0,20.301,5.27,144,581670,172,10.868,0.31,5.14,0,0,768294912,0,5,0,cloister
102.975,15.737,0.761,0.0,20.301,5.27,143,581654,171,10.823,0.31,5.14,0,0,768294912,0,5,0,cloister
102.99,12.83,0.934,0.0,20.301,5.27,143,581654,171,10.778,0.31,5.141,0,0,768294912,0,5,0,cloister
103.004,14.488,0.861,0.0,20.301,5.27,143,581654,171,10.733,0.31,5.142,0,0,768294912,0,5,0,cloister
103.019,14.279,0.807,0.0,20.301,5.27,143,581654,171,10.688,0.31,5.142,0,0,768294912,0,5,0,cloister
103.033,16.404,0.777,0.0,20.301,5.27,143,581654,171,10.643,0.31,5.143,0,0,768294912,0,5,0,cloister
103.048,12.176,0.729,0.0,20.301,5.27,143,581654,171,10.643,0.31,5.143,0,0,768294912,0,5,0,cloister
103.063,14.948,0.891,0.0,20.301,5.27,143,581654,171,10.598,0.31,5.144,0,0,768294912,0,5,0,cloister
103.077,15.305,0.932,0.0,20.301,5.27,143,581654,171,10.553,0.31,5.144,0,0,768294912,0,5,0,cloister
103.092,13.381,0.741,0.0,20.301,5.27,142,581652,170,10.508,0.31,5.145,0,0,768294912,0,5,0,cloister
103.106,16.931,0.838,0.0,20.301,5.27,142,581652,170,10.463,0.31,5.146,0,0,768294912,0,5,0,cloister
103.121,12.218,0.593,0.0,20.301,5.27,142,581652,170,10.418,0.31,5.146,0,0,768294912,0,5,0,cloister
103.135,15.462,0.479,0.0,19.917,1.258,142,581652,170,10.373,0.31,5.147,0,0,768294912,0,5,0,cloister
103.15,12.838,1.119,0.0,19.917,1.258,142,581652,170,10.328,0.31,5.148,0,0,768294912,0,5,0,cloister
103.165,21.679,1.086,0.0,19.917,1.258,143,581676,171,10.328,0.31,5.148,0,0,768294912,0,5,0,cloister
103.18,14.496,0.579,0.0,19.917,1.258,143,581676,171,10.283,0.31,5.148,0,0,768294912,0,5,0,cloister
103.194,14.332,0.968,0.0,19.917,1.258,143,581676,171,10.238,0.31,5.149,0,0,768294912,0,5,0,cloister
103.209,13.684,1.599,0.0,19.917,1.258,143,581676,171,10.193,0.31,5.15,0,0,768294912,0,5,0,cloister
103.224,14.972,1.148,0.0,19.917,1.258,143,581676,171,10.148,0.31,5.15,0,0,768294912,0,5,0,cloister
103.238,14.693,1.755,0.0,19.917,1.258,143,581676,171,10.103,0.31,5.151,0,0,768294912,0,5,0,cloister
103.253,14.039,1.054,0.0,19.917,1.258,143,581676,171,10.058,0.31,5.152,0,0,768294912,0,5,0,cloister
103.267,14.659,1.402,0.0,19.917,1.258,143,581676,171,10.013,0.31,5.152,0,0,768294912,0,5,0,cloister
103.282,13.681,0.567,0.0,19.917,1.258,143,581676,171,10.013,0.31,5.152,0,0,768294912,0,5,0,cloister
103.297,17.073,1.106,0.0,19.917,1.258,143,581676,171,9.968,0.31,5.153,0,0,768294912,0,5,0,cloister
103.311,12.819,2.169,0.0,19.917,1.258,143,581676,171,9.923,0.31,5.154,0,0,768294912,0,5,0,cloister
103.326,13.962,0.756,0.0,19.917,1.258,143,581676,171,9.878,0.31,5.154,0,0,768294912,0,5,0,cloister
103.34,14.493,0.462,0.0,19.917,1.258,143,581676,171,9.833,0.31,5.155,0,0,768294912,0,5,0,cloister
103.355,13.699,0.5,0.0,19.917,1.258,144,581678,172,9.788,0.31,5.156,0,0,768294912,0,5,0,cloister
103.369,14.534,0.52,0.0,19.917,1.258,144,581678,172,9.743,0.31,5.156,0,0,768294912,0,5,0,cloister
103.384,14.415,0.598,0.0,19.917,1.258,144,581678,172,9.698,0.31,5.157,0,0,768294912,0,5,0,cloister
103.399,13.837,0.476,0.0,19.917,1.258,144,581678,172,9.698,0.31,5.157,0,0,768294912,0,5,0,cloister
103.413,14.766,0.421,0.0,19.917,1.258,144,581678,172,9.653,0.31,5.158,0,0,768294912,0,5,0,cloister
103.428,14.527,0.598,0.0,19.917,1.258,144,581678,172,9.608,0.31,5.158,0,0,768294912,0,5,0,cloister
103.442,14.29,0.431,0.0,19.917,1.258,144,581678,172,9.563,0.31,5.159,0,0,768294912,0,5,0,cloister
103.457,14.387,0.405,0.0,19.917,1.258,144,581678,172,9.518,0.31,5.16,0,0,768294912,0,5,0,cloister
103.472,19.362,0.584,0.0,19.917,1.258,144,582126,172,9.473,0.31,5.16,0,0,768294912,0,5,0,cloister
103.487,14.305,0.569,0.0,19.917,1.258,144,582126,172,9.428,0.31,5.161,0,0,768294912,0,5,0,cloister
103.501,14.344,0.54,0.0,19.917,1.258,144,582126,172,9.383,0.31,5.162,0,0,768294912,0,5,0,cloister
103.516,13.651,0.574,0.0,19.917,1.258,144,582126,172,9.383,0.31,5.162,0,0,768294912,0,5,0,cloister
103.531,17.776,0.518,0.0,19.917,1.258,144,582126,172,9.338,0.31,5.162,0,0,768294912,0,5,0,cloister
103.546,12.007,0.742,0.0,19.917,1.258,144,582126,172,9.293,0.31,5.163,0,0,768294912,0,5,0,cloister
103.56,14.327,1.274,0.0,19.917,1.258,144,582126,172,9.248,0.31,5.164,0,0,768294912,0,5,0,cloister
103.575,14.613,0.583,0.0,19.917,1.258,144,582126,172,9.203,0.31,5.164,0,0,768294912,0,5,0,cloister
103.589,14.4,0.529,0.0,19.917,1.258,144,582126,172,9.158,0.31,5.165,0,0,768294912,0,5,0,cloister
103.604,14.48,0.502,0.0,19.917,1.258,144,582126,172,9.113,0.31,5.166,0,0,768294912,0,5,0,cloister
103.618,14.536,0.637,0.0,19.917,1.258,144,582126,172,9.068,0.31,5.166,0,0,768294912,0,5,0,cloister
103.633,13.593,0.579,0.0,19.917,1.258,144,582126,172,9.068,0.31,5.166,0,0,768294912,0,5,0,cloister
103.648,15.931,0.742,0.0,19.917,1.258,144,582126,172,9.023,0.31,5.167,0,0,768294912,0,5,0,cloister
103.662,14.155,0.608,0.0,19.917,1.258,144,582126,172,8.978,0.31,5.168,0,0,768294912,0,5,0,cloister
103.677,14.167,1.134,0.0,19.917,1.258,144,582126,172,8.933,0.31,5.168,0,0,768294912,0,5,0,cloister
103.691,14.121,1.144,0.0,19.917,1.258,144,582126,172,8.888,0.31,5.169,0,0,768294912,0,5,0,cloister
103.706,15.488,1.011,0.0,19.917,1.258,144,582126,172,8.843,0.31,5.17,0,0,768294912,0,5,0,cloister
103.721,13.366,0.747,0.0,19.917,1.258,144,582126,172,8.798,0.31,5.17,0,0,768294912,0,5,0,cloister
103.735,14.716,1.055,0.0,19.917,1.258,144,582126,172,8.753,0.31,5.171,0,0,768294912,0,5,0,cloister
103.75,20.032,0.75,0.0,19.917,1.258,144,582126,172,8.708,0.31,5.172,0,0,768294912,0,5,0,cloister
103.765,13.596,0.671,0.0,19.917,1.258,143,582106,171,8.708,0.31,5.172,0,0,768294912,0,5,0,cloister
103.78,15.05,0.443,0.0,19.917,1.258,143,582106,171,8.663,0.31,5.172,0,0,768294912,0,5,0,cloister
103.794,14.719,0.42,0.0,19.917,1.258,143,582106,171,8.618,0.31,5.173,0,0,768294912,0,5,0,cloister
103.809,14.506,0.558,0.0,19.917,1.258,143,582106,171,8.573,0.31,5.174,0,0,768294912,0,5,0,cloister
103.824,14.503,0.489,0.0,19.917,1.258,143,582106,171,8.528,0.31,5.174,0,0,768294912,0,5,0,cloister
103.839,14.726,0.455,0.0,19.917,1.258,143,582106,171,8.483,0.31,5.175,0,0,768294912,0,5,0,cloister
103.854,14.08,0.487,0.0,19.917,1.258,143,582106,171,8.438,0.31,5.175,0,0,768294912,0,5,0,cloister
103.869,14.492,0.417,0.0,19.917,1.258,143,582106,171,8.393,0.31,5.176,0,0,768294912,0,5,0,cloister
103.883,14.798,0.382,0.0,19.917,1.258,143,583506,171,8.348,0.31,5.177,0,0,768294912,0,5,0,cloister
103.898,13.893,0.446,0.0,19.917,1.258,143,583506,171,8.348,0.31,5.177,0,0,768294912,0,5,0,cloister
103.913,14.958,0.601,0.0,19.917,1.258,143,583506,171,8.303,0.31,5.177,0,0,768294912,0,5,0,cloister
103.927,14.531,0.56,0.0,19.917,1.258,143,583506,171,8.258,0.31,5.178,0,0,768294912,0,5,0,cloister
103.942,14.579,0.412,0.0,19.917,1.258,143,583506,171,8.213,0.31,5.179,0,0,768294912,0,5,0,cloister
103.956,14.347,0.552,0.0,19.917,1.258,139,582084,167,8.168,0.31,5.179,0,0,768294912,0,5,0,cloister
103.971,14.72,0.561,0.0,19.917,1.258,136,581220,164,8.123,0.31,5.18,0,0,768294912,0,5,0,cloister
103.986,14.163,0.542,0.0,19.917,1.258,136,581220,164,8.078,0.31,5.181,0,0,768294912,0,5,0,cloister
104.0,14.425,0.549,0.0,19.917,1.258,136,581220,164,8.033,0.31,5.181,0,0,768294912,0,5,0,cloister
104.015,13.6,0.5,0.0,19.917,1.258,136,581220,164,8.033,0.31,5.181,0,0,768294912,0,5,0,cloister
104.029,14.823,0.617,0.0,19.917,1.258,136,581220,164,7.988,0.31,5.182,0,0,768294912,0,5,0,cloister
104.044,14.43,0.544,0.0,19.917,1.258,134,579123,162,7.943,0.31,5.183,0,0,768294912,0,5,0,cloister
104.059,20.566,0.676,0.0,19.917,1.258,134,579123,162,7.898,0.31,5.183,0,0,768294912,0,5,0,cloister
104.074,14.046,0.545,0.0,19.917,1.258,134,579123,162,7.853,0.31,5.184,0,0,768294912,0,5,0,cloister
104.088,14.362,0.664,0.0,19.917,1.258,134,579123,162,7.808,0.31,5.185,0,0,768294912,0,5,0,cloister
104.103,14.057,0.556,0.0,19.917,1.258,133,578324,161,7.763,0.31,5.185,0,0,768294912,0,5,0,cloister
104.118,15.486,0.631,0.0,19.917,1.258,131,573101,159,7.718,0.31,5.186,0,0,768294912,0,5,0,cloister
104.133,13.746,0.662,0.0,19.919,2.553,131,573101,159,7.673,0.31,5.187,0,0,768294912,0,5,0,cloister
104.148,14.02,1.32,0.0,19.919,2.553,131,573101,159,7.673,0.31,5.187,0,0,768294912,0,5,0,cloister
104.163,14.092,0.976,0.0,19.919,2.553,131,573101,159,7.628,0.31,5.187,0,0,768294912,0,5,0,cloister
104.177,14.3,0.652,0.0,19.919,2.553,131,573101,159,7.583,0.31,5.188,0,0,768294912,0,5,0,cloister
104.192,14.238,0.446,0.0,19.919,2.553,131,573101,159,7.538,0.31,5.189,0,0,768294912,0,5,0,cloister
104.206,14.246,0.422,0.0,19.919,2.553,131,573101,159,7.493,0.31,5.189,0,0,768294912,0,5,0,cloister
104.221,14.21,0.529,0.0,19.919,2.553,131,573101,159,7.448,0.31,5.19,0,0,768294912,0,5,0,cloister
104.236,14.497,0.404,0.0,19.919,2.553,131,573101,159,7.403,0.31,5.191,0,0,768294912,0,5,0,cloister
104.25,14.28,0.439,0.0,19.919,2.553,131,573101,159,7.358,0.31,5.191,0,0,768294912,0,5,0,cloister
104.265,13.573,0.451,0.0,19.919,2.553,131,573101,159,7.358,0.31,5.191,0,0,768294912,0,5,0,cloister
104.279,15.056,0.491,0.0,19.919,2.553,131,573101,159,7.313,0.31,5.192,0,0,768294912,0,5,0,cloister
104.294,14.198,0.499,0.0,19.919,2.553,130,573053,158,7.268,0.31,5.193,0,0,768294912,0,5,0,cloister
104.309,14.511,0.436,0.0,19.919,2.553,129,573033,157,7.223,0.31,5.193,0,0,768294912,0,5,0,cloister
104.323,14.626,0.458,0.0,19.919,2.553,129,573033,157,7.178,0.31,5.194,0,0,768294912,0,5,0,cloister
104.338,14.378,0.595,0.0,19.919,2.553,128,574381,156,7.133,0.31,5.195,0,0,768294912,0,5,0,cloister
104.353,19.984,0.576,0.0,19.919,2.553,129,574401,157,7.088,0.31,5.195,0,0,768294912,0,5,0,cloister
104.367,14.208,0.698,0.0,19.919,2.553,129,574401,157,7.043,0.31,5.196,0,0,768294912,0,5,0,cloister
104.383,14.759,0.502,0.0,19.919,2.553,129,574401,157,6.998,0.31,5.197,0,0,768294912,0,5,0,cloister
104.398,13.981,0.53,0.0,19.919,2.553,128,574399,156,6.998,0.31,5.197,0,0,768294912,0,5,0,cloister
104.413,15.15,0.464,0.0,19.919,2.553,128,574399,156,6.953,0.31,5.197,0,0,768294912,0,5,0,cloister
104.427,14.484,0.613,0.0,19.919,2.553,127,574383,155,6.908,0.31,5.198,0,0,768294912,0,5,0,cloister
104.442,14.053,0.488,0.0,19.919,2.553,127,574383,155,6.863,0.31,5.199,0,0,768294912,0,5,0,cloister
104.456,14.53,0.487,0.0,19.919,2.553,125,574343,153,6.818,0.31,5.199,0,0,768294912,0,5,0,cloister
104.471,14.536,0.519,0.0,19.919,2.553,125,574343,153,6.773,0.31,5.2,0,0,768294912,0,5,0,cloister
104.486,14.297,0.576,0.0,19.919,2.553,125,574343,153,6.728,0.31,5.201,0,0,768294912,0,5,0,cloister
104.5,22.698,0.664,0.0,19.919,2.553,125,574343,153,6.683,0.31,5.201,0,0,768294912,0,5,0,cloister
104.517,11.727,0.511,0.0,19.919,2.553,125,574343,153,6.638,0.31,5.202,0,0,768294912,0,5,0,cloister
104.531,14.97,0.895,0.0,19.919,2.553,125,574343,153,6.638,0.31,5.202,0,0,768294912,0,5,0,cloister
104.546,14.127,0.467,0.0,19.919,2.553,125,574343,153,6.593,0.31,5.203,0,0,768294912,0,5,0,cloister
104.561,14.367,1.107,0.0,19.919,2.553,124,574327,152,6.548,0.31,5.203,0,0,768294912,0,5,0,cloister
104.576,15.264,0.994,0.0,19.919,2.553,124,574327,152,6.503,0.31,5.204,0,0,768294912,0,5,0,cloister
104.591,13.154,0.99,0.0,19.919,2.553,124,574327,152,6.458,0.31,5.205,0,0,768294912,0,5,0,cloister
104.605,14.048,1.036,0.0,19.919,2.553,124,574327,152,6.413,0.31,5.205,0,0,768294912,0,5,0,cloister
104.62,14.688,0.705,0.0,19.919,2.553,124,574327,152,6.368,0.31,5.206,0,0,768294912,0,5,0,cloister
104.634,13.492,0.952,0.0,19.919,2.553,124,574327,152,6.323,0.31,5.207,0,0,768294912,0,5,0,cloister
104.65,21.113,1.093,0.0,19.919,2.553,124,574327,152,6.278,0.31,5.207,0,0,768294912,0,5,0,cloister
104.665,12.362,0.772,0.0,19.919,2.553,124,574327,152,6.278,0.31,5.207,0,0,768294912,0,5,0,cloister
104.68,15.205,0.696,0.0,19.919,2.553,124,574327,152,6.233,0.31,5.208,0,0,768294912,0,5,0,cloister
104.694,14.169,1.148,0.0,19.919,2.553,124,574327,152,6.188,0.31,5.209,0,0,768294912,0,5,0,cloister
104.709,14.282,0.703,0.0,19.919,2.553,124,574327,152,6.143,0.31,5.209,0,0,768294912,0,5,0,cloister
104.724,14.578,1.106,0.0,19.919,2.553,123,574307,151,6.098,0.31,5.21,0,0,768294912,0,5,0,cloister
104.738,13.802,1.07,0.0,19.919,2.553,123,574307,151,6.054,0.31,5.211,0,0,768294912,0,5,0,cloister
104.753,14.342,1.078,0.0,19.919,2.553,123,574307,151,6.009,0.31,5.211,0,0,768294912,0,5,0,cloister
104.768,14.174,0.628,0.0,19.919,2.553,123,574307,151,5.964,0.31,5.212,0,0,768294912,0,5,0,cloister
104.782,13.359,1.241,0.0,19.919,2.553,123,574307,151,5.964,0.31,5.212,0,0,768294912,0,5,0,cloister
104.797,14.377,0.933,0.0,19.919,2.553,123,574307,151,5.919,0.31,5.213,0,0,768294912,0,5,0,cloister
104.811,14.296,1.22,0.0,19.919,2.553,123,574307,151,5.874,0.31,5.213,0,0,768294912,0,5,0,cloister
104.826,13.717,0.748,0.0,19.919,2.553,123,574307,151,5.829,0.31,5.214,0,0,768294912,0,5,0,cloister
104.841,14.385,0.558,0.0,19.919,2.553,123,574307,151,5.784,0.31,5.215,0,0,768294912,0,5,0,cloister
104.855,14.314,0.47,0.0,19.919,2.553,123,574307,151,5.739,0.31,5.215,0,0,768294912,0,5,0,cloister
104.87,14.545,0.437,0.0,19.919,2.553,123,574307,151,5.694,0.31,5.216,0,0,768294912,0,5,0,cloister
104.884,14.225,0.446,0.0,19.919,2.553,123,574307,151,5.649,0.31,5.217,0,0,768294912,0,5,0,cloister
104.899,13.814,0.628,0.0,19.919,2.553,122,571615,150,5.649,0.31,5.217,0,0,768294912,0,5,0,cloister
104.913,15.31,0.467,0.0,19.919,2.553,122,571615,150,5.604,0.31,5.217,0,0,768294912,0,5,0,cloister
104.928,14.435,0.498,0.0,19.919,2.553,122,571615,150,5.559,0.31,5.218,0,0,768294912,0,5,0,cloister
104.943,14.187,0.665,0.0,19.919,2.553,122,571615,150,5.514,0.31,5.219,0,0,768294912,0,5,0,cloister
104.957,20.519,0.601,0.0,19.919,2.553,122,571615,150,5.469,0.31,5.219,0,0,768294912,0,5,0,cloister
104.972,14.731,0.515,0.0,19.919,2.553,122,571615,150,5.424,0.31,5.22,0,0,768294912,0,5,0,cloister
104.987,14.254,0.468,0.0,19.919,2.553,120,539527,148,5.379,0.31,5.221,0,0,768294912,0,5,0,cloister
105.002,14.577,0.68,0.0,19.919,2.553,119,536743,147,5.334,0.31,5.221,0,0,768294912,0,5,0,cloister
105.017,13.752,0.562,0.0,19.919,2.553,119,536743,147,5.334,0.31,5.221,0,0,768294912,0,5,0,cloister
105.031,15.423,0.537,0.0,19.919,2.553,119,536743,147,5.289,0.31,5.222,0,0,768294912,0,5,0,cloister
105.046,16.223,0.822,0.0,19.919,2.553,119,536743,147,5.244,0.31,5.223,0,0,768294912,0,5,0,cloister
105.061,12.619,0.91,0.0,19.919,2.553,119,536743,147,5.199,0.31,5.223,0,0,768294912,0,5,0,cloister
105.075,14.206,0.63,0.0,19.919,2.553,119,536743,147,5.154,0.31,5.224,0,0,768294912,0,5,0,cloister
105.09,16.339,0.542,0.0,19.919,2.553,119,536743,147,5.109,0.31,5.225,0,0,768294912,0,5,0,cloister
105.104,13.234,0.598,0.0,19.919,2.553,119,536743,147,5.064,0.31,5.225,0,0,768294912,0,5,0,cloister
105.119,14.86,1.143,0.0,19.919,2.553,119,536743,147,5.019,0.31,5.226,0,0,768294912,0,5,0,cloister
105.133,14.008,1.173,0.0,20.916,1.227,118,533959,146,5.019,0.31,5.226,0,0,768294912,0,5,0,cloister
105.148,15.11,1.071,0.0,20.916,1.227,118,533959,146,4.974,0.31,5.227,0,0,768294912,0,5,0,cloister
105.163,14.371,0.849,0.0,20.916,1.227,118,533959,146,4.929,0.31,5.227,0,0,768294912,0,5,0,cloister
105.177,15.874,1.012,0.0,20.916,1.227,118,533959,146,4.884,0.31,5.228,0,0,768294912,0,5,0,cloister
105.192,12.653,1.087,0.0,20.916,1.227,116,531889,144,4.839,0.31,5.229,0,0,768294912,0,5,0,cloister
105.206,15.569,0.907,0.0,20.916,1.227,115,531887,143,4.794,0.31,5.229,0,0,768294912,0,5,0,cloister
105.221,13.022,1.156,0.0,20.916,1.227,115,531887,143,4.749,0.31,5.23,0,0,768294912,0,5,0,cloister
105.236,20.757,1.048,0.0,20.916,1.227,114,528551,142,4.704,0.31,5.231,0,0,768294912,0,5,0,cloister
105.251,13.764,0.913,0.0,20.916,1.227,114,528551,142,4.659,0.31,5.231,0,0,768294912,0,5,0,cloister
105.266,13.721,1.383,0.0,20.916,1.227,114,528551,142,4.659,0.31,5.231,0,0,768294912,0,5,0,cloister
105.28,15.019,1.02,0.0,20.916,1.227,114,528551,142,4.614,0.31,5.232,0,0,768294912,0,5,0,cloister
105.295,14.434,1.169,0.0,20.916,1.227,114,528551,142,4.569,0.31,5.233,0,0,768294912,0,5,0,cloister
105.31,15.878,1.154,0.0,20.916,1.227,114,528551,142,4.524,0.31,5.233,0,0,768294912,0,5,0,cloister
105.325,12.483,0.951,0.0,20.916,1.227,114,528551,142,4.479,0.31,5.234,0,0,768294912,0,5,0,cloister
105.339,14.259,0.522,0.0,20.916,1.227,114,528551,142,4.434,0.31,5.235,0,0,768294912,0,5,0,cloister
105.354,14.261,0.522,0.0,20.916,1.227,114,528551,142,4.389,0.31,5.235,0,0,768294912,0,5,0,cloister
105.369,14.026,0.666,0.0,20.916,1.227,114,528551,142,4.344,0.31,5.236,0,0,768294912,0,5,0,cloister
105.383,14.337,0.622,0.0,20.916,1.227,114,528551,142,4.344,0.31,5.236,0,0,768294912,0,5,0,cloister
105.398,14.31,0.58,0.0,20.916,1.227,114,528551,142,4.299,0.31,5.237,0,0,768294912,0,5,0,cloister
105.412,14.333,1.112,0.0,20.916,1.227,114,528551,142,4.254,0.31,5.237,0,0,768294912,0,5,0,cloister
105.427,15.406,0.758,0.0,20.916,1.227,114,528551,142,4.209,0.31,5.238,0,0,768294912,0,5,0,cloister
105.442,14.793,0.576,0.0,20.916,1.227,114,528551,142,4.164,0.31,5.239,0,0,768294912,0,5,0,cloister
105.456,13.129,0.733,0.0,20.916,1.227,114,528551,142,4.119,0.31,5.239,0,0,768294912,0,5,0,cloister
105.471,15.473,1.208,0.0,20.916,1.227,114,528551,142,4.074,0.31,5.24,0,0,768294912,0,5,0,cloister
105.485,13.579,1.398,0.0,20.916,1.227,113,525767,141,4.029,0.31,5.241,0,0,768294912,0,5,0,cloister
105.5,13.471,0.564,0.0,20.916,1.227,113,525767,141,4.029,0.31,5.241,0,0,768294912,0,5,0,cloister
105.514,15.085,0.874,0.0,20.916,1.227,113,525767,141,3.984,0.31,5.241,0,0,768294912,0,5,0,cloister
105.529,14.287,1.342,0.0,20.916,1.227,113,525767,141,3.939,0.31,5.242,0,0,768294912,0,5,0,cloister
105.544,21.328,1.647,0.0,20.916,1.227,112,517191,140,3.894,0.31,5.243,0,0,768294912,0,5,0,cloister
105.559,13.183,0.695,0.0,20.916,1.227,112,517191,140,3.849,0.31,5.243,0,0,768294912,0,5,0,cloister
105.573,14.375,1.106,0.0,20.916,1.227,111,455415,139,3.804,0.31,5.244,0,0,768294912,0,5,0,cloister
105.588,16.129,1.062,0.0,20.916,1.227,111,455415,139,3.759,0.31,5.245,0,0,768294912,0,5,0,cloister
105.603,13.128,0.911,0.0,20.916,1.227,111,455415,139,3.714,0.31,5.245,0,0,768294912,0,5,0,cloister
105.618,13.863,1.061,0.0,20.916,1.227,111,455415,139,3.669,0.31,5.246,0,0,768294912,0,5,0,cloister
105.632,13.978,0.796,0.0,20.916,1.227,111,455415,139,3.669,0.31,5.246,0,0,768294912,0,5,0,cloister
105.647,14.401,0.67,0.0,20.916,1.227,111,455415,139,3.624,0.31,5.247,0,0,768294912,0,5,0,cloister
105.661,14.611,1.164,0.0,20.916,1.227,111,455415,139,3.579,0.31,5.247,0,0,768294912,0,5,0,cloister
105.676,14.815,1.41,0.0,20.916,1.227,111,455415,139,3.534,0.31,5.248,0,0,768294912,0,5,0,cloister
105.691,14.009,1.115,0.0,20.916,1.227,111,455415,139,3.489,0.31,5.249,0,0,768294912,0,5,0,cloister
105.705,14.968,0.999,0.0,20.916,1.227,109,450161,137,3.444,0.31,5.249,0,0,768294912,0,5,0,cloister
105.72,14.373,1.414,0.0,20.916,1.227,109,450161,137,3.399,0.31,5.25,0,0,768294912,0,5,0,cloister
105.734,14.24,0.77,0.0,20.916,1.227,109,450161,137,3.354,0.31,5.251,0,0,768294912,0,5,0,cloister
105.749,13.267,1.07,0.0,20.916,1.227,109,450161,137,3.354,0.31,5.251,0,0,768294912,0,5,0,cloister
105.764,15.395,1.038,0.0,20.916,1.227,109,450161,137,3.309,0.31,5.251,0,0,768294912,0,5,0,cloister
105.778,13.868,1.17,0.0,20.916,1.227,109,450161,137,3.264,0.31,5.252,0,0,768294912,0,5,0,cloister
105.793,14.334,1.142,0.0,20.916,1.227,109,450161,137,3.219,0.31,5.253,0,0,768294912,0,5,0,cloister
105.807,14.138,0.976,0.0,20.916,1.227,108,450159,136,3.174,0.31,5.253,0,0,768294912,0,5,0,cloister
105.822,14.46,0.636,0.0,20.916,1.227,108,450159,136,3.129,0.31,5.254,0,0,768294912,0,5,0,cloister
105.837,19.592,0.612,0.0,20.916,1.227,108,450159,136,3.084,0.31,5.254,0,0,768294912,0,5,0,cloister
105.852,14.079,0.47,0.0,20.916,1.227,108,450159,136,3.039,0.31,5.255,0,0,768294912,0,5,0,cloister
105.867,14.608,0.595,0.0,20.916,1.227,106,443487,134,2.994,0.31,5.256,0,0,768294912,0,5,0,cloister
105.881,13.381,0.481,0.0,20.916,1.227,106,443487,134,2.994,0.31,5.256,0,0,768294912,0,5,0,cloister
105.896,15.007,0.491,0.0,20.916,1.227,106,443487,134,2.949,0.31,5.256,0,0,768294912,0,5,0,cloister
105.911,14.645,0.462,0.0,20.916,1.227,106,443487,134,2.904,0.31,5.257,0,0,768294912,0,5,0,cloister
105.925,14.21,0.472,0.0,20.916,1.227,106,443487,134,2.859,0.31,5.258,0,0,768294912,0,5,0,cloister
105.94,14.094,0.564,0.0,20.916,1.227,105,443227,133,2.814,0.31,5.258,0,0,768294912,0,5,0,cloister
105.954,14.794,0.442,0.0,20.916,1.227,105,443227,133,2.769,0.31,5.259,0,0,768294912,0,5,0,cloister
105.969,14.135,0.656,0.0,20.916,1.227,105,443227,133,2.724,0.31,5.26,0,0,768294912,0,5,0,cloister
105.984,14.449,0.543,0.0,20.916,1.227,103,442761,131,2.679,0.31,5.26,0,0,768294912,0,5,0,cloister
105.998,13.06,0.638,0.0,20.916,1.227,103,442761,131,2.679,0.31,5.26,0,0,768294912,0,5,0,cloister
106.013,15.277,0.948,0.0,20.916,1.227,103,442761,131,2.634,0.31,5.261,0,0,768294912,0,5,0,cloister
106.027,14.945,0.789,0.0,20.916,1.227,103,442761,131,2.589,0.31,5.262,0,0,768294912,0,5,0,cloister
106.042,15.633,1.066,0.0,20.916,1.227,103,442761,131,2.544,0.31,5.262,0,0,768294912,0,5,0,cloister
106.056,12.738,1.199,0.0,20.916,1.227,103,442761,131,2.499,0.31,5.263,0,0,768294912,0,5,0,cloister
106.071,14.46,0.945,0.0,20.916,1.227,103,442761,131,2.454,0.31,5.264,0,0,768294912,0,5,0,cloister
106.086,14.33,1.191,0.0,20.916,1.227,102,442713,130,2.409,0.31,5.264,0,0,768294912,0,5,0,cloister
106.1,13.868,1.32,0.0,20.916,1.227,102,442713,130,2.364,0.31,5.265,0,0,768294912,0,5,0,cloister
106.115,13.502,0.881,0.0,20.916,1.227,102,442713,130,2.364,0.31,5.265,0,0,768294912,0,5,0,cloister
106.13,22.41,0.794,0.0,20.916,1.227,102,442713,130,2.319,0.31,5.266,0,0,768294912,0,5,0,cloister
106.144,13.667,1.494,0.0,20.685,2.389,102,442713,130,2.274,0.31,5.266,0,0,768294912,0,5,0,cloister
106.159,14.131,1.144,0.0,20.685,2.389,101,442733,129,2.229,0.31,5.267,0,0,768294912,0,5,0,cloister
106.174,14.61,0.643,0.0,20.685,2.389,101,442733,129,2.184,0.31,5.268,0,0,768294912,0,5,0,cloister
106.189,14.007,1.185,0.0,20.685,2.389,101,442733,129,2.139,0.31,5.268,0,0,768294912,0,5,0,cloister
106.203,14.861,1.282,0.0,20.685,2.389,101,442733,129,2.094,0.31,5.269,0,0,768294912,0,5,0,cloister
106.218,14.721,1.015,0.0,20.685,2.389,101,442733,129,2.049,0.31,5.27,0,0,768294912,0,5,0,cloister
106.232,13.712,1.139,0.0,20.685,2.389,101,442733,129,2.049,0.31,5.27,0,0,768294912,0,5,0,cloister
106.247,14.91,1.227,0.0,20.685,2.389,101,442733,129,2.004,0.31,5.27,0,0,768294912,0,5,0,cloister
106.262,15.297,0.999,0.0,20.685,2.389,101,442733,129,1.959,0.31,5.271,0,0,768294912,0,5,0,cloister
106.276,14.319,1.091,0.0,20.685,2.389,101,442733,129,1.914,0.31,5.272,0,0,768294912,0,5,0,cloister
106.291,14.249,0.744,0.0,20.685,2.389,101,442733,129,1.869,0.31,5.272,0,0,768294912,0,5,0,cloister
106.305,14.963,0.68,0.0,20.685,2.389,101,442733,129,1.824,0.31,5.273,0,0,768294912,0,5,0,cloister
106.32,13.402,1.46,0.0,20.685,2.389,101,442733,129,1.779,0.31,5.274,0,0,768294912,0,5,0,cloister
106.334,14.36,0.732,0.0,20.685,2.389,101,442733,129,1.734,0.31,5.274,0,0,768294912,0,5,0,cloister
106.349,13.837,0.613,0.0,20.685,2.389,100,442717,128,1.734,0.31,5.274,0,0,768294912,0,5,0,cloister
106.364,15.029,0.608,0.0,20.685,2.389,100,442717,128,1.689,0.31,5.275,0,0,768294912,0,5,0,cloister
106.378,14.609,0.619,0.0,20.685,2.389,100,442717,128,1.644,0.31,5.276,0,0,768294912,0,5,0,cloister
106.393,14.663,0.453,0.0,20.685,2.389,100,442717,128,1.599,0.31,5.276,0,0,768294912,0,5,0,cloister
106.407,14.416,0.415,0.0,20.685,2.389,100,442717,128,1.554,0.31,5.277,0,0,768294912,0,5,0,cloister
106.422,21.102,0.453,0.0,20.685,2.389,100,442717,128,1.509,0.31,5.278,0,0,768294912,0,5,0,cloister
106.437,13.952,0.632,0.0,20.685,2.389,100,442717,128,1.464,0.31,5.278,0,0,768294912,0,5,0,cloister
106.452,14.875,1.073,0.0,20.685,2.389,100,442765,128,1.419,0.31,5.279,0,0,768294912,0,5,0,cloister
106.467,14.423,1.083,0.0,20.685,2.389,100,442765,128,1.374,0.31,5.28,0,0,768294912,0,5,0,cloister
106.481,13.771,0.983,0.0,20.685,2.389,100,442765,128,1.374,0.31,5.28,0,0,768294912,0,5,0,cloister
106.496,16.378,1.072,0.0,20.685,2.389,100,442765,128,1.329,0.31,5.28,0,0,768294912,0,5,0,cloister
106.511,13.484,1.557,0.0,20.685,2.389,100,442765,128,1.284,0.31,5.281,0,0,768294912,0,5,0,cloister
106.526,15.272,1.06,0.0,20.685,2.389,100,442765,128,1.239,0.31,5.282,0,0,768294912,0,5,0,cloister
106.541,15.403,0.959,0.0,20.685,2.389,100,442765,128,1.194,0.31,5.282,0,0,768294912,0,5,0,cloister
106.556,13.689,0.99,0.0,20.685,2.389,100,442765,128,1.149,0.31,5.283,0,0,768294912,0,5,0,cloister
106.57,14.537,0.969,0.0,20.685,2.389,99,442657,127,1.104,0.31,5.284,0,0,768294912,0,5,0,cloister
106.585,14.232,0.997,0.0,20.685,2.389,99,442657,127,1.059,0.31,5.284,0,0,768294912,0,5,0,cloister
106.6,14.924,1.061,0.0,20.685,2.389,99,442657,127,1.014,0.31,5.285,0,0,768294912,0,5,0,cloister
106.615,13.886,1.017,0.0,20.685,2.389,99,442657,127,1.014,0.31,5.285,0,0,768294912,0,5,0,cloister
106.63,15.072,1.018,0.0,20.685,2.389,99,442657,127,0.969,0.31,5.286,0,0,768294912,0,5,0,cloister
106.644,14.277,1.244,0.0,20.685,2.389,99,442657,127,0.924,0.31,5.286,0,0,768294912,0,5,0,cloister
106.659,14.417,0.926,0.0,20.685,2.389,99,442657,127,0.879,0.31,5.287,0,0,768294912,0,5,0,cloister
106.674,14.698,0.912,0.0,20.685,2.389,99,442657,127,0.834,0.31,5.288,0,0,768294912,0,5,0,cloister
106.689,14.898,0.928,0.0,20.685,2.389,99,442657,127,0.789,0.31,5.288,0,0,768294912,0,5,0,cloister
106.704,14.476,0.929,0.0,20.685,2.389,99,442657,127,0.744,0.31,5.289,0,0,768294912,0,5,0,cloister
106.718,21.115,1.031,0.0,20.685,2.389,99,442657,127,0.699,0.31,5.29,0,0,768294912,0,5,0,cloister
106.733,16.74,1.228,0.0,20.685,2.389,99,442657,127,0.654,0.31,5.29,0,0,768294912,0,5,0,cloister
106.748,12.217,0.895,0.0,20.685,2.389,99,442657,127,0.654,0.31,5.29,0,0,768294912,0,5,0,cloister
106.763,15.26,0.868,0.0,20.685,2.389,99,442657,127,0.609,0.31,5.291,0,0,768294912,0,5,0,cloister
106.778,14.912,0.957,0.0,20.685,2.389,98,439965,126,0.564,0.31,5.292,0,0,768294912,0,5,0,cloister
106.793,15.231,0.96,0.0,20.685,2.389,98,439965,126,0.519,0.31,5.292,0,0,768294912,0,5,0,cloister
106.807,14.182,1.23,0.0,20.685,2.389,98,439965,126,0.474,0.31,5.293,0,0,768294912,0,5,0,cloister
106.822,14.809,1.08,0.0,20.685,2.389,98,439965,126,0.429,0.31,5.294,0,0,768294912,0,5,0,cloister
106.837,14.305,1.134,0.0,20.685,2.389,98,439965,126,0.384,0.31,5.294,0,0,768294912,0,5,0,cloister
106.852,14.474,1.148,0.0,20.685,2.389,98,439965,126,0.339,0.31,5.295,0,0,768294912,0,5,0,cloister
106.867,14.559,0.478,0.0,20.685,2.389,98,439965,126,0.294,0.31,5.296,0,0,768294912,0,5,0,cloister
106.881,14.015,0.419,0.0,20.685,2.389,97,437273,125,0.294,0.31,5.296,0,0,768294912,0,5,0,cloister
106.896,15.611,0.447,0.0,20.685,2.389,97,437273,125,0.249,0.31,5.298,0,0,768294912,0,5,0,cloister
106.911,16.08,0.664,0.0,20.685,2.389,97,437273,125,0.204,0.31,5.299,0,0,768294912,0,5,0,cloister
106.926,15.259,0.535,0.0,20.685,2.389,97,437273,125,0.159,0.31,5.3,0,0,768294912,0,5,0,cloister
106.941,12.287,0.633,0.0,20.685,2.389,97,437273,125,0.114,0.31,5.302,0,0,768294912,0,5,0,cloister
106.956,15.341,0.534,0.0,20.685,2.389,95,437269,123,0.07,0.31,5.304,0,0,768294912,0,5,0,cloister
106.97,14.02,0.649,0.0,20.685,2.389,95,437269,123,0.025,0.31,5.306,0,0,768294912,0,5,0,cloister
106.985,15.408,0.91,0.0,20.685,2.389,95,437269,123,-0.02,0.31,5.308,0,0,768294912,0,5,0,cloister
107.0,18.892,0.955,0.0,20.685,2.389,95,437269,123,-0.065,0.31,5.31,0,0,768294912,0,5,0,cloister
107.015,9.039,0.835,0.0,20.685,2.389,95,437269,123,-0.065,0.31,5.31,0,0,768294912,0,5,0,cloister
107.03,15.613,0.996,0.0,20.685,2.389,95,437269,123,-0.11,0.31,5.312,0,0,768294912,0,5,0,cloister
107.044,14.41,2.766,0.0,20.685,2.389,95,437269,123,-0.155,0.31,5.315,0,0,768294912,0,5,0,cloister
107.059,14.573,1.207,0.0,20.685,2.389,94,437245,122,-0.2,0.31,5.317,0,0,768294912,0,5,0,cloister
107.074,14.75,0.962,0.0,20.685,2.389,94,437245,122,-0.245,0.31,5.32,0,0,768294912,0,5,0,cloister
107.089,14.089,0.744,0.0,20.685,2.389,94,437245,122,-0.29,0.31,5.322,0,0,768294912,0,5,0,cloister
107.104,14.936,0.973,0.0,20.685,2.389,94,437245,122,-0.335,0.31,5.325,0,0,768294912,0,5,0,cloister
107.119,14.562,1.583,0.0,20.685,2.389,94,437245,122,-0.38,0.31,5.328,0,0,768294912,0,5,0,cloister
107.133,15.032,0.75,0.0,20.305,2.079,94,437245,122,-0.424,0.31,5.331,0,0,768294912,0,5,0,cloister
107.148,13.301,1.083,0.0,20.305,2.079,94,437245,122,-0.424,0.31,5.331,0,0,768294912,0,5,0,cloister
107.163,15.036,0.944,0.0,20.305,2.079,94,437245,122,-0.469,0.31,5.334,0,0,768294912,0,5,0,cloister
107.178,14.68,0.924,0.0,20.305,2.079,93,437189,121,-0.514,0.31,5.337,0,0,768294912,0,5,0,cloister
107.193,14.986,0.909,0.0,20.305,2.079,93,437189,121,-0.559,0.31,5.34,0,0,768294912,0,5,0,cloister
107.207,14.027,1.018,0.0,20.305,2.079,93,437189,121,-0.604,0.31,5.343,0,0,768294912,0,5,0,cloister
107.222,14.75,0.923,0.0,20.305,2.079,91,433053,119,-0.649,0.31,5.347,0,0,768294912,0,5,0,cloister
107.237,14.171,0.552,0.0,20.305,2.079,91,433053,119,-0.694,0.31,5.35,0,0,768294912,0,5,0,cloister
107.251,14.544,0.843,0.0,20.305,2.079,91,433053,119,-0.739,0.31,5.353,0,0,768294912,0,5,0,cloister
107.266,13.75,1.197,0.0,20.305,2.079,91,433053,119,-0.739,0.31,5.353,0,0,768294912,0,5,0,cloister
107.28,14.885,1.177,0.0,20.305,2.079,91,433053,119,-0.784,0.31,5.357,0,0,768294912,0,5,0,cloister
107.295,13.991,1.106,0.0,20.305,2.079,91,433053,119,-0.828,0.31,5.36,0,0,768294912,0,5,0,cloister
107.31,14.359,0.95,0.0,20.305,2.079,91,433053,119,-0.873,0.31,5.364,0,0,768294912,0,5,0,cloister
107.324,13.833,0.932,0.0,20.305,2.079,91,433053,119,-0.918,0.31,5.367,0,0,768294912,0,5,0,cloister
107.339,14.509,0.848,0.0,20.305,2.079,91,433053,119,-0.963,0.31,5.371,0,0,768294912,0,5,0,cloister
107.353,13.887,0.473,0.0,20.305,2.079,91,433053,119,-1.008,0.31,5.374,0,0,768294912,0,5,0,cloister
107.368,15.266,0.454,0.0,20.305,2.079,91,433053,119,-1.053,0.31,5.378,0,0,768294912,0,5,0,cloister
107.383,21.035,0.514,0.0,20.305,2.079,91,433053,119,-1.098,0.31,5.381,0,0,768294912,0,5,0,cloister
107.398,12.806,0.925,0.0,20.305,2.079,91,433053,119,-1.098,0.31,5.381,0,0,768294912,0,5,0,cloister
107.413,15.531,0.894,0.0,20.305,2.079,91,433053,119,-1.142,0.31,5.385,0,0,768294912,0,5,0,cloister
107.428,14.053,0.523,0.0,20.305,2.079,90,432153,118,-1.187,0.31,5.389,0,0,768294912,0,5,0,cloister
107.443,14.22,0.883,0.0,20.305,2.079,90,432153,118,-1.232,0.31,5.392,0,0,768294912,0,5,0,cloister
107.457,14.679,0.881,0.0,20.305,2.079,90,432153,118,-1.277,0.31,5.396,0,0,768294912,0,5,0,cloister
107.472,14.175,0.801,0.0,20.305,2.079,90,432153,118,-1.322,0.31,5.399,0,0,768294912,0,5,0,cloister
107.487,14.38,0.952,0.0,20.305,2.079,90,432153,118,-1.367,0.31,5.403,0,0,768294912,0,5,0,cloister
107.501,14.627,0.944,0.0,20.305,2.079,90,432153,118,-1.412,0.31,5.407,0,0,768294912,0,5,0,cloister
107.516,13.805,1.768,0.0,20.305,2.079,90,432153,118,-1.412,0.31,5.407,0,0,768294912,0,5,0,cloister
107.53,14.621,0.717,0.0,20.305,2.079,90,432153,118,-1.456,0.31,5.411,0,0,768294912,0,5,0,cloister
107.545,14.105,0.95,0.0,20.305,2.079,90,432153,118,-1.501,0.31,5.414,0,0,768294912,0,5,0,cloister
107.559,14.427,1.046,0.0,20.305,2.079,89,431453,117,-1.546,0.31,5.418,0,0,768294912,0,5,0,cloister
107.574,14.932,0.904,0.0,20.305,2.079,88,430056,116,-1.591,0.31,5.422,0,0,768294912,0,5,0,cloister
107.589,13.589,1.148,0.0,20.305,2.079,88,430056,116,-1.636,0.31,5.425,0,0,768294912,0,5,0,cloister
107.603,14.069,0.897,0.0,20.305,2.079,87,430076,115,-1.681,0.31,5.429,0,0,768294912,0,5,0,cloister
107.618,15.62,0.897,0.0,20.305,2.079,85,429960,113,-1.725,0.31,5.433,0,0,768294912,0,5,0,cloister
107.632,12.131,1.142,0.0,20.305,2.079,78,422024,106,-1.725,0.31,5.433,0,0,768294912,0,5,0,cloister
107.647,15.34,0.633,0.0,20.305,2.079,78,422024,106,-1.77,0.31,5.437,0,0,768294912,0,5,0,cloister
107.662,14.182,0.58,0.0,20.305,2.079,77,422000,105,-1.815,0.31,5.44,0,0,768294912,0,5,0,cloister
107.676,13.914,0.971,0.0,20.305,2.079,77,423600,105,-1.86,0.31,5.444,0,0,768294912,0,5,0,cloister
107.691,13.978,0.934,0.0,20.305,2.079,77,423600,105,-1.905,0.31,5.448,0,0,768294912,0,5,0,cloister
107.705,14.307,0.837,0.0,20.305,2.079,76,423424,104,-1.95,0.31,5.452,0,0,768294912,0,5,0,cloister
107.72,15.054,0.602,0.0,20.305,2.079,73,422024,101,-1.994,0.31,5.456,0,0,768294912,0,5,0,cloister
107.734,14.158,0.651,0.0,20.305,2.079,73,422024,101,-2.039,0.31,5.459,0,0,768294912,0,5,0,cloister
107.749,14.163,0.895,0.0,20.305,2.079,67,419156,95,-2.039,0.31,5.459,0,0,768294912,0,5,0,cloister
107.764,21.295,0.898,0.0,20.305,2.079,67,419156,95,-2.084,0.31,5.463,0,0,768294912,0,5,0,cloister
107.778,13.872,0.861,0.0,20.305,2.079,67,419156,95,-2.129,0.31,5.467,0,0,768294912,0,5,0,cloister
107.793,13.831,0.87,0.0,20.305,2.079,67,419156,95,-2.174,0.31,5.471,0,0,768294912,0,5,0,cloister
107.808,15.55,1.651,0.0,20.305,2.079,66,409476,94,-2.219,0.31,5.474,0,0,768294912,0,5,0,cloister
107.822,13.303,0.522,0.0,20.305,2.079,66,409476,94,-2.264,0.31,5.478,0,0,768294912,0,5,0,cloister
107.837,14.342,0.534,0.0,20.305,2.079,66,409476,94,-2.308,0.31,5.482,0,0,768294912,0,5,0,cloister
107.851,14.339,1.223,0.0,20.305,2.079,66,409476,94,-2.353,0.31,5.486,0,0,768294912,0,5,0,cloister
107.866,13.217,0.93,0.0,20.305,2.079,66,409476,94,-2.353,0.31,5.486,0,0,768294912,0,5,0,cloister
107.881,14.941,0.637,0.0,20.305,2.079,66,409476,94,-2.398,0.31,5.49,0,0,768294912,0,5,0,cloister
107.895,14.389,0.575,0.0,20.305,2.079,66,409476,94,-2.443,0.31,5.493,0,0,768294912,0,5,0,cloister
107.91,13.743,0.546,0.0,20.305,2.079,64,406278,92,-2.488,0.31,5.497,0,0,768294912,0,5,0,cloister
107.924,14.011,0.441,0.0,20.305,2.079,64,406278,92,-2.533,0.31,5.501,0,0,768294912,0,5,0,cloister
107.939,13.755,0.485,0.0,20.305,2.079,62,395880,90,-2.577,0.31,5.505,0,0,768294912,0,5,0,cloister
107.953,14.131,0.416,0.0,20.305,2.079,62,395880,90,-2.622,0.31,5.509,0,0,768294912,0,5,0,cloister
107.968,14.304,0.427,0.0,20.305,2.079,62,395880,90,-2.667,0.31,5.512,0,0,768294912,0,5,0,cloister
107.983,19.822,0.432,0.0,20.305,2.079,62,395880,90,-2.667,0.31,5.512,0,0,768294912,0,5,0,cloister
107.997,14.67,0.489,0.0,20.305,2.079,62,395880,90,-2.712,0.31,5.516,0,0,768294912,0,5,0,cloister
108.012,16.03,0.982,0.0,20.305,2.079,62,395880,90,-2.757,0.31,5.52,0,0,768294912,0,5,0,cloister
108.027,12.787,1.102,0.0,20.305,2.079,62,395880,90,-2.802,0.31,5.524,0,0,768294912,0,5,0,cloister
108.041,13.39,0.656,0.0,20.305,2.079,62,395880,90,-2.846,0.31,5.528,0,0,768294912,0,5,0,cloister
108.056,15.77,1.054,0.0,20.305,2.079,62,395880,90,-2.891,0.31,5.531,0,0,768294912,0,5,0,cloister
108.07,12.337,0.715,0.0,20.305,2.079,62,395880,90,-2.936,0.31,5.535,0,0,768294912,0,5,0,cloister
108.085,13.744,0.9,0.0,20.305,2.079,59,395736,87,-2.981,0.31,5.539,0,0,768294912,0,5,0,cloister
108.1,13.327,0.95,0.0,20.305,2.079,59,395736,87,-2.981,0.31,5.539,0,0,768294912,0,5,0,cloister
108.114,14.453,0.92,0.0,20.305,2.079,59,395736,87,-3.026,0.31,5.543,0,0,768294912,0,5,0,cloister
108.129,13.757,0.931,0.0,20.305,2.079,59,395736,87,-3.071,0.31,5.547,0,0,768294912,0,5,0,cloister
108.143,14.051,1.09,0.0,20.105,1.371,59,395736,87,-3.115,0.31,5.55,0,0,768294912,0,5,0,cloister
108.158,14.245,0.91,0.0,20.105,1.371,59,395736,87,-3.16,0.31,5.554,0,0,768294912,0,5,0,cloister
108.172,13.57,0.916,0.0,20.105,1.371,59,395736,87,-3.205,0.31,5.558,0,0,768294912,0,5,0,cloister
108.186,13.739,0.882,0.0,20.105,1.371,59,395736,87,-3.25,0.31,5.562,0,0,768294912,0,5,0,cloister
108.201,15.949,0.925,0.0,20.105,1.371,59,395736,87,-3.295,0.31,5.566,0,0,768294912,0,5,0,cloister
108.214,11.619,0.807,0.0,20.105,1.371,59,395736,87,-3.295,0.31,5.566,0,0,768294912,0,5,0,cloister
108.228,14.342,0.781,0.0,20.105,1.371,59,395736,87,-3.34,0.31,5.57,0,0,768294912,0,5,0,cloister
108.242,14.516,0.877,0.0,20.105,1.371,59,395736,87,-3.384,0.31,5.573,0,0,768294912,0,5,0,cloister
108.256,13.527,0.853,0.0,20.105,1.371,59,395736,87,-3.429,0.31,5.577,0,0,768294912,0,5,0,cloister
108.27,13.822,0.968,0.0,20.105,1.371,57,395688,85,-3.474,0.31,5.581,0,0,768294912,0,5,0,cloister
108.284,13.885,0.88,0.0,20.105,1.371,57,395688,85,-3.519,0.31,5.585,0,0,768294912,0,5,0,cloister
108.298,15.041,0.875,0.0,20.105,1.371,57,395688,85,-3.519,0.31,5.585,0,0,768294912,0,5,0,cloister
108.312,12.877,1.081,0.0,20.105,1.371,57,395688,85,-3.564,0.31,5.589,0,0,768294912,0,5,0,cloister
108.325,13.54,0.608,0.0,20.105,1.371,56,395672,84,-3.609,0.31,5.592,0,0,768294912,0,5,0,cloister
108.339,13.944,0.613,0.0,20.105,1.371,56,395672,84,-3.654,0.31,5.596,0,0,768294912,0,5,0,cloister
108.353,13.562,0.438,0.0,20.105,1.371,56,395672,84,-3.698,0.31,5.6,0,0,768294912,0,5,0,cloister
108.367,13.732,0.388,0.0,20.105,1.371,56,395672,84,-3.743,0.31,5.604,0,0,768294912,0,5,0,cloister
108.381,13.457,0.299,0.0,20.105,1.371,56,395672,84,-3.743,0.31,5.604,0,0,768294912,0,5,0,cloister
108.395,14.653,0.217,0.0,20.105,1.371,56,395672,84,-3.788,0.31,5.608,0,0,768294912,0,5,0,cloister
108.409,14.534,0.352,0.0,20.105,1.371,56,395672,84,-3.833,0.31,5.611,0,0,768294912,0,5,0,cloister
108.423,14.346,0.301,0.0,20.105,1.371,56,395672,84,-3.878,0.31,5.615,0,0,768294912,0,5,0,cloister
108.437,13.456,0.334,0.0,20.105,1.371,55,395656,83,-3.923,0.31,5.619,0,0,768294912,0,5,0,cloister
108.45,13.613,0.256,0.0,20.105,1.371,55,395656,83,-3.967,0.31,5.623,0,0,768294912,0,5,0,cloister
108.464,13.474,0.345,0.0,20.105,1.371,55,395656,83,-3.967,0.31,5.623,0,0,768294912,0,5,0,cloister
108.478,14.267,0.268,0.0,20.105,1.371,55,395656,83,-4.012,0.31,5.627,0,0,768294912,0,5,0,cloister
108.492,13.997,0.322,0.0,20.105,1.371,56,395680,84,-4.057,0.31,5.631,0,0,768294912,0,5,0,cloister
108.506,19.492,0.319,0.0,20.105,1.371,56,395680,84,-4.102,0.31,5.634,0,0,768294912,0,5,0,cloister
108.52,13.695,0.284,0.0,20.105,1.371,56,395680,84,-4.147,0.31,5.638,0,0,768294912,0,5,0,cloister
108.534,13.781,0.359,0.0,20.105,1.371,56,395680,84,-4.192,0.31,5.642,0,0,768294912,0,5,0,cloister
108.548,13.056,0.303,0.0,20.105,1.371,56,395680,84,-4.192,0.31,5.642,0,0,768294912,0,5,0,cloister
108.562,14.091,0.39,0.0,20.105,1.371,56,395680,84,-4.236,0.31,5.646,0,0,768294912,0,5,0,cloister
108.575,13.58,0.324,0.0,20.105,1.371,56,395680,84,-4.281,0.31,5.65,0,0,768294912,0,5,0,cloister
108.59,19.304,0.389,0.0,20.105,1.371,56,395680,84,-4.326,0.31,5.653,0,0,768294912,0,5,0,cloister
108.604,13.274,0.297,0.0,20.105,1.371,56,395680,84,-4.371,0.31,5.657,0,0,768294912,0,5,0,cloister
108.618,13.735,0.313,0.0,20.105,1.371,56,395680,84,-4.416,0.31,5.661,0,0,768294912,0,5,0,cloister
108.632,12.822,0.46,0.0,20.105,1.371,56,395680,84,-4.416,0.31,5.661,0,0,768294912,0,5,0,cloister
108.646,14.001,0.525,0.0,20.105,1.371,56,395680,84,-4.461,0.31,5.665,0,0,768294912,0,5,0,cloister
108.66,13.212,0.436,0.0,20.105,1.371,55,387104,83,-4.505,0.31,5.669,0,0,768294912,0,5,0,cloister
108.674,13.517,0.409,0.0,20.105,1.371,55,387104,83,-4.55,0.31,5.672,0,0,768294912,0,5,0,cloister
108.688,13.464,0.388,0.0,20.105,1.371,55,387104,83,-4.595,0.31,5.676,0,0,768294912,0,5,0,cloister
108.702,13.697,0.394,0.0,20.105,1.371,55,387104,83,-4.64,0.31,5.68,0,0,768294912,0,5,0,cloister
108.715,12.49,0.534,0.0,20.105,1.371,55,387104,83,-4.64,0.31,5.68,0,0,768294912,0,5,0,cloister
108.729,14.045,0.49,0.0,20.105,1.371,55,387104,83,-4.685,0.31,5.684,0,0,768294912,0,5,0,cloister
108.743,13.184,0.495,0.0,20.105,1.371,54,325328,82,-4.73,0.31,5.688,0,0,768294912,0,5,0,cloister
108.757,13.566,0.459,0.0,20.105,1.371,54,325328,82,-4.774,0.31,5.692,0,0,768294912,0,5,0,cloister
108.771,13.363,0.41,0.0,20.105,1.371,54,325328,82,-4.819,0.31,5.695,0,0,768294912,0,5,0,cloister
108.785,13.455,0.505,0.0,20.105,1.371,54,325328,82,-4.864,0.31,5.699,0,0,768294912,0,5,0,cloister
108.799,12.879,0.505,0.0,20.105,1.371,51,325004,79,-4.864,0.31,5.699,0,0,768294912,0,5,0,cloister
108.813,13.876,0.462,0.0,20.105,1.371,51,325004,79,-4.909,0.31,5.703,0,0,768294912,0,5,0,cloister
108.827,14.627,0.651,0.0,20.105,1.371,50,322534,78,-4.954,0.31,5.707,0,0,768294912,0,5,0,cloister
108.84,13.376,0.524,0.0,20.105,1.371,50,322534,78,-4.999,0.31,5.711,0,0,768294912,0,5,0,cloister
108.854,13.22,1.262,0.0,20.105,1.371,49,290470,77,-5.043,0.31,5.714,0,0,768294912,0,5,0,cloister
108.868,13.914,0.846,0.0,20.105,1.371,49,290470,77,-5.088,0.31,5.718,0,0,768294912,0,5,0,cloister
108.882,11.903,0.89,0.0,20.105,1.371,49,290470,77,-5.088,0.31,5.718,0,0,768294912,0,5,0,cloister
108.895,14.239,0.521,0.0,20.105,1.371,49,290470,77,-5.133,0.31,5.722,0,0,768294912,0,5,0,cloister
108.909,13.274,0.565,0.0,20.105,1.371,49,290470,77,-5.178,0.31,5.726,0,0,768294912,0,5,0,cloister
108.922,13.652,0.446,0.0,20.105,1.371,49,290470,77,-5.223,0.31,5.73,0,0,768294912,0,5,0,cloister
108.936,13.612,0.447,0.0,20.105,1.371,49,290470,77,-5.268,0.31,5.734,0,0,768294912,0,5,0,cloister
108.95,19.07,0.416,0.0,20.105,1.371,49,290470,77,-5.313,0.31,5.737,0,0,768294912,0,5,0,cloister
108.964,14.831,0.456,0.0,20.105,1.371,47,273318,75,-5.313,0.31,5.737,0,0,768294912,0,5,0,cloister
108.978,11.636,0.64,0.0,20.105,1.371,47,273318,75,-5.357,0.31,5.741,0,0,768294912,0,5,0,cloister
108.992,13.894,0.578,0.0,20.105,1.371,47,273318,75,-5.402,0.31,5.745,0,0,768294912,0,5,0,cloister
109.006,13.201,0.661,0.0,20.105,1.371,47,273318,75,-5.447,0.31,5.749,0,0,768294912,0,5,0,cloister
109.019,14.158,0.968,0.0,20.105,1.371,47,273318,75,-5.492,0.31,5.753,0,0,768294912,0,5,0,cloister
109.033,11.925,0.965,0.0,20.105,1.371,47,273318,75,-5.537,0.31,5.756,0,0,768294912,0,5,0,cloister
109.047,14.237,0.793,0.0,20.105,1.371,47,273318,75,-5.537,0.31,5.756,0,0,768294912,0,5,0,cloister
109.061,12.506,0.689,0.0,20.105,1.371,47,273318,75,-5.582,0.31,5.76,0,0,768294912,0,5,0,cloister
109.074,13.571,0.604,0.0,20.105,1.371,46,272854,74,-5.626,0.31,5.764,0,0,768294912,0,5,0,cloister
109.088,14.2,0.836,0.0,20.105,1.371,46,272854,74,-5.671,0.31,5.768,0,0,768294912,0,5,0,cloister
109.101,12.082,0.923,0.0,20.105,1.371,46,272854,74,-5.716,0.31,5.772,0,0,768294912,0,5,0,cloister
109.114,13.033,1.297,0.0,20.105,1.371,46,272854,74,-5.716,0.31,5.772,0,0,768294912,0,5,0,cloister
109.127,13.966,0.884,0.0,20.105,1.371,46,272854,74,-5.761,0.31,5.775,0,0,768294912,0,5,0,cloister
109.141,13.065,0.838,0.0,18.947,1.892,46,272854,74,-5.806,0.31,5.779,0,0,768294912,0,5,0,cloister
109.154,12.451,1.1,0.0,18.947,1.892,46,272854,74,-5.851,0.31,5.783,0,0,768294912,0,5,0,cloister
109.167,20.437,0.71,0.0,18.947,1.892,46,272854,74,-5.895,0.31,5.787,0,0,768294912,0,5,0,cloister
109.183,12.227,0.557,0.0,18.947,1.892,45,272666,73,-5.94,0.31,5.791,0,0,768294912,0,5,0,cloister
109.197,13.538,1.072,0.0,18.947,1.892,45,272666,73,-5.94,0.31,5.791,0,0,768294912,0,5,0,cloister
109.211,13.998,1.035,0.0,18.947,1.892,45,272666,73,-5.985,0.31,5.795,0,0,768294912,0,5,0,cloister
109.224,13.711,0.572,0.0,18.947,1.892,45,272666,73,-6.03,0.31,5.798,0,0,768294912,0,5,0,cloister
109.238,12.25,0.616,0.0,18.947,1.892,45,272666,73,-6.075,0.31,5.802,0,0,768294912,0,5,0,cloister
109.252,13.135,2.788,0.0,18.947,1.892,45,272666,73,-6.12,0.31,5.806,0,0,768294912,0,5,0,cloister
109.265,19.105,1.038,0.0,18.947,1.892,45,272666,73,-6.12,0.31,5.806,0,0,768294912,0,5,0,cloister
109.279,13.812,0.613,0.0,18.947,1.892,45,272666,73,-6.164,0.31,5.81,0,0,768294912,0,5,0,cloister
109.293,16.245,0.994,0.0,18.947,1.892,45,272666,73,-6.209,0.31,5.814,0,0,768294912,0,5,0,cloister
109.306,10.256,0.937,0.0,18.947,1.892,43,272634,71,-6.254,0.31,5.817,0,0,768294912,0,5,0,cloister
109.32,13.961,0.503,0.0,18.947,1.892,43,272634,71,-6.299,0.31,5.821,0,0,768294912,0,5,0,cloister
109.334,13.2,0.567,0.0,18.947,1.892,43,272634,71,-6.344,0.31,5.825,0,0,768294912,0,5,0,cloister
109.347,14.199,1.37,0.0,18.947,1.892,43,272634,71,-6.344,0.31,5.825,0,0,768294912,0,5,0,cloister
109.361,12.802,0.496,0.0,18.947,1.892,43,272634,71,-6.389,0.31,5.829,0,0,768294912,0,5,0,cloister
109.374,14.578,0.571,0.0,18.947,1.892,43,272634,71,-6.433,0.31,5.833,0,0,768294912,0,5,0,cloister
109.388,13.424,0.92,0.0,18.947,1.892,43,272634,71,-6.478,0.31,5.837,0,0,768294912,0,5,0,cloister
109.402,13.222,0.864,0.0,18.947,1.892,43,272634,71,-6.523,0.31,5.84,0,0,768294912,0,5,0,cloister
109.415,12.408,0.895,0.0,18.947,1.892,43,272634,71,-6.523,0.31,5.84,0,0,768294912,0,5,0,cloister
109.429,14.613,0.611,0.0,18.947,1.892,43,272634,71,-6.568,0.31,5.844,0,0,768294912,0,5,0,cloister
109.443,13.747,0.542,0.0,18.947,1.892,43,272634,71,-6.613,0.31,5.848,0,0,768294912,0,5,0,cloister
109.456,13.977,0.468,0.0,18.947,1.892,43,272634,71,-6.658,0.31,5.852,0,0,768294912,0,5,0,cloister
109.47,12.538,0.548,0.0,18.947,1.892,43,272634,71,-6.703,0.31,5.856,0,0,768294912,0,5,0,cloister
109.484,13.005,0.587,0.0,18.947,1.892,43,272634,71,-6.747,0.31,5.859,0,0,768294912,0,5,0,cloister
109.497,12.549,1.36,0.0,18.947,1.892,43,272634,71,-6.747,0.31,5.859,0,0,768294912,0,5,0,cloister
109.511,14.055,0.866,0.0,18.947,1.892,43,272634,71,-6.792,0.31,5.863,0,0,768294912,0,5,0,cloister
109.524,13.145,1.118,0.0,18.947,1.892,43,272634,71,-6.837,0.31,5.867,0,0,768294912,0,5,0,cloister
109.538,13.536,0.883,0.0,18.947,1.892,42,268630,70,-6.882,0.31,5.871,0,0,768294912,0,5,0,cloister
109.552,12.916,1.145,0.0,18.947,1.892,42,268630,70,-6.927,0.31,5.875,0,0,768294912,0,5,0,cloister
109.565,11.945,0.918,0.0,18.947,1.892,42,268630,70,-6.927,0.31,5.875,0,0,768294912,0,5,0,cloister
109.579,13.709,1.066,0.0,18.947,1.892,42,268630,70,-6.972,0.31,5.878,0,0,768294912,0,5,0,cloister
109.593,13.367,0.776,0.0,18.947,1.892,42,268630,70,-7.016,0.31,5.882,0,0,768294912,0,5,0,cloister
109.606,12.786,0.52,0.0,18.947,1.892,42,268630,70,-7.061,0.31,5.886,0,0,768294912,0,5,0,cloister
109.62,15.056,0.93,0.0,18.947,1.892,42,268630,70,-7.106,0.31,5.89,0,0,768294912,0,5,0,cloister
109.632,10.871,1.57,0.0,18.947,1.892,42,268630,70,-7.106,0.31,5.89,0,0,768294912,0,5,0,cloister
109.646,14.127,0.8,0.0,18.947,1.892,42,268630,70,-7.151,0.31,5.894,0,0,768294912,0,5,0,cloister
109.659,12.938,1.091,0.0,18.947,1.892,42,268630,70,-7.196,0.31,5.898,0,0,768294912,0,5,0,cloister
109.672,14.025,1.32,0.0,18.947,1.892,41,268370,69,-7.241,0.31,5.901,0,0,768294912,0,5,0,cloister
109.685,12.538,0.834,0.0,18.947,1.892,41,268370,69,-7.285,0.31,5.905,0,0,768294912,0,5,0,cloister
109.699,12.548,0.545,0.0,18.947,1.892,41,268370,69,-7.285,0.31,5.905,0,0,768294912,0,5,0,cloister
109.712,13.787,0.999,0.0,18.947,1.892,41,268370,69,-7.33,0.31,5.909,0,0,768294912,0,5,0,cloister
109.725,12.862,0.967,0.0,18.947,1.892,41,268370,69,-7.375,0.31,5.913,0,0,768294912,0,5,0,cloister
109.738,13.386,1.01,0.0,18.947,1.892,41,268370,69,-7.42,0.31,5.917,0,0,768294912,0,5,0,cloister
109.751,12.804,1.048,0.0,18.947,1.892,41,268370,69,-7.465,0.31,5.92,0,0,768294912,0,5,0,cloister
109.764,18.668,1.075,0.0,18.947,1.892,39,268338,67,-7.465,0.31,5.92,0,0,768294912,0,5,0,cloister
109.777,13.456,0.858,0.0,18.947,1.892,39,268338,67,-7.51,0.31,5.924,0,0,768294912,0,5,0,cloister
109.791,13.051,1.023,0.0,18.947,1.892,39,268338,67,-7.554,0.31,5.928,0,0,768294912,0,5,0,cloister
109.804,12.802,0.833,0.0,18.947,1.892,39,268338,67,-7.599,0.31,5.932,0,0,768294912,0,5,0,cloister
109.817,13.246,0.916,0.0,18.947,1.892,37,268306,65,-7.644,0.31,5.936,0,0,768294912,0,5,0,cloister
109.831,11.147,0.523,0.0,18.947,1.892,37,268306,65,-7.644,0.31,5.936,0,0,768294912,0,5,0,cloister
109.844,15.301,0.733,0.0,18.947,1.892,37,268306,65,-7.689,0.31,5.94,0,0,768294912,0,5,0,cloister
109.857,11.661,0.518,0.0,18.947,1.892,37,268306,65,-7.734,0.31,5.943,0,0,768294912,0,5,0,cloister
109.871,13.101,1.102,0.0,18.947,1.892,37,268306,65,-7.779,0.31,5.947,0,0,768294912,0,5,0,cloister
109.884,12.059,0.661,0.0,18.947,1.892,37,268306,65,-7.823,0.31,5.951,0,0,768294912,0,5,0,cloister
109.897,11.844,0.982,0.0,18.947,1.892,37,268306,65,-7.823,0.31,5.951,0,0,768294912,0,5,0,cloister
109.911,13.3,0.414,0.0,18.947,1.892,37,268306,65,-7.868,0.31,5.955,0,0,768294912,0,5,0,cloister
109.924,12.773,0.496,0.0,18.947,1.892,37,268306,65,-7.913,0.31,5.959,0,0,768294912,0,5,0,cloister
109.936,12.543,0.441,0.0,18.947,1.892,37,268306,65,-7.952,0.31,5.962,0,0,768294912,0,5,0,cloister
109.949,12.044,0.49,0.0,18.947,1.892,36,143598,64,-7.952,0.31,5.962,0,0,768294912,0,5,0,cloister
109.962,13.51,0.528,0.0,18.947,1.892,36,143598,64,-7.987,0.31,5.966,0,0,768294912,0,5,0,cloister
109.974,12.62,0.447,0.0,18.947,1.892,40,175742,68,-8.019,0.31,5.972,0,0,768294912,0,5,0,cloister
109.987,13.25,0.473,0.0,18.947,1.892,36,165078,64,-8.05,0.31,5.978,0,0,768294912,0,5,0,cloister
110.0,20.413,0.56,0.0,18.947,1.892,44,173538,72,-8.079,0.31,5.986,0,0,768294912,0,5,0,cloister
110.013,10.46,0.629,0.0,18.947,1.892,53,174716,81,-8.079,0.31,5.986,0,0,768294912,0,5,0,cloister
110.026,14.226,2.006,0.0,18.947,1.892,53,174716,81,-8.107,0.31,5.997,0,0,768294912,0,5,0,cloister
110.039,13.884,0.849,0.0,18.947,1.892,64,177036,92,-8.134,0.31,6.01,0,0,768294912,0,5,0,cloister
110.052,11.932,1.097,0.0,18.947,1.892,68,196508,96,-8.161,0.31,6.026,0,0,768294912,0,5,0,cloister
110.065,13.555,1.112,0.0,18.947,1.892,71,204232,99,-8.161,0.31,6.026,0,0,768294912,0,5,0,cloister
110.078,13.295,0.67,0.0,18.947,1.892,71,204232,99,-8.187,0.31,6.044,0,0,768294912,0,5,0,cloister
110.091,14.987,0.866,0.0,18.947,1.892,85,236586,113,-8.211,0.31,6.065,0,0,768294912,0,5,0,cloister
110.104,11.819,1.004,0.0,18.947,1.892,83,231646,111,-8.235,0.31,6.088,0,0,768294912,0,5,0,cloister
110.117,13.483,0.599,0.0,18.947,1.892,85,231686,113,-8.259,0.31,6.113,0,0,768294912,0,5,0,cloister
110.13,12.514,3.049,0.0,18.54,1.794,86,231730,114,-8.259,0.31,6.113,0,0,768294912,0,5,0,cloister
110.143,13.888,0.621,0.0,18.54,1.794,86,231730,114,-8.281,0.31,6.141,0,0,768294912,0,5,0,cloister
110.156,13.154,1.102,0.0,18.54,1.794,86,231682,114,-8.302,0.31,6.17,0,0,768294912,0,5,0,cloister
110.169,12.955,0.994,0.0,18.54,1.794,89,237886,117,-8.322,0.31,6.202,0,0,768294912,0,5,0,cloister
110.182,12.307,0.97,0.0,18.54,1.794,91,238126,119,-8.322,0.31,6.202,0,0,768294912,0,5,0,cloister
110.195,15.587,0.992,0.0,18.54,1.794,91,238126,119,-8.34,0.31,6.235,0,0,768294912,0,5,0,cloister
110.209,11.426,1.039,0.0,18.54,1.794,97,238350,125,-8.358,0.31,6.269,0,0,768294912,0,5,0,cloister
110.222,12.316,0.694,0.0,18.54,1.794,97,238350,125,-8.375,0.31,6.305,0,0,768294912,0,5,0,cloister
110.235,14.529,0.555,0.0,18.54,1.794,97,238350,125,-8.39,0.31,6.342,0,0,768294912,0,5,0,cloister
110.248,10.734,0.589,0.0,18.54,1.794,96,218992,124,-8.39,0.31,6.342,0,0,768294912,0,5,0,cloister
110.261,13.958,0.616,0.0,18.54,1.794,96,218992,124,-8.405,0.31,6.38,0,0,768294912,0,5,0,cloister
110.274,12.513,0.595,0.0,18.54,1.794,98,224376,126,-8.418,0.31,6.419,0,0,768294912,0,5,0,cloister
110.287,19.982,1.031,0.0,18.54,1.794,99,224412,127,-8.43,0.31,6.459,0,0,768294912,0,5,0,cloister
110.3,10.964,0.582,0.0,18.54,1.794,99,224456,127,-8.442,0.31,6.5,0,0,768294912,0,5,0,cloister
110.314,12.923,1.015,0.0,18.54,1.794,99,224456,127,-8.442,0.31,6.5,0,0,768294912,0,5,0,cloister
110.327,13.96,0.604,0.0,18.54,1.794,99,224456,127,-8.453,0.31,6.541,0,0,768294912,0,5,0,cloister
110.34,12.777,1.029,0.0,18.54,1.794,99,224456,127,-8.462,0.31,6.583,0,0,768294912,0,5,0,cloister
110.354,12.829,0.839,0.0,18.54,1.794,99,224456,127,-8.471,0.31,6.625,0,0,768294912,0,5,0,cloister
110.367,13.575,1.038,0.0,18.54,1.794,98,224432,126,-8.48,0.31,6.667,0,0,768294912,0,5,0,cloister
110.38,12.886,0.801,0.0,18.54,1.794,98,224432,126,-8.48,0.31,6.667,0,0,768294912,0,5,0,cloister
110.394,14.866,0.692,0.0,18.54,1.794,98,224432,126,-8.487,0.31,6.71,0,0,768294912,0,5,0,cloister
110.407,12.281,1.166,0.0,18.54,1.794,98,224432,126,-8.494,0.31,6.753,0,0,768294912,0,5,0,cloister
110.42,14.677,0.706,0.0,18.54,1.794,98,224432,126,-8.5,0.31,6.797,0,0,768294912,0,5,0,cloister
110.434,13.385,0.662,0.0,18.54,1.794,98,224432,126,-8.506,0.31,6.841,0,0,768294912,0,5,0,cloister
110.447,13.007,1.665,0.0,18.54,1.794,98,224432,126,-8.506,0.31,6.841,0,0,768294912,0,5,0,cloister
110.46,15.433,1.278,0.0,18.54,1.794,98,224432,126,-8.511,0.31,6.885,0,0,768294912,0,5,0,cloister
110.474,13.681,1.847,0.0,18.54,1.794,96,224428,124,-8.515,0.31,6.929,0,0,768294912,0,5,0,cloister
110.487,14.346,0.641,0.0,18.54,1.794,96,224428,124,-8.519,0.31,6.973,0,0,768294912,0,5,0,cloister
110.5,13.429,0.568,0.0,18.54,1.794,96,224428,124,-8.523,0.31,7.017,0,0,768294912,0,5,0,cloister
110.514,13.935,1.206,0.0,18.54,1.794,96,224428,124,-8.523,0.31,7.017,0,0,768294912,0,5,0,cloister
110.528,14.691,0.611,0.0,18.54,1.794,96,224428,124,-8.526,0.31,7.062,0,0,768294912,0,5,0,cloister
110.543,14.697,1.308,0.0,18.54,1.794,96,224428,124,-8.529,0.31,7.106,0,0,768294912,0,5,0,cloister
110.556,30.039,1.077,0.0,18.54,1.794,96,224428,124,-8.532,0.31,7.151,0,0,768294912,0,5,0,cloister
110.576,3.335,1.139,0.0,18.54,1.794,96,224428,124,-8.534,0.31,7.195,0,0,768294912,0,5,0,cloister
110.591,14.495,0.788,0.0,18.54,1.794,95,224412,123,-8.536,0.31,7.24,0,0,768294912,0,5,0,cloister
110.606,14.338,0.291,0.0,18.54,1.794,95,224412,123,-8.537,0.31,7.285,0,0,768294912,0,5,0,cloister
110.62,14.038,0.381,0.0,18.54,1.794,94,224364,122,-8.539,0.31,7.33,0,0,768294912,0,5,0,cloister
110.635,14.807,0.416,0.0,18.54,1.794,94,224364,122,-8.54,0.31,7.375,0,0,768294912,0,5,0,cloister
110.65,14.372,0.542,0.0,18.54,1.794,94,224364,122,-8.54,0.31,7.375,0,0,768294912,0,5,0,cloister
110.665,13.592,1.054,0.0,18.54,1.794,94,224364,122,-8.541,0.31,7.419,0,0,768294912,0,5,0,cloister
110.679,13.642,1.212,0.0,18.54,1.794,94,224408,122,-8.542,0.31,7.464,0,0,768294912,0,5,0,cloister
110.695,19.64,2.061,0.0,18.54,1.794,94,224408,122,-8.542,0.31,7.509,0,0,768294912,0,5,0,cloister
110.71,13.91,0.922,0.0,18.54,1.794,95,224456,123,-8.542,0.31,7.554,0,0,768294912,0,5,0,cloister
110.725,15.148,1.038,0.0,18.54,1.794,95,224456,123,-8.543,0.31,7.599,0,0,768294912,0,5,0,cloister
110.74,12.826,1.632,0.0,18.54,1.794,95,224456,123,-8.543,0.31,7.644,0,0,768294912,0,5,0,cloister
110.755,14.192,1.124,0.0,18.54,1.794,96,224472,124,-8.543,0.31,7.689,0,0,768294912,0,5,0,cloister
110.769,14.243,1.451,0.0,18.54,1.794,96,224472,124,-8.542,0.31,7.734,0,0,768294912,0,5,0,cloister
110.783,12.746,0.723,0.0,18.54,1.794,96,224472,124,-8.542,0.31,7.734,0,0,768294912,0,5,0,cloister
110.798,14.596,0.749,0.0,18.54,1.794,96,224472,124,-8.542,0.31,7.779,0,0,768294912,0,5,0,cloister
110.813,13.914,1.097,0.0,18.54,1.794,96,224472,124,-8.542,0.31,7.824,0,0,768294912,0,5,0,cloister
110.828,14.15,0.711,0.0,18.54,1.794,96,224472,124,-8.541,0.31,7.869,0,0,768294912,0,5,0,cloister
110.843,13.415,1.053,0.0,18.54,1.794,98,224712,244,-8.54,0.31,7.914,0,0,768294912,0,5,0,cloister
110.857,15.974,0.641,0.0,18.54,1.794,99,224724,245,-8.54,0.31,7.959,0,0,768294912,0,5,0,cloister
110.872,12.636,0.629,0.0,18.54,1.794,99,224724,245,-8.539,0.31,8.004,0,0,768294912,0,5,0,cloister
110.886,14.328,1.764,0.0,18.54,1.794,99,224724,245,-8.538,0.31,8.049,0,0,768294912,0,5,0,cloister
110.901,18.006,0.605,0.0,18.54,1.794,99,224724,245,-8.537,0.31,8.094,0,0,768294912,0,5,0,cloister
110.916,13.038,0.597,0.0,18.54,1.794,99,224724,245,-8.537,0.31,8.094,0,0,768294912,0,5,0,cloister
110.931,14.642,0.458,0.0,18.54,1.794,99,224724,245,-8.536,0.31,8.139,0,0,768294912,0,5,0,cloister
110.945,13.675,0.413,0.0,18.54,1.794,99,224724,245,-8.535,0.31,8.184,0,0,768294912,0,5,0,cloister
110.96,13.828,0.513,0.0,18.54,1.794,98,224708,244,-8.534,0.31,8.229,0,0,768294912,0,5,0,cloister
110.975,13.984,0.516,0.0,18.54,1.794,98,224708,244,-8.533,0.31,8.274,0,0,768294912,0,5,0,cloister
110.989,13.931,0.546,0.0,18.54,1.794,98,224708,244,-8.532,0.31,8.319,0,0,768294912,0,5,0,cloister
111.004,14.43,0.448,0.0,18.54,1.794,98,224708,244,-8.531,0.31,8.364,0,0,768294912,0,5,0,cloister
111.018,13.554,0.736,0.0,18.54,1.794,98,224708,244,-8.529,0.31,8.409,0,0,768294912,0,5,0,cloister
111.033,12.736,0.883,0.0,18.54,1.794,98,224708,244,-8.529,0.31,8.409,0,0,768294912,0,5,0,cloister
111.048,20.267,0.758,0.0,18.54,1.794,98,224708,244,-8.528,0.31,8.453,0,0,768294912,0,5,0,cloister
111.062,13.487,0.703,0.0,18.54,1.794,98,224708,244,-8.527,0.31,8.498,0,0,768294912,0,5,0,cloister
111.077,14.166,0.641,0.0,18.54,1.794,98,224708,244,-8.525,0.31,8.543,0,0,768294912,0,5,0,cloister
111.091,15.081,0.689,0.0,18.54,1.794,97,226060,243,-8.524,0.31,8.588,0,0,768294912,0,5,0,cloister
111.106,14.541,0.533,0.0,18.54,1.794,97,226060,243,-8.523,0.31,8.633,0,0,768294912,0,5,0,cloister
111.121,13.461,0.611,0.0,18.54,1.794,94,225804,122,-8.521,0.31,8.678,0,0,768294912,0,5,0,cloister
111.135,14.806,0.485,0.0,19.254,1.838,94,225872,122,-8.52,0.31,8.723,0,0,768294912,0,5,0,cloister
111.15,13.18,0.465,0.0,19.254,1.838,94,225872,122,-8.52,0.31,8.723,0,0,768294912,0,5,0,cloister
111.164,14.322,0.479,0.0,19.254,1.838,94,225872,122,-8.518,0.31,8.768,0,0,768294912,0,5,0,cloister
111.179,14.27,0.493,0.0,19.254,1.838,94,225872,122,-8.517,0.31,8.813,0,0,768294912,0,5,0,cloister
111.193,13.894,0.408,0.0,19.254,1.838,94,225872,122,-8.516,0.31,8.858,0,0,768294912,0,5,0,cloister
111.208,14.322,0.456,0.0,19.254,1.838,94,225872,122,-8.514,0.31,8.903,0,0,768294912,0,5,0,cloister
111.223,13.725,0.516,0.0,19.254,1.838,94,225872,122,-8.513,0.31,8.948,0,0,768294912,0,5,0,cloister
111.237,14.168,0.625,0.0,19.254,1.838,94,225872,122,-8.511,0.31,8.993,0,0,768294912,0,5,0,cloister
111.252,14.327,0.677,0.0,19.254,1.838,94,225872,122,-8.51,0.31,9.038,0,0,768294912,0,5,0,cloister
111.266,13.474,0.538,0.0,19.254,1.838,94,225872,122,-8.51,0.31,9.038,0,0,768294912,0,5,0,cloister
111.281,21.174,0.513,0.0,19.254,1.838,94,225872,122,-8.508,0.31,9.083,0,0,768294912,0,5,0,cloister
111.296,14.042,0.63,0.0,19.254,1.838,94,231472,122,-8.506,0.31,9.128,0,0,768294912,0,5,0,cloister
111.31,14.103,0.532,0.0,19.254,1.838,94,231472,122,-8.505,0.31,9.173,0,0,768294912,0,5,0,cloister
111.325,14.111,0.575,0.0,19.254,1.838,94,231472,122,-8.503,0.31,9.218,0,0,768294912,0,5,0,cloister
111.339,14.641,0.608,0.0,19.254,1.838,94,231472,122,-8.502,0.31,9.263,0,0,768294912,0,5,0,cloister
111.354,14.178,0.607,0.0,19.254,1.838,94,231472,122,-8.5,0.31,9.308,0,0,768294912,0,5,0,cloister
111.368,13.82,1.419,0.0,19.254,1.838,94,231472,122,-8.499,0.31,9.353,0,0,768294912,0,5,0,cloister
111.383,13.667,0.954,0.0,19.254,1.838,93,231436,121,-8.499,0.31,9.353,0,0,768294912,0,5,0,cloister
111.398,14.729,0.933,0.0,19.254,1.838,93,231436,121,-8.497,0.31,9.398,0,0,768294912,0,5,0,cloister
111.412,13.736,1.019,0.0,19.254,1.838,93,231436,121,-8.495,0.31,9.443,0,0,768294912,0,5,0,cloister
111.427,14.434,0.886,0.0,19.254,1.838,93,231436,121,-8.494,0.31,9.488,0,0,768294912,0,5,0,cloister
111.441,14.431,0.673,0.0,19.254,1.838,93,231436,121,-8.492,0.31,9.533,0,0,768294912,0,5,0,cloister
111.456,14.171,0.579,0.0,19.254,1.838,93,231436,121,-8.49,0.31,9.578,0,0,768294912,0,5,0,cloister
111.471,14.287,0.962,0.0,19.254,1.838,91,199112,119,-8.489,0.31,9.623,0,0,768294912,0,5,0,cloister
111.485,13.907,0.595,0.0,19.254,1.838,91,199112,119,-8.487,0.31,9.668,0,0,768294912,0,5,0,cloister
111.5,12.972,2.07,0.0,19.254,1.838,91,199112,119,-8.487,0.31,9.668,0,0,768294912,0,5,0,cloister
111.514,14.755,0.992,0.0,19.254,1.838,91,199112,119,-8.486,0.31,9.713,0,0,768294912,0,5,0,cloister
111.528,13.253,1.207,0.0,19.254,1.838,91,199112,119,-8.484,0.31,9.758,0,0,768294912,0,5,0,cloister
111.542,13.711,1.19,0.0,19.254,1.838,91,199112,119,-8.482,0.31,9.803,0,0,768294912,0,5,0,cloister
111.556,13.658,0.535,0.0,19.254,1.838,91,199112,119,-8.481,0.31,9.848,0,0,768294912,0,5,0,cloister
111.569,14.102,0.483,0.0,19.254,1.838,91,199112,119,-8.479,0.31,9.893,0,0,768294912,0,5,0,cloister
111.583,13.759,0.408,0.0,19.254,1.838,91,199112,119,-8.477,0.31,9.938,0,0,768294912,0,5,0,cloister
111.598,13.676,0.455,0.0,19.254,1.838,91,199112,119,-8.477,0.31,9.938,0,0,768294912,0,5,0,cloister
111.611,14.315,0.358,0.0,19.254,1.838,91,199112,119,-8.476,0.31,9.983,0,0,768294912,0,5,0,cloister
111.626,14.162,0.392,0.0,19.254,1.838,91,199112,119,-8.474,0.31,10.028,0,0,768294912,0,5,0,cloister
111.639,13.91,0.382,0.0,19.254,1.838,91,199112,119,-8.472,0.31,10.072,0,0,768294912,0,5,0,cloister
111.653,13.774,0.372,0.0,19.254,1.838,91,199112,119,-8.471,0.31,10.117,0,0,768294912,0,5,0,cloister
111.667,13.863,0.491,0.0,19.254,1.838,91,199112,119,-8.469,0.31,10.162,0,0,768294912,0,5,0,cloister
111.681,14.141,0.346,0.0,19.254,1.838,91,199112,119,-8.469,0.31,10.162,0,0,768294912,0,5,0,cloister
111.695,14.37,0.433,0.0,19.254,1.838,91,199112,119,-8.467,0.31,10.207,0,0,768294912,0,5,0,cloister
111.709,13.713,0.979,0.0,19.254,1.838,91,199112,119,-8.466,0.31,10.252,0,0,768294912,0,5,0,cloister
111.723,13.891,1.022,0.0,19.254,1.838,91,199112,119,-8.464,0.31,10.297,0,0,768294912,0,5,0,cloister
111.736,13.901,1.01,0.0,19.254,1.838,91,199112,119,-8.462,0.31,10.342,0,0,768294912,0,5,0,cloister
111.75,13.87,1.121,0.0,19.254,1.838,91,199112,119,-8.461,0.31,10.387,0,0,768294912,0,5,0,cloister
111.764,13.275,1.108,0.0,19.254,1.838,91,199112,119,-8.461,0.31,10.387,0,0,768294912,0,5,0,cloister
111.778,14.489,1.0,0.0,19.254,1.838,91,199112,119,-8.459,0.31,10.432,0,0,768294912,0,5,0,cloister
111.792,13.893,1.006,0.0,19.254,1.838,91,199112,119,-8.457,0.31,10.477,0,0,768294912,0,5,0,cloister
111.806,19.326,0.987,0.0,19.254,1.838,91,199112,119,-8.456,0.31,10.522,0,0,768294912,0,5,0,cloister
111.82,14.198,0.656,0.0,19.254,1.838,91,199112,119,-8.454,0.31,10.567,0,0,768294912,0,5,0,cloister
111.834,13.714,0.88,0.0,19.254,1.838,91,199112,119,-8.452,0.31,10.612,0,0,768294912,0,5,0,cloister
111.848,12.879,0.993,0.0,19.254,1.838,91,199112,119,-8.452,0.31,10.612,0,0,768294912,0,5,0,cloister
111.862,20.685,0.766,0.0,19.254,1.838,91,199112,119,-8.451,0.31,10.657,0,0,768294912,0,5,0,cloister
111.876,13.907,0.532,0.0,19.254,1.838,91,199112,119,-8.449,0.31,10.702,0,0,768294912,0,5,0,cloister
111.89,14.094,0.668,0.0,19.254,1.838,91,199112,119,-8.447,0.31,10.747,0,0,768294912,0,5,0,cloister
111.905,14.345,1.059,0.0,19.254,1.838,91,199112,119,-8.446,0.31,10.792,0,0,768294912,0,5,0,cloister
111.919,13.126,1.081,0.0,19.254,1.838,91,199112,119,-8.444,0.31,10.837,0,0,768294912,0,5,0,cloister
111.933,13.826,0.697,0.0,19.254,1.838,91,199112,119,-8.442,0.31,10.882,0,0,768294912,0,5,0,cloister
111.948,13.188,0.572,0.0,19.254,1.838,91,199112,119,-8.442,0.31,10.882,0,0,768294912,0,5,0,cloister
111.962,14.427,0.515,0.0,19.254,1.838,91,199112,119,-8.44,0.31,10.927,0,0,768294912,0,5,0,cloister
111.976,13.759,0.508,0.0,19.254,1.838,91,199112,119,-8.439,0.31,10.972,0,0,768294912,0,5,0,cloister
111.99,14.205,0.621,0.0,19.254,1.838,89,193728,117,-8.437,0.31,11.017,0,0,768294912,0,5,0,cloister
112.003,13.635,0.513,0.0,19.254,1.838,88,193726,116,-8.435,0.31,11.062,0,0,768294912,0,5,0,cloister
112.017,13.904,0.478,0.0,19.254,1.838,88,193726,116,-8.434,0.31,11.107,0,0,768294912,0,5,0,cloister
112.031,13.02,0.433,0.0,19.254,1.838,88,193726,116,-8.434,0.31,11.107,0,0,768294912,0,5,0,cloister
112.045,14.491,0.661,0.0,19.254,1.838,88,193726,116,-8.432,0.31,11.152,0,0,768294912,0,5,0,cloister
112.059,13.579,0.584,0.0,19.254,1.838,88,193726,116,-8.43,0.31,11.197,0,0,768294912,0,5,0,cloister
112.073,13.93,0.49,0.0,19.254,1.838,88,193726,116,-8.429,0.31,11.242,0,0,768294912,0,5,0,cloister
112.087,13.928,0.595,0.0,19.254,1.838,88,193726,116,-8.427,0.31,11.287,0,0,768294912,0,5,0,cloister
112.101,13.652,0.475,0.0,19.254,1.838,88,193782,116,-8.425,0.31,11.332,0,0,768294912,0,5,0,cloister
112.115,13.206,0.461,0.0,19.254,1.838,88,193782,116,-8.425,0.31,11.332,0,0,768294912,0,5,0,cloister
112.128,14.881,0.435,0.0,19.254,1.838,88,193782,116,-8.424,0.31,11.377,0,0,768294912,0,5,0,cloister
112.142,14.086,0.615,0.0,20.354,0.993,88,193782,116,-8.422,0.31,11.422,0,0,768294912,0,5,0,cloister
112.156,13.715,0.617,0.0,20.354,0.993,88,193782,116,-8.42,0.31,11.467,0,0,768294912,0,5,0,cloister
112.17,14.031,1.08,0.0,20.354,0.993,88,193782,116,-8.418,0.31,11.511,0,0,768294912,0,5,0,cloister
112.184,13.761,1.14,0.0,20.354,0.993,88,193782,116,-8.417,0.31,11.55,0,0,768294912,0,5,0,cloister
112.198,12.369,1.188,0.0,20.354,0.993,86,191702,114,-8.417,0.31,11.55,0,0,768294912,0,5,0,cloister
112.212,14.15,0.998,0.0,20.354,0.993,86,191702,114,-8.418,0.31,11.583,0,0,768294912,0,5,0,cloister
112.226,14.598,0.983,0.0,20.354,0.993,63,186744,91,-8.419,0.31,11.611,0,0,768294912,0,5,0,cloister
112.24,12.623,0.939,0.0,20.354,0.993,62,186742,90,-8.421,0.31,11.634,0,0,768294912,0,5,0,cloister
112.254,20.154,1.116,0.0,20.354,0.993,59,186708,87,-8.425,0.31,11.654,0,0,768294912,0,5,0,cloister
112.268,12.394,0.734,0.0,20.354,0.993,44,148884,72,-8.429,0.31,11.671,0,0,768294912,0,5,0,cloister
112.282,12.375,0.846,0.0,20.354,0.993,30,138232,58,-8.429,0.31,11.671,0,0,768294912,0,5,0,cloister
112.296,13.593,0.809,0.0,20.354,0.993,30,138232,58,-8.435,0.31,11.685,0,0,768294912,0,5,0,cloister
112.31,13.261,0.843,0.0,20.354,0.993,24,130540,52,-8.441,0.31,11.696,0,0,768294912,0,5,0,cloister
112.324,13.502,0.839,0.0,20.354,0.993,27,138154,55,-8.448,0.31,11.704,0,0,768294912,0,5,0,cloister
112.338,13.38,0.824,0.0,20.354,0.993,32,139594,60,-8.458,0.31,11.709,0,0,768294912,0,5,0,cloister
112.352,13.152,0.814,0.0,20.354,0.993,36,156684,64,-8.469,0.31,11.712,0,0,768294912,0,5,0,cloister
112.366,12.307,0.793,0.0,20.354,0.993,43,343452,71,-8.469,0.31,11.712,0,0,768294912,0,5,0,cloister
112.38,14.07,0.82,0.0,20.354,0.993,43,343452,71,-8.482,0.31,11.711,0,0,768294912,0,5,0,cloister
112.394,13.081,0.9,0.0,20.354,0.993,59,442406,87,-8.497,0.31,11.707,0,0,768294912,0,5,0,cloister
112.407,12.865,0.863,0.0,20.354,0.993,62,442454,90,-8.514,0.31,11.7,0,0,768294912,0,5,0,cloister
112.421,13.148,0.816,0.0,20.354,0.993,64,474534,92,-8.532,0.31,11.689,0,0,768294912,0,5,0,cloister
112.435,13.241,0.542,0.0,20.354,0.993,65,474710,93,-8.55,0.31,11.676,0,0,768294912,0,5,0,cloister
112.449,13.984,0.61,0.0,20.354,0.993,70,486458,98,-8.55,0.31,11.676,0,0,768294912,0,5,0,cloister
112.463,13.826,0.62,0.0,20.354,0.993,70,486458,98,-8.569,0.31,11.659,0,0,768294912,0,5,0,cloister
112.477,13.228,0.904,0.0,20.354,0.993,75,486728,103,-8.589,0.31,11.639,0,0,768294912,0,5,0,cloister
112.491,13.986,0.897,0.0,20.354,0.993,79,500072,107,-8.608,0.31,11.616,0,0,768294912,0,5,0,cloister
112.504,12.928,0.964,0.0,20.354,0.993,86,511588,114,-8.627,0.31,11.591,0,0,768294912,0,5,0,cloister
112.517,13.419,0.598,0.0,20.354,0.993,87,511848,115,-8.645,0.31,11.564,0,0,768294912,0,5,0,cloister
112.531,12.934,1.098,0.0,20.354,0.993,88,512312,116,-8.645,0.31,11.564,0,0,768294912,0,5,0,cloister
112.544,14.05,1.006,0.0,20.354,0.993,88,512312,116,-8.663,0.31,11.534,0,0,768294912,0,5,0,cloister
112.558,13.738,1.417,0.0,20.354,0.993,99,617408,127,-8.68,0.31,11.503,0,0,768294912,0,5,0,cloister
112.572,14.029,0.915,0.0,20.354,0.993,99,617408,127,-8.696,0.31,11.47,0,0,768294912,0,5,0,cloister
112.586,13.507,0.751,0.0,20.354,0.993,101,617472,129,-8.712,0.31,11.435,0,0,768294912,0,5,0,cloister
112.599,13.179,1.199,0.0,20.354,0.993,106,621626,134,-8.712,0.31,11.435,0,0,768294912,0,5,0,cloister
112.613,14.003,0.658,0.0,20.354,0.993,106,621626,134,-8.726,0.31,11.399,0,0,768294912,0,5,0,cloister
112.626,13.502,1.082,0.0,20.354,0.993,111,625764,139,-8.739,0.31,11.362,0,0,768294912,0,5,0,cloister
112.64,13.808,0.994,0.0,20.354,0.993,111,625764,139,-8.752,0.31,11.324,0,0,768294912,0,5,0,cloister
112.653,13.84,1.227,0.0,20.354,0.993,113,626026,141,-8.763,0.31,11.285,0,0,768294912,0,5,0,cloister
112.667,13.733,0.928,0.0,20.354,0.993,113,626026,141,-8.773,0.31,11.245,0,0,768294912,0,5,0,cloister
112.681,13.328,0.894,0.0,20.354,0.993,115,658106,143,-8.773,0.31,11.245,0,0,768294912,0,5,0,cloister
112.694,14.091,1.145,0.0,20.354,0.993,115,658106,143,-8.783,0.31,11.204,0,0,768294912,0,5,0,cloister
112.708,13.996,1.074,0.0,20.354,0.993,121,658258,149,-8.791,0.31,11.163,0,0,768294912,0,5,0,cloister
112.722,13.602,0.989,0.0,20.354,0.993,123,658662,151,-8.799,0.31,11.121,0,0,768294912,0,5,0,cloister
112.735,20.538,1.092,0.0,20.354,0.993,125,658676,153,-8.806,0.31,11.079,0,0,768294912,0,5,0,cloister
112.749,12.964,1.034,0.0,20.354,0.993,129,659028,157,-8.806,0.31,11.079,0,0,768294912,0,5,0,cloister
112.763,14.249,1.053,0.0,20.354,0.993,129,659028,157,-8.812,0.31,11.036,0,0,768294912,0,5,0,cloister
112.776,13.44,0.982,0.0,20.354,0.993,134,659416,162,-8.817,0.31,10.993,0,0,768294912,0,5,0,cloister
112.79,13.786,1.092,0.0,20.354,0.993,136,656402,164,-8.821,0.31,10.95,0,0,768294912,0,5,0,cloister
112.803,13.63,0.919,0.0,20.354,0.993,143,657454,171,-8.825,0.31,10.906,0,0,768294912,0,5,0,cloister
112.817,14.062,0.92,0.0,20.354,0.993,152,671982,180,-8.828,0.31,10.863,0,0,768294912,0,5,0,cloister
112.831,12.904,1.047,0.0,20.354,0.993,161,686748,189,-8.828,0.31,10.863,0,0,768294912,0,5,0,cloister
112.844,14.1,1.285,0.0,20.354,0.993,161,686748,189,-8.83,0.31,10.819,0,0,768294912,0,5,0,cloister
112.858,13.706,1.849,0.0,20.354,0.993,172,704310,200,-8.831,0.31,10.775,0,0,768294912,0,5,0,cloister
112.872,13.999,1.124,0.0,20.354,0.993,175,712619,203,-8.832,0.31,10.73,0,0,768294912,0,5,0,cloister
112.885,14.567,1.346,0.0,20.354,0.993,177,714919,205,-8.833,0.31,10.686,0,0,768294912,0,5,0,cloister
112.899,10.312,2.914,0.0,20.354,0.993,178,714921,206,-8.833,0.31,10.686,0,0,768294912,0,5,0,cloister
112.913,14.213,0.647,0.0,20.354,0.993,178,714921,206,-8.833,0.31,10.642,0,0,768294912,0,5,0,cloister
112.926,13.419,0.654,0.0,20.354,0.993,180,720122,208,-8.832,0.31,10.597,0,0,768294912,0,5,0,cloister
112.94,12.33,0.991,0.0,20.354,0.993,181,722906,209,-8.831,0.31,10.553,0,0,768294912,0,5,0,cloister
112.953,13.009,1.028,0.0,20.354,0.993,181,722906,209,-8.83,0.31,10.508,0,0,768294912,0,5,0,cloister
112.967,12.63,0.594,0.0,20.354,0.993,183,724525,211,-8.828,0.31,10.464,0,0,768294912,0,5,0,cloister
112.981,12.647,0.562,0.0,20.354,0.993,185,728707,213,-8.828,0.31,10.464,0,0,768294912,0,5,0,cloister
112.994,13.316,0.618,0.0,20.354,0.993,185,728707,213,-8.826,0.31,10.419,0,0,768294912,0,5,0,cloister
113.008,13.368,0.644,0.0,20.354,0.993,186,737283,214,-8.823,0.31,10.374,0,0,768294912,0,5,0,cloister
113.022,13.009,0.711,0.0,20.354,0.993,189,742906,217,-8.82,0.31,10.33,0,0,768294912,0,5,0,cloister
113.035,20.723,0.731,0.0,20.354,0.993,190,743026,218,-8.817,0.31,10.285,0,0,768294912,0,5,0,cloister
113.049,12.613,0.612,0.0,20.354,0.993,192,743142,220,-8.817,0.31,10.285,0,0,768294912,0,5,0,cloister
113.063,14.446,0.511,0.0,20.354,0.993,192,743142,220,-8.813,0.31,10.24,0,0,768294912,0,5,0,cloister
113.076,13.688,0.603,0.0,20.354,0.993,196,748170,224,-8.809,0.31,10.196,0,0,768294912,0,5,0,cloister
113.09,13.658,0.489,0.0,20.354,0.993,198,760778,226,-8.805,0.31,10.151,0,0,768294912,0,5,0,cloister
113.104,14.101,0.41,0.0,20.354,0.993,200,760860,228,-8.8,0.31,10.106,0,0,768294912,0,5,0,cloister
113.117,13.289,0.497,0.0,20.354,0.993,200,760860,228,-8.795,0.31,10.062,0,0,768294912,0,5,0,cloister
113.131,13.667,0.587,0.0,19.659,2.29,201,760932,229,-8.795,0.31,10.062,0,0,768294912,0,5,0,cloister
113.145,14.464,0.595,0.0,19.659,2.29,201,760932,229,-8.79,0.31,10.017,0,0,768294912,0,5,0,cloister
113.159,13.728,0.508,0.0,19.659,2.29,200,760930,228,-8.785,0.31,9.973,0,0,768294912,0,5,0,cloister
113.173,13.86,0.496,0.0,19.659,2.29,200,760930,228,-8.779,0.31,9.928,0,0,768294912,0,5,0,cloister
113.186,13.295,0.605,0.0,19.659,2.29,203,763072,231,-8.774,0.31,9.884,0,0,768294912,0,5,0,cloister
113.2,14.723,0.694,0.0,19.659,2.29,203,763072,231,-8.768,0.31,9.839,0,0,768294912,0,5,0,cloister
113.214,13.082,0.551,0.0,19.659,2.29,204,764848,232,-8.768,0.31,9.839,0,0,768294912,0,5,0,cloister
113.228,14.685,1.136,0.0,19.659,2.29,204,764848,232,-8.761,0.31,9.795,0,0,768294912,0,5,0,cloister
113.242,13.722,1.587,0.0,19.659,2.29,204,764848,232,-8.755,0.31,9.75,0,0,768294912,0,5,0,cloister
113.256,13.631,1.19,0.0,19.659,2.29,207,765268,235,-8.748,0.31,9.706,0,0,768294912,0,5,0,cloister
113.269,13.508,1.302,0.0,19.659,2.29,207,765268,235,-8.742,0.31,9.661,0,0,768294912,0,5,0,cloister
113.283,12.79,1.356,0.0,19.659,2.29,208,765292,236,-8.742,0.31,9.661,0,0,768294912,0,5,0,cloister
113.297,14.785,1.091,0.0,19.659,2.29,208,765292,236,-8.735,0.31,9.617,0,0,768294912,0,5,0,cloister
113.31,13.9,1.124,0.0,19.659,2.29,208,765292,236,-8.727,0.31,9.572,0,0,768294912,0,5,0,cloister
113.324,13.401,1.367,0.0,19.659,2.29,208,765292,236,-8.72,0.31,9.528,0,0,768294912,0,5,0,cloister
113.338,19.105,1.498,0.0,19.659,2.29,210,765296,238,-8.712,0.31,9.484,0,0,768294912,0,5,0,cloister
113.352,13.536,1.174,0.0,19.659,2.29,210,765296,238,-8.705,0.31,9.44,0,0,768294912,0,5,0,cloister
113.366,13.333,1.269,0.0,19.659,2.29,208,765292,236,-8.705,0.31,9.44,0,0,768294912,0,5,0,cloister
113.38,14.071,1.193,0.0,19.659,2.29,208,765292,236,-8.697,0.31,9.395,0,0,768294912,0,5,0,cloister
113.394,14.817,1.439,0.0,19.659,2.29,205,764872,233,-8.69,0.31,9.351,0,0,768294912,0,5,0,cloister
113.407,12.38,0.922,0.0,19.659,2.29,202,761694,230,-8.683,0.31,9.307,0,0,768294912,0,5,0,cloister
113.421,13.291,0.724,0.0,19.659,2.29,199,758654,227,-8.676,0.31,9.262,0,0,768294912,0,5,0,cloister
113.435,13.564,0.727,0.0,19.659,2.29,198,753057,226,-8.669,0.31,9.218,0,0,768294912,0,5,0,cloister
113.449,12.648,0.653,0.0,19.659,2.29,197,752985,225,-8.669,0.31,9.218,0,0,768294912,0,5,0,cloister
113.463,14.527,0.629,0.0,19.659,2.29,197,752985,225,-8.662,0.31,9.173,0,0,768294912,0,5,0,cloister
113.477,12.964,0.762,0.0,19.659,2.29,193,748612,221,-8.656,0.31,9.129,0,0,768294912,0,5,0,cloister
113.491,14.258,1.415,0.0,19.659,2.29,190,730805,218,-8.65,0.31,9.085,0,0,768294912,0,5,0,cloister
113.505,12.891,1.261,0.0,19.659,2.29,192,734345,338,-8.643,0.31,9.04,0,0,768294912,0,5,0,cloister
113.519,13.99,1.399,0.0,19.659,2.29,192,734345,338,-8.638,0.31,8.996,0,0,768294912,0,5,0,cloister
113.532,12.15,1.137,0.0,19.659,2.29,191,725865,337,-8.638,0.31,8.996,0,0,768294912,0,5,0,cloister
113.546,14.817,1.319,0.0,19.659,2.29,191,725865,337,-8.632,0.31,8.951,0,0,768294912,0,5,0,cloister
113.56,13.241,1.151,0.0,19.659,2.29,188,723641,334,-8.627,0.31,8.906,0,0,768294912,0,5,0,cloister
113.573,13.491,1.127,0.0,19.659,2.29,187,723639,333,-8.621,0.31,8.862,0,0,768294912,0,5,0,cloister
113.587,13.356,1.306,0.0,19.659,2.29,187,723639,333,-8.616,0.31,8.817,0,0,768294912,0,5,0,cloister
113.6,12.67,1.359,0.0,19.659,2.29,185,723599,331,-8.616,0.31,8.817,0,0,768294912,0,5,0,cloister
113.614,14.484,0.769,0.0,19.659,2.29,185,723599,331,-8.611,0.31,8.772,0,0,768294912,0,5,0,cloister
113.627,14.389,1.205,0.0,19.659,2.29,185,723599,331,-8.606,0.31,8.728,0,0,768294912,0,5,0,cloister
113.641,18.324,0.823,0.0,19.659,2.29,185,723599,331,-8.602,0.31,8.683,0,0,768294912,0,5,0,cloister
113.655,13.405,0.646,0.0,19.659,2.29,185,723599,331,-8.597,0.31,8.638,0,0,768294912,0,5,0,cloister
113.669,13.564,1.187,0.0,19.659,2.29,182,721285,328,-8.593,0.31,8.593,0,0,768294912,0,5,0,cloister
113.683,12.459,1.131,0.0,19.659,2.29,180,721249,326,-8.593,0.31,8.593,0,0,768294912,0,5,0,cloister
113.697,13.665,1.286,0.0,19.659,2.29,180,721249,326,-8.589,0.31,8.549,0,0,768294912,0,5,0,cloister
113.711,13.584,1.191,0.0,19.659,2.29,179,719849,325,-8.585,0.31,8.504,0,0,768294912,0,5,0,cloister
113.724,13.25,1.249,0.0,19.659,2.29,178,717549,324,-8.581,0.31,8.459,0,0,768294912,0,5,0,cloister
113.738,13.856,1.228,0.0,19.659,2.29,178,717549,324,-8.577,0.31,8.414,0,0,768294912,0,5,0,cloister
113.752,12.444,0.721,0.0,19.659,2.29,176,714736,322,-8.573,0.31,8.369,0,0,768294912,0,5,0,cloister
113.766,12.399,1.198,0.0,19.659,2.29,176,714736,322,-8.573,0.31,8.369,0,0,768294912,0,5,0,cloister
113.78,13.766,0.833,0.0,19.659,2.29,176,714736,322,-8.569,0.31,8.325,0,0,768294912,0,5,0,cloister
113.793,14.148,1.036,0.0,19.659,2.29,174,711904,320,-8.565,0.31,8.28,0,0,768294912,0,5,0,cloister
113.807,13.343,0.753,0.0,19.659,2.29,173,710305,319,-8.562,0.31,8.235,0,0,768294912,0,5,0,cloister
113.82,12.853,0.657,0.0,19.659,2.29,173,710305,319,-8.558,0.31,8.19,0,0,768294912,0,5,0,cloister
113.833,12.132,0.806,0.0,19.659,2.29,173,710305,319,-8.558,0.31,8.19,0,0,768294912,0,5,0,cloister
113.847,14.393,0.996,0.0,19.659,2.29,173,710305,319,-8.555,0.31,8.145,0,0,768294912,0,5,0,cloister
113.861,12.69,0.672,0.0,19.659,2.29,172,705106,318,-8.551,0.31,8.1,0,0,768294912,0,5,0,cloister
113.874,13.076,0.556,0.0,19.659,2.29,171,704586,317,-8.548,0.31,8.055,0,0,768294912,0,5,0,cloister
113.888,13.379,0.552,0.0,19.659,2.29,171,704586,317,-8.545,0.31,8.011,0,0,768294912,0,5,0,cloister
113.902,13.795,0.51,0.0,19.659,2.29,171,704586,317,-8.542,0.31,7.966,0,0,768294912,0,5,0,cloister
113.915,12.404,0.59,0.0,19.659,2.29,170,704574,316,-8.542,0.31,7.966,0,0,768294912,0,5,0,cloister
113.929,19.616,0.61,0.0,19.659,2.29,170,704574,316,-8.538,0.31,7.921,0,0,768294912,0,5,0,cloister
113.943,12.882,0.56,0.0,19.659,2.29,168,701904,314,-8.535,0.31,7.876,0,0,768294912,0,5,0,cloister
113.957,13.367,0.603,0.0,19.659,2.29,168,701904,314,-8.532,0.31,7.831,0,0,768294912,0,5,0,cloister
113.97,12.857,0.715,0.0,19.659,2.29,166,701664,194,-8.529,0.31,7.786,0,0,768294912,0,5,0,cloister
113.983,12.31,0.684,0.0,19.659,2.29,166,701664,194,-8.529,0.31,7.786,0,0,768294912,0,5,0,cloister
113.997,13.847,0.522,0.0,19.659,2.29,166,701664,194,-8.526,0.31,7.741,0,0,768294912,0,5,0,cloister
114.011,12.881,0.512,0.0,19.659,2.29,166,701664,194,-8.523,0.31,7.696,0,0,768294912,0,5,0,cloister
114.024,13.295,0.472,0.0,19.659,2.29,166,701664,194,-8.52,0.31,7.651,0,0,768294912,0,5,0,cloister
114.038,12.887,0.443,0.0,19.659,2.29,166,701664,194,-8.517,0.31,7.607,0,0,768294912,0,5,0,cloister
114.052,13.296,0.633,0.0,19.659,2.29,166,701664,194,-8.514,0.31,7.562,0,0,768294912,0,5,0,cloister
114.065,12.214,0.509,0.0,19.659,2.29,165,701662,193,-8.514,0.31,7.562,0,0,768294912,0,5,0,cloister
114.079,13.671,0.605,0.0,19.659,2.29,165,701662,193,-8.511,0.31,7.517,0,0,768294912,0,5,0,cloister
114.092,12.831,0.558,0.0,19.659,2.29,165,701662,193,-8.508,0.31,7.472,0,0,768294912,0,5,0,cloister
114.106,13.032,0.52,0.0,19.659,2.29,165,701662,193,-8.506,0.31,7.427,0,0,768294912,0,5,0,cloister
114.12,13.162,0.493,0.0,19.659,2.29,165,701662,193,-8.503,0.31,7.382,0,0,768294912,0,5,0,cloister
114.133,12.625,0.511,0.0,19.659,2.29,164,701638,192,-8.503,0.31,7.382,0,0,768294912,0,5,0,cloister
114.147,13.956,0.575,0.0,18.767,1.504,164,701638,192,-8.5,0.31,7.337,0,0,768294912,0,5,0,cloister
114.161,12.864,0.566,0.0,18.767,1.504,164,701638,192,-8.497,0.31,7.292,0,0,768294912,0,5,0,cloister
114.174,13.376,0.585,0.0,18.767,1.504,164,701638,192,-8.494,0.31,7.247,0,0,768294912,0,5,0,cloister
114.187,12.635,0.606,0.0,18.767,1.504,164,701638,192,-8.492,0.31,7.202,0,0,768294912,0,5,0,cloister
114.2,13.049,0.681,0.0,18.767,1.504,164,701638,192,-8.489,0.31,7.157,0,0,768294912,0,5,0,cloister
114.214,12.591,0.564,0.0,18.767,1.504,163,701636,191,-8.489,0.31,7.157,0,0,768294912,0,5,0,cloister
114.227,20.909,0.813,0.0,18.767,1.504,163,701636,191,-8.486,0.31,7.113,0,0,768294912,0,5,0,cloister
114.241,12.772,0.668,0.0,18.767,1.504,162,701620,190,-8.483,0.31,7.068,0,0,768294912,0,5,0,cloister
114.254,13.306,1.095,0.0,18.767,1.504,161,701572,189,-8.481,0.31,7.023,0,0,768294912,0,5,0,cloister
114.268,12.279,1.306,0.0,18.767,1.504,161,701572,189,-8.478,0.31,6.978,0,0,768294912,0,5,0,cloister
114.282,11.952,0.799,0.0,18.767,1.504,161,698904,189,-8.478,0.31,6.978,0,0,768294912,0,5,0,cloister
114.295,13.933,0.636,0.0,18.767,1.504,161,698904,189,-8.475,0.31,6.933,0,0,768294912,0,5,0,cloister
114.309,13.219,0.554,0.0,18.767,1.504,161,698904,189,-8.473,0.31,6.888,0,0,768294912,0,5,0,cloister
114.323,13.072,0.509,0.0,18.767,1.504,161,698904,189,-8.47,0.31,6.843,0,0,768294912,0,5,0,cloister
114.336,13.202,0.462,0.0,18.767,1.504,161,698904,189,-8.467,0.31,6.798,0,0,768294912,0,5,0,cloister
114.35,13.614,0.549,0.0,18.767,1.504,161,698904,189,-8.465,0.31,6.753,0,0,768294912,0,5,0,cloister
114.364,12.357,0.51,0.0,18.767,1.504,160,698616,188,-8.465,0.31,6.753,0,0,768294912,0,5,0,cloister
114.377,14.756,0.65,0.0,18.767,1.504,160,698616,188,-8.462,0.31,6.708,0,0,768294912,0,5,0,cloister
114.391,12.868,0.668,0.0,18.767,1.504,160,698616,188,-8.459,0.31,6.663,0,0,768294912,0,5,0,cloister
114.404,13.473,1.14,0.0,18.767,1.504,160,698616,188,-8.457,0.31,6.618,0,0,768294912,0,5,0,cloister
114.417,12.758,0.649,0.0,18.767,1.504,160,698616,188,-8.454,0.31,6.574,0,0,768294912,0,5,0,cloister
114.431,12.597,0.802,0.0,18.767,1.504,160,698616,188,-8.454,0.31,6.574,0,0,768294912,0,5,0,cloister
114.444,13.841,0.481,0.0,18.767,1.504,160,698616,188,-8.452,0.31,6.529,0,0,768294912,0,5,0,cloister
114.457,13.253,0.614,0.0,18.767,1.504,160,698616,188,-8.449,0.31,6.484,0,0,768294912,0,5,0,cloister
114.47,13.971,0.597,0.0,18.767,1.504,160,698616,188,-8.446,0.31,6.439,0,0,768294912,0,5,0,cloister
114.484,13.298,0.682,0.0,18.767,1.504,160,698616,188,-8.444,0.31,6.394,0,0,768294912,0,5,0,cloister
114.497,11.618,1.393,0.0,18.767,1.504,160,698616,188,-8.444,0.31,6.394,0,0,768294912,0,5,0,cloister
114.51,21.159,0.675,0.0,18.767,1.504,160,698616,188,-8.441,0.31,6.349,0,0,768294912,0,5,0,cloister
114.523,12.261,0.666,0.0,18.767,1.504,159,698500,187,-8.439,0.31,6.304,0,0,768294912,0,5,0,cloister
114.537,13.11,0.992,0.0,18.767,1.504,159,698500,187,-8.436,0.31,6.259,0,0,768294912,0,5,0,cloister
114.55,13.114,0.733,0.0,18.767,1.504,159,698500,187,-8.434,0.31,6.214,0,0,768294912,0,5,0,cloister
114.563,13.375,0.983,0.0,18.767,1.504,159,698500,187,-8.434,0.31,6.214,0,0,768294912,0,5,0,cloister
114.577,13.493,1.504,0.0,18.767,1.504,159,698500,187,-8.431,0.31,6.169,0,0,768294912,0,5,0,cloister
114.59,13.024,1.102,0.0,18.767,1.504,159,698500,187,-8.429,0.31,6.124,0,0,768294912,0,5,0,cloister
114.603,13.368,0.977,0.0,18.767,1.504,159,698500,187,-8.426,0.31,6.079,0,0,768294912,0,5,0,cloister
114.617,13.476,1.016,0.0,18.767,1.504,159,698500,187,-8.424,0.31,6.041,0,0,768294912,0,5,0,cloister
114.63,12.389,0.897,0.0,18.767,1.504,194,736221,222,-8.424,0.31,6.041,0,0,768294912,0,5,0,cloister
114.643,14.089,1.311,0.0,18.767,1.504,194,736221,222,-8.421,0.31,6.006,0,0,768294912,0,5,0,cloister
114.657,12.671,1.59,0.0,18.767,1.504,237,780514,265,-8.416,0.31,5.974,0,0,768294912,0,5,0,cloister
114.67,13.517,1.498,0.0,18.767,1.504,243,784758,271,-8.41,0.31,5.944,0,0,768294912,0,5,0,cloister
114.683,12.991,1.042,0.0,18.767,1.504,254,803574,282,-8.403,0.31,5.915,0,0,768294912,0,5,0,cloister
114.697,12.745,1.428,0.0,18.767,1.504,265,809018,293,-8.403,0.31,5.915,0,0,768294912,0,5,0,cloister
114.71,13.635,1.493,0.0,18.767,1.504,265,809018,293,-8.392,0.31,5.887,0,0,768294912,0,5,0,cloister
114.723,13.102,1.525,0.0,18.767,1.504,269,811404,297,-8.38,0.31,5.86,0,0,768294912,0,5,0,cloister
114.737,13.278,0.743,0.0,18.767,1.504,272,810152,300,-8.364,0.31,5.834,0,0,768294912,0,5,0,cloister
114.75,14.05,0.683,0.0,18.767,1.504,277,811436,305,-8.346,0.31,5.809,0,0,768294912,0,5,0,cloister
114.763,12.62,0.905,0.0,18.767,1.504,276,807968,304,-8.346,0.31,5.809,0,0,768294912,0,5,0,cloister
114.777,14.546,1.57,0.0,18.767,1.504,276,807968,304,-8.326,0.31,5.784,0,0,768294912,0,5,0,cloister
114.79,13.084,1.445,0.0,18.767,1.504,277,810070,305,-8.303,0.31,5.76,0,0,768294912,0,5,0,cloister
114.803,13.226,1.525,0.0,18.767,1.504,277,812160,305,-8.277,0.31,5.737,0,0,768294912,0,5,0,cloister
114.817,13.753,0.791,0.0,18.767,1.504,276,814848,304,-8.25,0.31,5.715,0,0,768294912,0,5,0,cloister
114.83,13.24,0.746,0.0,18.767,1.504,275,814824,303,-8.25,0.31,5.715,0,0,768294912,0,5,0,cloister
114.843,14.298,0.817,0.0,18.767,1.504,275,814824,303,-8.22,0.31,5.694,0,0,768294912,0,5,0,cloister
114.857,13.792,0.787,0.0,18.767,1.504,277,815436,305,-8.189,0.31,5.674,0,0,768294912,0,5,0,cloister
114.87,13.921,0.684,0.0,18.767,1.504,277,815532,305,-8.156,0.31,5.656,0,0,768294912,0,5,0,cloister
114.883,13.725,0.614,0.0,18.767,1.504,280,818432,308,-8.121,0.31,5.638,0,0,768294912,0,5,0,cloister
114.897,13.125,0.646,0.0,18.767,1.504,280,818432,308,-8.121,0.31,5.638,0,0,768294912,0,5,0,cloister
114.91,15.319,0.853,0.0,18.767,1.504,280,818432,308,-8.085,0.31,5.621,0,0,768294912,0,5,0,cloister
114.924,13.525,0.804,0.0,18.767,1.504,281,818434,309,-8.048,0.31,5.605,0,0,768294912,0,5,0,cloister
114.938,14.997,1.369,0.0,18.767,1.504,280,818432,308,-8.01,0.31,5.591,0,0,768294912,0,5,0,cloister
114.951,13.278,0.808,0.0,18.767,1.504,280,818432,308,-7.971,0.31,5.577,0,0,768294912,0,5,0,cloister
114.967,19.482,1.183,0.0,18.767,1.504,278,818406,306,-7.931,0.31,5.564,0,0,768294912,0,5,0,cloister
114.984,19.748,1.908,0.0,18.767,1.504,278,818406,306,-7.891,0.31,5.552,0,0,768294912,0,5,0,cloister
114.998,13.247,0.821,0.0,18.767,1.504,277,818382,305,-7.891,0.31,5.552,0,0,768294912,0,5,0,cloister
115.012,14.832,0.573,0.0,18.767,1.504,277,818382,305,-7.85,0.31,5.541,0,0,768294912,0,5,0,cloister
115.026,13.608,0.68,0.0,18.767,1.504,277,818382,305,-7.808,0.31,5.531,0,0,768294912,0,5,0,cloister
115.04,14.127,0.651,0.0,18.767,1.504,277,818382,305,-7.766,0.31,5.521,0,0,768294912,0,5,0,cloister
115.054,14.071,0.547,0.0,18.767,1.504,275,818356,303,-7.723,0.31,5.513,0,0,768294912,0,5,0,cloister
115.068,13.791,0.661,0.0,18.767,1.504,276,819222,304,-7.68,0.31,5.504,0,0,768294912,0,5,0,cloister
115.083,13.775,0.584,0.0,18.767,1.504,275,819198,303,-7.637,0.31,5.497,0,0,768294912,0,5,0,cloister
115.098,13.193,0.671,0.0,18.767,1.504,274,819196,302,-7.637,0.31,5.497,0,0,768294912,0,5,0,cloister
115.112,14.552,0.632,0.0,18.767,1.504,274,819196,302,-7.594,0.31,5.49,0,0,768294912,0,5,0,cloister
115.126,14.011,0.596,0.0,19.144,1.378,274,819196,302,-7.55,0.31,5.484,0,0,768294912,0,5,0,cloister
115.14,13.937,0.626,0.0,19.144,1.378,274,819196,302,-7.506,0.31,5.478,0,0,768294912,0,5,0,cloister
115.155,13.797,0.627,0.0,19.144,1.378,274,819196,302,-7.462,0.31,5.472,0,0,768294912,0,5,0,cloister
115.169,13.9,0.696,0.0,19.144,1.378,274,819196,302,-7.418,0.31,5.467,0,0,768294912,0,5,0,cloister
115.183,13.899,0.676,0.0,19.144,1.378,274,819196,302,-7.373,0.31,5.463,0,0,768294912,0,5,0,cloister
115.198,13.052,0.794,0.0,19.144,1.378,274,819196,302,-7.373,0.31,5.463,0,0,768294912,0,5,0,cloister
115.212,14.354,0.632,0.0,19.144,1.378,274,819196,302,-7.329,0.31,5.458,0,0,768294912,0,5,0,cloister
115.226,13.901,0.528,0.0,19.144,1.378,273,818794,301,-7.285,0.31,5.454,0,0,768294912,0,5,0,cloister
115.24,16.588,0.685,0.0,19.144,1.378,272,818792,300,-7.24,0.31,5.451,0,0,768294912,0,5,0,cloister
115.255,12.071,0.565,0.0,19.144,1.378,272,818792,300,-7.195,0.31,5.447,0,0,768294912,0,5,0,cloister
115.269,13.731,0.498,0.0,19.144,1.378,271,818790,299,-7.151,0.31,5.444,0,0,768294912,0,5,0,cloister
115.283,20.189,0.669,0.0,19.144,1.378,270,818778,298,-7.106,0.31,5.441,0,0,768294912,0,5,0,cloister
115.298,12.947,2.244,0.0,19.144,1.378,269,818776,297,-7.106,0.31,5.441,0,0,768294912,0,5,0,cloister
115.312,14.683,1.257,0.0,19.144,1.378,269,818776,297,-7.061,0.31,5.439,0,0,768294912,0,5,0,cloister
115.326,14.403,3.3,0.0,19.144,1.378,266,818750,294,-7.016,0.31,5.436,0,0,768294912,0,5,0,cloister
115.34,12.947,1.181,0.0,19.144,1.378,266,818750,294,-6.971,0.31,5.434,0,0,768294912,0,5,0,cloister
115.355,13.897,0.839,0.0,19.144,1.378,266,818750,294,-6.927,0.31,5.432,0,0,768294912,0,5,0,cloister
115.369,14.087,0.745,0.0,19.144,1.378,266,818750,294,-6.882,0.31,5.43,0,0,768294912,0,5,0,cloister
115.383,13.818,0.71,0.0,19.144,1.378,266,818750,294,-6.837,0.31,5.428,0,0,768294912,0,5,0,cloister
115.398,13.41,0.563,0.0,19.144,1.378,266,818750,294,-6.837,0.31,5.428,0,0,768294912,0,5,0,cloister
115.412,14.606,0.591,0.0,19.144,1.378,266,818750,294,-6.792,0.31,5.426,0,0,768294912,0,5,0,cloister
115.426,13.888,0.631,0.0,19.144,1.378,266,818750,294,-6.747,0.31,5.425,0,0,768294912,0,5,0,cloister
115.44,14.076,0.635,0.0,19.144,1.378,266,818750,294,-6.702,0.31,5.423,0,0,768294912,0,5,0,cloister
115.455,13.953,0.708,0.0,19.144,1.378,267,818894,295,-6.657,0.31,5.422,0,0,768294912,0,5,0,cloister
115.469,14.097,0.645,0.0,19.144,1.378,267,818894,295,-6.612,0.31,5.42,0,0,768294912,0,5,0,cloister
115.483,14.452,0.671,0.0,19.144,1.378,267,818894,295,-6.567,0.31,5.419,0,0,768294912,0,5,0,cloister
115.498,13.566,0.672,0.0,19.144,1.378,268,818906,296,-6.567,0.31,5.419,0,0,768294912,0,5,0,cloister
115.512,15.009,0.652,0.0,19.144,1.378,268,818906,296,-6.522,0.31,5.418,0,0,768294912,0,5,0,cloister
115.526,14.904,0.774,0.0,19.144,1.378,268,818906,296,-6.477,0.31,5.417,0,0,768294912,0,5,0,cloister
115.54,13.914,0.773,0.0,19.144,1.378,268,818906,296,-6.432,0.31,5.416,0,0,768294912,0,5,0,cloister
115.555,13.978,1.218,0.0,19.144,1.378,268,818906,296,-6.387,0.31,5.415,0,0,768294912,0,5,0,cloister
115.569,15.197,0.978,0.0,19.144,1.378,268,818906,296,-6.342,0.31,5.414,0,0,768294912,0,5,0,cloister
115.583,17.545,0.831,0.0,19.144,1.378,267,818386,295,-6.297,0.31,5.413,0,0,768294912,0,5,0,cloister
115.598,13.468,0.791,0.0,19.144,1.378,267,818386,295,-6.297,0.31,5.413,0,0,768294912,0,5,0,cloister
115.612,15.297,1.363,0.0,19.144,1.378,267,818386,295,-6.252,0.31,5.412,0,0,768294912,0,5,0,cloister
115.626,13.273,1.512,0.0,19.144,1.378,267,818386,295,-6.207,0.31,5.411,0,0,768294912,0,5,0,cloister
115.64,14.665,1.235,0.0,19.144,1.378,267,818386,295,-6.162,0.31,5.41,0,0,768294912,0,5,0,cloister
115.655,14.153,0.726,0.0,19.144,1.378,266,815728,294,-6.117,0.31,5.41,0,0,768294912,0,5,0,cloister
115.669,13.487,1.445,0.0,19.144,1.378,266,815728,294,-6.072,0.31,5.409,0,0,768294912,0,5,0,cloister
115.683,15.44,1.339,0.0,19.144,1.378,266,815728,294,-6.027,0.31,5.408,0,0,768294912,0,5,0,cloister
115.698,11.984,1.204,0.0,19.144,1.378,266,815728,294,-6.027,0.31,5.408,0,0,768294912,0,5,0,cloister
115.712,14.285,0.719,0.0,19.144,1.378,266,815728,294,-5.982,0.31,5.408,0,0,768294912,0,5,0,cloister
115.726,14.142,1.27,0.0,19.144,1.378,266,815728,294,-5.937,0.31,5.407,0,0,768294912,0,5,0,cloister
115.74,14.606,1.228,0.0,19.144,1.378,266,815728,294,-5.892,0.31,5.406,0,0,768294912,0,5,0,cloister
115.755,13.399,0.871,0.0,19.144,1.378,266,815728,294,-5.847,0.31,5.406,0,0,768294912,0,5,0,cloister
115.769,13.889,0.809,0.0,19.144,1.378,267,815818,295,-5.802,0.31,5.405,0,0,768294912,0,5,0,cloister
115.783,16.719,0.8,0.0,19.144,1.378,268,816202,296,-5.757,0.31,5.404,0,0,768294912,0,5,0,cloister
115.798,9.659,0.709,0.0,19.144,1.378,267,815626,295,-5.757,0.31,5.404,0,0,768294912,0,5,0,cloister
115.812,14.69,0.729,0.0,19.144,1.378,267,815626,295,-5.712,0.31,5.404,0,0,768294912,0,5,0,cloister
115.826,13.872,0.747,0.0,19.144,1.378,266,815614,294,-5.667,0.31,5.403,0,0,768294912,0,5,0,cloister
115.84,14.612,0.676,0.0,19.144,1.378,266,815614,294,-5.622,0.31,5.403,0,0,768294912,0,5,0,cloister
115.855,13.168,0.889,0.0,19.144,1.378,265,815602,293,-5.577,0.31,5.402,0,0,768294912,0,5,0,cloister
115.869,13.551,0.663,0.0,19.144,1.378,265,815602,293,-5.532,0.31,5.402,0,0,768294912,0,5,0,cloister
115.883,19.865,0.805,0.0,19.144,1.378,265,815602,293,-5.487,0.31,5.401,0,0,768294912,0,5,0,cloister
115.898,13.029,0.661,0.0,19.144,1.378,264,815512,292,-5.487,0.31,5.401,0,0,768294912,0,5,0,cloister
115.912,14.983,0.539,0.0,19.144,1.378,264,815512,292,-5.442,0.31,5.401,0,0,768294912,0,5,0,cloister
115.926,14.191,0.683,0.0,19.144,1.378,264,815512,292,-5.397,0.31,5.4,0,0,768294912,0,5,0,cloister
115.94,13.867,0.597,0.0,19.144,1.378,264,815512,292,-5.352,0.31,5.4,0,0,768294912,0,5,0,cloister
115.955,14.181,0.708,0.0,19.144,1.378,264,815512,292,-5.307,0.31,5.399,0,0,768294912,0,5,0,cloister
115.969,13.795,0.781,0.0,19.144,1.378,264,815512,292,-5.262,0.31,5.399,0,0,768294912,0,5,0,cloister
115.983,14.159,0.785,0.0,19.144,1.378,264,815512,292,-5.217,0.31,5.398,0,0,768294912,0,5,0,cloister
115.998,13.371,0.771,0.0,19.144,1.378,264,815512,292,-5.217,0.31,5.398,0,0,768294912,0,5,0,cloister
116.012,14.105,0.736,0.0,19.144,1.378,264,815512,292,-5.172,0.31,5.398,0,0,768294912,0,5,0,cloister
116.026,13.93,0.544,0.0,19.144,1.378,264,815676,292,-5.128,0.31,5.397,0,0,768294912,0,5,0,cloister
116.04,14.412,0.427,0.0,19.144,1.378,264,815676,292,-5.083,0.31,5.397,0,0,768294912,0,5,0,cloister
116.055,14.234,0.663,0.0,19.144,1.378,264,815676,292,-5.038,0.31,5.396,0,0,768294912,0,5,0,cloister
116.069,13.589,0.531,0.0,19.144,1.378,264,815676,292,-4.993,0.31,5.396,0,0,768294912,0,5,0,cloister
116.083,14.166,0.626,0.0,19.144,1.378,263,814976,291,-4.948,0.31,5.395,0,0,768294912,0,5,0,cloister
116.098,13.724,0.575,0.0,19.144,1.378,263,850363,291,-4.948,0.31,5.395,0,0,768294912,0,5,0,cloister
116.112,14.545,0.613,0.0,19.144,1.378,263,850363,291,-4.903,0.31,5.395,0,0,768294912,0,5,0,cloister
116.126,13.827,0.614,0.0,19.144,1.378,263,850363,291,-4.858,0.31,5.394,0,0,768294912,0,5,0,cloister
116.14,14.207,0.69,0.0,19.062,3.54,263,850363,291,-4.813,0.31,5.394,0,0,768294912,0,5,0,cloister
116.155,14.172,0.493,0.0,19.062,3.54,263,850363,291,-4.768,0.31,5.394,0,0,768294912,0,5,0,cloister
116.169,13.75,0.599,0.0,19.062,3.54,263,850363,291,-4.723,0.31,5.393,0,0,768294912,0,5,0,cloister
116.183,20.394,0.779,0.0,19.062,3.54,263,850363,291,-4.678,0.31,5.393,0,0,768294912,0,5,0,cloister
116.198,13.301,0.625,0.0,19.062,3.54,264,850939,292,-4.678,0.31,5.393,0,0,768294912,0,5,0,cloister
116.212,14.747,0.56,0.0,19.062,3.54,264,850939,292,-4.633,0.31,5.392,0,0,768294912,0,5,0,cloister
116.226,14.198,0.583,0.0,19.062,3.54,264,850939,292,-4.588,0.31,5.392,0,0,768294912,0,5,0,cloister
116.24,14.332,0.719,0.0,19.062,3.54,263,848142,291,-4.543,0.31,5.391,0,0,768294912,0,5,0,cloister
116.255,14.426,0.812,0.0,19.062,3.54,263,848142,291,-4.498,0.31,5.391,0,0,768294912,0,5,0,cloister
116.269,14.075,0.736,0.0,19.062,3.54,263,848142,291,-4.453,0.31,5.39,0,0,768294912,0,5,0,cloister
116.283,13.656,1.033,0.0,19.062,3.54,261,847102,289,-4.408,0.31,5.39,0,0,768294912,0,5,0,cloister
116.298,14.562,0.804,0.0,19.062,3.54,260,846202,288,-4.408,0.31,5.39,0,0,768294912,0,5,0,cloister
116.312,13.576,0.753,0.0,19.062,3.54,260,846202,288,-4.363,0.31,5.39,0,0,768294912,0,5,0,cloister
116.326,14.018,0.781,0.0,19.062,3.54,260,846202,288,-4.318,0.31,5.389,0,0,768294912,0,5,0,cloister
116.34,13.598,1.315,0.0,19.062,3.54,259,841003,287,-4.273,0.31,5.389,0,0,768294912,0,5,0,cloister
116.355,14.07,1.501,0.0,19.062,3.54,259,841003,287,-4.228,0.31,5.388,0,0,768294912,0,5,0,cloister
116.369,15.934,0.736,0.0,19.062,3.54,259,841003,287,-4.183,0.31,5.388,0,0,768294912,0,5,0,cloister
116.383,12.169,0.831,0.0,19.062,3.54,259,841003,287,-4.138,0.31,5.387,0,0,768294912,0,5,0,cloister
116.398,13.159,1.084,0.0,19.062,3.54,259,841003,287,-4.138,0.31,5.387,0,0,768294912,0,5,0,cloister
116.412,14.603,0.801,0.0,19.062,3.54,259,841003,287,-4.093,0.31,5.387,0,0,768294912,0,5,0,cloister
116.426,13.368,0.746,0.0,19.062,3.54,259,841003,287,-4.048,0.31,5.387,0,0,768294912,0,5,0,cloister
116.44,14.448,0.648,0.0,19.062,3.54,257,835687,285,-4.003,0.31,5.386,0,0,768294912,0,5,0,cloister
116.455,14.114,0.565,0.0,19.062,3.54,257,835687,285,-3.958,0.31,5.386,0,0,768294912,0,5,0,cloister
116.469,13.871,0.644,0.0,19.062,3.54,257,835687,285,-3.913,0.31,5.385,0,0,768294912,0,5,0,cloister
116.483,21.205,0.963,0.0,19.062,3.54,258,835689,286,-3.868,0.31,5.385,0,0,768294912,0,5,0,cloister
116.498,12.136,0.757,0.0,19.062,3.54,258,835689,286,-3.868,0.31,5.385,0,0,768294912,0,5,0,cloister
116.512,15.808,1.303,0.0,19.062,3.54,258,835689,286,-3.823,0.31,5.384,0,0,768294912,0,5,0,cloister
116.526,13.932,0.533,0.0,19.062,3.54,258,835689,286,-3.778,0.31,5.384,0,0,768294912,0,5,0,cloister
116.54,13.892,1.605,0.0,19.062,3.54,259,838685,287,-3.733,0.31,5.383,0,0,768294912,0,5,0,cloister
116.555,14.116,1.416,0.0,19.062,3.54,258,838661,286,-3.688,0.31,5.383,0,0,768294912,0,5,0,cloister
116.569,13.911,1.572,0.0,19.062,3.54,258,838661,286,-3.643,0.31,5.383,0,0,768294912,0,5,0,cloister
116.583,14.58,1.738,0.0,19.062,3.54,259,839149,287,-3.598,0.31,5.382,0,0,768294912,0,5,0,cloister
116.598,16.007,2.375,0.0,19.062,3.54,258,839005,286,-3.598,0.31,5.382,0,0,768294912,0,5,0,cloister
116.612,11.582,1.016,0.0,19.062,3.54,258,839005,286,-3.553,0.31,5.382,0,0,768294912,0,5,0,cloister
116.626,14.763,0.676,0.0,19.062,3.54,260,839133,288,-3.508,0.31,5.381,0,0,768294912,0,5,0,cloister
116.64,12.779,0.854,0.0,19.062,3.54,258,837407,286,-3.463,0.31,5.381,0,0,768294912,0,5,0,cloister
116.655,14.88,1.085,0.0,19.062,3.54,259,837419,287,-3.418,0.31,5.38,0,0,768294912,0,5,0,cloister
116.669,16.952,1.068,0.0,19.062,3.54,258,837417,286,-3.373,0.31,5.38,0,0,768294912,0,5,0,cloister
116.683,11.01,3.399,0.0,19.062,3.54,258,837417,286,-3.328,0.31,5.38,0,0,768294912,0,5,0,cloister
116.698,14.431,0.593,0.0,19.062,3.54,255,837381,283,-3.328,0.31,5.38,0,0,768294912,0,5,0,cloister
116.712,15.501,0.839,0.0,19.062,3.54,255,837381,283,-3.283,0.31,5.379,0,0,768294912,0,5,0,cloister
116.726,13.417,2.177,0.0,19.062,3.54,255,837381,283,-3.238,0.31,5.379,0,0,768294912,0,5,0,cloister
116.74,13.876,1.34,0.0,19.062,3.54,252,837345,280,-3.193,0.31,5.378,0,0,768294912,0,5,0,cloister
116.755,14.503,1.169,0.0,19.062,3.54,252,837345,280,-3.148,0.31,5.378,0,0,768294912,0,5,0,cloister
116.77,20.576,1.377,0.0,19.062,3.54,252,837345,280,-3.103,0.31,5.377,0,0,768294912,0,5,0,cloister
116.784,12.965,1.176,0.0,19.062,3.54,252,837345,280,-3.058,0.31,5.377,0,0,768294912,0,5,0,cloister
116.798,13.73,1.176,0.0,19.062,3.54,249,837075,277,-3.058,0.31,5.377,0,0,768294912,0,5,0,cloister
116.812,14.517,1.064,0.0,19.062,3.54,249,837075,277,-3.013,0.31,5.377,0,0,768294912,0,5,0,cloister
116.827,14.342,1.231,0.0,19.062,3.54,249,837075,277,-2.968,0.31,5.376,0,0,768294912,0,5,0,cloister
116.841,14.369,2.3,0.0,19.062,3.54,250,837077,278,-2.923,0.31,5.376,0,0,768294912,0,5,0,cloister
116.855,13.971,0.702,0.0,19.062,3.54,250,837077,278,-2.878,0.31,5.375,0,0,768294912,0,5,0,cloister
116.87,13.935,1.095,0.0,19.062,3.54,250,837077,278,-2.833,0.31,5.375,0,0,768294912,0,5,0,cloister
116.884,13.885,1.274,0.0,19.062,3.54,247,836729,275,-2.788,0.31,5.374,0,0,768294912,0,5,0,cloister
116.898,13.548,1.231,0.0,19.062,3.54,247,836729,275,-2.788,0.31,5.374,0,0,768294912,0,5,0,cloister
116.912,14.845,1.113,0.0,19.062,3.54,247,836729,275,-2.743,0.31,5.374,0,0,768294912,0,5,0,cloister
116.927,13.341,2.257,0.0,19.062,3.54,247,836729,275,-2.698,0.31,5.374,0,0,768294912,0,5,0,cloister
116.941,13.651,0.915,0.0,19.062,3.54,247,836729,275,-2.653,0.31,5.373,0,0,768294912,0,5,0,cloister
116.955,14.301,0.802,0.0,19.062,3.54,248,836731,276,-2.608,0.31,5.373,0,0,768294912,0,5,0,cloister
116.97,13.787,0.615,0.0,19.062,3.54,248,836731,276,-2.563,0.31,5.372,0,0,768294912,0,5,0,cloister
116.984,14.333,0.515,0.0,19.062,3.54,247,836031,275,-2.518,0.31,5.372,0,0,768294912,0,5,0,cloister
116.998,13.808,0.554,0.0,19.062,3.54,246,830232,274,-2.518,0.31,5.372,0,0,768294912,0,5,0,cloister
117.012,14.689,0.521,0.0,19.062,3.54,246,830232,274,-2.473,0.31,5.371,0,0,768294912,0,5,0,cloister
117.027,13.773,0.523,0.0,19.062,3.54,246,830232,274,-2.428,0.31,5.371,0,0,768294912,0,5,0,cloister
117.041,14.29,0.603,0.0,19.062,3.54,246,836580,274,-2.383,0.31,5.371,0,0,768294912,0,5,0,cloister
117.055,14.312,0.528,0.0,19.062,3.54,246,836580,274,-2.338,0.31,5.37,0,0,768294912,0,5,0,cloister
117.072,20.203,0.52,0.0,19.062,3.54,246,836580,274,-2.293,0.31,5.37,0,0,768294912,0,5,0,cloister
117.086,14.166,0.475,0.0,19.062,3.54,246,836580,274,-2.248,0.31,5.369,0,0,768294912,0,5,0,cloister
117.1,13.55,0.457,0.0,19.062,3.54,246,836580,274,-2.248,0.31,5.369,0,0,768294912,0,5,0,cloister
117.114,15.1,0.508,0.0,19.062,3.54,246,836580,274,-2.203,0.31,5.369,0,0,768294912,0,5,0,cloister
117.129,13.988,0.567,0.0,19.627,1.668,245,835183,273,-2.158,0.31,5.368,0,0,768294912,0,5,0,cloister
117.143,14.212,0.582,0.0,19.627,1.668,245,835183,273,-2.113,0.31,5.368,0,0,768294912,0,5,0,cloister
117.157,14.258,0.635,0.0,19.627,1.668,245,835183,273,-2.068,0.31,5.368,0,0,768294912,0,5,0,cloister
117.171,14.319,0.562,0.0,19.627,1.668,244,834283,272,-2.023,0.31,5.367,0,0,768294912,0,5,0,cloister
117.186,14.656,0.623,0.0,19.627,1.668,244,834283,272,-1.978,0.31,5.367,0,0,768294912,0,5,0,cloister
117.2,13.615,0.567,0.0,19.627,1.668,243,833383,271,-1.978,0.31,5.367,0,0,768294912,0,5,0,cloister
117.214,14.967,0.73,0.0,19.627,1.668,243,833383,271,-1.933,0.31,5.366,0,0,768294912,0,5,0,cloister
117.229,14.084,0.662,0.0,19.627,1.668,243,833383,271,-1.888,0.31,5.366,0,0,768294912,0,5,0,cloister
117.243,13.858,0.789,0.0,19.627,1.668,241,828160,269,-1.843,0.31,5.365,0,0,768294912,0,5,0,cloister
117.257,14.314,0.639,0.0,19.627,1.668,241,826560,269,-1.798,0.31,5.365,0,0,768294912,0,5,0,cloister
117.271,14.446,0.618,0.0,19.627,1.668,241,826560,269,-1.753,0.31,5.365,0,0,768294912,0,5,0,cloister
117.286,14.782,0.708,0.0,19.627,1.668,240,825860,268,-1.708,0.31,5.364,0,0,768294912,0,5,0,cloister
117.3,13.935,0.694,0.0,19.627,1.668,239,825061,267,-1.708,0.31,5.364,0,0,768294912,0,5,0,cloister
117.314,15.395,1.043,0.0,19.627,1.668,239,825061,267,-1.663,0.31,5.364,0,0,768294912,0,5,0,cloister
117.329,13.276,1.334,0.0,19.627,1.668,238,824262,266,-1.618,0.31,5.363,0,0,768294912,0,5,0,cloister
117.343,14.164,1.091,0.0,19.627,1.668,237,823562,265,-1.573,0.31,5.363,0,0,768294912,0,5,0,cloister
117.357,13.803,1.093,0.0,19.627,1.668,237,823562,265,-1.528,0.31,5.362,0,0,768294912,0,5,0,cloister
117.377,21.097,1.294,0.0,19.627,1.668,237,823562,265,-1.483,0.31,5.362,0,0,768294912,0,5,0,cloister
117.391,14.101,0.703,0.0,19.627,1.668,237,823562,265,-1.438,0.31,5.362,0,0,768294912,0,5,0,cloister
117.406,14.325,1.378,0.0,19.627,1.668,236,822165,264,-1.393,0.31,5.361,0,0,768294912,0,5,0,cloister
117.421,14.148,1.16,0.0,19.627,1.668,235,820768,263,-1.348,0.31,5.361,0,0,768294912,0,5,0,cloister
117.436,14.003,0.701,0.0,19.627,1.668,235,820768,263,-1.303,0.31,5.36,0,0,768294912,0,5,0,cloister
117.45,13.395,0.689,0.0,19.627,1.668,233,819844,261,-1.303,0.31,5.36,0,0,768294912,0,5,0,cloister
117.465,14.88,0.583,0.0,19.627,1.668,233,819844,261,-1.258,0.31,5.36,0,0,768294912,0,5,0,cloister
117.48,14.404,0.601,0.0,19.627,1.668,234,821936,262,-1.213,0.31,5.359,0,0,768294912,0,5,0,cloister
117.495,14.073,0.719,0.0,19.627,1.668,234,821936,262,-1.168,0.31,5.359,0,0,768294912,0,5,0,cloister
117.51,15.974,0.695,0.0,19.627,1.668,233,816737,261,-1.123,0.31,5.359,0,0,768294912,0,5,0,cloister
117.525,12.755,0.662,0.0,19.627,1.668,232,811538,260,-1.078,0.31,5.358,0,0,768294912,0,5,0,cloister
117.54,14.372,1.337,0.0,19.627,1.668,229,811106,257,-1.033,0.31,5.358,0,0,768294912,0,5,0,cloister
117.555,14.855,0.673,0.0,19.627,1.668,229,811106,257,-0.988,0.31,5.357,0,0,768294912,0,5,0,cloister
117.57,14.098,0.743,0.0,19.627,1.668,228,811104,256,-0.943,0.31,5.357,0,0,768294912,0,5,0,cloister
117.585,14.203,1.075,0.0,19.627,1.668,228,811104,256,-0.898,0.31,5.356,0,0,768294912,0,5,0,cloister
117.6,14.107,1.039,0.0,19.627,1.668,228,811104,256,-0.898,0.31,5.356,0,0,768294912,0,5,0,cloister
117.615,14.498,1.105,0.0,19.627,1.668,228,811104,256,-0.853,0.31,5.356,0,0,768294912,0,5,0,cloister
117.629,14.117,0.937,0.0,19.627,1.668,228,811104,256,-0.808,0.31,5.355,0,0,768294912,0,5,0,cloister
117.644,15.226,1.122,0.0,19.627,1.668,229,811128,257,-0.763,0.31,5.355,0,0,768294912,0,5,0,cloister
117.659,13.446,1.318,0.0,19.627,1.668,229,811128,257,-0.718,0.31,5.355,0,0,768294912,0,5,0,cloister
117.674,20.89,1.286,0.0,19.627,1.668,227,811102,255,-0.673,0.31,5.354,0,0,768294912,0,5,0,cloister
117.689,14.082,0.726,0.0,19.627,1.668,227,811102,255,-0.628,0.31,5.354,0,0,768294912,0,5,0,cloister
117.704,15.049,1.93,0.0,19.627,1.668,227,811102,255,-0.583,0.31,5.353,0,0,768294912,0,5,0,cloister
117.719,14.018,1.094,0.0,19.627,1.668,226,808410,254,-0.538,0.31,5.353,0,0,768294912,0,5,0,cloister
117.734,14.908,1.879,0.0,19.627,1.668,225,808390,253,-0.493,0.31,5.352,0,0,768294912,0,5,0,cloister
117.749,13.717,1.109,0.0,19.627,1.668,225,808390,253,-0.493,0.31,5.352,0,0,768294912,0,5,0,cloister
117.764,14.008,0.762,0.0,19.627,1.668,225,808390,253,-0.448,0.31,5.352,0,0,768294912,0,5,0,cloister
117.779,14.735,1.076,0.0,19.627,1.668,225,808390,253,-0.403,0.31,5.352,0,0,768294912,0,5,0,cloister
117.793,15.035,0.734,0.0,19.627,1.668,225,808390,253,-0.358,0.31,5.351,0,0,768294912,0,5,0,cloister
117.808,13.676,1.155,0.0,19.627,1.668,225,808390,253,-0.313,0.31,5.351,0,0,768294912,0,5,0,cloister
117.823,14.09,1.134,0.0,19.627,1.668,225,808390,253,-0.268,0.31,5.35,0,0,768294912,0,5,0,cloister
117.838,15.263,0.76,0.0,19.627,1.668,225,808390,253,-0.223,0.31,5.35,0,0,768294912,0,5,0,cloister
117.853,14.242,0.687,0.0,19.627,1.668,225,808390,253,-0.178,0.31,5.349,0,0,768294912,0,5,0,cloister
117.867,14.143,1.037,0.0,19.627,1.668,227,808546,255,-0.133,0.31,5.349,0,0,768294912,0,5,0,cloister
117.882,14.177,1.446,0.0,19.627,1.668,227,808546,255,-0.133,0.31,5.349,0,0,768294912,0,5,0,cloister
117.897,15.045,0.787,0.0,19.627,1.668,227,808546,255,-0.088,0.31,5.349,0,0,768294912,0,5,0,cloister
117.912,14.287,1.072,0.0,19.627,1.668,228,808548,256,-0.043,0.31,5.348,0,0,768294912,0,5,0,cloister
117.927,15.575,1.023,0.0,19.627,1.668,228,808548,256,0.002,0.31,5.348,0,0,768294912,0,5,0,cloister
117.942,13.216,0.773,0.0,19.627,1.668,228,808548,256,0.047,0.31,5.347,0,0,768294912,0,5,0,cloister
117.956,14.304,1.174,0.0,19.627,1.668,228,808548,256,0.092,0.31,5.347,0,0,768294912,0,5,0,cloister
117.971,15.792,0.629,0.0,19.627,1.668,228,808548,256,0.137,0.31,5.346,0,0,768294912,0,5,0,cloister
117.986,13.959,0.836,0.0,19.627,1.668,228,808548,256,0.182,0.31,5.346,0,0,768294912,0,5,0,cloister
118.001,14.593,1.251,0.0,19.627,1.668,228,808548,256,0.227,0.31,5.346,0,0,768294912,0,5,0,cloister
118.016,13.495,1.221,0.0,19.627,1.668,228,808548,256,0.227,0.31,5.346,0,0,768294912,0,5,0,cloister
118.03,14.768,1.092,0.0,19.627,1.668,228,808548,256,0.272,0.31,5.345,0,0,768294912,0,5,0,cloister
118.045,14.241,1.121,0.0,19.627,1.668,229,808628,257,0.317,0.31,5.345,0,0,768294912,0,5,0,cloister
118.06,14.105,0.715,0.0,19.627,1.668,229,808628,257,0.362,0.31,5.344,0,0,768294912,0,5,0,cloister
118.075,14.441,0.571,0.0,19.627,1.668,229,808628,257,0.407,0.31,5.344,0,0,768294912,0,5,0,cloister
118.089,14.19,0.518,0.0,19.627,1.668,229,808628,257,0.452,0.31,5.343,0,0,768294912,0,5,0,cloister
118.103,14.111,0.477,0.0,19.627,1.668,229,808628,257,0.497,0.31,5.343,0,0,768294912,0,5,0,cloister
118.117,14.045,0.467,0.0,19.627,1.668,229,808628,257,0.542,0.31,5.343,0,0,768294912,0,5,0,cloister
118.132,14.007,0.711,0.0,19.627,1.668,229,808628,257,0.542,0.31,5.343,0,0,768294912,0,5,0,cloister
118.146,15.31,0.541,0.0,19.829,1.728,229,808628,257,0.587,0.31,5.342,0,0,768294912,0,5,0,cloister
118.161,14.159,0.623,0.0,19.829,1.728,229,808628,257,0.632,0.31,5.342,0,0,768294912,0,5,0,cloister
118.175,14.782,0.751,0.0,19.829,1.728,229,808628,257,0.677,0.31,5.341,0,0,768294912,0,5,0,cloister
118.189,13.888,0.601,0.0,19.829,1.728,229,808628,257,0.722,0.31,5.341,0,0,768294912,0,5,0,cloister
118.204,14.472,0.569,0.0,19.829,1.728,229,808628,257,0.767,0.31,5.34,0,0,768294912,0,5,0,cloister
118.218,14.584,0.575,0.0,19.829,1.728,229,808628,257,0.812,0.31,5.34,0,0,768294912,0,5,0,cloister
118.233,13.511,0.682,0.0,19.829,1.728,229,808628,257,0.812,0.31,5.34,0,0,768294912,0,5,0,cloister
118.247,15.85,0.667,0.0,19.829,1.728,229,808628,257,0.857,0.31,5.34,0,0,768294912,0,5,0,cloister
118.261,14.221,0.682,0.0,19.829,1.728,229,808628,257,0.902,0.31,5.339,0,0,768294912,0,5,0,cloister
118.275,14.336,1.136,0.0,19.829,1.728,230,808630,258,0.947,0.31,5.339,0,0,768294912,0,5,0,cloister
118.29,15.108,1.077,0.0,19.829,1.728,230,808630,258,0.992,0.31,5.338,0,0,768294912,0,5,0,cloister
118.304,13.971,0.859,0.0,19.829,1.728,230,808630,258,1.037,0.31,5.338,0,0,768294912,0,5,0,cloister
118.318,13.972,1.136,0.0,19.829,1.728,230,808630,258,1.082,0.31,5.337,0,0,768294912,0,5,0,cloister
118.333,20.599,1.012,0.0,19.829,1.728,230,808630,258,1.082,0.31,5.337,0,0,768294912,0,5,0,cloister
118.347,14.78,0.766,0.0,19.829,1.728,230,808630,258,1.127,0.31,5.337,0,0,768294912,0,5,0,cloister
118.361,14.57,1.788,0.0,19.829,1.728,230,808630,258,1.172,0.31,5.337,0,0,768294912,0,5,0,cloister
118.375,14.519,1.154,0.0,19.829,1.728,230,808630,258,1.217,0.31,5.336,0,0,768294912,0,5,0,cloister
118.39,14.973,0.798,0.0,19.829,1.728,230,808630,258,1.262,0.31,5.336,0,0,768294912,0,5,0,cloister
118.404,13.202,1.636,0.0,19.829,1.728,230,808630,258,1.307,0.31,5.335,0,0,768294912,0,5,0,cloister
118.419,14.392,1.277,0.0,19.829,1.728,230,808630,258,1.352,0.31,5.335,0,0,768294912,0,5,0,cloister
118.433,13.854,0.82,0.0,19.829,1.728,230,808630,258,1.352,0.31,5.335,0,0,768294912,0,5,0,cloister
118.447,15.48,0.812,0.0,19.829,1.728,230,808630,258,1.397,0.31,5.334,0,0,768294912,0,5,0,cloister
118.461,14.065,0.655,0.0,19.829,1.728,229,808628,257,1.442,0.31,5.334,0,0,768294912,0,5,0,cloister
118.476,14.928,1.276,0.0,19.829,1.728,229,808628,257,1.487,0.31,5.334,0,0,768294912,0,5,0,cloister
118.49,14.449,1.209,0.0,19.829,1.728,229,808628,257,1.532,0.31,5.333,0,0,768294912,0,5,0,cloister
118.505,14.081,1.098,0.0,19.829,1.728,229,808628,257,1.577,0.31,5.333,0,0,768294912,0,5,0,cloister
118.519,14.531,1.189,0.0,19.829,1.728,228,808626,256,1.622,0.31,5.332,0,0,768294912,0,5,0,cloister
118.534,14.594,1.142,0.0,19.829,1.728,228,808626,256,1.667,0.31,5.332,0,0,768294912,0,5,0,cloister
118.548,13.621,0.852,0.0,19.829,1.728,227,808546,255,1.667,0.31,5.332,0,0,768294912,0,5,0,cloister
118.562,15.355,1.58,0.0,19.829,1.728,227,808546,255,1.712,0.31,5.331,0,0,768294912,0,5,0,cloister
118.577,13.952,1.429,0.0,19.829,1.728,226,808510,254,1.757,0.31,5.331,0,0,768294912,0,5,0,cloister
118.591,14.881,1.12,0.0,19.829,1.728,226,808510,254,1.802,0.31,5.331,0,0,768294912,0,5,0,cloister
118.606,14.294,0.703,0.0,19.829,1.728,226,808510,254,1.847,0.31,5.33,0,0,768294912,0,5,0,cloister
118.62,14.529,1.158,0.0,19.829,1.728,226,808510,254,1.892,0.31,5.33,0,0,768294912,0,5,0,cloister
118.635,15.161,1.163,0.0,19.829,1.728,226,808510,254,1.937,0.31,5.329,0,0,768294912,0,5,0,cloister
118.649,13.125,1.157,0.0,19.829,1.728,226,808510,254,1.937,0.31,5.329,0,0,768294912,0,5,0,cloister
118.663,14.822,0.82,0.0,19.829,1.728,226,808510,254,1.982,0.31,5.329,0,0,768294912,0,5,0,cloister
118.678,15.129,1.329,0.0,19.829,1.728,226,808510,254,2.027,0.31,5.328,0,0,768294912,0,5,0,cloister
118.692,13.384,1.421,0.0,19.829,1.728,225,808508,253,2.072,0.31,5.328,0,0,768294912,0,5,0,cloister
118.707,21.345,0.948,0.0,19.829,1.728,225,808508,253,2.117,0.31,5.328,0,0,768294912,0,5,0,cloister
118.721,14.749,0.819,0.0,19.829,1.728,226,808544,254,2.162,0.31,5.327,0,0,768294912,0,5,0,cloister
118.736,13.958,1.437,0.0,19.829,1.728,226,808544,254,2.207,0.31,5.327,0,0,768294912,0,5,0,cloister
118.751,14.697,1.031,0.0,19.829,1.728,226,808544,254,2.252,0.31,5.326,0,0,768294912,0,5,0,cloister
118.765,15.753,0.754,0.0,19.829,1.728,225,808532,253,2.252,0.31,5.326,0,0,768294912,0,5,0,cloister
118.78,12.75,0.914,0.0,19.829,1.728,225,808532,253,2.297,0.31,5.326,0,0,768294912,0,5,0,cloister
118.794,15.076,0.714,0.0,19.829,1.728,225,808532,253,2.342,0.31,5.325,0,0,768294912,0,5,0,cloister
118.809,16.007,0.666,0.0,19.829,1.728,225,808532,253,2.387,0.31,5.325,0,0,768294912,0,5,0,cloister
118.824,14.215,0.668,0.0,19.829,1.728,225,808532,253,2.432,0.31,5.325,0,0,768294912,0,5,0,cloister
118.838,13.362,0.683,0.0,19.829,1.728,224,808412,252,2.477,0.31,5.324,0,0,768294912,0,5,0,cloister
118.853,17.153,0.82,0.0,19.829,1.728,224,808412,252,2.522,0.31,5.324,0,0,768294912,0,5,0,cloister
118.867,12.955,0.623,0.0,19.829,1.728,225,808532,253,2.567,0.31,5.323,0,0,768294912,0,5,0,cloister
118.882,13.693,1.035,0.0,19.829,1.728,225,808532,253,2.567,0.31,5.323,0,0,768294912,0,5,0,cloister
118.896,14.996,1.225,0.0,19.829,1.728,225,808532,253,2.612,0.31,5.323,0,0,768294912,0,5,0,cloister
118.911,13.88,1.967,0.0,19.829,1.728,225,808532,253,2.657,0.31,5.322,0,0,768294912,0,5,0,cloister
118.929,21.695,1.014,0.0,19.829,1.728,225,808532,253,2.702,0.31,5.322,0,0,768294912,0,5,0,cloister
118.944,13.054,0.839,0.0,19.829,1.728,225,808532,253,2.747,0.31,5.322,0,0,768294912,0,5,0,cloister
118.958,15.041,1.189,0.0,19.829,1.728,225,808532,253,2.792,0.31,5.321,0,0,768294912,0,5,0,cloister
118.973,14.584,1.136,0.0,19.829,1.728,225,808532,253,2.837,0.31,5.321,0,0,768294912,0,5,0,cloister
118.987,14.787,1.079,0.0,19.829,1.728,225,808532,253,2.882,0.31,5.32,0,0,768294912,0,5,0,cloister
119.002,14.988,0.866,0.0,19.829,1.728,225,808532,253,2.927,0.31,5.32,0,0,768294912,0,5,0,cloister
119.017,14.742,1.146,0.0,19.829,1.728,225,808532,253,2.972,0.31,5.319,0,0,768294912,0,5,0,cloister
119.032,13.421,0.808,0.0,19.829,1.728,225,808532,253,2.972,0.31,5.319,0,0,768294912,0,5,0,cloister
119.047,15.252,1.192,0.0,19.829,1.728,225,808532,253,3.017,0.31,5.319,0,0,768294912,0,5,0,cloister
119.062,14.697,0.602,0.0,19.829,1.728,226,808568,254,3.062,0.31,5.319,0,0,768294912,0,5,0,cloister
119.077,14.267,0.544,0.0,19.829,1.728,226,808568,254,3.107,0.31,5.318,0,0,768294912,0,5,0,cloister
119.092,14.09,0.619,0.0,19.829,1.728,226,808568,254,3.152,0.31,5.318,0,0,768294912,0,5,0,cloister
119.107,14.798,0.694,0.0,19.829,1.728,226,808568,254,3.197,0.31,5.317,0,0,768294912,0,5,0,cloister
119.122,14.869,0.563,0.0,19.829,1.728,227,808608,255,3.242,0.31,5.317,0,0,768294912,0,5,0,cloister
119.137,14.397,0.676,0.0,19.932,1.361,227,808608,255,3.287,0.31,5.316,0,0,768294912,0,5,0,cloister
119.152,14.717,0.556,0.0,19.932,1.361,227,808608,255,3.332,0.31,5.316,0,0,768294912,0,5,0,cloister
119.167,14.235,0.6,0.0,19.932,1.361,227,808608,255,3.377,0.31,5.316,0,0,768294912,0,5,0,cloister
119.182,14.099,0.555,0.0,19.932,1.361,227,808608,255,3.377,0.31,5.316,0,0,768294912,0,5,0,cloister
119.197,15.75,0.523,0.0,19.932,1.361,227,808608,255,3.422,0.31,5.315,0,0,768294912,0,5,0,cloister
119.212,14.37,0.688,0.0,19.932,1.361,227,808608,255,3.467,0.31,5.315,0,0,768294912,0,5,0,cloister
119.227,14.252,0.722,0.0,19.932,1.361,227,808608,255,3.512,0.31,5.314,0,0,768294912,0,5,0,cloister
119.242,15.015,0.609,0.0,19.932,1.361,227,808608,255,3.557,0.31,5.314,0,0,768294912,0,5,0,cloister
119.257,14.206,0.756,0.0,19.932,1.361,227,808608,255,3.602,0.31,5.313,0,0,768294912,0,5,0,cloister
119.272,14.361,0.675,0.0,19.932,1.361,226,808606,254,3.647,0.31,5.313,0,0,768294912,0,5,0,cloister
119.287,14.641,0.599,0.0,19.932,1.361,226,808606,254,3.692,0.31,5.312,0,0,768294912,0,5,0,cloister
119.302,14.622,0.748,0.0,19.932,1.361,226,808606,254,3.737,0.31,5.312,0,0,768294912,0,5,0,cloister
119.317,14.547,0.668,0.0,19.932,1.361,226,808606,254,3.737,0.31,5.312,0,0,768294912,0,5,0,cloister
119.331,14.739,0.713,0.0,19.932,1.361,226,808606,254,3.782,0.31,5.312,0,0,768294912,0,5,0,cloister
119.346,14.181,2.426,0.0,19.932,1.361,226,808606,254,3.827,0.31,5.311,0,0,768294912,0,5,0,cloister
119.361,14.389,0.589,0.0,19.932,1.361,225,808586,253,3.872,0.31,5.311,0,0,768294912,0,5,0,cloister
119.376,14.533,0.445,0.0,19.932,1.361,225,808586,253,3.917,0.31,5.31,0,0,768294912,0,5,0,cloister
119.391,14.493,0.52,0.0,19.932,1.361,225,808586,253,3.962,0.31,5.31,0,0,768294912,0,5,0,cloister
119.406,15.012,0.427,0.0,19.932,1.361,224,808584,252,4.007,0.31,5.309,0,0,768294912,0,5,0,cloister
119.42,14.64,0.452,0.0,19.932,1.361,224,808584,252,4.052,0.31,5.309,0,0,768294912,0,5,0,cloister
119.435,19.272,0.507,0.0,19.932,1.361,224,808584,252,4.097,0.31,5.309,0,0,768294912,0,5,0,cloister
119.45,14.155,0.482,0.0,19.932,1.361,224,808584,252,4.142,0.31,5.308,0,0,768294912,0,5,0,cloister
119.465,14.528,0.548,0.0,19.932,1.361,224,808584,252,4.142,0.31,5.308,0,0,768294912,0,5,0,cloister
119.48,15.128,0.489,0.0,19.932,1.361,224,808584,252,4.187,0.31,5.308,0,0,768294912,0,5,0,cloister
119.495,14.217,0.643,0.0,19.932,1.361,223,808560,251,4.232,0.31,5.307,0,0,768294912,0,5,0,cloister
119.51,14.586,0.462,0.0,19.932,1.361,223,808560,251,4.277,0.31,5.307,0,0,768294912,0,5,0,cloister
119.525,20.333,0.672,0.0,19.932,1.361,223,808560,251,4.322,0.31,5.306,0,0,768294912,0,5,0,cloister
119.54,15.286,0.427,0.0,19.932,1.361,223,808560,251,4.367,0.31,5.306,0,0,768294912,0,5,0,cloister
119.555,15.015,0.684,0.0,19.932,1.361,223,808560,251,4.412,0.31,5.306,0,0,768294912,0,5,0,cloister
119.57,15.014,1.111,0.0,19.932,1.361,223,808560,251,4.457,0.31,5.305,0,0,768294912,0,5,0,cloister
119.585,13.13,2.116,0.0,19.932,1.361,223,808560,251,4.502,0.31,5.305,0,0,768294912,0,5,0,cloister
119.6,15.132,0.774,0.0,19.932,1.361,223,808560,251,4.547,0.31,5.304,0,0,768294912,0,5,0,cloister
119.615,13.638,0.711,0.0,19.932,1.361,223,808560,251,4.547,0.31,5.304,0,0,768294912,0,5,0,cloister
119.63,15.19,1.29,0.0,19.932,1.361,223,808560,251,4.592,0.31,5.304,0,0,768294912,0,5,0,cloister
119.645,14.602,1.222,0.0,19.932,1.361,223,808560,251,4.637,0.31,5.303,0,0,768294912,0,5,0,cloister
119.66,14.826,1.111,0.0,19.932,1.361,223,808560,251,4.682,0.31,5.303,0,0,768294912,0,5,0,cloister
119.675,13.96,0.76,0.0,19.932,1.361,223,808560,251,4.727,0.31,5.302,0,0,768294912,0,5,0,cloister
119.69,16.994,1.206,0.0,19.932,1.361,223,808560,251,4.772,0.31,5.302,0,0,768294912,0,5,0,cloister
119.705,11.472,0.798,0.0,19.932,1.361,223,808560,251,4.817,0.31,5.301,0,0,768294912,0,5,0,cloister
119.72,14.523,1.085,0.0,19.932,1.361,223,808560,251,4.862,0.31,5.3,0,0,768294912,0,5,0,cloister
119.735,15.278,0.657,0.0,19.932,1.361,223,808560,251,4.907,0.31,5.3,0,0,768294912,0,5,0,cloister
119.75,13.699,0.69,0.0,19.932,1.361,223,808560,251,4.907,0.31,5.3,0,0,768294912,0,5,0,cloister
119.764,14.843,1.101,0.0,19.932,1.361,223,808560,251,4.952,0.31,5.299,0,0,768294912,0,5,0,cloister
119.779,15.557,1.136,0.0,19.932,1.361,223,808560,251,4.997,0.31,5.298,0,0,768294912,0,5,0,cloister
119.794,13.113,0.791,0.0,19.932,1.361,223,808560,251,5.042,0.31,5.297,0,0,768294912,0,5,0,cloister
119.809,14.346,0.762,0.0,19.932,1.361,223,808560,251,5.087,0.31,5.296,0,0,768294912,0,5,0,cloister
119.824,14.126,1.018,0.0,19.932,1.361,223,808560,251,5.132,0.31,5.295,0,0,768294912,0,5,0,cloister
119.839,15.708,0.668,0.0,19.932,1.361,223,808560,251,5.177,0.31,5.295,0,0,768294912,0,5,0,cloister
119.853,13.548,0.676,0.0,19.932,1.361,223,808560,251,5.222,0.31,5.294,0,0,768294912,0,5,0,cloister
119.868,14.072,1.528,0.0,19.932,1.361,223,808560,251,5.267,0.31,5.293,0,0,768294912,0,5,0,cloister
119.883,21.984,0.853,0.0,19.932,1.361,223,808560,251,5.312,0.31,5.292,0,0,768294912,0,5,0,cloister
119.898,13.04,0.618,0.0,19.932,1.361,223,808560,251,5.312,0.31,5.292,0,0,768294912,0,5,0,cloister
119.913,15.255,0.847,0.0,19.932,1.361,223,808560,251,5.357,0.31,5.291,0,0,768294912,0,5,0,cloister
119.928,14.301,0.788,0.0,19.932,1.361,223,808560,251,5.402,0.31,5.29,0,0,768294912,0,5,0,cloister
119.943,17.482,1.399,0.0,19.932,1.361,223,808560,251,5.447,0.31,5.289,0,0,768294912,0,5,0,cloister
119.958,11.225,2.514,0.0,19.932,1.361,223,808560,251,5.492,0.31,5.288,0,0,768294912,0,5,0,cloister
119.973,15.422,1.405,0.0,19.932,1.361,223,808560,251,5.537,0.31,5.287,0,0,768294912,0,5,0,cloister
119.988,14.355,0.608,0.0,19.932,1.361,223,808560,251,5.582,0.31,5.285,0,0,768294912,0,5,0,cloister
120.002,15.2,0.61,0.0,19.932,1.361,223,808560,251,5.627,0.31,5.284,0,0,768294912,0,5,0,cloister
120.017,13.925,1.101,0.0,19.932,1.361,223,808560,251,5.672,0.31,5.283,0,0,768294912,0,5,0,cloister
120.032,13.683,1.233,0.0,19.932,1.361,223,808560,251,5.672,0.31,5.283,0,0,768294912,0,5,0,cloister
120.047,15.289,1.08,0.0,19.932,1.361,223,808560,251,5.717,0.31,5.282,0,0,768294912,0,5,0,cloister
120.062,13.725,1.143,0.0,19.932,1.361,223,808560,251,5.762,0.31,5.281,0,0,768294912,0,5,0,cloister
120.076,15.122,1.099,0.0,19.932,1.361,223,808560,251,5.807,0.31,5.28,0,0,768294912,0,5,0,cloister
120.091,13.932,0.408,0.0,19.932,1.361,223,808560,251,5.852,0.31,5.279,0,0,768294912,0,5,0,cloister
120.106,21.774,0.692,0.0,19.932,1.361,222,808558,250,5.897,0.31,5.278,0,0,768294912,0,5,0,cloister
120.121,14.523,0.388,0.0,19.932,1.361,222,808558,250,5.942,0.31,5.277,0,0,768294912,0,5,0,cloister
120.136,14.341,1.127,0.0,20.575,1.197,222,808558,250,5.987,0.31,5.275,0,0,768294912,0,5,0,cloister
120.151,15.859,1.052,0.0,20.575,1.197,222,808558,250,6.032,0.31,5.274,0,0,768294912,0,5,0,cloister
120.166,11.332,1.572,0.0,20.575,1.197,222,808558,250,6.032,0.31,5.274,0,0,768294912,0,5,0,cloister
120.181,16.014,0.964,0.0,20.575,1.197,222,808558,250,6.077,0.31,5.273,0,0,768294912,0,5,0,cloister
120.196,14.748,0.376,0.0,20.575,1.197,222,808558,250,6.122,0.31,5.272,0,0,768294912,0,5,0,cloister
120.211,14.453,1.392,0.0,20.575,1.197,222,808558,250,6.167,0.31,5.271,0,0,768294912,0,5,0,cloister
120.226,15.858,1.121,0.0,20.575,1.197,222,808558,250,6.212,0.31,5.27,0,0,768294912,0,5,0,cloister
120.24,14.03,1.507,0.0,20.575,1.197,222,808558,250,6.257,0.31,5.268,0,0,768294912,0,5,0,cloister
120.255,16.091,1.186,0.0,20.575,1.197,221,808556,249,6.302,0.31,5.267,0,0,768294912,0,5,0,cloister
120.27,12.514,1.793,0.0,20.575,1.197,221,808556,249,6.347,0.31,5.266,0,0,768294912,0,5,0,cloister
120.285,15.167,1.184,0.0,20.575,1.197,221,808556,249,6.392,0.31,5.265,0,0,768294912,0,5,0,cloister
120.3,13.461,1.02,0.0,20.575,1.197,221,808556,249,6.392,0.31,5.265,0,0,768294912,0,5,0,cloister
120.315,15.221,1.15,0.0,20.575,1.197,221,808556,249,6.437,0.31,5.264,0,0,768294912,0,5,0,cloister
120.329,14.354,1.597,0.0,20.575,1.197,221,808556,249,6.482,0.31,5.263,0,0,768294912,0,5,0,cloister
120.344,14.716,1.11,0.0,20.575,1.197,221,808556,249,6.527,0.31,5.261,0,0,768294912,0,5,0,cloister
120.359,14.302,1.121,0.0,20.575,1.197,221,808556,249,6.572,0.31,5.26,0,0,768294912,0,5,0,cloister
120.374,14.425,1.092,0.0,20.575,1.197,221,808556,249,6.616,0.31,5.259,0,0,768294912,0,5,0,cloister
120.389,15.089,1.09,0.0,20.575,1.197,221,808556,249,6.661,0.31,5.258,0,0,768294912,0,5,0,cloister
120.403,14.154,1.304,0.0,20.575,1.197,221,808556,249,6.706,0.31,5.257,0,0,768294912,0,5,0,cloister
120.418,14.104,1.061,0.0,20.575,1.197,221,808556,249,6.751,0.31,5.255,0,0,768294912,0,5,0,cloister
120.433,14.005,1.048,0.0,20.575,1.197,221,808556,249,6.751,0.31,5.255,0,0,768294912,0,5,0,cloister
120.448,15.118,0.799,0.0,20.575,1.197,221,808556,249,6.796,0.31,5.254,0,0,768294912,0,5,0,cloister
120.463,14.189,1.131,0.0,20.575,1.197,221,808556,249,6.841,0.31,5.253,0,0,768294912,0,5,0,cloister
120.478,14.763,1.149,0.0,20.575,1.197,221,808556,249,6.886,0.31,5.252,0,0,768294912,0,5,0,cloister
120.492,14.215,1.252,0.0,20.575,1.197,221,808556,249,6.931,0.31,5.251,0,0,768294912,0,5,0,cloister
120.507,14.439,0.712,0.0,20.575,1.197,221,808556,249,6.976,0.31,5.249,0,0,768294912,0,5,0,cloister
120.522,14.727,1.046,0.0,20.575,1.197,220,808554,248,7.021,0.31,5.248,0,0,768294912,0,5,0,cloister
120.537,13.919,1.245,0.0,20.575,1.197,220,808554,248,7.066,0.31,5.247,0,0,768294912,0,5,0,cloister
120.552,16.227,1.13,0.0,20.575,1.197,220,808554,248,7.111,0.31,5.246,0,0,768294912,0,5,0,cloister
120.566,12.089,0.709,0.0,20.575,1.197,219,808530,247,7.111,0.31,5.246,0,0,768294912,0,5,0,cloister
120.581,16.072,0.908,0.0,20.575,1.197,219,808530,247,7.156,0.31,5.245,0,0,768294912,0,5,0,cloister
120.596,14.855,0.749,0.0,20.575,1.197,219,808530,247,7.201,0.31,5.243,0,0,768294912,0,5,0,cloister
120.611,14.586,1.198,0.0,20.575,1.197,219,808530,247,7.246,0.31,5.242,0,0,768294912,0,5,0,cloister
120.626,14.439,1.216,0.0,20.575,1.197,219,808530,247,7.291,0.31,5.241,0,0,768294912,0,5,0,cloister
120.64,14.318,1.308,0.0,20.575,1.197,219,808530,247,7.336,0.31,5.24,0,0,768294912,0,5,0,cloister
120.655,14.858,1.273,0.0,20.575,1.197,219,808530,247,7.381,0.31,5.239,0,0,768294912,0,5,0,cloister
120.669,14.409,1.116,0.0,20.575,1.197,219,808530,247,7.426,0.31,5.237,0,0,768294912,0,5,0,cloister
120.684,14.795,1.049,0.0,20.575,1.197,219,808530,247,7.471,0.31,5.236,0,0,768294912,0,5,0,cloister
120.699,21.197,1.47,0.0,20.575,1.197,219,808530,247,7.471,0.31,5.236,0,0,768294912,0,5,0,cloister
120.714,13.676,0.861,0.0,20.575,1.197,219,808530,247,7.516,0.31,5.235,0,0,768294912,0,5,0,cloister
120.729,17.813,1.299,0.0,20.575,1.197,219,808530,247,7.561,0.31,5.234,0,0,768294912,0,5,0,cloister
120.743,10.935,1.117,0.0,20.575,1.197,219,808530,247,7.606,0.31,5.233,0,0,768294912,0,5,0,cloister
120.758,15.387,1.002,0.0,20.575,1.197,219,808530,247,7.651,0.31,5.231,0,0,768294912,0,5,0,cloister
120.773,15.455,0.73,0.0,20.575,1.197,219,808530,247,7.696,0.31,5.23,0,0,768294912,0,5,0,cloister
120.788,13.979,1.305,0.0,20.575,1.197,220,810622,248,7.741,0.31,5.229,0,0,768294912,0,5,0,cloister
120.803,14.672,1.084,0.0,20.575,1.197,220,810622,248,7.786,0.31,5.228,0,0,768294912,0,5,0,cloister
120.817,14.26,1.661,0.0,20.575,1.197,220,810622,248,7.831,0.31,5.227,0,0,768294912,0,5,0,cloister
120.832,14.541,1.613,0.0,20.575,1.197,220,810622,248,7.831,0.31,5.227,0,0,768294912,0,5,0,cloister
120.847,16.927,1.108,0.0,20.575,1.197,220,810622,248,7.876,0.31,5.225,0,0,768294912,0,5,0,cloister
120.862,13.392,1.207,0.0,20.575,1.197,221,810902,249,7.921,0.31,5.224,0,0,768294912,0,5,0,cloister
120.877,14.257,1.164,0.0,20.575,1.197,220,810900,248,7.966,0.31,5.223,0,0,768294912,0,5,0,cloister
120.891,15.072,1.209,0.0,20.575,1.197,219,808208,247,8.011,0.31,5.222,0,0,768294912,0,5,0,cloister
120.906,14.432,1.21,0.0,20.575,1.197,219,808208,247,8.056,0.31,5.22,0,0,768294912,0,5,0,cloister
120.921,19.861,1.314,0.0,20.575,1.197,219,808208,247,8.101,0.31,5.219,0,0,768294912,0,5,0,cloister
120.936,15.569,0.983,0.0,20.575,1.197,219,808208,247,8.146,0.31,5.218,0,0,768294912,0,5,0,cloister
120.951,14.611,1.252,0.0,20.575,1.197,219,808208,247,8.191,0.31,5.217,0,0,768294912,0,5,0,cloister
120.966,13.666,1.498,0.0,20.575,1.197,219,808208,247,8.191,0.31,5.217,0,0,768294912,0,5,0,cloister
120.981,15.443,1.606,0.0,20.575,1.197,219,808208,247,8.236,0.31,5.216,0,0,768294912,0,5,0,cloister
120.996,14.486,1.822,0.0,20.575,1.197,219,808208,247,8.281,0.31,5.214,0,0,768294912,0,5,0,cloister
121.011,14.89,0.809,0.0,20.575,1.197,219,808208,247,8.326,0.31,5.213,0,0,768294912,0,5,0,cloister
121.025,15.319,1.956,0.0,20.575,1.197,219,808208,247,8.371,0.31,5.212,0,0,768294912,0,5,0,cloister
121.04,13.426,0.817,0.0,20.575,1.197,219,808208,247,8.416,0.31,5.211,0,0,768294912,0,5,0,cloister
121.055,14.774,1.084,0.0,20.575,1.197,219,808208,247,8.461,0.31,5.21,0,0,768294912,0,5,0,cloister
121.07,21.055,0.764,0.0,20.575,1.197,219,808208,247,8.506,0.31,5.208,0,0,768294912,0,5,0,cloister
121.085,14.261,0.753,0.0,20.575,1.197,219,808208,247,8.551,0.31,5.207,0,0,768294912,0,5,0,cloister
121.1,14.775,0.575,0.0,20.575,1.197,219,808208,247,8.596,0.31,5.206,0,0,768294912,0,5,0,cloister
121.115,14.03,0.492,0.0,20.575,1.197,219,808208,247,8.596,0.31,5.206,0,0,768294912,0,5,0,cloister
121.13,15.502,0.5,0.0,20.279,2.517,219,808208,247,8.641,0.31,5.205,0,0,768294912,0,5,0,cloister
121.145,14.594,0.725,0.0,20.279,2.517,219,808208,247,8.686,0.31,5.204,0,0,768294912,0,5,0,cloister
121.16,14.717,0.578,0.0,20.279,2.517,219,808208,247,8.731,0.31,5.202,0,0,768294912,0,5,0,cloister
121.175,14.173,0.529,0.0,20.279,2.517,219,808208,247,8.776,0.31,5.201,0,0,768294912,0,5,0,cloister
121.19,14.964,0.519,0.0,20.279,2.517,219,808208,247,8.821,0.31,5.2,0,0,768294912,0,5,0,cloister
121.205,14.692,0.619,0.0,20.279,2.517,218,808188,246,8.866,0.31,5.199,0,0,768294912,0,5,0,cloister
121.22,14.419,0.592,0.0,20.279,2.517,219,808572,247,8.911,0.31,5.198,0,0,768294912,0,5,0,cloister
121.235,14.497,0.628,0.0,20.279,2.517,219,808572,247,8.956,0.31,5.196,0,0,768294912,0,5,0,cloister
121.25,15.169,0.5,0.0,20.279,2.517,219,808572,247,9.001,0.31,5.195,0,0,768294912,0,5,0,cloister
121.265,13.73,0.523,0.0,20.279,2.517,218,808532,246,9.001,0.31,5.195,0,0,768294912,0,5,0,cloister
121.28,21.752,0.91,0.0,20.279,2.517,218,808532,246,9.046,0.31,5.194,0,0,768294912,0,5,0,cloister
121.295,14.44,0.614,0.0,20.279,2.517,218,808532,246,9.091,0.31,5.193,0,0,768294912,0,5,0,cloister
121.31,14.536,0.623,0.0,20.279,2.517,218,808532,246,9.136,0.31,5.192,0,0,768294912,0,5,0,cloister
121.325,16.149,0.621,0.0,20.279,2.517,218,808532,246,9.181,0.31,5.19,0,0,768294912,0,5,0,cloister
121.34,13.811,0.709,0.0,20.279,2.517,218,808532,246,9.226,0.31,5.189,0,0,768294912,0,5,0,cloister
121.355,14.912,1.29,0.0,20.279,2.517,218,808532,246,9.271,0.31,5.188,0,0,768294912,0,5,0,cloister
121.37,14.609,0.697,0.0,20.279,2.517,217,808452,245,9.316,0.31,5.187,0,0,768294912,0,5,0,cloister
121.385,14.951,1.312,0.0,20.279,2.517,217,808452,245,9.361,0.31,5.185,0,0,768294912,0,5,0,cloister
121.4,15.042,1.502,0.0,20.279,2.517,218,812682,246,9.405,0.31,5.184,0,0,768294912,0,5,0,cloister
121.415,13.095,1.331,0.0,20.279,2.517,218,812682,246,9.405,0.31,5.184,0,0,768294912,0,5,0,cloister
121.43,15.139,1.728,0.0,20.279,2.517,218,812682,246,9.45,0.31,5.183,0,0,768294912,0,5,0,cloister
121.445,17.827,0.595,0.0,20.279,2.517,218,812682,246,9.495,0.31,5.182,0,0,768294912,0,5,0,cloister
121.46,13.368,0.781,0.0,20.279,2.517,218,812682,246,9.54,0.31,5.181,0,0,768294912,0,5,0,cloister
121.475,14.063,1.129,0.0,20.279,2.517,218,812682,246,9.585,0.31,5.179,0,0,768294912,0,5,0,cloister
121.49,14.878,0.708,0.0,20.279,2.517,218,812682,246,9.63,0.31,5.178,0,0,768294912,0,5,0,cloister
121.505,14.526,1.151,0.0,20.279,2.517,218,812682,246,9.675,0.31,5.177,0,0,768294912,0,5,0,cloister
121.52,14.708,1.292,0.0,20.279,2.517,218,812682,246,9.72,0.31,5.176,0,0,768294912,0,5,0,cloister
121.535,14.993,1.097,0.0,20.279,2.517,218,812682,246,9.765,0.31,5.175,0,0,768294912,0,5,0,cloister
121.55,14.596,0.694,0.0,20.279,2.517,218,812682,246,9.81,0.31,5.173,0,0,768294912,0,5,0,cloister
121.565,14.278,1.036,0.0,20.279,2.517,218,812682,246,9.81,0.31,5.173,0,0,768294912,0,5,0,cloister
121.58,15.768,1.237,0.0,20.279,2.517,218,812682,246,9.855,0.31,5.172,0,0,768294912,0,5,0,cloister
121.595,13.811,2.305,0.0,20.279,2.517,218,812682,246,9.9,0.31,5.171,0,0,768294912,0,5,0,cloister
121.61,15.906,1.041,0.0,20.279,2.517,218,812682,246,9.945,0.31,5.17,0,0,768294912,0,5,0,cloister
121.625,12.783,1.012,0.0,20.279,2.517,218,812682,246,9.99,0.31,5.169,0,0,768294912,0,5,0,cloister
121.64,15.364,1.062,0.0,20.279,2.517,218,812682,246,10.035,0.31,5.167,0,0,768294912,0,5,0,cloister
121.655,15.041,0.512,0.0,20.279,2.517,217,812562,245,10.08,0.31,5.166,0,0,768294912,0,5,0,cloister
121.669,13.467,1.309,0.0,20.279,2.517,217,812562,245,10.125,0.31,5.165,0,0,768294912,0,5,0,cloister
121.684,14.586,1.083,0.0,20.279,2.517,217,812562,245,10.17,0.31,5.164,0,0,768294912,0,5,0,cloister
121.699,13.532,1.058,0.0,20.279,2.517,217,812562,245,10.17,0.31,5.164,0,0,768294912,0,5,0,cloister
121.714,14.964,1.932,0.0,20.279,2.517,217,812562,245,10.215,0.31,5.163,0,0,768294912,0,5,0,cloister
121.729,14.533,1.342,0.0,20.279,2.517,217,812562,245,10.26,0.31,5.161,0,0,768294912,0,5,0,cloister
121.743,14.835,1.042,0.0,20.279,2.517,217,812562,245,10.305,0.31,5.16,0,0,768294912,0,5,0,cloister
121.758,14.599,1.135,0.0,20.279,2.517,217,812562,245,10.35,0.31,5.159,0,0,768294912,0,5,0,cloister
121.773,14.647,1.087,0.0,20.279,2.517,217,812562,245,10.395,0.31,5.158,0,0,768294912,0,5,0,cloister
121.788,14.547,1.241,0.0,20.279,2.517,217,812562,245,10.44,0.31,5.157,0,0,768294912,0,5,0,cloister
121.803,14.397,1.164,0.0,20.279,2.517,217,812562,245,10.485,0.31,5.155,0,0,768294912,0,5,0,cloister
121.818,18.9,1.134,0.0,20.279,2.517,217,812562,245,10.53,0.31,5.154,0,0,768294912,0,5,0,cloister
121.833,13.945,1.084,0.0,20.279,2.517,216,809870,244,10.53,0.31,5.154,0,0,768294912,0,5,0,cloister
121.848,15.007,0.463,0.0,20.279,2.517,216,809870,244,10.575,0.31,5.153,0,0,768294912,0,5,0,cloister
121.862,14.154,0.706,0.0,20.279,2.517,215,807178,243,10.62,0.31,5.152,0,0,768294912,0,5,0,cloister
121.877,14.947,0.66,0.0,20.279,2.517,215,807178,243,10.665,0.31,5.15,0,0,768294912,0,5,0,cloister
121.892,20.857,0.513,0.0,20.279,2.517,215,807178,243,10.71,0.31,5.149,0,0,768294912,0,5,0,cloister
121.907,14.643,0.489,0.0,20.279,2.517,216,807258,244,10.755,0.31,5.148,0,0,768294912,0,5,0,cloister
121.922,13.807,1.426,0.0,20.279,2.517,215,807256,243,10.8,0.31,5.147,0,0,768294912,0,5,0,cloister
121.937,14.118,0.968,0.0,20.279,2.517,214,807136,242,10.845,0.31,5.146,0,0,768294912,0,5,0,cloister
121.952,16.004,0.646,0.0,20.279,2.517,214,807136,242,10.89,0.31,5.144,0,0,768294912,0,5,0,cloister
121.967,14.336,0.586,0.0,20.279,2.517,213,807112,241,10.935,0.31,5.143,0,0,768294912,0,5,0,cloister
121.982,14.837,1.78,0.0,20.279,2.517,213,807112,241,10.935,0.31,5.143,0,0,768294912,0,5,0,cloister
121.997,14.848,1.146,0.0,20.279,2.517,213,807112,241,10.98,0.31,5.142,0,0,768294912,0,5,0,cloister
122.012,14.519,1.23,0.0,20.279,2.517,213,807112,241,11.025,0.31,5.141,0,0,768294912,0,5,0,cloister
122.027,14.814,1.055,0.0,20.279,2.517,212,807032,240,11.07,0.31,5.14,0,0,768294912,0,5,0,cloister
122.042,14.606,1.284,0.0,20.279,2.517,212,807032,240,11.115,0.31,5.138,0,0,768294912,0,5,0,cloister
122.057,16.127,1.463,0.0,20.279,2.517,212,807032,240,11.16,0.31,5.137,0,0,768294912,0,5,0,cloister
122.072,13.061,1.076,0.0,20.279,2.517,212,807032,240,11.205,0.31,5.136,0,0,768294912,0,5,0,cloister
122.087,14.434,0.677,0.0,20.279,2.517,212,807032,240,11.25,0.31,5.135,0,0,768294912,0,5,0,cloister
122.102,15.009,1.161,0.0,20.279,2.517,212,807032,240,11.295,0.31,5.134,0,0,768294912,0,5,0,cloister
122.117,13.651,0.623,0.0,20.279,2.517,212,807032,240,11.295,0.31,5.134,0,0,768294912,0,5,0,cloister
122.131,15.242,0.59,0.0,20.804,2.182,212,807032,240,11.34,0.31,5.132,0,0,768294912,0,5,0,cloister
122.146,14.545,0.761,0.0,20.804,2.182,212,807032,240,11.385,0.31,5.131,0,0,768294912,0,5,0,cloister
122.161,14.842,0.547,0.0,20.804,2.182,212,807032,240,11.43,0.31,5.13,0,0,768294912,0,5,0,cloister
122.176,14.55,0.566,0.0,20.804,2.182,212,807032,240,11.475,0.31,5.129,0,0,768294912,0,5,0,cloister
122.191,14.45,0.628,0.0,20.804,2.182,212,807014,240,11.52,0.31,5.128,0,0,768294912,0,5,0,cloister
122.206,14.55,0.574,0.0,20.804,2.182,212,807014,240,11.565,0.31,5.126,0,0,768294912,0,5,0,cloister
122.22,14.798,0.486,0.0,20.804,2.182,212,807014,240,11.61,0.31,5.125,0,0,768294912,0,5,0,cloister
122.235,14.727,0.654,0.0,20.804,2.182,212,807014,240,11.655,0.31,5.124,0,0,768294912,0,5,0,cloister
122.25,21.439,0.778,0.0,20.804,2.182,212,807014,240,11.7,0.31,5.123,0,0,768294912,0,5,0,cloister
122.265,13.617,0.695,0.0,20.804,2.182,212,804324,240,11.7,0.31,5.123,0,0,768294912,0,5,0,cloister
122.28,15.942,0.579,0.0,20.804,2.182,212,804324,240,11.745,0.31,5.122,0,0,768294912,0,5,0,cloister
122.295,16.482,0.594,0.0,20.804,2.182,212,804324,240,11.79,0.31,5.12,0,0,768294912,0,5,0,cloister
122.31,13.027,1.016,0.0,20.804,2.182,212,804324,240,11.835,0.31,5.119,0,0,768294912,0,5,0,cloister
122.325,14.516,0.699,0.0,20.804,2.182,212,804324,240,11.88,0.31,5.118,0,0,768294912,0,5,0,cloister
122.34,14.618,1.22,0.0,20.804,2.182,212,804324,240,11.925,0.31,5.117,0,0,768294912,0,5,0,cloister
122.355,16.044,0.758,0.0,20.804,2.182,212,804324,240,11.97,0.31,5.115,0,0,768294912,0,5,0,cloister
122.37,14.685,1.044,0.0,20.804,2.182,212,804324,240,12.015,0.31,5.114,0,0,768294912,0,5,0,cloister
122.385,13.422,0.811,0.0,20.804,2.182,211,804284,239,12.06,0.31,5.113,0,0,768294912,0,5,0,cloister
122.4,14.599,1.184,0.0,20.804,2.182,210,804248,238,12.105,0.31,5.112,0,0,768294912,0,5,0,cloister
122.415,13.479,1.094,0.0,20.804,2.182,210,804248,238,12.105,0.31,5.112,0,0,768294912,0,5,0,cloister
122.43,15.435,1.131,0.0,20.804,2.182,210,804248,238,12.15,0.31,5.111,0,0,768294912,0,5,0,cloister
122.445,14.935,0.784,0.0,20.804,2.182,209,804128,237,12.194,0.31,5.109,0,0,768294912,0,5,0,cloister
122.46,14.592,0.659,0.0,20.804,2.182,209,804128,237,12.239,0.31,5.108,0,0,768294912,0,5,0,cloister
122.475,14.34,0.736,0.0,20.804,2.182,208,804126,236,12.284,0.31,5.107,0,0,768294912,0,5,0,cloister
122.49,20.999,1.306,0.0,20.804,2.182,208,805590,236,12.329,0.31,5.106,0,0,768294912,0,5,0,cloister
122.505,14.992,0.837,0.0,20.804,2.182,208,805590,236,12.374,0.31,5.105,0,0,768294912,0,5,0,cloister
122.52,14.775,1.972,0.0,20.804,2.182,207,805206,235,12.419,0.31,5.103,0,0,768294912,0,5,0,cloister
122.535,14.825,1.062,0.0,20.804,2.182,207,805206,235,12.464,0.31,5.102,0,0,768294912,0,5,0,cloister
122.55,14.928,1.137,0.0,20.804,2.182,207,805206,235,12.509,0.31,5.101,0,0,768294912,0,5,0,cloister
122.565,13.944,1.074,0.0,20.804,2.182,207,805206,235,12.509,0.31,5.101,0,0,768294912,0,5,0,cloister
122.58,15.256,1.129,0.0,20.804,2.182,207,805206,235,12.554,0.31,5.1,0,0,768294912,0,5,0,cloister
122.595,14.84,1.347,0.0,20.804,2.182,207,805206,235,12.599,0.31,5.099,0,0,768294912,0,5,0,cloister
122.61,15.112,0.985,0.0,20.804,2.182,206,805126,234,12.644,0.31,5.097,0,0,768294912,0,5,0,cloister
122.625,14.603,1.099,0.0,20.804,2.182,206,805126,234,12.689,0.31,5.096,0,0,768294912,0,5,0,cloister
122.64,14.617,1.022,0.0,20.804,2.182,206,805126,234,12.734,0.31,5.095,0,0,768294912,0,5,0,cloister
122.655,15.07,1.031,0.0,20.804,2.182,206,805126,234,12.779,0.31,5.094,0,0,768294912,0,5,0,cloister
122.67,14.641,1.753,0.0,20.804,2.182,206,805126,234,12.824,0.31,5.093,0,0,768294912,0,5,0,cloister
122.685,15.235,1.068,0.0,20.804,2.182,206,805126,234,12.869,0.31,5.091,0,0,768294912,0,5,0,cloister
122.7,14.439,1.088,0.0,20.804,2.182,205,805090,233,12.914,0.31,5.09,0,0,768294912,0,5,0,cloister
122.715,14.791,1.165,0.0,20.804,2.182,204,804970,232,12.914,0.31,5.09,0,0,768294912,0,5,0,cloister
122.73,14.42,1.851,0.0,20.804,2.182,204,804970,232,12.959,0.31,5.089,0,0,768294912,0,5,0,cloister
122.745,14.671,1.517,0.0,20.804,2.182,204,804970,232,13.004,0.31,5.088,0,0,768294912,0,5,0,cloister
122.76,15.032,1.182,0.0,20.804,2.182,204,804970,232,13.049,0.31,5.087,0,0,768294912,0,5,0,cloister
122.775,14.505,1.657,0.0,20.804,2.182,204,804970,232,13.094,0.31,5.085,0,0,768294912,0,5,0,cloister
122.79,14.419,1.344,0.0,20.804,2.182,203,802878,231,13.139,0.31,5.084,0,0,768294912,0,5,0,cloister
122.805,14.296,1.074,0.0,20.804,2.182,203,802878,231,13.184,0.31,5.083,0,0,768294912,0,5,0,cloister
122.82,14.912,1.09,0.0,20.804,2.182,204,827534,232,13.229,0.31,5.082,0,0,768294912,0,5,0,cloister
122.835,14.73,0.594,0.0,20.804,2.182,203,827454,231,13.274,0.31,5.08,0,0,768294912,0,5,0,cloister
122.849,14.284,1.006,0.0,20.804,2.182,202,827334,230,13.274,0.31,5.08,0,0,768294912,0,5,0,cloister
122.864,14.736,1.648,0.0,20.804,2.182,202,827334,230,13.319,0.31,5.079,0,0,768294912,0,5,0,cloister
122.879,14.628,1.159,0.0,20.804,2.182,201,827310,229,13.364,0.31,5.078,0,0,768294912,0,5,0,cloister
122.894,14.822,2.05,0.0,20.804,2.182,201,827310,229,13.409,0.31,5.077,0,0,768294912,0,5,0,cloister
122.909,14.53,1.388,0.0,20.804,2.182,201,827310,229,13.454,0.31,5.076,0,0,768294912,0,5,0,cloister
122.923,14.21,0.985,0.0,20.804,2.182,200,827230,228,13.499,0.31,5.074,0,0,768294912,0,5,0,cloister
122.938,15.1,1.579,0.0,20.804,2.182,200,827230,228,13.544,0.31,5.073,0,0,768294912,0,5,0,cloister
122.953,14.679,1.263,0.0,20.804,2.182,201,827302,229,13.589,0.31,5.072,0,0,768294912,0,5,0,cloister
122.968,14.093,0.659,0.0,20.804,2.182,200,827266,228,13.634,0.31,5.071,0,0,768294912,0,5,0,cloister
122.983,14.047,1.136,0.0,20.804,2.182,200,827266,228,13.634,0.31,5.071,0,0,768294912,0,5,0,cloister
122.998,15.324,0.754,0.0,20.804,2.182,200,827266,228,13.679,0.31,5.07,0,0,768294912,0,5,0,cloister
123.012,14.433,1.116,0.0,20.804,2.182,200,827266,228,13.724,0.31,5.068,0,0,768294912,0,5,0,cloister
123.027,15.872,1.081,0.0,20.804,2.182,200,827266,228,13.769,0.31,5.067,0,0,768294912,0,5,0,cloister
123.042,13.47,0.959,0.0,20.804,2.182,200,827266,228,13.814,0.31,5.066,0,0,768294912,0,5,0,cloister
123.057,14.595,0.865,0.0,20.804,2.182,200,827266,228,13.859,0.31,5.065,0,0,768294912,0,5,0,cloister
123.072,20.996,0.768,0.0,20.804,2.182,200,827266,228,13.904,0.31,5.064,0,0,768294912,0,5,0,cloister
123.087,14.634,0.783,0.0,20.804,2.182,200,827266,228,13.949,0.31,5.062,0,0,768294912,0,5,0,cloister
123.102,14.479,0.766,0.0,20.804,2.182,200,827266,228,13.994,0.31,5.061,0,0,768294912,0,5,0,cloister
123.117,14.759,0.645,0.0,20.804,2.182,200,827266,228,14.039,0.31,5.06,0,0,768294912,0,5,0,cloister
123.132,14.188,0.528,0.0,20.563,1.103,200,827266,228,14.039,0.31,5.06,0,0,768294912,0,5,0,cloister
123.147,15.713,0.559,0.0,20.563,1.103,200,827266,228,14.084,0.31,5.059,0,0,768294912,0,5,0,cloister
123.162,14.518,0.545,0.0,20.563,1.103,200,827266,228,14.129,0.31,5.058,0,0,768294912,0,5,0,cloister
123.177,15.081,0.604,0.0,20.563,1.103,199,826986,227,14.174,0.31,5.056,0,0,768294912,0,5,0,cloister
123.192,14.619,0.499,0.0,20.563,1.103,199,826986,227,14.219,0.31,5.055,0,0,768294912,0,5,0,cloister
123.207,14.63,0.471,0.0,20.563,1.103,199,826986,227,14.264,0.31,5.054,0,0,768294912,0,5,0,cloister
123.222,14.986,0.445,0.0,20.563,1.103,199,826986,227,14.309,0.31,5.053,0,0,768294912,0,5,0,cloister
123.237,14.292,0.496,0.0,20.563,1.103,199,826986,227,14.354,0.31,5.052,0,0,768294912,0,5,0,cloister
123.252,15.034,0.482,0.0,20.563,1.103,200,826988,228,14.399,0.31,5.05,0,0,768294912,0,5,0,cloister
123.266,14.114,0.512,0.0,20.563,1.103,200,826988,228,14.399,0.31,5.05,0,0,768294912,0,5,0,cloister
123.281,14.855,0.577,0.0,20.563,1.103,200,826988,228,14.444,0.31,5.049,0,0,768294912,0,5,0,cloister
123.296,15.475,0.683,0.0,20.563,1.103,200,826988,228,14.489,0.31,5.048,0,0,768294912,0,5,0,cloister
123.311,14.863,0.463,0.0,20.563,1.103,200,826988,228,14.534,0.31,5.047,0,0,768294912,0,5,0,cloister
123.326,16.312,1.395,0.0,20.563,1.103,200,826988,228,14.579,0.31,5.045,0,0,768294912,0,5,0,cloister
123.34,13.133,1.506,0.0,20.563,1.103,200,826988,228,14.624,0.31,5.044,0,0,768294912,0,5,0,cloister
123.355,14.081,1.067,0.0,20.563,1.103,199,826952,227,14.669,0.31,5.043,0,0,768294912,0,5,0,cloister
123.37,14.539,0.76,0.0,20.563,1.103,199,826952,227,14.714,0.31,5.042,0,0,768294912,0,5,0,cloister
123.385,14.661,1.138,0.0,20.563,1.103,199,826952,227,14.759,0.31,5.041,0,0,768294912,0,5,0,cloister
123.4,14.474,1.113,0.0,20.563,1.103,199,826952,227,14.759,0.31,5.041,0,0,768294912,0,5,0,cloister
123.414,15.697,0.573,0.0,20.563,1.103,199,826952,227,14.804,0.31,5.039,0,0,768294912,0,5,0,cloister
123.429,14.335,0.549,0.0,20.563,1.103,199,826952,227,14.849,0.31,5.038,0,0,768294912,0,5,0,cloister
123.444,21.241,0.408,0.0,20.563,1.103,199,826952,227,14.894,0.31,5.037,0,0,768294912,0,5,0,cloister
123.459,14.458,0.431,0.0,20.563,1.103,199,826952,227,14.939,0.31,5.036,0,0,768294912,0,5,0,cloister
123.474,14.548,0.404,0.0,20.563,1.103,198,826916,226,14.983,0.31,5.035,0,0,768294912,0,5,0,cloister
123.489,14.842,0.306,0.0,20.563,1.103,198,826916,226,15.028,0.31,5.033,0,0,768294912,0,5,0,cloister
123.504,14.298,0.421,0.0,20.563,1.103,196,826756,224,15.073,0.31,5.032,0,0,768294912,0,5,0,cloister
123.519,14.563,0.28,0.0,20.563,1.103,196,826756,224,15.118,0.31,5.031,0,0,768294912,0,5,0,cloister
123.534,14.959,0.29,0.0,20.563,1.103,196,826756,224,15.163,0.31,5.03,0,0,768294912,0,5,0,cloister
123.549,14.311,0.396,0.0,20.563,1.103,196,826756,224,15.163,0.31,5.03,0,0,768294912,0,5,0,cloister
123.564,15.166,0.313,0.0,20.563,1.103,196,826756,224,15.208,0.31,5.029,0,0,768294912,0,5,0,cloister
123.579,14.466,0.427,0.0,20.563,1.103,196,826756,224,15.253,0.31,5.027,0,0,768294912,0,5,0,cloister
123.594,14.613,0.368,0.0,20.563,1.103,196,826756,224,15.298,0.31,5.026,0,0,768294912,0,5,0,cloister
123.609,14.77,0.399,0.0,20.563,1.103,196,826756,224,15.343,0.31,5.025,0,0,768294912,0,5,0,cloister
123.624,14.838,0.344,0.0,20.563,1.103,197,828532,225,15.388,0.31,5.024,0,0,768294912,0,5,0,cloister
123.639,15.006,0.364,0.0,20.563,1.103,197,828532,225,15.433,0.31,5.023,0,0,768294912,0,5,0,cloister
123.654,15.177,0.395,0.0,20.563,1.103,197,828532,225,15.478,0.31,5.021,0,0,768294912,0,5,0,cloister
123.669,20.566,0.494,0.0,20.563,1.103,197,828532,225,15.523,0.31,5.02,0,0,768294912,0,5,0,cloister
123.684,15.4,0.482,0.0,20.563,1.103,195,825628,223,15.568,0.31,5.019,0,0,768294912,0,5,0,cloister
123.699,14.021,0.457,0.0,20.563,1.103,195,825628,223,15.568,0.31,5.019,0,0,768294912,0,5,0,cloister
123.714,15.539,0.567,0.0,20.563,1.103,195,825628,223,15.613,0.31,5.018,0,0,768294912,0,5,0,cloister
123.729,15.174,0.535,0.0,20.563,1.103,195,825628,223,15.658,0.31,5.017,0,0,768294912,0,5,0,cloister
123.744,15.107,0.502,0.0,20.563,1.103,195,825628,223,15.703,0.31,5.015,0,0,768294912,0,5,0,cloister
123.759,15.399,0.606,0.0,20.563,1.103,196,825676,224,15.748,0.31,5.014,0,0,768294912,0,5,0,cloister
123.774,14.602,0.542,0.0,20.563,1.103,196,825676,224,15.793,0.31,5.013,0,0,768294912,0,5,0,cloister
123.789,14.898,0.577,0.0,20.563,1.103,196,825676,224,15.838,0.31,5.012,0,0,768294912,0,5,0,cloister
123.804,16.27,0.748,0.0,20.563,1.103,197,825700,225,15.883,0.31,5.01,0,0,768294912,0,5,0,cloister
123.819,13.846,0.668,0.0,20.563,1.103,197,825700,225,15.928,0.31,5.009,0,0,768294912,0,5,0,cloister
123.834,15.338,1.087,0.0,20.563,1.103,197,825700,225,15.973,0.31,5.008,0,0,768294912,0,5,0,cloister
123.849,14.336,1.014,0.0,20.563,1.103,197,825700,225,15.973,0.31,5.008,0,0,768294912,0,5,0,cloister
123.864,15.842,1.125,0.0,20.563,1.103,197,825700,225,16.018,0.31,5.007,0,0,768294912,0,5,0,cloister
123.879,14.001,0.823,0.0,20.563,1.103,197,825700,225,16.063,0.31,5.006,0,0,768294912,0,5,0,cloister
123.894,14.343,0.65,0.0,20.563,1.103,197,825700,225,16.108,0.31,5.004,0,0,768294912,0,5,0,cloister
123.909,14.437,0.834,0.0,20.563,1.103,197,825700,225,16.153,0.31,5.003,0,0,768294912,0,5,0,cloister
123.924,14.792,1.106,0.0,20.563,1.103,197,825700,225,16.198,0.31,5.002,0,0,768294912,0,5,0,cloister
123.939,15.023,1.216,0.0,20.563,1.103,197,825700,225,16.243,0.31,5.001,0,0,768294912,0,5,0,cloister
123.954,14.839,0.774,0.0,20.563,1.103,197,825700,225,16.288,0.31,5.0,0,0,768294912,0,5,0,cloister
123.969,14.51,1.3,0.0,20.563,1.103,197,825700,225,16.333,0.31,4.998,0,0,768294912,0,5,0,cloister
123.984,14.176,1.267,0.0,20.563,1.103,197,825700,225,16.378,0.31,4.997,0,0,768294912,0,5,0,cloister
123.999,14.306,1.19,0.0,20.563,1.103,198,825712,226,16.378,0.31,4.997,0,0,768294912,0,5,0,cloister
124.014,15.75,1.777,0.0,20.563,1.103,198,825712,226,16.423,0.31,4.996,0,0,768294912,0,5,0,cloister
124.029,14.346,1.179,0.0,20.563,1.103,198,825712,226,16.468,0.31,4.995,0,0,768294912,0,5,0,cloister
124.044,15.772,1.075,0.0,20.563,1.103,198,825712,226,16.513,0.31,4.994,0,0,768294912,0,5,0,cloister
124.059,13.3,1.109,0.0,20.563,1.103,198,825712,226,16.558,0.31,4.992,0,0,768294912,0,5,0,cloister
124.074,15.684,0.605,0.0,20.563,1.103,198,825712,226,16.603,0.31,4.991,0,0,768294912,0,5,0,cloister
124.089,14.425,0.792,0.0,20.563,1.103,197,825676,225,16.648,0.31,4.99,0,0,768294912,0,5,0,cloister
124.104,14.839,0.909,0.0,20.563,1.103,197,825676,225,16.693,0.31,4.989,0,0,768294912,0,5,0,cloister
124.119,14.238,1.004,0.0,20.563,1.103,197,825676,225,16.738,0.31,4.988,0,0,768294912,0,5,0,cloister
124.134,14.299,1.543,0.0,20.607,1.641,197,825676,225,16.783,0.31,4.986,0,0,768294912,0,5,0,cloister
124.149,14.414,0.559,0.0,20.607,1.641,197,825676,225,16.783,0.31,4.986,0,0,768294912,0,5,0,cloister
124.164,15.063,0.471,0.0,20.607,1.641,197,825676,225,16.828,0.31,4.985,0,0,768294912,0,5,0,cloister
124.179,14.668,0.482,0.0,20.607,1.641,198,825796,226,16.873,0.31,4.984,0,0,768294912,0,5,0,cloister
124.194,20.213,0.729,0.0,20.607,1.641,198,825796,226,16.918,0.31,4.983,0,0,768294912,0,5,0,cloister
124.209,15.339,0.546,0.0,20.607,1.641,198,825796,226,16.963,0.31,4.982,0,0,768294912,0,5,0,cloister
124.224,14.522,0.508,0.0,20.607,1.641,198,825796,226,17.008,0.31,4.98,0,0,768294912,0,5,0,cloister
124.239,15.031,0.623,0.0,20.607,1.641,198,825796,226,17.053,0.31,4.979,0,0,768294912,0,5,0,cloister
124.256,20.919,0.749,0.0,20.607,1.641,198,825796,226,17.098,0.31,4.978,0,0,768294912,0,5,0,cloister
124.271,14.969,0.648,0.0,20.607,1.641,198,825796,226,17.143,0.31,4.977,0,0,768294912,0,5,0,cloister
124.286,14.669,0.619,0.0,20.607,1.641,196,825596,224,17.188,0.31,4.975,0,0,768294912,0,5,0,cloister
124.302,15.171,0.583,0.0,20.607,1.641,196,825596,224,17.233,0.31,4.974,0,0,768294912,0,5,0,cloister
124.317,15.081,0.719,0.0,20.607,1.641,196,825596,224,17.233,0.31,4.974,0,0,768294912,0,5,0,cloister
124.332,15.517,0.678,0.0,20.607,1.641,196,825596,224,17.278,0.31,4.973,0,0,768294912,0,5,0,cloister
124.347,14.693,1.288,0.0,20.607,1.641,196,825596,224,17.323,0.31,4.972,0,0,768294912,0,5,0,cloister
124.362,15.075,0.713,0.0,20.607,1.641,196,825596,224,17.368,0.31,4.971,0,0,768294912,0,5,0,cloister
124.377,15.127,1.299,0.0,20.607,1.641,195,825594,223,17.413,0.31,4.969,0,0,768294912,0,5,0,cloister
124.392,14.92,1.099,0.0,20.607,1.641,195,825594,223,17.458,0.31,4.968,0,0,768294912,0,5,0,cloister
124.408,14.71,1.07,0.0,20.607,1.641,195,825594,223,17.503,0.31,4.967,0,0,768294912,0,5,0,cloister
124.423,14.575,1.114,0.0,20.607,1.641,195,825594,223,17.548,0.31,4.966,0,0,768294912,0,5,0,cloister
124.438,15.164,0.606,0.0,20.607,1.641,195,825594,223,17.593,0.31,4.965,0,0,768294912,0,5,0,cloister
124.453,15.841,0.779,0.0,20.607,1.641,195,825594,223,17.638,0.31,4.963,0,0,768294912,0,5,0,cloister
124.468,15.151,0.619,0.0,20.607,1.641,195,825594,223,17.682,0.31,4.962,0,0,768294912,0,5,0,cloister
124.483,14.219,0.812,0.0,20.607,1.641,195,825594,223,17.682,0.31,4.962,0,0,768294912,0,5,0,cloister
124.498,14.986,1.088,0.0,20.607,1.641,195,825594,223,17.727,0.31,4.961,0,0,768294912,0,5,0,cloister
124.514,15.025,1.316,0.0,20.607,1.641,195,825594,223,17.772,0.31,4.96,0,0,768294912,0,5,0,cloister
124.529,15.276,1.169,0.0,20.607,1.641,195,825594,223,17.817,0.31,4.959,0,0,768294912,0,5,0,cloister
124.544,14.681,1.038,0.0,20.607,1.641,195,825594,223,17.862,0.31,4.957,0,0,768294912,0,5,0,cloister
124.559,15.596,0.82,0.0,20.607,1.641,195,825594,223,17.907,0.31,4.956,0,0,768294912,0,5,0,cloister
124.574,13.715,2.007,0.0,20.607,1.641,195,825594,223,17.952,0.31,4.955,0,0,768294912,0,5,0,cloister
124.589,15.085,1.457,0.0,20.607,1.641,195,825594,223,17.997,0.31,4.954,0,0,768294912,0,5,0,cloister
124.605,14.701,1.072,0.0,20.607,1.641,195,825594,223,18.042,0.31,4.953,0,0,768294912,0,5,0,cloister
124.62,14.806,1.008,0.0,20.607,1.641,195,825594,223,18.087,0.31,4.951,0,0,768294912,0,5,0,cloister
124.636,21.413,1.279,0.0,20.607,1.641,195,825594,223,18.132,0.31,4.95,0,0,768294912,0,5,0,cloister
124.651,13.994,1.196,0.0,20.607,1.641,195,825594,223,18.177,0.31,4.949,0,0,768294912,0,5,0,cloister
124.666,14.729,1.059,0.0,20.607,1.641,195,825594,223,18.177,0.31,4.949,0,0,768294912,0,5,0,cloister
124.681,15.493,0.994,0.0,20.607,1.641,195,825594,223,18.222,0.31,4.948,0,0,768294912,0,5,0,cloister
124.697,14.485,1.009,0.0,20.607,1.641,194,829664,222,18.267,0.31,4.946,0,0,768294912,0,5,0,cloister
124.712,14.827,1.15,0.0,20.607,1.641,194,829664,222,18.312,0.31,4.945,0,0,768294912,0,5,0,cloister
124.727,14.82,1.229,0.0,20.607,1.641,194,829664,222,18.357,0.31,4.944,0,0,768294912,0,5,0,cloister
124.743,14.803,1.032,0.0,20.607,1.641,194,829664,222,18.402,0.31,4.943,0,0,768294912,0,5,0,cloister
124.758,14.868,1.294,0.0,20.607,1.641,194,829664,222,18.447,0.31,4.942,0,0,768294912,0,5,0,cloister
124.773,15.312,0.919,0.0,20.607,1.641,195,829784,223,18.492,0.31,4.94,0,0,768294912,0,5,0,cloister
124.788,14.369,1.164,0.0,20.607,1.641,195,829784,223,18.537,0.31,4.939,0,0,768294912,0,5,0,cloister
124.804,14.589,1.056,0.0,20.607,1.641,195,829784,223,18.582,0.31,4.938,0,0,768294912,0,5,0,cloister
124.819,18.682,1.185,0.0,20.607,1.641,195,829784,223,18.627,0.31,4.937,0,0,768294912,0,5,0,cloister
124.834,11.239,0.756,0.0,20.607,1.641,195,829784,223,18.672,0.31,4.936,0,0,768294912,0,5,0,cloister
124.851,22.075,1.122,0.0,20.607,1.641,195,829784,223,18.717,0.31,4.934,0,0,768294912,0,5,0,cloister
124.868,14.33,1.034,0.0,20.607,1.641,195,829784,223,18.762,0.31,4.933,0,0,768294912,0,5,0,cloister
124.884,14.897,1.299,0.0,20.607,1.641,195,829784,223,18.807,0.31,4.932,0,0,768294912,0,5,0,cloister
124.901,14.922,1.145,0.0,20.607,1.641,195,829784,223,18.852,0.31,4.931,0,0,768294912,0,5,0,cloister
124.918,15.122,0.713,0.0,20.607,1.641,195,829784,223,18.897,0.31,4.93,0,0,768294912,0,5,0,cloister
124.933,16.0,1.339,0.0,20.607,1.641,195,829784,223,18.897,0.31,4.93,0,0,768294912,0,5,0,cloister
124.948,13.315,1.218,0.0,20.607,1.641,195,829784,223,18.942,0.31,4.928,0,0,768294912,0,5,0,cloister
124.964,15.021,1.124,0.0,20.607,1.641,195,829784,223,18.987,0.31,4.927,0,0,768294912,0,5,0,cloister
124.979,15.588,1.239,0.0,20.607,1.641,195,829784,223,19.032,0.31,4.926,0,0,768294912,0,5,0,cloister
124.994,14.993,0.681,0.0,20.607,1.641,195,829784,223,19.077,0.31,4.925,0,0,768294912,0,5,0,cloister
125.009,14.259,1.179,0.0,20.607,1.641,196,829824,224,19.122,0.31,4.924,0,0,768294912,0,5,0,cloister
